{"type":"FeatureCollection","kind":"temples","label_th":"วัด","label_en":"Temples (Office of National Buddhism)","source":"data.bangkok.go.th · wat1","source_url":"https://data.bangkok.go.th/dataset/wat1","bbox":[100.2,13.4,101.0,14.2],"features":[{"type":"Feature","geometry":{"type":"Point","coordinates":[100.4931316,13.74641248]},"properties":{"id":"wat1:01100101002","kind":"temple","name_th":"วัดพระเชตุพนวิมลมังคลาราม(วัดโพธิ์)","name_en":null,"address":"ถ.มหาราช แขวงพระบรมมหาราชวัง เขตพระนคร","district":"พระนคร","sub_district":null,"province":"กรุงเทพมหานคร","temple_class":"พระอารามหลวง","sect":"มหานิกาย","established_be":"2231","source":"data.bangkok.go.th · wat1","source_url":"https://data.bangkok.go.th/dataset/wat1"}},{"type":"Feature","geometry":{"type":"Point","coordinates":[100.4907826,13.7551588]},"properties":{"id":"wat1:01100101003","kind":"temple","name_th":"วัดมหาธาตุยุวราชรังสฤษดิ์","name_en":null,"address":"ถ.หน้าพระธาตุ แขวงพระบรมมหาราชวัง เขตพระนคร","district":"พระนคร","sub_district":null,"province":"กรุงเทพมหานคร","temple_class":"พระอารามหลวง","sect":"มหานิกาย","established_be":"2310","source":"data.bangkok.go.th · wat1","source_url":"https://data.bangkok.go.th/dataset/wat1"}},{"type":"Feature","geometry":{"type":"Point","coordinates":[100.4953981,13.74948119]},"properties":{"id":"wat1:01100101004","kind":"temple","name_th":"วัดราชประดิษฐสถิตมหาสีมาราม","name_en":null,"address":"ถ.ราชินี แขวงพระบรมมหาราชวัง เขตพระนคร","district":"พระนคร","sub_district":null,"province":"กรุงเทพมหานคร","temple_class":"พระอารามหลวง","sect":"ธรรมยุต","established_be":"2407","source":"data.bangkok.go.th · wat1","source_url":"https://data.bangkok.go.th/dataset/wat1"}},{"type":"Feature","geometry":{"type":"Point","coordinates":[100.4991073,13.7423808]},"properties":{"id":"wat1:01100102001","kind":"temple","name_th":"วัดราชบุรณราชวรวิหาร (วัดเลียบ)","name_en":null,"address":"ถ.พระพิทักษ์ แขวงวังบูรพาภิรมย์ เขตพระนคร","district":"พระนคร","sub_district":null,"province":"กรุงเทพมหานคร","temple_class":"พระอารามหลวง","sect":"มหานิกาย","established_be":"2491","source":"data.bangkok.go.th · wat1","source_url":"https://data.bangkok.go.th/dataset/wat1"}},{"type":"Feature","geometry":{"type":"Point","coordinates":[100.498605,13.7462708]},"properties":{"id":"wat1:01100102002","kind":"temple","name_th":"วัดทิพย์วารีวิหาร","name_en":null,"address":"ถ.ตรีเพชร ซอยทิพย์วารี แขวงวังบูรพาภิรมย์ เขตพระนคร","district":"พระนคร","sub_district":null,"province":"กรุงเทพมหานคร","temple_class":"วัดราษฎร์","sect":"จีนนิกาย","established_be":"2452","source":"data.bangkok.go.th · wat1","source_url":"https://data.bangkok.go.th/dataset/wat1"}},{"type":"Feature","geometry":{"type":"Point","coordinates":[100.5008163,13.75082226]},"properties":{"id":"wat1:01100103001","kind":"temple","name_th":"วัดสุทัศน์เทพวราราม","name_en":null,"address":"ถ.ตีทอง แขวงวัดราชบพิธ เขตพระนคร","district":"พระนคร","sub_district":null,"province":"กรุงเทพมหานคร","temple_class":"พระอารามหลวง","sect":"มหานิกาย","established_be":"2350","source":"data.bangkok.go.th · wat1","source_url":"https://data.bangkok.go.th/dataset/wat1"}},{"type":"Feature","geometry":{"type":"Point","coordinates":[100.4971902,13.74919009]},"properties":{"id":"wat1:01100103002","kind":"temple","name_th":"วัดราชบพิธสถิตมหาสีมาราม","name_en":null,"address":"ถ.อัษฎางค์ แขวงวัดราชบพิธ เขตพระนคร","district":"พระนคร","sub_district":null,"province":"กรุงเทพมหานคร","temple_class":"พระอารามหลวง","sect":"ธรรมยุต","established_be":"2412","source":"data.bangkok.go.th · wat1","source_url":"https://data.bangkok.go.th/dataset/wat1"}},{"type":"Feature","geometry":{"type":"Point","coordinates":[100.5040965,13.75331522]},"properties":{"id":"wat1:01100104001","kind":"temple","name_th":"วัดเทพธิดาราม","name_en":null,"address":"ถ.มหาไชย แขวงสำราญราษฎร์ เขตพระนคร","district":"พระนคร","sub_district":null,"province":"กรุงเทพมหานคร","temple_class":"พระอารามหลวง","sect":"มหานิกาย","established_be":"2379","source":"data.bangkok.go.th · wat1","source_url":"https://data.bangkok.go.th/dataset/wat1"}},{"type":"Feature","geometry":{"type":"Point","coordinates":[100.4958975,13.75530859]},"properties":{"id":"wat1:01100105001","kind":"temple","name_th":"วัดบุรณศิริมาตยาราม","name_en":null,"address":"ถ.อัษฎางค์ แขวงศาลเจ้าพ่อเสือ เขตพระนคร","district":"พระนคร","sub_district":null,"province":"กรุงเทพมหานคร","temple_class":"พระอารามหลวง","sect":"ธรรมยุต","established_be":"2394","source":"data.bangkok.go.th · wat1","source_url":"https://data.bangkok.go.th/dataset/wat1"}},{"type":"Feature","geometry":{"type":"Point","coordinates":[100.4991943,13.75459253]},"properties":{"id":"wat1:01100106001","kind":"temple","name_th":"วัดมหรรณพาราม","name_en":null,"address":"ถ.ตะนาว แขวงเสาชิงช้า เขตพระนคร","district":"พระนคร","sub_district":null,"province":"กรุงเทพมหานคร","temple_class":"พระอารามหลวง","sect":"มหานิกาย","established_be":"2393","source":"data.bangkok.go.th · wat1","source_url":"https://data.bangkok.go.th/dataset/wat1"}},{"type":"Feature","geometry":{"type":"Point","coordinates":[100.5004473,13.75966505]},"properties":{"id":"wat1:01100107001","kind":"temple","name_th":"วัดบวรนิเวศวิหาร","name_en":null,"address":"ถ.พระสุเมรุ แขวงบวรนิเวศ เขตพระนคร","district":"พระนคร","sub_district":null,"province":"กรุงเทพมหานคร","temple_class":"พระอารามหลวง","sect":"ธรรมยุต","established_be":"2367","source":"data.bangkok.go.th · wat1","source_url":"https://data.bangkok.go.th/dataset/wat1"}},{"type":"Feature","geometry":{"type":"Point","coordinates":[100.5042527,13.7546069]},"properties":{"id":"wat1:01100107002","kind":"temple","name_th":"วัดราชนัดดาราม","name_en":null,"address":"ถ.มหาไชย แขวงบวรนิเวศ เขตพระนคร","district":"พระนคร","sub_district":null,"province":"กรุงเทพมหานคร","temple_class":"พระอารามหลวง","sect":"มหานิกาย","established_be":"2389","source":"data.bangkok.go.th · wat1","source_url":"https://data.bangkok.go.th/dataset/wat1"}},{"type":"Feature","geometry":{"type":"Point","coordinates":[100.4950087,13.76098171]},"properties":{"id":"wat1:01100109001","kind":"temple","name_th":"วัดชนะสงคราม","name_en":null,"address":"ถ.จักรพงษ์ แขวงชนะสงคราม เขตพระนคร","district":"พระนคร","sub_district":null,"province":"กรุงเทพมหานคร","temple_class":"พระอารามหลวง","sect":"มหานิกาย","established_be":"2325","source":"data.bangkok.go.th · wat1","source_url":"https://data.bangkok.go.th/dataset/wat1"}},{"type":"Feature","geometry":{"type":"Point","coordinates":[100.5016893,13.7644574]},"properties":{"id":"wat1:01100110001","kind":"temple","name_th":"วัดใหม่อมตรส","name_en":null,"address":"ถ.สามเสน แขวงบ้านพานถม เขตพระนคร","district":"พระนคร","sub_district":null,"province":"กรุงเทพมหานคร","temple_class":"วัดราษฎร์","sect":"มหานิกาย","established_be":"2321","source":"data.bangkok.go.th · wat1","source_url":"https://data.bangkok.go.th/dataset/wat1"}},{"type":"Feature","geometry":{"type":"Point","coordinates":[100.5009142,13.76617057]},"properties":{"id":"wat1:01100110002","kind":"temple","name_th":"วัดเอี่ยมวรนุช","name_en":null,"address":"ถ.สามเสน แขวงบ้านพานถม เขตพระนคร","district":"พระนคร","sub_district":null,"province":"กรุงเทพมหานคร","temple_class":"วัดราษฎร์","sect":"มหานิกาย","established_be":"2327","source":"data.bangkok.go.th · wat1","source_url":"https://data.bangkok.go.th/dataset/wat1"}},{"type":"Feature","geometry":{"type":"Point","coordinates":[100.5055518,13.75818761]},"properties":{"id":"wat1:01100110003","kind":"temple","name_th":"วัดปรินายก","name_en":null,"address":"ถ.ราชดำเนินนอก แขวงบ้านพานถม เขตพระนคร","district":"พระนคร","sub_district":null,"province":"กรุงเทพมหานคร","temple_class":"พระอารามหลวง","sect":"มหานิกาย","established_be":"2352","source":"data.bangkok.go.th · wat1","source_url":"https://data.bangkok.go.th/dataset/wat1"}},{"type":"Feature","geometry":{"type":"Point","coordinates":[100.5034508,13.76225912]},"properties":{"id":"wat1:01100110004","kind":"temple","name_th":"วัดตรีทศเทพ","name_en":null,"address":"ถ.ประชาธิปไตย แขวงบ้านพานถม เขตพระนคร","district":"พระนคร","sub_district":null,"province":"กรุงเทพมหานคร","temple_class":"พระอารามหลวง","sect":"ธรรมยุต","established_be":"2403","source":"data.bangkok.go.th · wat1","source_url":"https://data.bangkok.go.th/dataset/wat1"}},{"type":"Feature","geometry":{"type":"Point","coordinates":[100.503108,13.76650069]},"properties":{"id":"wat1:01100111001","kind":"temple","name_th":"วัดอินทรวิหาร","name_en":null,"address":"ถ.สามเสน แขวงบางขุนพรหม เขตพระนคร","district":"พระนคร","sub_district":null,"province":"กรุงเทพมหานคร","temple_class":"พระอารามหลวง","sect":"มหานิกาย","established_be":"2295","source":"data.bangkok.go.th · wat1","source_url":"https://data.bangkok.go.th/dataset/wat1"}},{"type":"Feature","geometry":{"type":"Point","coordinates":[100.5064775,13.76411179]},"properties":{"id":"wat1:01100111002","kind":"temple","name_th":"วัดมกุฏกษัตริยาราม","name_en":null,"address":"ถ.ประชาธิปไตย แขวงบางขุนพรหม เขตพระนคร","district":"พระนคร","sub_district":null,"province":"กรุงเทพมหานคร","temple_class":"พระอารามหลวง","sect":"ธรรมยุต","established_be":"2410","source":"data.bangkok.go.th · wat1","source_url":"https://data.bangkok.go.th/dataset/wat1"}},{"type":"Feature","geometry":{"type":"Point","coordinates":[100.4976004,13.76424727]},"properties":{"id":"wat1:01100112001","kind":"temple","name_th":"วัดสังเวชวิศยาราม","name_en":null,"address":"ถ.สามเสน แขวงวัดสามพระยา เขตพระนคร","district":"พระนคร","sub_district":null,"province":"กรุงเทพมหานคร","temple_class":"พระอารามหลวง","sect":"มหานิกาย","established_be":"2315","source":"data.bangkok.go.th · wat1","source_url":"https://data.bangkok.go.th/dataset/wat1"}},{"type":"Feature","geometry":{"type":"Point","coordinates":[100.49909,13.76580203]},"properties":{"id":"wat1:01100112002","kind":"temple","name_th":"วัดสามพระยา","name_en":null,"address":"ถ.สามเสน แขวงวัดสามพระยา เขตพระนคร","district":"พระนคร","sub_district":null,"province":"กรุงเทพมหานคร","temple_class":"พระอารามหลวง","sect":"มหานิกาย","established_be":"2366","source":"data.bangkok.go.th · wat1","source_url":"https://data.bangkok.go.th/dataset/wat1"}},{"type":"Feature","geometry":{"type":"Point","coordinates":[100.5028877,13.76964774]},"properties":{"id":"wat1:01100112003","kind":"temple","name_th":"วัดนรนารถสุนทริการาม","name_en":null,"address":"ถ.สามเสน แขวงวัดสามพระยา เขตพระนคร","district":"พระนคร","sub_district":null,"province":"กรุงเทพมหานคร","temple_class":"พระอารามหลวง","sect":"ธรรมยุต","established_be":"2367","source":"data.bangkok.go.th · wat1","source_url":"https://data.bangkok.go.th/dataset/wat1"}},{"type":"Feature","geometry":{"type":"Point","coordinates":[100.5107781,13.78287827]},"properties":{"id":"wat1:01100201001","kind":"temple","name_th":"วัดโบสถ์(สามเสน)","name_en":null,"address":"ถ.สามเสน แขวงดุสิต เขตดุสิต","district":"ดุสิต","sub_district":null,"province":"กรุงเทพมหานคร","temple_class":"วัดราษฎร์","sect":"มหานิกาย","established_be":"2251","source":"data.bangkok.go.th · wat1","source_url":"https://data.bangkok.go.th/dataset/wat1"}},{"type":"Feature","geometry":{"type":"Point","coordinates":[100.5139938,13.76665095]},"properties":{"id":"wat1:01100201002","kind":"temple","name_th":"วัดเบญจมบพิตรดุสิตวนาราม","name_en":null,"address":"ถ.ศรีอยุธยา แขวงดุสิต เขตดุสิต","district":"ดุสิต","sub_district":null,"province":"กรุงเทพมหานคร","temple_class":"พระอารามหลวง","sect":"มหานิกาย","established_be":"2442","source":"data.bangkok.go.th · wat1","source_url":"https://data.bangkok.go.th/dataset/wat1"}},{"type":"Feature","geometry":{"type":"Point","coordinates":[100.503395,13.77522195]},"properties":{"id":"wat1:01100202001","kind":"temple","name_th":"วัดราชาธิวาส","name_en":null,"address":"ถ.สามเสน แขวงวิชรพยาบาล เขตดุสิต","district":"ดุสิต","sub_district":null,"province":"กรุงเทพมหานคร","temple_class":"พระอารามหลวง","sect":"ธรรมยุต","established_be":"1820","source":"data.bangkok.go.th · wat1","source_url":"https://data.bangkok.go.th/dataset/wat1"}},{"type":"Feature","geometry":{"type":"Point","coordinates":[100.5018798,13.77256458]},"properties":{"id":"wat1:01100202002","kind":"temple","name_th":"วัดเทวราชกุญชรวรวิหาร","name_en":null,"address":"ถ.สามเสน แขวงวชิรพยาบาล เขตดุสิต","district":"ดุสิต","sub_district":null,"province":"กรุงเทพมหานคร","temple_class":"วัดราษฎร์","sect":"มหานิกาย","established_be":"1850","source":"data.bangkok.go.th · wat1","source_url":"https://data.bangkok.go.th/dataset/wat1"}},{"type":"Feature","geometry":{"type":"Point","coordinates":[100.5073122,13.78325207]},"properties":{"id":"wat1:01100202003","kind":"temple","name_th":"วัดประสาทบุญญาวาส","name_en":null,"address":"ถ.ดาวข่าง แขวงวชิรพยาบาล เขตดุสิต","district":"ดุสิต","sub_district":null,"province":"กรุงเทพมหานคร","temple_class":"วัดราษฎร์","sect":"มหานิกาย","established_be":"2376","source":"data.bangkok.go.th · wat1","source_url":"https://data.bangkok.go.th/dataset/wat1"}},{"type":"Feature","geometry":{"type":"Point","coordinates":[100.5051562,13.78019188]},"properties":{"id":"wat1:01100202004","kind":"temple","name_th":"วัดราชผาติการาม","name_en":null,"address":"ถ.ราชวิถี แขวงวชิรพยาบาล เขตดุสิต","district":"ดุสิต","sub_district":null,"province":"กรุงเทพมหานคร","temple_class":"พระอารามหลวง","sect":"ธรรมยุต","established_be":"2379","source":"data.bangkok.go.th · wat1","source_url":"https://data.bangkok.go.th/dataset/wat1"}},{"type":"Feature","geometry":{"type":"Point","coordinates":[100.5228028,13.7774167]},"properties":{"id":"wat1:01100203001","kind":"temple","name_th":"วัดสุคันธาราม","name_en":null,"address":"ถ.พระราม 5 แขวงสวนจิตรลดา เขตดุสิต","district":"ดุสิต","sub_district":null,"province":"กรุงเทพมหานคร","temple_class":"วัดราษฎร์","sect":"มหานิกาย","established_be":"2450","source":"data.bangkok.go.th · wat1","source_url":"https://data.bangkok.go.th/dataset/wat1"}},{"type":"Feature","geometry":{"type":"Point","coordinates":[100.515796,13.75929992]},"properties":{"id":"wat1:01100204001","kind":"temple","name_th":"วัดสมณานัมบริหาร (วัดญวณสะพานขาว)","name_en":null,"address":"ถ.พิษณุโลก แขวงสี่แยกมหานคร เขตดุสิต","district":"ดุสิต","sub_district":null,"province":"กรุงเทพมหานคร","temple_class":"วัดราษฎร์","sect":"อนัมนิกาย","established_be":"2418","source":"data.bangkok.go.th · wat1","source_url":"https://data.bangkok.go.th/dataset/wat1"}},{"type":"Feature","geometry":{"type":"Point","coordinates":[100.5182754,13.79954581]},"properties":{"id":"wat1:01100206001","kind":"temple","name_th":"วัดแก้วฟ้าจุฬามณี","name_en":null,"address":"ถ.ทหาร แขวงถนนนครชัยศรี เขตดุสิต","district":"ดุสิต","sub_district":null,"province":"กรุงเทพมหานคร","temple_class":"วัดราษฎร์","sect":"มหานิกาย","established_be":"2300","source":"data.bangkok.go.th · wat1","source_url":"https://data.bangkok.go.th/dataset/wat1"}},{"type":"Feature","geometry":{"type":"Point","coordinates":[100.5337238,13.79849172]},"properties":{"id":"wat1:01100206002","kind":"temple","name_th":"วัดธรรมาภิรตาราม","name_en":null,"address":"ถ.เตชะวณิช แขวงถนนนครไชยศรี เขตดุสิต","district":"ดุสิต","sub_district":null,"province":"กรุงเทพมหานคร","temple_class":"วัดราษฎร์","sect":"มหานิกาย","established_be":"2300","source":"data.bangkok.go.th · wat1","source_url":"https://data.bangkok.go.th/dataset/wat1"}},{"type":"Feature","geometry":{"type":"Point","coordinates":[100.5217353,13.7939562]},"properties":{"id":"wat1:01100206003","kind":"temple","name_th":"วัดใหม่ทองเสน","name_en":null,"address":"ถ.ทหาร แขวงถนนนครไชยศรี เขตดุสิต","district":"ดุสิต","sub_district":null,"province":"กรุงเทพมหานคร","temple_class":"วัดราษฎร์","sect":"มหานิกาย","established_be":"2365","source":"data.bangkok.go.th · wat1","source_url":"https://data.bangkok.go.th/dataset/wat1"}},{"type":"Feature","geometry":{"type":"Point","coordinates":[100.5154475,13.78128575]},"properties":{"id":"wat1:01100206004","kind":"temple","name_th":"วัดสวัสดิ์วารีสีมาราม (วัดแคสามเสน)","name_en":null,"address":"ถ.นครไชยศรี แขวงถนนนครไชยศรี เขตดุสิต","district":"ดุสิต","sub_district":null,"province":"กรุงเทพมหานคร","temple_class":"วัดราษฎร์","sect":"มหานิกาย","established_be":"2375","source":"data.bangkok.go.th · wat1","source_url":"https://data.bangkok.go.th/dataset/wat1"}},{"type":"Feature","geometry":{"type":"Point","coordinates":[100.5142736,13.79142607]},"properties":{"id":"wat1:01100206005","kind":"temple","name_th":"วัดจันทร์สโมสร","name_en":null,"address":"ถ.สามเสน 25 แขวงถนนนครไชยศรี เขตดุสิต","district":"ดุสิต","sub_district":null,"province":"กรุงเทพมหานคร","temple_class":"วัดราษฎร์","sect":"มหานิกาย","established_be":"2386","source":"data.bangkok.go.th · wat1","source_url":"https://data.bangkok.go.th/dataset/wat1"}},{"type":"Feature","geometry":{"type":"Point","coordinates":[100.5272298,13.77555429]},"properties":{"id":"wat1:01100206006","kind":"temple","name_th":"วัดจอมสุดาราม","name_en":null,"address":"ถ.นครไชยศรี แขวงถนนนครไชยศรี เขตดุสิต","district":"ดุสิต","sub_district":null,"province":"กรุงเทพมหานคร","temple_class":"วัดราษฎร์","sect":"มหานิกาย","established_be":"2390","source":"data.bangkok.go.th · wat1","source_url":"https://data.bangkok.go.th/dataset/wat1"}},{"type":"Feature","geometry":{"type":"Point","coordinates":[100.5215683,13.78386937]},"properties":{"id":"wat1:01100206007","kind":"temple","name_th":"วัดน้อยนพคุณ","name_en":null,"address":"ถ.อำนวยสงคราม แขวงถนนนครไชยศรี เขตดุสิต","district":"ดุสิต","sub_district":null,"province":"กรุงเทพมหานคร","temple_class":"วัดราษฎร์","sect":"มหานิกาย","established_be":"2425","source":"data.bangkok.go.th · wat1","source_url":"https://data.bangkok.go.th/dataset/wat1"}},{"type":"Feature","geometry":{"type":"Point","coordinates":[100.5244845,13.79001611]},"properties":{"id":"wat1:01100206008","kind":"temple","name_th":"วัดประชาระบือธรรม","name_en":null,"address":"ถ.พระราม 5 แขวงถนนนครไชยศรี เขตดุสิต","district":"ดุสิต","sub_district":null,"province":"กรุงเทพมหานคร","temple_class":"วัดราษฎร์","sect":"มหานิกาย","established_be":"2450","source":"data.bangkok.go.th · wat1","source_url":"https://data.bangkok.go.th/dataset/wat1"}},{"type":"Feature","geometry":{"type":"Point","coordinates":[100.51969,13.77946075]},"properties":{"id":"wat1:01100206009","kind":"temple","name_th":"วัดอัมพวัน","name_en":null,"address":"ถ.นครไชยศรี แขวงถนนนครไชยศรี เขตดุสิต","district":"ดุสิต","sub_district":null,"province":"กรุงเทพมหานคร","temple_class":"วัดราษฎร์","sect":"มหานิกาย","established_be":"2385","source":"data.bangkok.go.th · wat1","source_url":"https://data.bangkok.go.th/dataset/wat1"}},{"type":"Feature","geometry":{"type":"Point","coordinates":[100.9328317,13.81077854]},"properties":{"id":"wat1:01100301001","kind":"temple","name_th":"วัดกระทุ่มราย","name_en":null,"address":"ถ.สุวินทวงศ์ ม.12 แขวงกระทุ่มราย เขตหนองจอก","district":"หนองจอก","sub_district":null,"province":"กรุงเทพมหานคร","temple_class":"วัดราษฎร์","sect":"มหานิกาย","established_be":"31-ต.ค.-21","source":"data.bangkok.go.th · wat1","source_url":"https://data.bangkok.go.th/dataset/wat1"}},{"type":"Feature","geometry":{"type":"Point","coordinates":[100.8602262,13.8562486]},"properties":{"id":"wat1:01100301002","kind":"temple","name_th":"วัดหนองจอก","name_en":null,"address":"ถ.เลียบวารี แขวงกระทุ่มราย เขตหนองจอก","district":"หนองจอก","sub_district":null,"province":"กรุงเทพมหานคร","temple_class":"วัดราษฎร์","sect":"มหานิกาย","established_be":"2441","source":"data.bangkok.go.th · wat1","source_url":"https://data.bangkok.go.th/dataset/wat1"}},{"type":"Feature","geometry":{"type":"Point","coordinates":[100.8207242,13.92912989]},"properties":{"id":"wat1:01100303001","kind":"temple","name_th":"วัดสีชมพู","name_en":null,"address":"ถ.คู้คลองสิบ แขวงคลองสิบ เขตหนองจอก","district":"หนองจอก","sub_district":null,"province":"กรุงเทพมหานคร","temple_class":"วัดราษฎร์","sect":"มหานิกาย","established_be":"2443","source":"data.bangkok.go.th · wat1","source_url":"https://data.bangkok.go.th/dataset/wat1"}},{"type":"Feature","geometry":{"type":"Point","coordinates":[100.9061023,13.88870226]},"properties":{"id":"wat1:01100304001","kind":"temple","name_th":"วัดใหม่เจริญราษฏร์","name_en":null,"address":"ถ.หทัยราษฎร์ แขวงคลองสิบสอง เขตหนองจอก","district":"หนองจอก","sub_district":null,"province":"กรุงเทพมหานคร","temple_class":"วัดราษฎร์","sect":"มหานิกาย","established_be":"2431","source":"data.bangkok.go.th · wat1","source_url":"https://data.bangkok.go.th/dataset/wat1"}},{"type":"Feature","geometry":{"type":"Point","coordinates":[100.8898382,13.9034426]},"properties":{"id":"wat1:01100304002","kind":"temple","name_th":"วัดแสนเกษม","name_en":null,"address":"ถ.คลองสิบสาม แขวงคลองสิบสอง เขตหนองจอก","district":"หนองจอก","sub_district":null,"province":"กรุงเทพมหานคร","temple_class":"วัดราษฎร์","sect":"มหานิกาย","established_be":"2433","source":"data.bangkok.go.th · wat1","source_url":"https://data.bangkok.go.th/dataset/wat1"}},{"type":"Feature","geometry":{"type":"Point","coordinates":[100.8628936,13.91456748]},"properties":{"id":"wat1:01100304003","kind":"temple","name_th":"วัดนารีราษฏร์ประดิษฐ์ (พระยาปลา)","name_en":null,"address":"ถ.ประชาสำราญ ม.3 แขวงคลองสิบสอง เขตหนองจอก","district":"หนองจอก","sub_district":null,"province":"กรุงเทพมหานคร","temple_class":"วัดราษฎร์","sect":"มหานิกาย","established_be":"2443","source":"data.bangkok.go.th · wat1","source_url":"https://data.bangkok.go.th/dataset/wat1"}},{"type":"Feature","geometry":{"type":"Point","coordinates":[100.8698923,13.89778497]},"properties":{"id":"wat1:01100304007","kind":"temple","name_th":"วัดประยงค์กิตติวนาราม","name_en":null,"address":"ถ.ประชาสำราญ แขวงคลองสิบสอง เขตหนองจอก","district":"หนองจอก","sub_district":null,"province":"กรุงเทพมหานคร","temple_class":"วัดราษฎร์","sect":"มหานิกาย","established_be":"31-พ.ค.-53","source":"data.bangkok.go.th · wat1","source_url":"https://data.bangkok.go.th/dataset/wat1"}},{"type":"Feature","geometry":{"type":"Point","coordinates":[100.9008792,13.92540866]},"properties":{"id":"wat1:01100304008","kind":"temple","name_th":"วัดป่าวิศรุตรัตนาราม","name_en":null,"address":"คลองสิบสามบน ม.6 แขวงคลองสิบสอง เขตหนองจอก","district":"หนองจอก","sub_district":null,"province":"กรุงเทพมหานคร","temple_class":"วัดราษฎร์","sect":"ธรรมยุต","established_be":"22-ส.ค.-57","source":"data.bangkok.go.th · wat1","source_url":"https://data.bangkok.go.th/dataset/wat1"}},{"type":"Feature","geometry":{"type":"Point","coordinates":[100.8032544,13.8502127]},"properties":{"id":"wat1:01100305001","kind":"temple","name_th":"วัดทรัพย์สโมสรนิกรเกษม","name_en":null,"address":"ถ.เลียบวารี ม.11 แขวงโคกแฝด เขตหนองจอก","district":"หนองจอก","sub_district":null,"province":"กรุงเทพมหานคร","temple_class":"วัดราษฎร์","sect":"มหานิกาย","established_be":"2340","source":"data.bangkok.go.th · wat1","source_url":"https://data.bangkok.go.th/dataset/wat1"}},{"type":"Feature","geometry":{"type":"Point","coordinates":[100.8082515,13.88869615]},"properties":{"id":"wat1:01100306001","kind":"temple","name_th":"วัดสามง่าม","name_en":null,"address":"ถ.คู้คลองสิบ แขวงคู้ฝั่งเหนือ เขตหนองจอก","district":"หนองจอก","sub_district":null,"province":"กรุงเทพมหานคร","temple_class":"วัดราษฎร์","sect":"มหานิกาย","established_be":"2439","source":"data.bangkok.go.th · wat1","source_url":"https://data.bangkok.go.th/dataset/wat1"}},{"type":"Feature","geometry":{"type":"Point","coordinates":[100.8338001,13.76891493]},"properties":{"id":"wat1:01100307001","kind":"temple","name_th":"วัดลำพะอง","name_en":null,"address":"ถ.สังฆประชา แขวงลำผีกชี เขตหนองจอก","district":"หนองจอก","sub_district":null,"province":"กรุงเทพมหานคร","temple_class":"วัดราษฎร์","sect":"มหานิกาย","established_be":"2408","source":"data.bangkok.go.th · wat1","source_url":"https://data.bangkok.go.th/dataset/wat1"}},{"type":"Feature","geometry":{"type":"Point","coordinates":[100.8133528,13.79131822]},"properties":{"id":"wat1:01100307002","kind":"temple","name_th":"วัดอู่ตะเภา","name_en":null,"address":"ถ.ฉลองกรุง แขวงลำผักชี เขตหนองจอก","district":"หนองจอก","sub_district":null,"province":"กรุงเทพมหานคร","temple_class":"วัดราษฎร์","sect":"มหานิกาย","established_be":"2410","source":"data.bangkok.go.th · wat1","source_url":"https://data.bangkok.go.th/dataset/wat1"}},{"type":"Feature","geometry":{"type":"Point","coordinates":[100.8455243,13.81238129]},"properties":{"id":"wat1:01100307003","kind":"temple","name_th":"วัดเจียระดับ","name_en":null,"address":"ถ.เชื่อมสัมพันธ์ บ้านลำผักชี ม.9 แขวงลำผักชี เขตหนองจอก","district":"หนองจอก","sub_district":null,"province":"กรุงเทพมหานคร","temple_class":"วัดราษฎร์","sect":"ธรรมยุต","established_be":"13-ต.ค.-29","source":"data.bangkok.go.th · wat1","source_url":"https://data.bangkok.go.th/dataset/wat1"}},{"type":"Feature","geometry":{"type":"Point","coordinates":[100.828079,13.78351778]},"properties":{"id":"wat1:01100307004","kind":"temple","name_th":"วัดลำผักชี","name_en":null,"address":"ถ.ฉลองกรุง แขวงลำผักชี เขตหนองจอก","district":"หนองจอก","sub_district":null,"province":"กรุงเทพมหานคร","temple_class":"วัดราษฎร์","sect":"ธรรมยุต","established_be":"11-ธ.ค.-30","source":"data.bangkok.go.th · wat1","source_url":"https://data.bangkok.go.th/dataset/wat1"}},{"type":"Feature","geometry":{"type":"Point","coordinates":[100.889747,13.7557757]},"properties":{"id":"wat1:01100308001","kind":"temple","name_th":"วัดลำต้อยติ่ง","name_en":null,"address":"ถ.วิบูลย์สาธุกิจ แขวงลำต้อยติ่ง เขตหนองจอก","district":"หนองจอก","sub_district":null,"province":"กรุงเทพมหานคร","temple_class":"วัดราษฎร์","sect":"มหานิกาย","established_be":"2407","source":"data.bangkok.go.th · wat1","source_url":"https://data.bangkok.go.th/dataset/wat1"}},{"type":"Feature","geometry":{"type":"Point","coordinates":[100.8762555,13.74627156]},"properties":{"id":"wat1:01100308002","kind":"temple","name_th":"วัดลำวังคาสุทธาวาส","name_en":null,"address":"ถ.ร่วมพัฒนา ม.2 แขวงลำต้อยติ่ง เขตหนองจอก","district":"หนองจอก","sub_district":null,"province":"กรุงเทพมหานคร","temple_class":"วัดราษฎร์","sect":"มหานิกาย","established_be":"2456","source":"data.bangkok.go.th · wat1","source_url":"https://data.bangkok.go.th/dataset/wat1"}},{"type":"Feature","geometry":{"type":"Point","coordinates":[100.8712702,13.77974956]},"properties":{"id":"wat1:01100308003","kind":"temple","name_th":"วัดใหม่กระทุ่มล้ม","name_en":null,"address":"ถ.ร่วมพัฒนา แขวงลำต้อยติ่ง เขตหนองจอก","district":"หนองจอก","sub_district":null,"province":"กรุงเทพมหานคร","temple_class":"วัดราษฎร์","sect":"มหานิกาย","established_be":"2437","source":"data.bangkok.go.th · wat1","source_url":"https://data.bangkok.go.th/dataset/wat1"}},{"type":"Feature","geometry":{"type":"Point","coordinates":[100.8780939,13.81205293]},"properties":{"id":"wat1:01100308004","kind":"temple","name_th":"วัดราษฎร์บำรุง","name_en":null,"address":"ถ.ธรรมรัฐ ม.8 แขวงลำต้อยติ่ง เขตหนองจอก","district":"หนองจอก","sub_district":null,"province":"กรุงเทพมหานคร","temple_class":"วัดราษฎร์","sect":"มหานิกาย","established_be":"2420","source":"data.bangkok.go.th · wat1","source_url":"https://data.bangkok.go.th/dataset/wat1"}},{"type":"Feature","geometry":{"type":"Point","coordinates":[100.8894286,13.75527203]},"properties":{"id":"wat1:01100308009","kind":"temple","name_th":"วัดลำต้อยติ่ง","name_en":null,"address":"ลำตามี ม.3 แขวงลำต้อยติ่ง เขตหนองจอก","district":"หนองจอก","sub_district":null,"province":"กรุงเทพมหานคร","temple_class":"วัดราษฎร์","sect":"มหานิกาย","established_be":"21-ส.ค.-58","source":"data.bangkok.go.th · wat1","source_url":"https://data.bangkok.go.th/dataset/wat1"}},{"type":"Feature","geometry":{"type":"Point","coordinates":[100.5162528,13.73255869]},"properties":{"id":"wat1:01100401001","kind":"temple","name_th":"วัดมหาพฤฒารามวรวิหาร","name_en":null,"address":"ถ.เจริญกรุง แขวงมหาพฤฒาราม เขตบางรัก","district":"บางรัก","sub_district":null,"province":"กรุงเทพมหานคร","temple_class":"พระอารามหลวง","sect":"มหานิกาย","established_be":"2394","source":"data.bangkok.go.th · wat1","source_url":"https://data.bangkok.go.th/dataset/wat1"}},{"type":"Feature","geometry":{"type":"Point","coordinates":[100.5195191,13.73147196]},"properties":{"id":"wat1:01100401002","kind":"temple","name_th":"วัดแก้วแจ่มฟ้า","name_en":null,"address":"ถ.สี่พระยา แขวงมหาพฤฒาราม เขตบางรัก","district":"บางรัก","sub_district":null,"province":"กรุงเทพมหานคร","temple_class":"วัดราษฎร์","sect":"มหานิกาย","established_be":"2450","source":"data.bangkok.go.th · wat1","source_url":"https://data.bangkok.go.th/dataset/wat1"}},{"type":"Feature","geometry":{"type":"Point","coordinates":[100.5154075,13.7218703]},"properties":{"id":"wat1:01100404001","kind":"temple","name_th":"วัดสวนพลู","name_en":null,"address":"ถ.เจริญกรุง42/1 แขวงบางรัก เขตบางรัก","district":"บางรัก","sub_district":null,"province":"กรุงเทพมหานคร","temple_class":"วัดราษฎร์","sect":"มหานิกาย","established_be":"2340","source":"data.bangkok.go.th · wat1","source_url":"https://data.bangkok.go.th/dataset/wat1"}},{"type":"Feature","geometry":{"type":"Point","coordinates":[100.5144453,13.72610663]},"properties":{"id":"wat1:01100404004","kind":"temple","name_th":"วัดม่วงแค","name_en":null,"address":"ถ.เจริญกรุง 34 แขวงบางรัก เขตบางรัก","district":"บางรัก","sub_district":null,"province":"กรุงเทพมหานคร","temple_class":"วัดราษฎร์","sect":"มหานิกาย","established_be":"2311","source":"data.bangkok.go.th · wat1","source_url":"https://data.bangkok.go.th/dataset/wat1"}},{"type":"Feature","geometry":{"type":"Point","coordinates":[100.5293568,13.73139313]},"properties":{"id":"wat1:01100405001","kind":"temple","name_th":"วัดหัวลำโพง","name_en":null,"address":"ถ.พระราม 4 แขวงสี่พระยา เขตบางรัก","district":"บางรัก","sub_district":null,"province":"กรุงเทพมหานคร","temple_class":"พระอารามหลวง","sect":"มหานิกาย","established_be":"2325","source":"data.bangkok.go.th · wat1","source_url":"https://data.bangkok.go.th/dataset/wat1"}},{"type":"Feature","geometry":{"type":"Point","coordinates":[100.5880615,13.85440549]},"properties":{"id":"wat1:01100502001","kind":"temple","name_th":"วัดบางบัว","name_en":null,"address":"ถ.พหลโยธิน 46 (ไวปรีชา) ม.1 แขวงอนุสาวรีย์ เขตบางเขน","district":"บางเขน","sub_district":null,"province":"กรุงเทพมหานคร","temple_class":"วัดราษฎร์","sect":"มหานิกาย","established_be":"2380","source":"data.bangkok.go.th · wat1","source_url":"https://data.bangkok.go.th/dataset/wat1"}},{"type":"Feature","geometry":{"type":"Point","coordinates":[100.6186084,13.84906232]},"properties":{"id":"wat1:01100502002","kind":"temple","name_th":"วัดไตรรัตนาราม","name_en":null,"address":"ถ.ลาดปลาเค้า คลองสามขา ม.2 แขวงอนุสาวรีย์ เขตบางเขน","district":"บางเขน","sub_district":null,"province":"กรุงเทพมหานคร","temple_class":"วัดราษฎร์","sect":"มหานิกาย","established_be":"2435","source":"data.bangkok.go.th · wat1","source_url":"https://data.bangkok.go.th/dataset/wat1"}},{"type":"Feature","geometry":{"type":"Point","coordinates":[100.5943401,13.87432275]},"properties":{"id":"wat1:01100502003","kind":"temple","name_th":"วัดพระศรีมหาธาตุวรมหาวิหาร","name_en":null,"address":"ถ.พหลโยธิน แขวงอนุสาวรีย์ เขตบางเขน","district":"บางเขน","sub_district":null,"province":"กรุงเทพมหานคร","temple_class":"พระอารามหลวง","sect":"ธรรมยุต","established_be":"20-มี.ค.-84","source":"data.bangkok.go.th · wat1","source_url":"https://data.bangkok.go.th/dataset/wat1"}},{"type":"Feature","geometry":{"type":"Point","coordinates":[100.6426922,13.86151108]},"properties":{"id":"wat1:01100508001","kind":"temple","name_th":"วัดศิริพงษ์ธรรมนิมิต","name_en":null,"address":"ถ.วัชรพล แขวงท่าแร้ง เขตบางเขน","district":"บางเขน","sub_district":null,"province":"กรุงเทพมหานคร","temple_class":"วัดราษฎร์","sect":"มหานิกาย","established_be":"4-พ.ค.-13","source":"data.bangkok.go.th · wat1","source_url":"https://data.bangkok.go.th/dataset/wat1"}},{"type":"Feature","geometry":{"type":"Point","coordinates":[100.6356786,13.76455313]},"properties":{"id":"wat1:01100601001","kind":"temple","name_th":"วัดจันทวงศาราม (กลาง)","name_en":null,"address":"ถ.ลาดพร้าว 132 แขวงคลองจั่น เขตบางกะปิ","district":"บางกะปิ","sub_district":null,"province":"กรุงเทพมหานคร","temple_class":"วัดราษฎร์","sect":"มหานิกาย","established_be":"2375","source":"data.bangkok.go.th · wat1","source_url":"https://data.bangkok.go.th/dataset/wat1"}},{"type":"Feature","geometry":{"type":"Point","coordinates":[100.6101913,13.75623347]},"properties":{"id":"wat1:01100608001","kind":"temple","name_th":"วัดพระไกรสีห์","name_en":null,"address":"ถ.รามคำแหง 23 แขวงหัวหมาก เขตรามคำแหง","district":"บางกะปิ","sub_district":null,"province":"กรุงเทพมหานคร","temple_class":"วัดราษฎร์","sect":"มหานิกาย","established_be":"2381","source":"data.bangkok.go.th · wat1","source_url":"https://data.bangkok.go.th/dataset/wat1"}},{"type":"Feature","geometry":{"type":"Point","coordinates":[100.614383,13.75932449]},"properties":{"id":"wat1:01100608002","kind":"temple","name_th":"วัดเทพลีลา","name_en":null,"address":"ถ.รามคำแหง แขวงหัวหมาก เขตบางกะปิ","district":"บางกะปิ","sub_district":null,"province":"กรุงเทพมหานคร","temple_class":"พระอารามหลวง","sect":"มหานิกาย","established_be":"2385","source":"data.bangkok.go.th · wat1","source_url":"https://data.bangkok.go.th/dataset/wat1"}},{"type":"Feature","geometry":{"type":"Point","coordinates":[100.6516106,13.76703191]},"properties":{"id":"wat1:01100608003","kind":"temple","name_th":"วัดศรีบุญเรือง","name_en":null,"address":"ถ.สุขาภิบาล 3 แขวงหัวหมาก เขตบางกะปิ","district":"บางกะปิ","sub_district":null,"province":"กรุงเทพมหานคร","temple_class":"วัดราษฎร์","sect":"มหานิกาย","established_be":"2373","source":"data.bangkok.go.th · wat1","source_url":"https://data.bangkok.go.th/dataset/wat1"}},{"type":"Feature","geometry":{"type":"Point","coordinates":[100.5193976,13.74848476]},"properties":{"id":"wat1:01100701001","kind":"temple","name_th":"วัดชำนิหัตถการ (วัดสามง่าม)","name_en":null,"address":"ถ.พระรามที่ 1 แขวงรองเมือง เขตปทุมวัน","district":"ปทุมวัน","sub_district":null,"province":"กรุงเทพมหานคร","temple_class":"วัดราษฎร์","sect":"มหานิกาย","established_be":"2367","source":"data.bangkok.go.th · wat1","source_url":"https://data.bangkok.go.th/dataset/wat1"}},{"type":"Feature","geometry":{"type":"Point","coordinates":[100.5195657,13.75161134]},"properties":{"id":"wat1:01100701002","kind":"temple","name_th":"วัดบรมนิวาส","name_en":null,"address":"ถ.บำรุงเมือง แขวงรองเมือง เขตปทุุมวัน","district":"ปทุมวัน","sub_district":null,"province":"กรุงเทพมหานคร","temple_class":"พระอารามหลวง","sect":"ธรรมยุต","established_be":"2377","source":"data.bangkok.go.th · wat1","source_url":"https://data.bangkok.go.th/dataset/wat1"}},{"type":"Feature","geometry":{"type":"Point","coordinates":[100.5187877,13.74137455]},"properties":{"id":"wat1:01100701003","kind":"temple","name_th":"วัดดวงแข","name_en":null,"address":"ถ.จารุเมือง แขวงรองเมือง เขตปทุมวัน","district":"ปทุมวัน","sub_district":null,"province":"กรุงเทพมหานคร","temple_class":"วัดราษฎร์","sect":"ธรรมยุต","established_be":"2395","source":"data.bangkok.go.th · wat1","source_url":"https://data.bangkok.go.th/dataset/wat1"}},{"type":"Feature","geometry":{"type":"Point","coordinates":[100.5185078,13.74816483]},"properties":{"id":"wat1:01100701004","kind":"temple","name_th":"วัดสระบัว","name_en":null,"address":"ถ.บำรุงเมือง แขวงรองเมือง เขตปทุมวัน","district":"ปทุมวัน","sub_district":null,"province":"กรุงเทพมหานคร","temple_class":"วัดราษฎร์","sect":"มหานิกาย","established_be":"2406","source":"data.bangkok.go.th · wat1","source_url":"https://data.bangkok.go.th/dataset/wat1"}},{"type":"Feature","geometry":{"type":"Point","coordinates":[100.5229353,13.74788442]},"properties":{"id":"wat1:01100701005","kind":"temple","name_th":"วัดชัยมงคล","name_en":null,"address":"ถ.พระรามที่ 1 แขวงรองเมือง เขตปทุมวัน","district":"ปทุมวัน","sub_district":null,"province":"กรุงเทพมหานคร","temple_class":"วัดราษฎร์","sect":"มหานิกาย","established_be":"2390","source":"data.bangkok.go.th · wat1","source_url":"https://data.bangkok.go.th/dataset/wat1"}},{"type":"Feature","geometry":{"type":"Point","coordinates":[100.5366345,13.74569328]},"properties":{"id":"wat1:01100703001","kind":"temple","name_th":"วัดปทุมวนาราม","name_en":null,"address":"ถ.พระราม1 แขวงปทุมวัน เขตปทุมวัน","district":"ปทุมวัน","sub_district":null,"province":"กรุงเทพมหานคร","temple_class":"พระอารามหลวง","sect":"ธรรมยุต","established_be":"2400","source":"data.bangkok.go.th · wat1","source_url":"https://data.bangkok.go.th/dataset/wat1"}},{"type":"Feature","geometry":{"type":"Point","coordinates":[100.5125834,13.74576965]},"properties":{"id":"wat1:01100801001","kind":"temple","name_th":"วัดพลับพลาชัย","name_en":null,"address":"ถ.ไมตรีจิตร แขวงป้อมปราบ เขตป้อมปราบศัตรูพ่าย","district":"ป้อมปราบศัตรูพ่าย","sub_district":null,"province":"กรุงเทพมหานคร","temple_class":"วัดราษฎร์","sect":"มหานิกาย","established_be":"2199","source":"data.bangkok.go.th · wat1","source_url":"https://data.bangkok.go.th/dataset/wat1"}},{"type":"Feature","geometry":{"type":"Point","coordinates":[100.510189,13.74441938]},"properties":{"id":"wat1:01100801002","kind":"temple","name_th":"วัดคณิกาผล","name_en":null,"address":"ถ.พลับพลาไชย แขวงป้อมปราบ เขตป้อมปราบศัตรูพ่าย","district":"ป้อมปราบศัตรูพ่าย","sub_district":null,"province":"กรุงเทพมหานคร","temple_class":"วัดราษฎร์","sect":"มหานิกาย","established_be":"2376","source":"data.bangkok.go.th · wat1","source_url":"https://data.bangkok.go.th/dataset/wat1"}},{"type":"Feature","geometry":{"type":"Point","coordinates":[100.5095286,13.74380874]},"properties":{"id":"wat1:01100801003","kind":"temple","name_th":"วัดมังกรกมลาวาส","name_en":null,"address":"ถ.เจริญกรุง แขวงป้อมปราบ เขตป้อมปราบศัตรูพ่าย","district":"ป้อมปราบศัตรูพ่าย","sub_district":null,"province":"กรุงเทพมหานคร","temple_class":"วัดราษฎร์","sect":"จีนนิกาย","established_be":"2414","source":"data.bangkok.go.th · wat1","source_url":"https://data.bangkok.go.th/dataset/wat1"}},{"type":"Feature","geometry":{"type":"Point","coordinates":[100.5086641,13.74888513]},"properties":{"id":"wat1:01100802001","kind":"temple","name_th":"วัดดิสานุการาม","name_en":null,"address":"ถ.วรจักร แขวงวัดเทพศิรินทร์ เขตป้อมปราบศัตรูพ่าย","district":"ป้อมปราบศัตรูพ่าย","sub_district":null,"province":"กรุงเทพมหานคร","temple_class":"วัดราษฎร์","sect":"มหานิกาย","established_be":"2350","source":"data.bangkok.go.th · wat1","source_url":"https://data.bangkok.go.th/dataset/wat1"}},{"type":"Feature","geometry":{"type":"Point","coordinates":[100.5093149,13.74943255]},"properties":{"id":"wat1:01100802002","kind":"temple","name_th":"วัดเทวีวรญาติ (จางวางพ่วง)","name_en":null,"address":"ถ.วรจักร แขวงวัดเทพศิรินทร์ เขตป้อมปราบศัตรูพ่าย","district":"ป้อมปราบศัตรูพ่าย","sub_district":null,"province":"กรุงเทพมหานคร","temple_class":"วัดราษฎร์","sect":"มหานิกาย","established_be":"2393","source":"data.bangkok.go.th · wat1","source_url":"https://data.bangkok.go.th/dataset/wat1"}},{"type":"Feature","geometry":{"type":"Point","coordinates":[100.5149379,13.7466501]},"properties":{"id":"wat1:01100802003","kind":"temple","name_th":"วัดเทพศิรินทราวาส","name_en":null,"address":"ถ.หลวง แขวงวัดเทพศิรินทร์ เขตป้อมปราบศัตรูพ่าย","district":"ป้อมปราบศัตรูพ่าย","sub_district":null,"province":"กรุงเทพมหานคร","temple_class":"พระอารามหลวง","sect":"ธรรมยุต","established_be":"2419","source":"data.bangkok.go.th · wat1","source_url":"https://data.bangkok.go.th/dataset/wat1"}},{"type":"Feature","geometry":{"type":"Point","coordinates":[100.5101663,13.75529389]},"properties":{"id":"wat1:01100803001","kind":"temple","name_th":"วัดสิตาราม (คอกหมู)","name_en":null,"address":"ถ.ดำรงค์รักษ์ แขวงคลองมหานาค เขตป้อมปราบศัตรูพ่าย","district":"ป้อมปราบศัตรูพ่าย","sub_district":null,"province":"กรุงเทพมหานคร","temple_class":"วัดราษฎร์","sect":"มหานิกาย","established_be":"2340","source":"data.bangkok.go.th · wat1","source_url":"https://data.bangkok.go.th/dataset/wat1"}},{"type":"Feature","geometry":{"type":"Point","coordinates":[100.5062612,13.74764334]},"properties":{"id":"wat1:01100804001","kind":"temple","name_th":"วัดพระพิเรนทร์","name_en":null,"address":"ถ.วรจักร แขวงบ้านบาตร เขตป้อมปราบศัตรูพ่าย","district":"ป้อมปราบศัตรูพ่าย","sub_district":null,"province":"กรุงเทพมหานคร","temple_class":"วัดราษฎร์","sect":"มหานิกาย","established_be":"2300","source":"data.bangkok.go.th · wat1","source_url":"https://data.bangkok.go.th/dataset/wat1"}},{"type":"Feature","geometry":{"type":"Point","coordinates":[100.5082525,13.75392258]},"properties":{"id":"wat1:01100804002","kind":"temple","name_th":"วัดสระเกศราชวรวิหาร","name_en":null,"address":"ถ.จักรพรรดิพงษ์ แขวงบ้านบาตร เขตป้อมปราบศัตรูพ่าย","district":"ป้อมปราบศัตรูพ่าย","sub_district":null,"province":"กรุงเทพมหานคร","temple_class":"พระอารามหลวง","sect":"มหานิกาย","established_be":"2326","source":"data.bangkok.go.th · wat1","source_url":"https://data.bangkok.go.th/dataset/wat1"}},{"type":"Feature","geometry":{"type":"Point","coordinates":[100.5105779,13.75747889]},"properties":{"id":"wat1:01100805001","kind":"temple","name_th":"วัดสุนทรธรรมทาน\\ (วัดแคนางเลิ้ง)","name_en":null,"address":"ถ.หลานหลวง แขวงวัดโสมนัส เขตป้อมปราบศัตรูพ่าย","district":"ป้อมปราบศัตรูพ่าย","sub_district":null,"province":"กรุงเทพมหานคร","temple_class":"วัดราษฎร์","sect":"มหานิกาย","established_be":"2380","source":"data.bangkok.go.th · wat1","source_url":"https://data.bangkok.go.th/dataset/wat1"}},{"type":"Feature","geometry":{"type":"Point","coordinates":[100.5106455,13.76079593]},"properties":{"id":"wat1:01100805002","kind":"temple","name_th":"วัดโสมนัสวิหาร","name_en":null,"address":"ถ.โสมนัสเฉลิมพระเกียรติ แขวงวัดโสมนัส เขตป้อมปราบศัตรูพ่าย","district":"ป้อมปราบศัตรูพ่าย","sub_district":null,"province":"กรุงเทพมหานคร","temple_class":"พระอารามหลวง","sect":"ธรรมยุต","established_be":"2396","source":"data.bangkok.go.th · wat1","source_url":"https://data.bangkok.go.th/dataset/wat1"}},{"type":"Feature","geometry":{"type":"Point","coordinates":[100.6221145,13.70297908]},"properties":{"id":"wat1:01100905001","kind":"temple","name_th":"วัดราษฎร์ศรัทธาธรรม","name_en":null,"address":"ถ.สุขุมวิท93 แขวงบางจาก เขตพระโขนง","district":"พระโขนง","sub_district":null,"province":"กรุงเทพมหานคร","temple_class":"วัดราษฎร์","sect":"มหานิกาย","established_be":"2440","source":"data.bangkok.go.th · wat1","source_url":"https://data.bangkok.go.th/dataset/wat1"}},{"type":"Feature","geometry":{"type":"Point","coordinates":[100.6354577,13.69133041]},"properties":{"id":"wat1:01100905002","kind":"temple","name_th":"วัดวชิรธรรมสาธิต (วัดทุ่ง)","name_en":null,"address":"ถ.สุขุมวิท แขวงบางจาก เขตพระโขนง","district":"พระโขนง","sub_district":null,"province":"กรุงเทพมหานคร","temple_class":"พระอารามหลวง","sect":"มหานิกาย","established_be":"30-ธ.ค.-06","source":"data.bangkok.go.th · wat1","source_url":"https://data.bangkok.go.th/dataset/wat1"}},{"type":"Feature","geometry":{"type":"Point","coordinates":[100.6153587,13.68706944]},"properties":{"id":"wat1:01100905003","kind":"temple","name_th":"วัดธรรมมงคลเถาบุญญนนท์วิหาร","name_en":null,"address":"ถ.สุขุมวิท ม.5 แขวงบางจาก เขตพระโขนง","district":"พระโขนง","sub_district":null,"province":"กรุงเทพมหานคร","temple_class":"วัดราษฎร์","sect":"ธรรมยุต","established_be":"26-เม.ย.-08","source":"data.bangkok.go.th · wat1","source_url":"https://data.bangkok.go.th/dataset/wat1"}},{"type":"Feature","geometry":{"type":"Point","coordinates":[100.5938535,13.69352715]},"properties":{"id":"wat1:01100905004","kind":"temple","name_th":"วัดบุญรอดธรรมาราม","name_en":null,"address":"ถ.ทางรถไฟสายเก่า(สุขุมวิท 56) แขวงบางจาก เขตพระโขนง","district":"พระโขนง","sub_district":null,"province":"กรุงเทพมหานคร","temple_class":"วัดราษฎร์","sect":"มหานิกาย","established_be":"2516","source":"data.bangkok.go.th · wat1","source_url":"https://data.bangkok.go.th/dataset/wat1"}},{"type":"Feature","geometry":{"type":"Point","coordinates":[100.7092839,13.8011024]},"properties":{"id":"wat1:01101001001","kind":"temple","name_th":"วัดบำเพ็ญเหนือ","name_en":null,"address":"ถ.เสรีไทย(สุขาภิบาล2) ม.14 แขวงมีนบุรี เขตมีนบุรี","district":"มีนบุรี","sub_district":null,"province":"กรุงเทพมหานคร","temple_class":"วัดราษฎร์","sect":"มหานิกาย","established_be":"2313","source":"data.bangkok.go.th · wat1","source_url":"https://data.bangkok.go.th/dataset/wat1"}},{"type":"Feature","geometry":{"type":"Point","coordinates":[100.7422551,13.81862223]},"properties":{"id":"wat1:01101001002","kind":"temple","name_th":"วัดแสนสุข (วัดพัฒนา)","name_en":null,"address":"ถ.สุวินทวงศ์ แขวงมีนบุรี เขตมีนบุรี","district":"มีนบุรี","sub_district":null,"province":"กรุงเทพมหานคร","temple_class":"วัดราษฎร์","sect":"มหานิกาย","established_be":"2315","source":"data.bangkok.go.th · wat1","source_url":"https://data.bangkok.go.th/dataset/wat1"}},{"type":"Feature","geometry":{"type":"Point","coordinates":[100.7099227,13.79992294]},"properties":{"id":"wat1:01101001003","kind":"temple","name_th":"วัดบางเพ็งใต้","name_en":null,"address":"ถ.รามคำแหง 170 ม.11 แขวงมีนบุรี เขตมีนบุรี","district":"มีนบุรี","sub_district":null,"province":"กรุงเทพมหานคร","temple_class":"วัดราษฎร์","sect":"มหานิกาย","established_be":"2394","source":"data.bangkok.go.th · wat1","source_url":"https://data.bangkok.go.th/dataset/wat1"}},{"type":"Feature","geometry":{"type":"Point","coordinates":[100.8059852,13.8073067]},"properties":{"id":"wat1:01101002001","kind":"temple","name_th":"วัดใหม่ลำนกแขวก","name_en":null,"address":"ถ.สุวินทวงศ์ แขวงแสนแสบ เขตมีนบุรี","district":"มีนบุรี","sub_district":null,"province":"กรุงเทพมหานคร","temple_class":"วัดราษฎร์","sect":"มหานิกาย","established_be":"2440","source":"data.bangkok.go.th · wat1","source_url":"https://data.bangkok.go.th/dataset/wat1"}},{"type":"Feature","geometry":{"type":"Point","coordinates":[100.787314,13.80016753]},"properties":{"id":"wat1:01101002002","kind":"temple","name_th":"วัดทองสัมฤทธิ์","name_en":null,"address":"ถ.สุวินทวงศ์ บ้านบึงใหญ่ ม.18 แขวงแสนแสบ เขตมีนบุรี","district":"มีนบุรี","sub_district":null,"province":"กรุงเทพมหานคร","temple_class":"วัดราษฎร์","sect":"มหานิกาย","established_be":"2458","source":"data.bangkok.go.th · wat1","source_url":"https://data.bangkok.go.th/dataset/wat1"}},{"type":"Feature","geometry":{"type":"Point","coordinates":[100.7742113,13.82609387]},"properties":{"id":"wat1:01101002003","kind":"temple","name_th":"วัดศรีกุเรชา","name_en":null,"address":"ถ.ราษฎร์อุทิศ แขวงแสนแสบ เขตมีนบุรี","district":"มีนบุรี","sub_district":null,"province":"กรุงเทพมหานคร","temple_class":"วัดราษฎร์","sect":"มหานิกาย","established_be":"14-ธ.ค.-41","source":"data.bangkok.go.th · wat1","source_url":"https://data.bangkok.go.th/dataset/wat1"}},{"type":"Feature","geometry":{"type":"Point","coordinates":[100.7684406,13.72538541]},"properties":{"id":"wat1:01101101001","kind":"temple","name_th":"วัดปลูกศรัทธา","name_en":null,"address":"ถ.คุณหญิงเลี่ยม แขวงลาดกระบัง เขตลาดกระบัง","district":"ลาดกระบัง","sub_district":null,"province":"กรุงเทพมหานคร","temple_class":"วัดราษฎร์","sect":"มหานิกาย","established_be":"2388","source":"data.bangkok.go.th · wat1","source_url":"https://data.bangkok.go.th/dataset/wat1"}},{"type":"Feature","geometry":{"type":"Point","coordinates":[100.7528353,13.7254786]},"properties":{"id":"wat1:01101101002","kind":"temple","name_th":"วัดลาดกระบัง","name_en":null,"address":"ถ.ร่มเกล้า แขวงลาดกระบัง เขตลาดกระบัง","district":"ลาดกระบัง","sub_district":null,"province":"กรุงเทพมหานคร","temple_class":"วัดราษฎร์","sect":"มหานิกาย","established_be":"2419","source":"data.bangkok.go.th · wat1","source_url":"https://data.bangkok.go.th/dataset/wat1"}},{"type":"Feature","geometry":{"type":"Point","coordinates":[100.7375836,13.72465543]},"properties":{"id":"wat1:01101101003","kind":"temple","name_th":"วัดสังฆราชา","name_en":null,"address":"ถ.ลาดกระบัง11 แขวงลาดกระบัง เขตลาดกระบัง","district":"ลาดกระบัง","sub_district":null,"province":"กรุงเทพมหานคร","temple_class":"วัดราษฎร์","sect":"มหานิกาย","established_be":"2430","source":"data.bangkok.go.th · wat1","source_url":"https://data.bangkok.go.th/dataset/wat1"}},{"type":"Feature","geometry":{"type":"Point","coordinates":[100.7191722,13.72538987]},"properties":{"id":"wat1:01101101004","kind":"temple","name_th":"วัดลานบุญ","name_en":null,"address":"ถ.ลาดกระบัง ม.7 แขวงลาดกระบัง เขตลาดกระบัง","district":"ลาดกระบัง","sub_district":null,"province":"กรุงเทพมหานคร","temple_class":"วัดราษฎร์","sect":"มหานิกาย","established_be":"2440","source":"data.bangkok.go.th · wat1","source_url":"https://data.bangkok.go.th/dataset/wat1"}},{"type":"Feature","geometry":{"type":"Point","coordinates":[100.7382708,13.776441]},"properties":{"id":"wat1:01101102001","kind":"temple","name_th":"วัดปากบึง","name_en":null,"address":"ถ.ร่มเกล้า ม.4 แขวงคลองสองต้นนุ่น เขตลาดกระบัง","district":"ลาดกระบัง","sub_district":null,"province":"กรุงเทพมหานคร","temple_class":"วัดราษฎร์","sect":"มหานิกาย","established_be":"2390","source":"data.bangkok.go.th · wat1","source_url":"https://data.bangkok.go.th/dataset/wat1"}},{"type":"Feature","geometry":{"type":"Point","coordinates":[100.7547009,13.74262024]},"properties":{"id":"wat1:01101103001","kind":"temple","name_th":"วัดบำรุงรื่น","name_en":null,"address":"ถ.ร่มเกล้า แขวงคลองสามประเวศ เขตลาดกระบัง","district":"ลาดกระบัง","sub_district":null,"province":"กรุงเทพมหานคร","temple_class":"วัดราษฎร์","sect":"มหานิกาย","established_be":"2424","source":"data.bangkok.go.th · wat1","source_url":"https://data.bangkok.go.th/dataset/wat1"}},{"type":"Feature","geometry":{"type":"Point","coordinates":[100.8020398,13.78005851]},"properties":{"id":"wat1:01101104001","kind":"temple","name_th":"วัดทิพพาวาส","name_en":null,"address":"คลองลำกอไผ่ ม.7 ถ.ฉลองกรุง แขวงลำปลาทิว เขตลาดกระบัง","district":"ลาดกระบัง","sub_district":null,"province":"กรุงเทพมหานคร","temple_class":"วัดราษฎร์","sect":"ธรรมยุต","established_be":"2429","source":"data.bangkok.go.th · wat1","source_url":"https://data.bangkok.go.th/dataset/wat1"}},{"type":"Feature","geometry":{"type":"Point","coordinates":[100.7778612,13.76456205]},"properties":{"id":"wat1:01101104002","kind":"temple","name_th":"วัดบึงบัว","name_en":null,"address":"คลองลำปลาทิว 3 ถ.คุ้มเกล้า แขวงลำปลาทิว เขตลาดกระบัง","district":"ลาดกระบัง","sub_district":null,"province":"กรุงเทพมหานคร","temple_class":"วัดราษฎร์","sect":"มหานิกาย","established_be":"2459","source":"data.bangkok.go.th · wat1","source_url":"https://data.bangkok.go.th/dataset/wat1"}},{"type":"Feature","geometry":{"type":"Point","coordinates":[100.8182793,13.74674206]},"properties":{"id":"wat1:01101104003","kind":"temple","name_th":"วัดอุทัยธรรมาราม","name_en":null,"address":"ถ.ฉลองกรุง แขวงลำปลาทิว เขตลาดกระบัง","district":"ลาดกระบัง","sub_district":null,"province":"กรุงเทพมหานคร","temple_class":"วัดราษฎร์","sect":"มหานิกาย","established_be":"4-ม.ค.-38","source":"data.bangkok.go.th · wat1","source_url":"https://data.bangkok.go.th/dataset/wat1"}},{"type":"Feature","geometry":{"type":"Point","coordinates":[100.7955599,13.74159408]},"properties":{"id":"wat1:01101105001","kind":"temple","name_th":"วัดสุทธาโภชน์","name_en":null,"address":"ถ.ฉลองกรุง แขวงทับยาว เขตลาดกระบัง","district":"ลาดกระบัง","sub_district":null,"province":"กรุงเทพมหานคร","temple_class":"วัดราษฎร์","sect":"มหานิกาย","established_be":"2437","source":"data.bangkok.go.th · wat1","source_url":"https://data.bangkok.go.th/dataset/wat1"}},{"type":"Feature","geometry":{"type":"Point","coordinates":[100.7977202,13.72176657]},"properties":{"id":"wat1:01101105002","kind":"temple","name_th":"วัดพลมานีย์","name_en":null,"address":"ถ.ประชาพัฒนา แขวงทับยาว เขตลาดกระบัง","district":"ลาดกระบัง","sub_district":null,"province":"กรุงเทพมหานคร","temple_class":"วัดราษฎร์","sect":"มหานิกาย","established_be":"2462","source":"data.bangkok.go.th · wat1","source_url":"https://data.bangkok.go.th/dataset/wat1"}},{"type":"Feature","geometry":{"type":"Point","coordinates":[100.8519381,13.70014479]},"properties":{"id":"wat1:01101106001","kind":"temple","name_th":"วัดราชโกษา","name_en":null,"address":"ถ.หลวงแพ่ง แขวงขุมทอง เขตลาดกระบัง","district":"ลาดกระบัง","sub_district":null,"province":"กรุงเทพมหานคร","temple_class":"วัดราษฎร์","sect":"มหานิกาย","established_be":"2440","source":"data.bangkok.go.th · wat1","source_url":"https://data.bangkok.go.th/dataset/wat1"}},{"type":"Feature","geometry":{"type":"Point","coordinates":[100.8529413,13.72197304]},"properties":{"id":"wat1:01101106002","kind":"temple","name_th":"วัดขุมทอง","name_en":null,"address":"ถ.หลวงแพ่ง ซอย 5(ถนนขุมทอง-ลำต้อยติ่ง ) ม.5 แขวงขุมทอง เขตลาดกระบัง","district":"ลาดกระบัง","sub_district":null,"province":"กรุงเทพมหานคร","temple_class":"วัดราษฎร์","sect":"มหานิกาย","established_be":"2459","source":"data.bangkok.go.th · wat1","source_url":"https://data.bangkok.go.th/dataset/wat1"}},{"type":"Feature","geometry":{"type":"Point","coordinates":[100.6349001,13.6909183]},"properties":{"id":"wat1:01101106003","kind":"temple","name_th":"วัดวชิรธรรมาวาส","name_en":null,"address":"ถ.สุขุมวิท แขวงบางจาก เขตพระโขนง","district":"พระโขนง","sub_district":null,"province":"กรุงเทพมหานคร","temple_class":"วัดราษฎร์","sect":"ธรรมยุต","established_be":"15-ส.ค.-59","source":"data.bangkok.go.th · wat1","source_url":"https://data.bangkok.go.th/dataset/wat1"}},{"type":"Feature","geometry":{"type":"Point","coordinates":[100.549763,13.68051946]},"properties":{"id":"wat1:01101202001","kind":"temple","name_th":"วัดคลองภูมิ","name_en":null,"address":"ถ.พระราม3 ซอย46 แขวงช่องนนทรีย์ เขตยานนาวา","district":"ยานนาวา","sub_district":null,"province":"กรุงเทพมหานคร","temple_class":"วัดราษฎร์","sect":"มหานิกาย","established_be":"2370","source":"data.bangkok.go.th · wat1","source_url":"https://data.bangkok.go.th/dataset/wat1"}},{"type":"Feature","geometry":{"type":"Point","coordinates":[100.5460477,13.69341462]},"properties":{"id":"wat1:01101203001","kind":"temple","name_th":"วัดช่องนนทรี","name_en":null,"address":"ถ.ช่องนนทรี แขวงช่องนนทรี เขตยานนาวา","district":"ยานนาวา","sub_district":null,"province":"กรุงเทพมหานคร","temple_class":"วัดราษฎร์","sect":"มหานิกาย","established_be":"2119","source":"data.bangkok.go.th · wat1","source_url":"https://data.bangkok.go.th/dataset/wat1"}},{"type":"Feature","geometry":{"type":"Point","coordinates":[100.5470958,13.70382131]},"properties":{"id":"wat1:01101203002","kind":"temple","name_th":"วัดช่องลม","name_en":null,"address":"ถ.รัชดาภิเษก แขวงช่องนนทรี เขตยานนาวา","district":"ยานนาวา","sub_district":null,"province":"กรุงเทพมหานคร","temple_class":"วัดราษฎร์","sect":"มหานิกาย","established_be":"2453","source":"data.bangkok.go.th · wat1","source_url":"https://data.bangkok.go.th/dataset/wat1"}},{"type":"Feature","geometry":{"type":"Point","coordinates":[100.5394283,13.70050654]},"properties":{"id":"wat1:01101203003","kind":"temple","name_th":"วัดโพธิ์แมนคุณาราม","name_en":null,"address":"ถ.สาธุประดิษฐ์ 19 แขวงช่องนนทรีย์ เขตยานนาวา","district":"ยานนาวา","sub_district":null,"province":"กรุงเทพมหานคร","temple_class":"วัดราษฎร์","sect":"จีนนิกาย","established_be":"2505","source":"data.bangkok.go.th · wat1","source_url":"https://data.bangkok.go.th/dataset/wat1"}},{"type":"Feature","geometry":{"type":"Point","coordinates":[100.5451928,13.67857745]},"properties":{"id":"wat1:01101203004","kind":"temple","name_th":"วัดคลองใหม่","name_en":null,"address":"ถ.พระราม3 ซอย 57 แขวงช่องนนทรี เขตยานนาวา","district":"ยานนาวา","sub_district":null,"province":"กรุงเทพมหานคร","temple_class":"วัดราษฎร์","sect":"มหานิกาย","established_be":"2345","source":"data.bangkok.go.th · wat1","source_url":"https://data.bangkok.go.th/dataset/wat1"}},{"type":"Feature","geometry":{"type":"Point","coordinates":[100.5264893,13.68255321]},"properties":{"id":"wat1:01101204001","kind":"temple","name_th":"วัดดอกไม้","name_en":null,"address":"ถ.สาธุประดิษฐ์ 58 แขวงบางโพงพาง เขตยานนาวา","district":"ยานนาวา","sub_district":null,"province":"กรุงเทพมหานคร","temple_class":"วัดราษฎร์","sect":"มหานิกาย","established_be":"2300","source":"data.bangkok.go.th · wat1","source_url":"https://data.bangkok.go.th/dataset/wat1"}},{"type":"Feature","geometry":{"type":"Point","coordinates":[100.5403045,13.67176513]},"properties":{"id":"wat1:01101204002","kind":"temple","name_th":"วัดด่าน","name_en":null,"address":"ถ.พระราม3 แขวงบางโพงพาง เขตยานนาวา","district":"ยานนาวา","sub_district":null,"province":"กรุงเทพมหานคร","temple_class":"วัดราษฎร์","sect":"มหานิกาย","established_be":"2340","source":"data.bangkok.go.th · wat1","source_url":"https://data.bangkok.go.th/dataset/wat1"}},{"type":"Feature","geometry":{"type":"Point","coordinates":[100.533591,13.6742745]},"properties":{"id":"wat1:01101204003","kind":"temple","name_th":"วัดปริวาศ","name_en":null,"address":"ถ.พระราม3 แขวงบางโพงพาง เขตยานนาวา","district":"ยานนาวา","sub_district":null,"province":"กรุงเทพมหานคร","temple_class":"วัดราษฎร์","sect":"มหานิกาย","established_be":"2394","source":"data.bangkok.go.th · wat1","source_url":"https://data.bangkok.go.th/dataset/wat1"}},{"type":"Feature","geometry":{"type":"Point","coordinates":[100.5264578,13.67909133]},"properties":{"id":"wat1:01101204004","kind":"temple","name_th":"วัดทองบน","name_en":null,"address":"ถ.พระราม3 แขวงบางโพงพาง เขตยานนาวา","district":"ยานนาวา","sub_district":null,"province":"กรุงเทพมหานคร","temple_class":"วัดราษฎร์","sect":"มหานิกาย","established_be":"2423","source":"data.bangkok.go.th · wat1","source_url":"https://data.bangkok.go.th/dataset/wat1"}},{"type":"Feature","geometry":{"type":"Point","coordinates":[100.5019706,13.74185717]},"properties":{"id":"wat1:01101301001","kind":"temple","name_th":"วัดบพิตรพิมุข","name_en":null,"address":"ถ.จักรเพชร แขวงจักรวรรดิ์ เขตสัมพันธวงศ์","district":"สัมพันธวงศ์","sub_district":null,"province":"กรุงเทพมหานคร","temple_class":"พระอารามหลวง","sect":"มหานิกาย","established_be":"2231","source":"data.bangkok.go.th · wat1","source_url":"https://data.bangkok.go.th/dataset/wat1"}},{"type":"Feature","geometry":{"type":"Point","coordinates":[100.5042378,13.74212358]},"properties":{"id":"wat1:01101301002","kind":"temple","name_th":"วัดจักรวรรดิราชาวาส","name_en":null,"address":"ถ.จักรวรรดิ แขวงจักรวรรดิ เขตสัมพันธวงศ์","district":"สัมพันธวงศ์","sub_district":null,"province":"กรุงเทพมหานคร","temple_class":"พระอารามหลวง","sect":"มหานิกาย","established_be":"2362","source":"data.bangkok.go.th · wat1","source_url":"https://data.bangkok.go.th/dataset/wat1"}},{"type":"Feature","geometry":{"type":"Point","coordinates":[100.506841,13.74142974]},"properties":{"id":"wat1:01101301003","kind":"temple","name_th":"วัดโลกานุเคราะห์ (วัดญวน)","name_en":null,"address":"ถ.ราชวงศ์ ซ.ผลิดผล แขวงจักรวรรดิ์ เขตสัมพันธวงศ์","district":"สัมพันธวงศ์","sub_district":null,"province":"กรุงเทพมหานคร","temple_class":"วัดราษฎร์","sect":"อนัมนิกาย","established_be":"2383","source":"data.bangkok.go.th · wat1","source_url":"https://data.bangkok.go.th/dataset/wat1"}},{"type":"Feature","geometry":{"type":"Point","coordinates":[100.5089697,13.74027776]},"properties":{"id":"wat1:01101301004","kind":"temple","name_th":"วัดชัยภูมิการาม","name_en":null,"address":"ถ.เยาวราช แขวงจักรวรรดิ เขตสัมพันธวงศ์","district":"สัมพันธวงศ์","sub_district":null,"province":"กรุงเทพมหานคร","temple_class":"วัดราษฎร์","sect":"อนัมนิกาย","established_be":"2383","source":"data.bangkok.go.th · wat1","source_url":"https://data.bangkok.go.th/dataset/wat1"}},{"type":"Feature","geometry":{"type":"Point","coordinates":[100.5107919,13.73603618]},"properties":{"id":"wat1:01101302001","kind":"temple","name_th":"วัดปทุมคงคา","name_en":null,"address":"ถ.ทรงวาด แขวงสัมพันธวงศ์ เขตสัมพันธวงศ์","district":"สัมพันธวงศ์","sub_district":null,"province":"กรุงเทพมหานคร","temple_class":"พระอารามหลวง","sect":"มหานิกาย","established_be":"2325","source":"data.bangkok.go.th · wat1","source_url":"https://data.bangkok.go.th/dataset/wat1"}},{"type":"Feature","geometry":{"type":"Point","coordinates":[100.5099399,13.73872609]},"properties":{"id":"wat1:01101302002","kind":"temple","name_th":"วัดสัมพันธวงศ์","name_en":null,"address":"ถ.ทรงสวัสดิ์ แขวงสัมพันธวงศ์ เขตสัมพันธวงศ์","district":"สัมพันธวงศ์","sub_district":null,"province":"กรุงเทพมหานคร","temple_class":"พระอารามหลวง","sect":"ธรรมยุต","established_be":"2339","source":"data.bangkok.go.th · wat1","source_url":"https://data.bangkok.go.th/dataset/wat1"}},{"type":"Feature","geometry":{"type":"Point","coordinates":[100.5055191,13.74439369]},"properties":{"id":"wat1:01101302003","kind":"temple","name_th":"วัดชัยชนะสงคราม (วัดตึก)","name_en":null,"address":"ถ.มหาจักร (คลองถม) แขวงสัมพันธวงศ์ เขตสัมพันธวงศ์","district":"สัมพันธวงศ์","sub_district":null,"province":"กรุงเทพมหานคร","temple_class":"พระอารามหลวง","sect":"มหานิกาย","established_be":"2391","source":"data.bangkok.go.th · wat1","source_url":"https://data.bangkok.go.th/dataset/wat1"}},{"type":"Feature","geometry":{"type":"Point","coordinates":[100.5082249,13.7423885]},"properties":{"id":"wat1:01101302004","kind":"temple","name_th":"วัดกันมาตุยาราม","name_en":null,"address":"ถ.มังกร แขวงสัมพันธวงศ์ เขตสัมพันธวงศ์","district":"สัมพันธวงศ์","sub_district":null,"province":"กรุงเทพมหานคร","temple_class":"วัดราษฎร์","sect":"ธรรมยุต","established_be":"2407","source":"data.bangkok.go.th · wat1","source_url":"https://data.bangkok.go.th/dataset/wat1"}},{"type":"Feature","geometry":{"type":"Point","coordinates":[100.507707,13.74237358]},"properties":{"id":"wat1:01101302005","kind":"temple","name_th":"วัดกุศลสมาคร","name_en":null,"address":"ถ.ราชวงศ์ แขวงสัมพันธวงศ์ เขตสัมพันธวงศ์","district":"สัมพันธวงศ์","sub_district":null,"province":"กรุงเทพมหานคร","temple_class":"วัดราษฎร์","sect":"อนัมนิกาย","established_be":"2383","source":"data.bangkok.go.th · wat1","source_url":"https://data.bangkok.go.th/dataset/wat1"}},{"type":"Feature","geometry":{"type":"Point","coordinates":[100.5095388,13.74106975]},"properties":{"id":"wat1:01101302006","kind":"temple","name_th":"วัดมงคลสมาคม","name_en":null,"address":"ถ.เยาวราช แขวงสัมพันธวงศ์ เขตสัมพันธวงศ์","district":"สัมพันธวงศ์","sub_district":null,"province":"กรุงเทพมหานคร","temple_class":"วัดราษฎร์","sect":"อนัมนิกาย","established_be":"2319","source":"data.bangkok.go.th · wat1","source_url":"https://data.bangkok.go.th/dataset/wat1"}},{"type":"Feature","geometry":{"type":"Point","coordinates":[100.5075574,13.74211236]},"properties":{"id":"wat1:01101302007","kind":"temple","name_th":"วัดบำเพ็ญจีนพรต","name_en":null,"address":"ถ.มังกร แขวงสัมพันธวงศ์ เขตสัมพันธวงศ์","district":"สัมพันธวงศ์","sub_district":null,"province":"กรุงเทพมหานคร","temple_class":"วัดราษฎร์","sect":"จีนนิกาย","established_be":"2338","source":"data.bangkok.go.th · wat1","source_url":"https://data.bangkok.go.th/dataset/wat1"}},{"type":"Feature","geometry":{"type":"Point","coordinates":[100.513939,13.73797844]},"properties":{"id":"wat1:01101303001","kind":"temple","name_th":"วัดไตรมิตรวิทยาราม","name_en":null,"address":"ถ.ตรีมิตร แขวงตลาดน้อย เขตสัมพันธวงศ์","district":"สัมพันธวงศ์","sub_district":null,"province":"กรุงเทพมหานคร","temple_class":"พระอารามหลวง","sect":"มหานิกาย","established_be":"2375","source":"data.bangkok.go.th · wat1","source_url":"https://data.bangkok.go.th/dataset/wat1"}},{"type":"Feature","geometry":{"type":"Point","coordinates":[100.5132351,13.73492745]},"properties":{"id":"wat1:01101303002","kind":"temple","name_th":"วัดอุภัยราชบำรุง","name_en":null,"address":"ถ.เจริญกรุง20 แขวงตลาดน้อย เขตสัมพันธวงศ์","district":"สัมพันธวงศ์","sub_district":null,"province":"กรุงเทพมหานคร","temple_class":"วัดราษฎร์","sect":"อนัมนิกาย","established_be":"2325","source":"data.bangkok.go.th · wat1","source_url":"https://data.bangkok.go.th/dataset/wat1"}},{"type":"Feature","geometry":{"type":"Point","coordinates":[100.5480973,13.7957531]},"properties":{"id":"wat1:01101401001","kind":"temple","name_th":"วัดไผ่ตัน","name_en":null,"address":"ถ.พหลโยธิน แขวงสามเสนใน เขตพญาไท","district":"พญาไท","sub_district":null,"province":"กรุงเทพมหานคร","temple_class":"วัดราษฎร์","sect":"มหานิกาย","established_be":"2313","source":"data.bangkok.go.th · wat1","source_url":"https://data.bangkok.go.th/dataset/wat1"}},{"type":"Feature","geometry":{"type":"Point","coordinates":[100.4915374,13.73999508]},"properties":{"id":"wat1:01101501001","kind":"temple","name_th":"วัดกัลยาณมิตร","name_en":null,"address":"ถ.เทศบาลสาย1 ซอยวัดกัลยาณ์ แขวงวัดกัลยาณ์ เขตธนบุรี","district":"ธนบุรี","sub_district":null,"province":"กรุงเทพมหานคร","temple_class":"พระอารามหลวง","sect":"มหานิกาย","established_be":"2368","source":"data.bangkok.go.th · wat1","source_url":"https://data.bangkok.go.th/dataset/wat1"}},{"type":"Feature","geometry":{"type":"Point","coordinates":[100.4959291,13.73698547]},"properties":{"id":"wat1:01101501002","kind":"temple","name_th":"วัดประยุรวงศาวาสวรวิหาร\\ (วัดรั้วเหล็ก)","name_en":null,"address":"ถ.ประชาธิปก แขวงวัดกัลยาณ์ เขตธนบุรี","district":"ธนบุรี","sub_district":null,"province":"กรุงเทพมหานคร","temple_class":"พระอารามหลวง","sect":"มหานิกาย","established_be":"2371","source":"data.bangkok.go.th · wat1","source_url":"https://data.bangkok.go.th/dataset/wat1"}},{"type":"Feature","geometry":{"type":"Point","coordinates":[100.4922968,13.73579618]},"properties":{"id":"wat1:01101501003","kind":"temple","name_th":"วัดบุปผาราม(วัดดอกไม้)","name_en":null,"address":"ถ.เทศบาลสาย1 แขวงวัดกัลยาณ์ เขตธนบุรี","district":"ธนบุรี","sub_district":null,"province":"กรุงเทพมหานคร","temple_class":"พระอารามหลวง","sect":"ธรรมยุต","established_be":"2397","source":"data.bangkok.go.th · wat1","source_url":"https://data.bangkok.go.th/dataset/wat1"}},{"type":"Feature","geometry":{"type":"Point","coordinates":[100.4885244,13.72997946]},"properties":{"id":"wat1:01101502001","kind":"temple","name_th":"วัดใหญ่ศรีสุพรรณ","name_en":null,"address":"ถ.อินทรพิทักษ์ แขวงหิรัญรูจี เขตธนบุรี","district":"ธนบุรี","sub_district":null,"province":"กรุงเทพมหานคร","temple_class":"วัดราษฎร์","sect":"มหานิกาย","established_be":"2290","source":"data.bangkok.go.th · wat1","source_url":"https://data.bangkok.go.th/dataset/wat1"}},{"type":"Feature","geometry":{"type":"Point","coordinates":[100.4880421,13.73414053]},"properties":{"id":"wat1:01101502002","kind":"temple","name_th":"วัดประดิษฐาราม","name_en":null,"address":"ถ.อิสรภาพ แขวงหิรัญรูจี เขตธนบุรี","district":"ธนบุรี","sub_district":null,"province":"กรุงเทพมหานคร","temple_class":"วัดราษฎร์","sect":"มหานิกาย","established_be":"2293","source":"data.bangkok.go.th · wat1","source_url":"https://data.bangkok.go.th/dataset/wat1"}},{"type":"Feature","geometry":{"type":"Point","coordinates":[100.4889931,13.73244441]},"properties":{"id":"wat1:01101502003","kind":"temple","name_th":"วัดบางไส้ไก่","name_en":null,"address":"ถ.อิสรภาพ แขวงหิรัญจี เขตธนบุรี","district":"ธนบุรี","sub_district":null,"province":"กรุงเทพมหานคร","temple_class":"วัดราษฎร์","sect":"มหานิกาย","established_be":"2320","source":"data.bangkok.go.th · wat1","source_url":"https://data.bangkok.go.th/dataset/wat1"}},{"type":"Feature","geometry":{"type":"Point","coordinates":[100.4911154,13.72881582]},"properties":{"id":"wat1:01101502004","kind":"temple","name_th":"วัดหิรัญรูจี (วัดน้อย)","name_en":null,"address":"ถ.อินทรพิทักษ์ แขวงหิรัญรูจี เขตธนบุรี","district":"ธนบุรี","sub_district":null,"province":"กรุงเทพมหานคร","temple_class":"พระอารามหลวง","sect":"มหานิกาย","established_be":"2321","source":"data.bangkok.go.th · wat1","source_url":"https://data.bangkok.go.th/dataset/wat1"}},{"type":"Feature","geometry":{"type":"Point","coordinates":[100.4796162,13.7219969]},"properties":{"id":"wat1:01101503001","kind":"temple","name_th":"วัดราชคฤห์","name_en":null,"address":"ถ.เทอดไท แขวงบางยี่เรือ เขตธนบุรี","district":"ธนบุรี","sub_district":null,"province":"กรุงเทพมหานคร","temple_class":"พระอารามหลวง","sect":"มหานิกาย","established_be":"2300","source":"data.bangkok.go.th · wat1","source_url":"https://data.bangkok.go.th/dataset/wat1"}},{"type":"Feature","geometry":{"type":"Point","coordinates":[100.4831397,13.72358479]},"properties":{"id":"wat1:01101503002","kind":"temple","name_th":"วัดอินทาราม","name_en":null,"address":"ถ.เทอดไท แขวงบางยี่เรือ เขตธนบุรี","district":"ธนบุรี","sub_district":null,"province":"กรุงเทพมหานคร","temple_class":"พระอารามหลวง","sect":"มหานิกาย","established_be":"2300","source":"data.bangkok.go.th · wat1","source_url":"https://data.bangkok.go.th/dataset/wat1"}},{"type":"Feature","geometry":{"type":"Point","coordinates":[100.4814964,13.72250992]},"properties":{"id":"wat1:01101503003","kind":"temple","name_th":"วัดจันทารามวรวิหาร\\ (วัดกลางตลาดพลู)","name_en":null,"address":"ถ.เทอดไท แขวงบางยี่เรือ เขตธนบุรี","district":"ธนบุรี","sub_district":null,"province":"กรุงเทพมหานคร","temple_class":"พระอารามหลวง","sect":"มหานิกาย","established_be":"2300","source":"data.bangkok.go.th · wat1","source_url":"https://data.bangkok.go.th/dataset/wat1"}},{"type":"Feature","geometry":{"type":"Point","coordinates":[100.4860465,13.72560121]},"properties":{"id":"wat1:01101503004","kind":"temple","name_th":"วัดเวฬุราชิน","name_en":null,"address":"ถ.เทอดไท แขวงบางยี่เรือ เขตธนบุรี","district":"ธนบุรี","sub_district":null,"province":"กรุงเทพมหานคร","temple_class":"พระอารามหลวง","sect":"มหานิกาย","established_be":"2389","source":"data.bangkok.go.th · wat1","source_url":"https://data.bangkok.go.th/dataset/wat1"}},{"type":"Feature","geometry":{"type":"Point","coordinates":[100.4838881,13.72055207]},"properties":{"id":"wat1:01101503005","kind":"temple","name_th":"วัดโพธินิมิตรสถิตมหาสีมาราม","name_en":null,"address":"ถ.เทอดไท19 แขวงบางยี่เรือ เขตธนบุรี","district":"ธนบุรี","sub_district":null,"province":"กรุงเทพมหานคร","temple_class":"พระอารามหลวง","sect":"มหานิกาย","established_be":"2416","source":"data.bangkok.go.th · wat1","source_url":"https://data.bangkok.go.th/dataset/wat1"}},{"type":"Feature","geometry":{"type":"Point","coordinates":[100.4916007,13.70904357]},"properties":{"id":"wat1:01101504001","kind":"temple","name_th":"วัดราชวรินทร์ (วัดสำเหร่)","name_en":null,"address":"ซอยสมเด็จพระเจ้าตากสิน 21 แขวงบุคคโล เขตธนบุรี","district":"ธนบุรี","sub_district":null,"province":"กรุงเทพมหานคร","temple_class":"วัดราษฎร์","sect":"มหานิกาย","established_be":"2260","source":"data.bangkok.go.th · wat1","source_url":"https://data.bangkok.go.th/dataset/wat1"}},{"type":"Feature","geometry":{"type":"Point","coordinates":[100.4885855,13.69564714]},"properties":{"id":"wat1:01101504002","kind":"temple","name_th":"วัดดาวคะนอง","name_en":null,"address":"คลองดาวคะนอง ถ.เจริญนคร แขวงดาวคะนอง เขตธนบุรี","district":"ธนบุรี","sub_district":null,"province":"กรุงเทพมหานคร","temple_class":"วัดราษฎร์","sect":"มหานิกาย","established_be":"2310","source":"data.bangkok.go.th · wat1","source_url":"https://data.bangkok.go.th/dataset/wat1"}},{"type":"Feature","geometry":{"type":"Point","coordinates":[100.4889809,13.69972157]},"properties":{"id":"wat1:01101504003","kind":"temple","name_th":"วัดบุคคโล","name_en":null,"address":"ถ.เจริญนคร แขวงดาวคะนอง เขตธนบุรี","district":"ธนบุรี","sub_district":null,"province":"กรุงเทพมหานคร","temple_class":"วัดราษฎร์","sect":"มหานิกาย","established_be":"2323","source":"data.bangkok.go.th · wat1","source_url":"https://data.bangkok.go.th/dataset/wat1"}},{"type":"Feature","geometry":{"type":"Point","coordinates":[100.4906105,13.70449365]},"properties":{"id":"wat1:01101504004","kind":"temple","name_th":"วัดบางน้ำชน","name_en":null,"address":"ถ.เจริญนคร แขวงบุคโล เขตธนบุรี","district":"ธนบุรี","sub_district":null,"province":"กรุงเทพมหานคร","temple_class":"วัดราษฎร์","sect":"มหานิกาย","established_be":"2346","source":"data.bangkok.go.th · wat1","source_url":"https://data.bangkok.go.th/dataset/wat1"}},{"type":"Feature","geometry":{"type":"Point","coordinates":[100.4855198,13.71536263]},"properties":{"id":"wat1:01101504005","kind":"temple","name_th":"วัดกระจับพินิจ","name_en":null,"address":"ถ.สมเด็จพระเจ้าตากสิน แขวงบุคคโล เขตธนบุรี","district":"ธนบุรี","sub_district":null,"province":"กรุงเทพมหานคร","temple_class":"วัดราษฎร์","sect":"มหานิกาย","established_be":"2367","source":"data.bangkok.go.th · wat1","source_url":"https://data.bangkok.go.th/dataset/wat1"}},{"type":"Feature","geometry":{"type":"Point","coordinates":[100.4887985,13.70746047]},"properties":{"id":"wat1:01101504006","kind":"temple","name_th":"วัดสันติธรรมาราม","name_en":null,"address":"ถ.สมเด็จพระเจ้าตากสิน แขวงบุคคโล เขตธนบุรี","district":"ธนบุรี","sub_district":null,"province":"กรุงเทพมหานคร","temple_class":"วัดราษฎร์","sect":"มหานิกาย","established_be":"2495","source":"data.bangkok.go.th · wat1","source_url":"https://data.bangkok.go.th/dataset/wat1"}},{"type":"Feature","geometry":{"type":"Point","coordinates":[100.4883167,13.69701372]},"properties":{"id":"wat1:01101504007","kind":"temple","name_th":"วัดกลางดาวคนอง","name_en":null,"address":"ถ.เจริญนคร แขวงบุคคโล เขตธนบุรี","district":"ธนบุรี","sub_district":null,"province":"กรุงเทพมหานคร","temple_class":"วัดราษฎร์","sect":"มหานิกาย","established_be":"2420","source":"data.bangkok.go.th · wat1","source_url":"https://data.bangkok.go.th/dataset/wat1"}},{"type":"Feature","geometry":{"type":"Point","coordinates":[100.4824131,13.70799601]},"properties":{"id":"wat1:01101504008","kind":"temple","name_th":"วัดสุทธาวาส (วัดตาสุด)","name_en":null,"address":"ถ.รัชดาภิเษก แขวงบุคคโล เขตธนบุรี","district":"ธนบุรี","sub_district":null,"province":"กรุงเทพมหานคร","temple_class":"วัดราษฎร์","sect":"มหานิกาย","established_be":"2373","source":"data.bangkok.go.th · wat1","source_url":"https://data.bangkok.go.th/dataset/wat1"}},{"type":"Feature","geometry":{"type":"Point","coordinates":[100.4759735,13.71613396]},"properties":{"id":"wat1:01101505001","kind":"temple","name_th":"วัดบางสะแกนอก","name_en":null,"address":"คลองบางสะแก ถ.รัชดาภิเษก 17 แขวงตลาดพลู เขตธนบุรี","district":"ธนบุรี","sub_district":null,"province":"กรุงเทพมหานคร","temple_class":"วัดราษฎร์","sect":"มหานิกาย","established_be":"2090","source":"data.bangkok.go.th · wat1","source_url":"https://data.bangkok.go.th/dataset/wat1"}},{"type":"Feature","geometry":{"type":"Point","coordinates":[100.4713662,13.72014787]},"properties":{"id":"wat1:01101505002","kind":"temple","name_th":"วัดวรามาตยภัณฑสาราราม (วัดขุนจันทร์)","name_en":null,"address":"ถ.เทอดไท แขวงตลาดพลู เขตธนบุรี","district":"ธนบุรี","sub_district":null,"province":"กรุงเทพมหานคร","temple_class":"วัดราษฎร์","sect":"มหานิกาย","established_be":"2370","source":"data.bangkok.go.th · wat1","source_url":"https://data.bangkok.go.th/dataset/wat1"}},{"type":"Feature","geometry":{"type":"Point","coordinates":[100.4759012,13.71196717]},"properties":{"id":"wat1:01101505003","kind":"temple","name_th":"วัดบางสะแกใน","name_en":null,"address":"ถ.รัชดาภิเษก 15 แขวงตลาดพลู เขตธนบุรี","district":"ธนบุรี","sub_district":null,"province":"กรุงเทพมหานคร","temple_class":"วัดราษฎร์","sect":"มหานิกาย","established_be":"15-พ.ค.-20","source":"data.bangkok.go.th · wat1","source_url":"https://data.bangkok.go.th/dataset/wat1"}},{"type":"Feature","geometry":{"type":"Point","coordinates":[100.4684953,13.71197512]},"properties":{"id":"wat1:01101505004","kind":"temple","name_th":"วัดใหม่ยายนุ้ย","name_en":null,"address":"ถ.วุฒากาศ แขวงตลาดพลู เขตธนบุรี","district":"ธนบุรี","sub_district":null,"province":"กรุงเทพมหานคร","temple_class":"วัดราษฎร์","sect":"มหานิกาย","established_be":"2434","source":"data.bangkok.go.th · wat1","source_url":"https://data.bangkok.go.th/dataset/wat1"}},{"type":"Feature","geometry":{"type":"Point","coordinates":[100.4790324,13.7188456]},"properties":{"id":"wat1:01101505005","kind":"temple","name_th":"วัดกันตทาราราม (วัดใหม่จีนกัน)","name_en":null,"address":"ถ.เทอดไท คลองบางน้ำชน แขวงตลาดพลู เขตธนบุรี","district":"ธนบุรี","sub_district":null,"province":"กรุงเทพมหานคร","temple_class":"วัดราษฎร์","sect":"มหานิกาย","established_be":"2434","source":"data.bangkok.go.th · wat1","source_url":"https://data.bangkok.go.th/dataset/wat1"}},{"type":"Feature","geometry":{"type":"Point","coordinates":[100.4887824,13.74448625]},"properties":{"id":"wat1:01101601001","kind":"temple","name_th":"วัดอรุณราชวราราม","name_en":null,"address":"ถ.อรุณอัมรินทร์ แขวงวัดอรุณ เขตบางกอกใหญ่","district":"บางกอกใหญ่","sub_district":null,"province":"กรุงเทพมหานคร","temple_class":"พระอารามหลวง","sect":"มหานิกาย","established_be":"2280","source":"data.bangkok.go.th · wat1","source_url":"https://data.bangkok.go.th/dataset/wat1"}},{"type":"Feature","geometry":{"type":"Point","coordinates":[100.4896424,13.74156131]},"properties":{"id":"wat1:01101601002","kind":"temple","name_th":"วัดโมลีโลกยาราม","name_en":null,"address":"ถ.เทศบาลสาย1แขวงวัดอรุณ เขตบางกอกใหญ่","district":"บางกอกใหญ่","sub_district":null,"province":"กรุงเทพมหานคร","temple_class":"พระอารามหลวง","sect":"มหานิกาย","established_be":"2300","source":"data.bangkok.go.th · wat1","source_url":"https://data.bangkok.go.th/dataset/wat1"}},{"type":"Feature","geometry":{"type":"Point","coordinates":[100.4878912,13.73952896]},"properties":{"id":"wat1:01101601003","kind":"temple","name_th":"วัดหงส์รัตนาราม","name_en":null,"address":"ถ.อิสรภาพ แขวงวัดอรุณ เขตบางกอกใหญ่","district":"บางกอกใหญ่","sub_district":null,"province":"กรุงเทพมหานคร","temple_class":"พระอารามหลวง","sect":"มหานิกาย","established_be":"2300","source":"data.bangkok.go.th · wat1","source_url":"https://data.bangkok.go.th/dataset/wat1"}},{"type":"Feature","geometry":{"type":"Point","coordinates":[100.483786,13.73667009]},"properties":{"id":"wat1:01101601004","kind":"temple","name_th":"วัดราชสิทธาราม","name_en":null,"address":"ซอย อิสรภาพ 23 ถนนอิสรภาพ แขวง วัดอรุณ เขต บางกอกใหญ่","district":"บางกอกใหญ่","sub_district":null,"province":"กรุงเทพมหานคร","temple_class":"พระอารามหลวง","sect":"มหานิกาย","established_be":"2325","source":"data.bangkok.go.th · wat1","source_url":"https://data.bangkok.go.th/dataset/wat1"}},{"type":"Feature","geometry":{"type":"Point","coordinates":[100.4841925,13.7454269]},"properties":{"id":"wat1:01101601005","kind":"temple","name_th":"วัดนาคกลาง","name_en":null,"address":"ถ.อรุณอัมรินทร์ แขวงวัดอรุณ เขตบางกอกใหญ่","district":"บางกอกใหญ่","sub_district":null,"province":"กรุงเทพมหานคร","temple_class":"พระอารามหลวง","sect":"มหานิกาย","established_be":"2355","source":"data.bangkok.go.th · wat1","source_url":"https://data.bangkok.go.th/dataset/wat1"}},{"type":"Feature","geometry":{"type":"Point","coordinates":[100.4858133,13.74582392]},"properties":{"id":"wat1:01101601006","kind":"temple","name_th":"วัดเครือวัลย์","name_en":null,"address":"ถ.อรุณอัมรินทร์ แขวงวัดอรุณ เขตบางกอกใหญ่","district":"บางกอกใหญ่","sub_district":null,"province":"กรุงเทพมหานคร","temple_class":"พระอารามหลวง","sect":"ธรรมยุต","established_be":"2374","source":"data.bangkok.go.th · wat1","source_url":"https://data.bangkok.go.th/dataset/wat1"}},{"type":"Feature","geometry":{"type":"Point","coordinates":[100.4827062,13.74140423]},"properties":{"id":"wat1:01101601007","kind":"temple","name_th":"วัดใหม่พิเรนทร์","name_en":null,"address":"ถ.อิสรภาพ แขวงวัดอรุณ เขตบางกอกใหญ่","district":"บางกอกใหญ่","sub_district":null,"province":"กรุงเทพมหานคร","temple_class":"วัดราษฎร์","sect":"มหานิกาย","established_be":"2384","source":"data.bangkok.go.th · wat1","source_url":"https://data.bangkok.go.th/dataset/wat1"}},{"type":"Feature","geometry":{"type":"Point","coordinates":[100.4722346,13.73634154]},"properties":{"id":"wat1:01101602001","kind":"temple","name_th":"วัดเจ้ามูล","name_en":null,"address":"ถ.จรัญสนิทวงศ์ แขวงวัดท่าพระ เขตบางกอกใหญ่","district":"บางกอกใหญ่","sub_district":null,"province":"กรุงเทพมหานคร","temple_class":"วัดราษฎร์","sect":"มหานิกาย","established_be":"2207","source":"data.bangkok.go.th · wat1","source_url":"https://data.bangkok.go.th/dataset/wat1"}},{"type":"Feature","geometry":{"type":"Point","coordinates":[100.4843151,13.7340545]},"properties":{"id":"wat1:01101602002","kind":"temple","name_th":"วัดสังข์กระจายวรวิหาร","name_en":null,"address":"ถ.เพชรเกษม 4 แขวงวัดท่าพระ เขตบางกอกใหญ่","district":"บางกอกใหญ่","sub_district":null,"province":"กรุงเทพมหานคร","temple_class":"พระอารามหลวง","sect":"มหานิกาย","established_be":"2300","source":"data.bangkok.go.th · wat1","source_url":"https://data.bangkok.go.th/dataset/wat1"}},{"type":"Feature","geometry":{"type":"Point","coordinates":[100.4714687,13.72620375]},"properties":{"id":"wat1:01101602003","kind":"temple","name_th":"วัดประดู่ในทรงธรรม","name_en":null,"address":"ถ.เพชรเกษม แขวงวัดท่าพระ เขตบางกอกใหญ่","district":"บางกอกใหญ่","sub_district":null,"province":"กรุงเทพมหานคร","temple_class":"วัดราษฎร์","sect":"มหานิกาย","established_be":"2300","source":"data.bangkok.go.th · wat1","source_url":"https://data.bangkok.go.th/dataset/wat1"}},{"type":"Feature","geometry":{"type":"Point","coordinates":[100.47418,13.74134686]},"properties":{"id":"wat1:01101602004","kind":"temple","name_th":"วัดดีดวด","name_en":null,"address":"ถ.จรัญสนิทวงศ์ แขวงวัดท่าพระ เขตบางกอกใหญ่","district":"บางกอกใหญ่","sub_district":null,"province":"กรุงเทพมหานคร","temple_class":"วัดราษฎร์","sect":"มหานิกาย","established_be":"2317","source":"data.bangkok.go.th · wat1","source_url":"https://data.bangkok.go.th/dataset/wat1"}},{"type":"Feature","geometry":{"type":"Point","coordinates":[100.4699132,13.72438703]},"properties":{"id":"wat1:01101602005","kind":"temple","name_th":"วัดประดู่ฉิมพลี","name_en":null,"address":"ถ.เพชรเกษม แขวงวัดท่าพระ เขตบางกอกใหญ่","district":"บางกอกใหญ่","sub_district":null,"province":"กรุงเทพมหานคร","temple_class":"วัดราษฎร์","sect":"มหานิกาย","established_be":"2367","source":"data.bangkok.go.th · wat1","source_url":"https://data.bangkok.go.th/dataset/wat1"}},{"type":"Feature","geometry":{"type":"Point","coordinates":[100.4733212,13.73412941]},"properties":{"id":"wat1:01101602006","kind":"temple","name_th":"วัดท่าพระ","name_en":null,"address":"ถ.จรัญสนิทวงศ์ แขวงวัดท่าพระ เขตบางกอกใหญ่","district":"บางกอกใหญ่","sub_district":null,"province":"กรุงเทพมหานคร","temple_class":"วัดราษฎร์","sect":"มหานิกาย","established_be":"2467","source":"data.bangkok.go.th · wat1","source_url":"https://data.bangkok.go.th/dataset/wat1"}},{"type":"Feature","geometry":{"type":"Point","coordinates":[100.5701291,13.75018266]},"properties":{"id":"wat1:01101702001","kind":"temple","name_th":"วัดอุทัยธาราม (บางกะปิ)","name_en":null,"address":"ถ.เพชรบุรีตัดใหม่ แขวงบางกะปิ เขตห้วยขวาง","district":"ห้วยขวาง","sub_district":null,"province":"กรุงเทพมหานคร","temple_class":"วัดราษฎร์","sect":"มหานิกาย","established_be":"2310","source":"data.bangkok.go.th · wat1","source_url":"https://data.bangkok.go.th/dataset/wat1"}},{"type":"Feature","geometry":{"type":"Point","coordinates":[100.5745119,13.74598766]},"properties":{"id":"wat1:01101702002","kind":"temple","name_th":"วัดใหม่ช่องลม","name_en":null,"address":"ถ.เพชรบุรี(ตัดใหม่) แขวงบางกะปิ เขตห้วยขวาง","district":"ห้วยขวาง","sub_district":null,"province":"กรุงเทพมหานคร","temple_class":"วัดราษฎร์","sect":"มหานิกาย","established_be":"2411","source":"data.bangkok.go.th · wat1","source_url":"https://data.bangkok.go.th/dataset/wat1"}},{"type":"Feature","geometry":{"type":"Point","coordinates":[100.5950902,13.76024559]},"properties":{"id":"wat1:01101702003","kind":"temple","name_th":"วัดพระราม 9 กาญจนาภิเษก","name_en":null,"address":"ถ.พระราม 9 แขวงบางกะปิ เขตห้วยขวาง","district":"ห้วยขวาง","sub_district":null,"province":"กรุงเทพมหานคร","temple_class":"พระอารามหลวง","sect":"ธรรมยุต","established_be":"2-ต.ค.-40","source":"data.bangkok.go.th · wat1","source_url":"https://data.bangkok.go.th/dataset/wat1"}},{"type":"Feature","geometry":{"type":"Point","coordinates":[100.4968684,13.73346343]},"properties":{"id":"wat1:01101801001","kind":"temple","name_th":"วัดพิชยญาติการาม","name_en":null,"address":"ถ.สมเด็จเจ้าพระยา แขวงสมเด็จเจ้าพระยา เขตคลองสาน","district":"คลองสาน","sub_district":null,"province":"กรุงเทพมหานคร","temple_class":"พระอารามหลวง","sect":"มหานิกาย","established_be":"2384","source":"data.bangkok.go.th · wat1","source_url":"https://data.bangkok.go.th/dataset/wat1"}},{"type":"Feature","geometry":{"type":"Point","coordinates":[100.4982327,13.73425967]},"properties":{"id":"wat1:01101801002","kind":"temple","name_th":"วัดอนงคาราม","name_en":null,"address":"ถ.สมเด็จเจ้าพระยา แขวงสมเด็จเจ้าพระยา เขตคลองสาน","district":"คลองสาน","sub_district":null,"province":"กรุงเทพมหานคร","temple_class":"พระอารามหลวง","sect":"มหานิกาย","established_be":"2393","source":"data.bangkok.go.th · wat1","source_url":"https://data.bangkok.go.th/dataset/wat1"}},{"type":"Feature","geometry":{"type":"Point","coordinates":[100.5051159,13.73337712]},"properties":{"id":"wat1:01101802001","kind":"temple","name_th":"วัดทองธรรมชาติ","name_en":null,"address":"ถ.สมเด็จเจ้าพระยา แขวงคลองสาน เขตคลองสาน","district":"คลองสาน","sub_district":null,"province":"กรุงเทพมหานคร","temple_class":"พระอารามหลวง","sect":"มหานิกาย","established_be":"2390","source":"data.bangkok.go.th · wat1","source_url":"https://data.bangkok.go.th/dataset/wat1"}},{"type":"Feature","geometry":{"type":"Point","coordinates":[100.5078838,13.73242013]},"properties":{"id":"wat1:01101802002","kind":"temple","name_th":"วัดทองนพคุณ","name_en":null,"address":"ถ.สมเด็จเจ้าพระยา แขวงคลองสาน เขตคลองสาน","district":"คลองสาน","sub_district":null,"province":"กรุงเทพมหานคร","temple_class":"พระอารามหลวง","sect":"มหานิกาย","established_be":"2393","source":"data.bangkok.go.th · wat1","source_url":"https://data.bangkok.go.th/dataset/wat1"}},{"type":"Feature","geometry":{"type":"Point","coordinates":[100.5052227,13.71387845]},"properties":{"id":"wat1:01101803001","kind":"temple","name_th":"วัดเศวตฉัตรวรวิหาร","name_en":null,"address":"ถ.เจริญนคร แขวงบางลำภูล่าง เขตคลองสาน","district":"คลองสาน","sub_district":null,"province":"กรุงเทพมหานคร","temple_class":"พระอารามหลวง","sect":"มหานิกาย","established_be":"2359","source":"data.bangkok.go.th · wat1","source_url":"https://data.bangkok.go.th/dataset/wat1"}},{"type":"Feature","geometry":{"type":"Point","coordinates":[100.4937879,13.71279078]},"properties":{"id":"wat1:01101803002","kind":"temple","name_th":"วัดสุทธาราม","name_en":null,"address":"ถ.สมเด็จพระเจ้าตากสิน แขวงบางลำภูล่าง เขตคลองสาน","district":"คลองสาน","sub_district":null,"province":"กรุงเทพมหานคร","temple_class":"วัดราษฎร์","sect":"มหานิกาย","established_be":"2411","source":"data.bangkok.go.th · wat1","source_url":"https://data.bangkok.go.th/dataset/wat1"}},{"type":"Feature","geometry":{"type":"Point","coordinates":[100.5083668,13.72409189]},"properties":{"id":"wat1:01101804001","kind":"temple","name_th":"วัดสุวรรณ","name_en":null,"address":"ถ.เจริญนคร แขวงคลองต้นไทร เขตคลองสาน","district":"คลองสาน","sub_district":null,"province":"กรุงเทพมหานคร","temple_class":"วัดราษฎร์","sect":"มหานิกาย","established_be":"2325","source":"data.bangkok.go.th · wat1","source_url":"https://data.bangkok.go.th/dataset/wat1"}},{"type":"Feature","geometry":{"type":"Point","coordinates":[100.5005634,13.72415751]},"properties":{"id":"wat1:01101804002","kind":"temple","name_th":"วัดทองเพลง","name_en":null,"address":"ถ.เจริญนคร14 แขวงคลองต้นไทร เขตคลองสาน","district":"คลองสาน","sub_district":null,"province":"กรุงเทพมหานคร","temple_class":"วัดราษฎร์","sect":"มหานิกาย","established_be":"2334","source":"data.bangkok.go.th · wat1","source_url":"https://data.bangkok.go.th/dataset/wat1"}},{"type":"Feature","geometry":{"type":"Point","coordinates":[100.4543331,13.75888393]},"properties":{"id":"wat1:01101901001","kind":"temple","name_th":"วัดรัชฎาธิษฐานราชวรวิหาร (วัดเงิน)","name_en":null,"address":"แขวงคลองขักพระ เขตตลิ่งชัน","district":"ตลิ่งชัน","sub_district":null,"province":"กรุงเทพมหานคร","temple_class":"พระอารามหลวง","sect":"มหานิกาย","established_be":"2300","source":"data.bangkok.go.th · wat1","source_url":"https://data.bangkok.go.th/dataset/wat1"}},{"type":"Feature","geometry":{"type":"Point","coordinates":[100.4539986,13.76012433]},"properties":{"id":"wat1:01101901002","kind":"temple","name_th":"วัดกาญจนสิงหาสน์วรวิหาร (วัดทอง)","name_en":null,"address":"ถ.จรัญสนิทวงศ์ 35 (วัดมะลิ) แขวงคลองชักพระ เขตตลิ่งชัน","district":"ตลิ่งชัน","sub_district":null,"province":"กรุงเทพมหานคร","temple_class":"พระอารามหลวง","sect":"มหานิกาย","established_be":"2300","source":"data.bangkok.go.th · wat1","source_url":"https://data.bangkok.go.th/dataset/wat1"}},{"type":"Feature","geometry":{"type":"Point","coordinates":[100.4580497,13.77812526]},"properties":{"id":"wat1:01101901003","kind":"temple","name_th":"วัดตลิ่งชัน","name_en":null,"address":"ถ.ชักพระ แขวงคลองชักพระ เขตตลิ่งชัน","district":"ตลิ่งชัน","sub_district":null,"province":"กรุงเทพมหานคร","temple_class":"วัดราษฎร์","sect":"มหานิกาย","established_be":"2310","source":"data.bangkok.go.th · wat1","source_url":"https://data.bangkok.go.th/dataset/wat1"}},{"type":"Feature","geometry":{"type":"Point","coordinates":[100.4538205,13.77321468]},"properties":{"id":"wat1:01101901004","kind":"temple","name_th":"วัดช่างเหล็ก","name_en":null,"address":"ถ.ปิ่นเกล้า-นครชัยศรี แขวงคลองชักพระ เขตตลิ่งชัน","district":"ตลิ่งชัน","sub_district":null,"province":"กรุงเทพมหานคร","temple_class":"วัดราษฎร์","sect":"มหานิกาย","established_be":"2323","source":"data.bangkok.go.th · wat1","source_url":"https://data.bangkok.go.th/dataset/wat1"}},{"type":"Feature","geometry":{"type":"Point","coordinates":[100.4535094,13.77075775]},"properties":{"id":"wat1:01101901005","kind":"temple","name_th":"วัดเรไร","name_en":null,"address":"ถ.ปิ่นเกล้า-นครชัยศรี แขวงคลองชักพระ เขตตลิ่งชัน","district":"ตลิ่งชัน","sub_district":null,"province":"กรุงเทพมหานคร","temple_class":"วัดราษฎร์","sect":"มหานิกาย","established_be":"2323","source":"data.bangkok.go.th · wat1","source_url":"https://data.bangkok.go.th/dataset/wat1"}},{"type":"Feature","geometry":{"type":"Point","coordinates":[100.4592557,13.74440961]},"properties":{"id":"wat1:01101901006","kind":"temple","name_th":"วัดปากน้ำฝั่งเหนือ","name_en":null,"address":"ถ.จรัญสนิทวงศ์ แขวงบางพรม เขตคลิ่งชัน","district":"ตลิ่งชัน","sub_district":null,"province":"กรุงเทพมหานคร","temple_class":"วัดราษฎร์","sect":"มหานิกาย","established_be":"2370","source":"data.bangkok.go.th · wat1","source_url":"https://data.bangkok.go.th/dataset/wat1"}},{"type":"Feature","geometry":{"type":"Point","coordinates":[100.4664533,13.79537695]},"properties":{"id":"wat1:01101902001","kind":"temple","name_th":"วัดชัยพฤกษมาลาราชวรวิหาร","name_en":null,"address":"ถ.ชัยพฤกษ์ ม.4 แขวงตลิ่งชัน เขตตลิ่งชัน","district":"ตลิ่งชัน","sub_district":null,"province":"กรุงเทพมหานคร","temple_class":"พระอารามหลวง","sect":"มหานิกาย","established_be":"2300","source":"data.bangkok.go.th · wat1","source_url":"https://data.bangkok.go.th/dataset/wat1"}},{"type":"Feature","geometry":{"type":"Point","coordinates":[100.4664359,13.79110137]},"properties":{"id":"wat1:01101902002","kind":"temple","name_th":"วัดน้อยใน","name_en":null,"address":"ถ.ชัยพฤกษ์ ม.4 แขวงตลิ่งชัน เขตตลิ่งชัน","district":"ตลิ่งชัน","sub_district":null,"province":"กรุงเทพมหานคร","temple_class":"วัดราษฎร์","sect":"มหานิกาย","established_be":"2305","source":"data.bangkok.go.th · wat1","source_url":"https://data.bangkok.go.th/dataset/wat1"}},{"type":"Feature","geometry":{"type":"Point","coordinates":[100.4654299,13.78552094]},"properties":{"id":"wat1:01101902003","kind":"temple","name_th":"วัดไก่เตี้ย","name_en":null,"address":"ถ.สุขาภิบาล ม.2 แขวงตลิ่งชัน เขตตลิ่งชัน","district":"ตลิ่งชัน","sub_district":null,"province":"กรุงเทพมหานคร","temple_class":"วัดราษฎร์","sect":"มหานิกาย","established_be":"2320","source":"data.bangkok.go.th · wat1","source_url":"https://data.bangkok.go.th/dataset/wat1"}},{"type":"Feature","geometry":{"type":"Point","coordinates":[100.4633842,13.78375234]},"properties":{"id":"wat1:01101902004","kind":"temple","name_th":"วัดนครป่าหมาก","name_en":null,"address":"ถ.สุขาภิบาล ม.2 แขวงตลิ่งชัน เขตตลิ่งชัน","district":"ตลิ่งชัน","sub_district":null,"province":"กรุงเทพมหานคร","temple_class":"วัดราษฎร์","sect":"มหานิกาย","established_be":"2400","source":"data.bangkok.go.th · wat1","source_url":"https://data.bangkok.go.th/dataset/wat1"}},{"type":"Feature","geometry":{"type":"Point","coordinates":[100.444925,13.77345689]},"properties":{"id":"wat1:01101903001","kind":"temple","name_th":"วัดสมรโกฏิ","name_en":null,"address":"ถ.ราชพฤกษ์ แขวงฉิมพลี เขตตลิ่งชัน","district":"ตลิ่งชัน","sub_district":null,"province":"กรุงเทพมหานคร","temple_class":"วัดราษฎร์","sect":"มหานิกาย","established_be":"2294","source":"data.bangkok.go.th · wat1","source_url":"https://data.bangkok.go.th/dataset/wat1"}},{"type":"Feature","geometry":{"type":"Point","coordinates":[100.4412471,13.77393947]},"properties":{"id":"wat1:01101903002","kind":"temple","name_th":"วัดทอง","name_en":null,"address":"ถ.ปิ่นเกล้า-นครชัยศรี คลองบางระมาด ม.15 แขวงฉิมพลี เขตตลิ่งชัน","district":"ตลิ่งชัน","sub_district":null,"province":"กรุงเทพมหานคร","temple_class":"วัดราษฎร์","sect":"มหานิกาย","established_be":"2302","source":"data.bangkok.go.th · wat1","source_url":"https://data.bangkok.go.th/dataset/wat1"}},{"type":"Feature","geometry":{"type":"Point","coordinates":[100.4395743,13.77413005]},"properties":{"id":"wat1:01101903003","kind":"temple","name_th":"วัดกระจัง","name_en":null,"address":"ถ.ปิ่นเกล้า-นครชัยศรี คลองบางระมาด ม.14 แขวงฉิมพลี เขตตลิ่งชัน","district":"ตลิ่งชัน","sub_district":null,"province":"กรุงเทพมหานคร","temple_class":"วัดราษฎร์","sect":"มหานิกาย","established_be":"2326","source":"data.bangkok.go.th · wat1","source_url":"https://data.bangkok.go.th/dataset/wat1"}},{"type":"Feature","geometry":{"type":"Point","coordinates":[100.4493366,13.77346711]},"properties":{"id":"wat1:01101903004","kind":"temple","name_th":"วัดมณฑป","name_en":null,"address":"ถ.ฉิมพลี ม.1 แขวงฉิมพลี เขตตลิ่งชัน","district":"ตลิ่งชัน","sub_district":null,"province":"กรุงเทพมหานคร","temple_class":"วัดราษฎร์","sect":"มหานิกาย","established_be":"2371","source":"data.bangkok.go.th · wat1","source_url":"https://data.bangkok.go.th/dataset/wat1"}},{"type":"Feature","geometry":{"type":"Point","coordinates":[100.4181345,13.79377118]},"properties":{"id":"wat1:01101903005","kind":"temple","name_th":"วัดพุทธจักรมงคลชยาราม","name_en":null,"address":"ถ.สวนผัก แขวงฉิมพลี เขตตลิ่งชัน","district":"ตลิ่งชัน","sub_district":null,"province":"กรุงเทพมหานคร","temple_class":"วัดราษฎร์","sect":"มหานิกาย","established_be":"22-ก.ค.-30","source":"data.bangkok.go.th · wat1","source_url":"https://data.bangkok.go.th/dataset/wat1"}},{"type":"Feature","geometry":{"type":"Point","coordinates":[100.432957,13.75362154]},"properties":{"id":"wat1:01101904001","kind":"temple","name_th":"วัดเทพพล","name_en":null,"address":"ถ.พระรามที่5 คลองบางพรม ม.14 แขวงบางพรม เขตตลิ่งชัน","district":"ตลิ่งชัน","sub_district":null,"province":"กรุงเทพมหานคร","temple_class":"วัดราษฎร์","sect":"มหานิกาย","established_be":"2108","source":"data.bangkok.go.th · wat1","source_url":"https://data.bangkok.go.th/dataset/wat1"}},{"type":"Feature","geometry":{"type":"Point","coordinates":[100.4492771,13.75780185]},"properties":{"id":"wat1:01101904002","kind":"temple","name_th":"วัดประสาท","name_en":null,"address":"ถ.ราชพฤกษ์ ม.10 แขวงบางพรม เขตตลิ่งชัน","district":"ตลิ่งชัน","sub_district":null,"province":"กรุงเทพมหานคร","temple_class":"วัดราษฎร์","sect":"มหานิกาย","established_be":"2300","source":"data.bangkok.go.th · wat1","source_url":"https://data.bangkok.go.th/dataset/wat1"}},{"type":"Feature","geometry":{"type":"Point","coordinates":[100.4383494,13.74773245]},"properties":{"id":"wat1:01101904003","kind":"temple","name_th":"วัดสะพาน","name_en":null,"address":"ถ.พระรามที่5 แขวงบางพรม เขตตลิ่งชัน","district":"ตลิ่งชัน","sub_district":null,"province":"กรุงเทพมหานคร","temple_class":"วัดราษฎร์","sect":"มหานิกาย","established_be":"2320","source":"data.bangkok.go.th · wat1","source_url":"https://data.bangkok.go.th/dataset/wat1"}},{"type":"Feature","geometry":{"type":"Point","coordinates":[100.4557007,13.75573009]},"properties":{"id":"wat1:01101904004","kind":"temple","name_th":"วัดแก้ว","name_en":null,"address":"ถ.จรัญสนิทวงศ์ ม.8 แขวงบางพรม เขตตลิ่งชัน","district":"ตลิ่งชัน","sub_district":null,"province":"กรุงเทพมหานคร","temple_class":"วัดราษฎร์","sect":"มหานิกาย","established_be":"2366","source":"data.bangkok.go.th · wat1","source_url":"https://data.bangkok.go.th/dataset/wat1"}},{"type":"Feature","geometry":{"type":"Point","coordinates":[100.4406464,13.75287163]},"properties":{"id":"wat1:01101904005","kind":"temple","name_th":"วัดเพลง (ตลิ่งชัน)","name_en":null,"address":"ถ.พระรามที่5 แขวงบางพรม เขตตลิ่งชัน","district":"ตลิ่งชัน","sub_district":null,"province":"กรุงเทพมหานคร","temple_class":"วัดราษฎร์","sect":"มหานิกาย","established_be":"2370","source":"data.bangkok.go.th · wat1","source_url":"https://data.bangkok.go.th/dataset/wat1"}},{"type":"Feature","geometry":{"type":"Point","coordinates":[100.4422049,13.74762857]},"properties":{"id":"wat1:01101904006","kind":"temple","name_th":"วัดกระโจมทอง","name_en":null,"address":"ถ.พระรามที่5 ม.6 คลองบางกอกน้อย แขวงบางพรม เขตตลิ่งชัน","district":"ตลิ่งชัน","sub_district":null,"province":"กรุงเทพมหานคร","temple_class":"วัดราษฎร์","sect":"มหานิกาย","established_be":"2403","source":"data.bangkok.go.th · wat1","source_url":"https://data.bangkok.go.th/dataset/wat1"}},{"type":"Feature","geometry":{"type":"Point","coordinates":[100.414871,13.75713399]},"properties":{"id":"wat1:01101904007","kind":"temple","name_th":"วัดศิริวัฒนาราม","name_en":null,"address":"ถ.วัดแก้ว-พุทธมณฑลสาย 1 แขวงบางพรม เขตตลิ่งชัน","district":"ตลิ่งชัน","sub_district":null,"province":"กรุงเทพมหานคร","temple_class":"วัดราษฎร์","sect":"มหานิกาย","established_be":"27-ม.ค.-25","source":"data.bangkok.go.th · wat1","source_url":"https://data.bangkok.go.th/dataset/wat1"}},{"type":"Feature","geometry":{"type":"Point","coordinates":[100.4330935,13.75782419]},"properties":{"id":"wat1:01101905001","kind":"temple","name_th":"วัดอินทราวาส (ประดู่)","name_en":null,"address":"ถ.สุขาภิบาลบางระมาด แขวงบางระมาด เขตตลิ่งชัน","district":"ตลิ่งชัน","sub_district":null,"province":"กรุงเทพมหานคร","temple_class":"วัดราษฎร์","sect":"มหานิกาย","established_be":"2150","source":"data.bangkok.go.th · wat1","source_url":"https://data.bangkok.go.th/dataset/wat1"}},{"type":"Feature","geometry":{"type":"Point","coordinates":[100.4266785,13.76899828]},"properties":{"id":"wat1:01101905002","kind":"temple","name_th":"วัดโพธิ์","name_en":null,"address":"ถ.พุทธมณฑลสาย1 คลองวัดโพธิ์ ม.2 แขวงบางระมาด เขตตลิ่งชัน","district":"ตลิ่งชัน","sub_district":null,"province":"กรุงเทพมหานคร","temple_class":"วัดราษฎร์","sect":"มหานิกาย","established_be":"2323","source":"data.bangkok.go.th · wat1","source_url":"https://data.bangkok.go.th/dataset/wat1"}},{"type":"Feature","geometry":{"type":"Point","coordinates":[100.4285272,13.77645432]},"properties":{"id":"wat1:01101905003","kind":"temple","name_th":"วัดมะกอก","name_en":null,"address":"ถ.พุทธมณฑลสาย 1 ปิ่นเกล้า-นครชัยศรี แขวงบางระมาด เขตตลิ่งชัน","district":"ตลิ่งชัน","sub_district":null,"province":"กรุงเทพมหานคร","temple_class":"วัดราษฎร์","sect":"มหานิกาย","established_be":"2362","source":"data.bangkok.go.th · wat1","source_url":"https://data.bangkok.go.th/dataset/wat1"}},{"type":"Feature","geometry":{"type":"Point","coordinates":[100.4344637,13.77476554]},"properties":{"id":"wat1:01101905004","kind":"temple","name_th":"วัดจำปา","name_en":null,"address":"ถ.ปิ่นเกล้า-นครชัยศรี คลองบางระมาด ม.5 แขวงบางระมาด เขตตลิ่งชัน","district":"ตลิ่งชัน","sub_district":null,"province":"กรุงเทพมหานคร","temple_class":"วัดราษฎร์","sect":"มหานิกาย","established_be":"2365","source":"data.bangkok.go.th · wat1","source_url":"https://data.bangkok.go.th/dataset/wat1"}},{"type":"Feature","geometry":{"type":"Point","coordinates":[100.4172695,13.76690117]},"properties":{"id":"wat1:01101905005","kind":"temple","name_th":"วัดตะเข้ (โคกพระเถร)","name_en":null,"address":"ถ.กาญจนาภิเษก ม.2 แขวงบางระมาด เขตตลิ่งชัน","district":"ตลิ่งชัน","sub_district":null,"province":"กรุงเทพมหานคร","temple_class":"วัดราษฎร์","sect":"มหานิกาย","established_be":"1-ก.พ.-52","source":"data.bangkok.go.th · wat1","source_url":"https://data.bangkok.go.th/dataset/wat1"}},{"type":"Feature","geometry":{"type":"Point","coordinates":[100.433646,13.74070891]},"properties":{"id":"wat1:01101907001","kind":"temple","name_th":"วัดพิกุล","name_en":null,"address":"ถ.บางแวก ม.6 แขวงบางเชือกหนัง เขตตลิ่งชัน","district":"ตลิ่งชัน","sub_district":null,"province":"กรุงเทพมหานคร","temple_class":"วัดราษฎร์","sect":"มหานิกาย","established_be":"2323","source":"data.bangkok.go.th · wat1","source_url":"https://data.bangkok.go.th/dataset/wat1"}},{"type":"Feature","geometry":{"type":"Point","coordinates":[100.4484535,13.74116479]},"properties":{"id":"wat1:01101907002","kind":"temple","name_th":"วัดทอง","name_en":null,"address":"ถ.จรัญสนิทวงศ์ แขวงบางเชือกหนัง เขตตลิ่งชัน","district":"ตลิ่งชัน","sub_district":null,"province":"กรุงเทพมหานคร","temple_class":"วัดราษฎร์","sect":"มหานิกาย","established_be":"2390","source":"data.bangkok.go.th · wat1","source_url":"https://data.bangkok.go.th/dataset/wat1"}},{"type":"Feature","geometry":{"type":"Point","coordinates":[100.3843986,13.76021789]},"properties":{"id":"wat1:01101907003","kind":"temple","name_th":"วัดวิศิษฏ์บุญญาวาส","name_en":null,"address":"ถ.ทวีวัฒนา แขวงทวีวัฒนา เขตทวีวัฒนา","district":"ทวีวัฒนา","sub_district":null,"province":"กรุงเทพมหานคร","temple_class":"วัดราษฎร์","sect":"มหานิกาย","established_be":"26-ส.ค.-25","source":"data.bangkok.go.th · wat1","source_url":"https://data.bangkok.go.th/dataset/wat1"}},{"type":"Feature","geometry":{"type":"Point","coordinates":[100.4564079,13.74297107]},"properties":{"id":"wat1:01101907004","kind":"temple","name_th":"วัดเกาะ","name_en":null,"address":"ถ.จรัญสนิทวงศ์ คลองบางกอกน้อย ม.10 แขวงบางเชือกหนัง เขตตลิ่งชัน","district":"ตลิ่งชัน","sub_district":null,"province":"กรุงเทพมหานคร","temple_class":"วัดราษฎร์","sect":"มหานิกาย","established_be":"2470","source":"data.bangkok.go.th · wat1","source_url":"https://data.bangkok.go.th/dataset/wat1"}},{"type":"Feature","geometry":{"type":"Point","coordinates":[100.4854127,13.75267825]},"properties":{"id":"wat1:01102004001","kind":"temple","name_th":"วัดระฆังโฆสิตาราม","name_en":null,"address":"ถ.อรุณอัมรินทร์ แขวงศิริราช เขตบางกอกน้อย","district":"บางกอกน้อย","sub_district":null,"province":"กรุงเทพมหานคร","temple_class":"พระอารามหลวง","sect":"มหานิกาย","established_be":"2200","source":"data.bangkok.go.th · wat1","source_url":"https://data.bangkok.go.th/dataset/wat1"}},{"type":"Feature","geometry":{"type":"Point","coordinates":[100.4833601,13.76007586]},"properties":{"id":"wat1:01102004002","kind":"temple","name_th":"วัดอมรินทราราม","name_en":null,"address":"ถ.อรุณอัมรินทร์ แขวงศิริราช เขตบางกอกน้อย","district":"บางกอกน้อย","sub_district":null,"province":"กรุงเทพมหานคร","temple_class":"พระอารามหลวง","sect":"มหานิกาย","established_be":"2200","source":"data.bangkok.go.th · wat1","source_url":"https://data.bangkok.go.th/dataset/wat1"}},{"type":"Feature","geometry":{"type":"Point","coordinates":[100.4799739,13.75836968]},"properties":{"id":"wat1:01102004003","kind":"temple","name_th":"วัดฉิมทายกาวาส","name_en":null,"address":"ถ.พรานนก แขวงศิริราช เขตบางกอกน้อย","district":"บางกอกน้อย","sub_district":null,"province":"กรุงเทพมหานคร","temple_class":"วัดราษฎร์","sect":"มหานิกาย","established_be":"2370","source":"data.bangkok.go.th · wat1","source_url":"https://data.bangkok.go.th/dataset/wat1"}},{"type":"Feature","geometry":{"type":"Point","coordinates":[100.4826801,13.75636473]},"properties":{"id":"wat1:01102004004","kind":"temple","name_th":"วัดวิเศษการ","name_en":null,"address":"ถ.พรานนก แขวงศิริราช เขตบางกอกน้อย","district":"บางกอกน้อย","sub_district":null,"province":"กรุงเทพมหานคร","temple_class":"วัดราษฎร์","sect":"มหานิกาย","established_be":"2393","source":"data.bangkok.go.th · wat1","source_url":"https://data.bangkok.go.th/dataset/wat1"}},{"type":"Feature","geometry":{"type":"Point","coordinates":[100.476685,13.7633069]},"properties":{"id":"wat1:01102004005","kind":"temple","name_th":"วัดสุวรรณาราม","name_en":null,"address":"ถ.จรัญสนิทวงศ์ แขวงศิริราช เขตบางกอกน้อย","district":"บางกอกน้อย","sub_district":null,"province":"กรุงเทพมหานคร","temple_class":"พระอารามหลวง","sect":"มหานิกาย","established_be":"2210","source":"data.bangkok.go.th · wat1","source_url":"https://data.bangkok.go.th/dataset/wat1"}},{"type":"Feature","geometry":{"type":"Point","coordinates":[100.4774408,13.74669681]},"properties":{"id":"wat1:01102005001","kind":"temple","name_th":"วัดครุฑ","name_en":null,"address":"ถ.อิสรภาพ แขวงบ้านช่างหล่อ เขตบางกอกน้อย","district":"บางกอกน้อย","sub_district":null,"province":"กรุงเทพมหานคร","temple_class":"วัดราษฎร์","sect":"มหานิกาย","established_be":"2207","source":"data.bangkok.go.th · wat1","source_url":"https://data.bangkok.go.th/dataset/wat1"}},{"type":"Feature","geometry":{"type":"Point","coordinates":[100.4765675,13.74899808]},"properties":{"id":"wat1:01102005002","kind":"temple","name_th":"วัดอัมพวา","name_en":null,"address":"ถ.อิสรภาพ37 แขวงบ้านช่างหล่อ เขตบางกอกน้อย","district":"บางกอกน้อย","sub_district":null,"province":"กรุงเทพมหานคร","temple_class":"วัดราษฎร์","sect":"มหานิกาย","established_be":"2211","source":"data.bangkok.go.th · wat1","source_url":"https://data.bangkok.go.th/dataset/wat1"}},{"type":"Feature","geometry":{"type":"Point","coordinates":[100.4830699,13.74776584]},"properties":{"id":"wat1:01102005003","kind":"temple","name_th":"วัดพระยาทำ","name_en":null,"address":"ถ.อรุณอัมรินทร์ แขวงบ้านช่างหล่อ เขตบางกอกน้อย","district":"บางกอกน้อย","sub_district":null,"province":"กรุงเทพมหานคร","temple_class":"พระอารามหลวง","sect":"มหานิกาย","established_be":"2280","source":"data.bangkok.go.th · wat1","source_url":"https://data.bangkok.go.th/dataset/wat1"}},{"type":"Feature","geometry":{"type":"Point","coordinates":[100.4793948,13.7545133]},"properties":{"id":"wat1:01102005004","kind":"temple","name_th":"วัดสีหไกรสร (วัดช่องลม)","name_en":null,"address":"ถ.พรานนก แขวงบ้านช่างหล่อ เขตบางกอกน้อย","district":"บางกอกน้อย","sub_district":null,"province":"กรุงเทพมหานคร","temple_class":"วัดราษฎร์","sect":"มหานิกาย","established_be":"2310","source":"data.bangkok.go.th · wat1","source_url":"https://data.bangkok.go.th/dataset/wat1"}},{"type":"Feature","geometry":{"type":"Point","coordinates":[100.4730734,13.75365625]},"properties":{"id":"wat1:01102005005","kind":"temple","name_th":"วัดยางสุทธาราม","name_en":null,"address":"ถ.พรานนก ซอยอิสรภาพ43 แขวงบ้านช่างหล่อ เขตบางกอกน้อย","district":"บางกอกน้อย","sub_district":null,"province":"กรุงเทพมหานคร","temple_class":"วัดราษฎร์","sect":"มหานิกาย","established_be":"2313","source":"data.bangkok.go.th · wat1","source_url":"https://data.bangkok.go.th/dataset/wat1"}},{"type":"Feature","geometry":{"type":"Point","coordinates":[100.4763706,13.76037094]},"properties":{"id":"wat1:01102005006","kind":"temple","name_th":"วัดสุทธาวาส (ดุสิต)","name_en":null,"address":"ถ.วัดสุทธาวาส เขวงบ้านช่างหล่อ เขตบางกอกน้อย","district":"บางกอกน้อย","sub_district":null,"province":"กรุงเทพมหานคร","temple_class":"วัดราษฎร์","sect":"มหานิกาย","established_be":"2315","source":"data.bangkok.go.th · wat1","source_url":"https://data.bangkok.go.th/dataset/wat1"}},{"type":"Feature","geometry":{"type":"Point","coordinates":[100.4792706,13.74651409]},"properties":{"id":"wat1:01102005007","kind":"temple","name_th":"วัดชิโนรสาราม","name_en":null,"address":"ถ.อิสรภาพ แขวงบ้านช่างหล่อ เขตบางกอกน้อย","district":"บางกอกน้อย","sub_district":null,"province":"กรุงเทพมหานคร","temple_class":"พระอารามหลวง","sect":"มหานิกาย","established_be":"2376","source":"data.bangkok.go.th · wat1","source_url":"https://data.bangkok.go.th/dataset/wat1"}},{"type":"Feature","geometry":{"type":"Point","coordinates":[100.4785888,13.75280967]},"properties":{"id":"wat1:01102005008","kind":"temple","name_th":"วัดละครทำ","name_en":null,"address":"ถ.อิสรภาพ แขวงบ้านช่างหล่อ เขตบางกอกน้อย","district":"บางกอกน้อย","sub_district":null,"province":"กรุงเทพมหานคร","temple_class":"วัดราษฎร์","sect":"มหานิกาย","established_be":"2394","source":"data.bangkok.go.th · wat1","source_url":"https://data.bangkok.go.th/dataset/wat1"}},{"type":"Feature","geometry":{"type":"Point","coordinates":[100.475083,13.7511674]},"properties":{"id":"wat1:01102005009","kind":"temple","name_th":"วัดดงมูลเหล็ก","name_en":null,"address":"ถ.อิสรภาพ 39 แขวงบ้านช่างหล่อ เขตบางกอกน้อย","district":"บางกอกน้อย","sub_district":null,"province":"กรุงเทพมหานคร","temple_class":"วัดราษฎร์","sect":"มหานิกาย","established_be":"2400","source":"data.bangkok.go.th · wat1","source_url":"https://data.bangkok.go.th/dataset/wat1"}},{"type":"Feature","geometry":{"type":"Point","coordinates":[100.4719126,13.74399994]},"properties":{"id":"wat1:01102005010","kind":"temple","name_th":"วัดโพธิ์เรียง","name_en":null,"address":"ถ.จรัญสนิทวงศ์ แขวงบ้านช่างหล่อ เขตบางกอกน้อย","district":"บางกอกน้อย","sub_district":null,"province":"กรุงเทพมหานคร","temple_class":"วัดราษฎร์","sect":"มหานิกาย","established_be":"2444","source":"data.bangkok.go.th · wat1","source_url":"https://data.bangkok.go.th/dataset/wat1"}},{"type":"Feature","geometry":{"type":"Point","coordinates":[100.4743319,13.75970519]},"properties":{"id":"wat1:01102005011","kind":"temple","name_th":"วัดอมรทายิการาม\\(วัดใหม่ยายมอญ)","name_en":null,"address":"ถ.วัดสุทธาวาส แขวงบ้านช่างหล่อ เขตบางกอกน้อย","district":"บางกอกน้อย","sub_district":null,"province":"กรุงเทพมหานคร","temple_class":"วัดราษฎร์","sect":"มหานิกาย","established_be":"2450","source":"data.bangkok.go.th · wat1","source_url":"https://data.bangkok.go.th/dataset/wat1"}},{"type":"Feature","geometry":{"type":"Point","coordinates":[100.4730939,13.76727866]},"properties":{"id":"wat1:01102006001","kind":"temple","name_th":"วัดศรีสุดาราม","name_en":null,"address":"ถ.บางขุนนนท์ แขวงบางขุนนนท์ เขตบางกอกน้อย","district":"บางกอกน้อย","sub_district":null,"province":"กรุงเทพมหานคร","temple_class":"พระอารามหลวง","sect":"มหานิกาย","established_be":"2300","source":"data.bangkok.go.th · wat1","source_url":"https://data.bangkok.go.th/dataset/wat1"}},{"type":"Feature","geometry":{"type":"Point","coordinates":[100.4688123,13.76733135]},"properties":{"id":"wat1:01102006002","kind":"temple","name_th":"วัดบางขุนนนท์","name_en":null,"address":"ถ.บางกอกน้อย-ตลิ่งชัน แขวงบางขุนนนท์ เขตบางกอกน้อย","district":"บางกอกน้อย","sub_district":null,"province":"กรุงเทพมหานคร","temple_class":"วัดราษฎร์","sect":"มหานิกาย","established_be":"2310","source":"data.bangkok.go.th · wat1","source_url":"https://data.bangkok.go.th/dataset/wat1"}},{"type":"Feature","geometry":{"type":"Point","coordinates":[100.4656264,13.77549495]},"properties":{"id":"wat1:01102006003","kind":"temple","name_th":"วัดเจ้าอาม","name_en":null,"address":"ถ.บางกอกน้อย-ตลิ่งชัน แขวงบางขุนนนท์ เขตบางกอกน้อย","district":"บางกอกน้อย","sub_district":null,"province":"กรุงเทพมหานคร","temple_class":"วัดราษฎร์","sect":"มหานิกาย","established_be":"2322","source":"data.bangkok.go.th · wat1","source_url":"https://data.bangkok.go.th/dataset/wat1"}},{"type":"Feature","geometry":{"type":"Point","coordinates":[100.4650488,13.76740801]},"properties":{"id":"wat1:01102006004","kind":"temple","name_th":"วัดไชยทิศ","name_en":null,"address":"ถ.จรัลสนิทวงศ์ แขวงบางขุนศรี เขตบางกอกน้อย","district":"บางกอกน้อย","sub_district":null,"province":"กรุงเทพมหานคร","temple_class":"วัดราษฎร์","sect":"มหานิกาย","established_be":"2370","source":"data.bangkok.go.th · wat1","source_url":"https://data.bangkok.go.th/dataset/wat1"}},{"type":"Feature","geometry":{"type":"Point","coordinates":[100.4739222,13.7651675]},"properties":{"id":"wat1:01102006005","kind":"temple","name_th":"วัดใหม่ (ยายแป้น)","name_en":null,"address":"ถ.บางขุนนนท์ แขวงบางขุนนนท์ เขตบางกอกน้อย","district":"บางกอกน้อย","sub_district":null,"province":"กรุงเทพมหานคร","temple_class":"วัดราษฎร์","sect":"มหานิกาย","established_be":"2390","source":"data.bangkok.go.th · wat1","source_url":"https://data.bangkok.go.th/dataset/wat1"}},{"type":"Feature","geometry":{"type":"Point","coordinates":[100.4698395,13.7763105]},"properties":{"id":"wat1:01102006006","kind":"temple","name_th":"วัดภาวนาภิรตาราม","name_en":null,"address":"ถ.บางกอกน้อย-ตลิ่งชัน แขวงบางขุนนนท์ เขตบางกอกน้อย","district":"บางกอกน้อย","sub_district":null,"province":"กรุงเทพมหานคร","temple_class":"วัดราษฎร์","sect":"มหานิกาย","established_be":"2429","source":"data.bangkok.go.th · wat1","source_url":"https://data.bangkok.go.th/dataset/wat1"}},{"type":"Feature","geometry":{"type":"Point","coordinates":[100.4669077,13.74365913]},"properties":{"id":"wat1:01102007001","kind":"temple","name_th":"วัดบางเสาธง","name_en":null,"address":"ถ.จรัญสนิทวงศ์ 19 แขวงบางขุนศรี เขตบางกอกน้อย","district":"บางกอกน้อย","sub_district":null,"province":"กรุงเทพมหานคร","temple_class":"วัดราษฎร์","sect":"มหานิกาย","established_be":"2215","source":"data.bangkok.go.th · wat1","source_url":"https://data.bangkok.go.th/dataset/wat1"}},{"type":"Feature","geometry":{"type":"Point","coordinates":[100.461205,13.76199808]},"properties":{"id":"wat1:01102007002","kind":"temple","name_th":"วัดมะลิ","name_en":null,"address":"ถ.จรัญสนิทวงศ์37 แขวงบางขุนศรี เขตบางกอกน้อย","district":"บางกอกน้อย","sub_district":null,"province":"กรุงเทพมหานคร","temple_class":"วัดราษฎร์","sect":"มหานิกาย","established_be":"2315","source":"data.bangkok.go.th · wat1","source_url":"https://data.bangkok.go.th/dataset/wat1"}},{"type":"Feature","geometry":{"type":"Point","coordinates":[100.4673022,13.75799349]},"properties":{"id":"wat1:01102007003","kind":"temple","name_th":"วัดรวกสุทธาราม","name_en":null,"address":"ถ.จรัญสนิทวงศ์ แขวงบางขุนศรี เขตบางกอกน้อย","district":"บางกอกน้อย","sub_district":null,"province":"กรุงเทพมหานคร","temple_class":"วัดราษฎร์","sect":"มหานิกาย","established_be":"2350","source":"data.bangkok.go.th · wat1","source_url":"https://data.bangkok.go.th/dataset/wat1"}},{"type":"Feature","geometry":{"type":"Point","coordinates":[100.4674535,13.7629824]},"properties":{"id":"wat1:01102007004","kind":"temple","name_th":"วัดเพลงวิปัสสนา","name_en":null,"address":"ถ.จรัญสนิทวงศ์ 37 แขวงบางขุนศรี เขตบางกอกน้อย","district":"บางกอกน้อย","sub_district":null,"province":"กรุงเทพมหานคร","temple_class":"วัดราษฎร์","sect":"มหานิกาย","established_be":"2375","source":"data.bangkok.go.th · wat1","source_url":"https://data.bangkok.go.th/dataset/wat1"}},{"type":"Feature","geometry":{"type":"Point","coordinates":[100.4540302,13.76823264]},"properties":{"id":"wat1:01102007005","kind":"temple","name_th":"วัดรังสีรัตนวารี (วัดป่าเชิงเลน)","name_en":null,"address":"ถนนจรัญสนิทวงศ์ 35 แขวงบางขุนศรี เขตบางกอกน้อย กรุงเทพมหานคร","district":"บางกอกน้อย","sub_district":null,"province":"กรุงเทพมหานคร","temple_class":"วัดราษฎร์","sect":"ธรรมยุต","established_be":"30-มี.ค.-44","source":"data.bangkok.go.th · wat1","source_url":"https://data.bangkok.go.th/dataset/wat1"}},{"type":"Feature","geometry":{"type":"Point","coordinates":[100.4679394,13.78009131]},"properties":{"id":"wat1:01102009001","kind":"temple","name_th":"วัดสุวรรณคีรี (ขี้เหล็ก)","name_en":null,"address":"ถ.รุ่งประชา แขวงอรุรอัมรินทร์ เขตบางกอกน้อย","district":"บางกอกน้อย","sub_district":null,"province":"กรุงเทพมหานคร","temple_class":"วัดราษฎร์","sect":"มหานิกาย","established_be":"2228","source":"data.bangkok.go.th · wat1","source_url":"https://data.bangkok.go.th/dataset/wat1"}},{"type":"Feature","geometry":{"type":"Point","coordinates":[100.4716312,13.77443765]},"properties":{"id":"wat1:01102009002","kind":"temple","name_th":"วัดนายโรง","name_en":null,"address":"ถ.จรัญสนิทวงศ์ 45 แขวงอรุณอัมรินทร์ เขตบางกอกน้อย","district":"บางกอกน้อย","sub_district":null,"province":"กรุงเทพมหานคร","temple_class":"วัดราษฎร์","sect":"มหานิกาย","established_be":"2394","source":"data.bangkok.go.th · wat1","source_url":"https://data.bangkok.go.th/dataset/wat1"}},{"type":"Feature","geometry":{"type":"Point","coordinates":[100.4879701,13.76373615]},"properties":{"id":"wat1:01102009003","kind":"temple","name_th":"วัดดุสิดาราม","name_en":null,"address":"ถ.สมเด็จพระปิ่นเกล้า แขวงอรุณอัมรินทร์ เขตบางกอกน้อย","district":"บางกอกน้อย","sub_district":null,"province":"กรุงเทพมหานคร","temple_class":"พระอารามหลวง","sect":"มหานิกาย","established_be":"2270","source":"data.bangkok.go.th · wat1","source_url":"https://data.bangkok.go.th/dataset/wat1"}},{"type":"Feature","geometry":{"type":"Point","coordinates":[100.4738198,13.77685618]},"properties":{"id":"wat1:01102009004","kind":"temple","name_th":"วัดบางบำหรุ","name_en":null,"address":"ถ.บรมราชชนนี แขวงอรุณอัมรินทร์ เขตบางกอกน้อย","district":"บางกอกน้อย","sub_district":null,"province":"กรุงเทพมหานคร","temple_class":"วัดราษฎร์","sect":"มหานิกาย","established_be":"2347","source":"data.bangkok.go.th · wat1","source_url":"https://data.bangkok.go.th/dataset/wat1"}},{"type":"Feature","geometry":{"type":"Point","coordinates":[100.4771336,13.77290414]},"properties":{"id":"wat1:01102009005","kind":"temple","name_th":"วัดปฐมบุตรอิศราราม\\ (ยี่ส่าย)","name_en":null,"address":"ถ.จรัญสนิทวงศ์ 45 แขวงอรุณอัมรินทร์ เขตบางกอกน้อย","district":"บางกอกน้อย","sub_district":null,"province":"กรุงเทพมหานคร","temple_class":"วัดราษฎร์","sect":"มหานิกาย","established_be":"2315","source":"data.bangkok.go.th · wat1","source_url":"https://data.bangkok.go.th/dataset/wat1"}},{"type":"Feature","geometry":{"type":"Point","coordinates":[100.4493992,13.61922345]},"properties":{"id":"wat1:01102105001","kind":"temple","name_th":"วัดหัวกระบือ","name_en":null,"address":"ถ.บางขุนเทียน แขวงท่าข้าม เขตบางขุนเทียน","district":"บางขุนเทียน","sub_district":null,"province":"กรุงเทพมหานคร","temple_class":"วัดราษฎร์","sect":"มหานิกาย","established_be":"2281","source":"data.bangkok.go.th · wat1","source_url":"https://data.bangkok.go.th/dataset/wat1"}},{"type":"Feature","geometry":{"type":"Point","coordinates":[100.4471072,13.65262939]},"properties":{"id":"wat1:01102105002","kind":"temple","name_th":"วัดท่าข้าม","name_en":null,"address":"ถ.พระราม2 ม.4 แขวงท่าข้าม เขตบางขุนเทียน","district":"บางขุนเทียน","sub_district":null,"province":"กรุงเทพมหานคร","temple_class":"วัดราษฎร์","sect":"ธรรมยุต","established_be":"2375","source":"data.bangkok.go.th · wat1","source_url":"https://data.bangkok.go.th/dataset/wat1"}},{"type":"Feature","geometry":{"type":"Point","coordinates":[100.4398463,13.56934342]},"properties":{"id":"wat1:01102105003","kind":"temple","name_th":"วัดประชาบำรุง (ลูกวัว)","name_en":null,"address":"ถ.บางขุนเทียน บ้านลูกวัว ม.9 แขวงท่าข้าม เขตบางขุนเทียน","district":"บางขุนเทียน","sub_district":null,"province":"กรุงเทพมหานคร","temple_class":"วัดราษฎร์","sect":"มหานิกาย","established_be":"2457","source":"data.bangkok.go.th · wat1","source_url":"https://data.bangkok.go.th/dataset/wat1"}},{"type":"Feature","geometry":{"type":"Point","coordinates":[100.4809689,13.61294481]},"properties":{"id":"wat1:01102105004","kind":"temple","name_th":"วัดบัวผัน","name_en":null,"address":"ถ.ราษฎร์บูรณะ ม.2 แขวงท่าข้าม เขตบางขุนเทียน","district":"บางขุนเทียน","sub_district":null,"province":"กรุงเทพมหานคร","temple_class":"วัดราษฎร์","sect":"มหานิกาย","established_be":"2461","source":"data.bangkok.go.th · wat1","source_url":"https://data.bangkok.go.th/dataset/wat1"}},{"type":"Feature","geometry":{"type":"Point","coordinates":[100.4468146,13.66527759]},"properties":{"id":"wat1:01102105005","kind":"temple","name_th":"วัดเลา","name_en":null,"address":"ถ.พระรามที่ 2(ธนบุรี-ปากท่อ) ม.1 แขวงท่าข้าม เขตบางขุนเทียน","district":"บางขุนเทียน","sub_district":null,"province":"กรุงเทพมหานคร","temple_class":"วัดราษฎร์","sect":"มหานิกาย","established_be":"2466","source":"data.bangkok.go.th · wat1","source_url":"https://data.bangkok.go.th/dataset/wat1"}},{"type":"Feature","geometry":{"type":"Point","coordinates":[100.445257,13.54266298]},"properties":{"id":"wat1:01102105006","kind":"temple","name_th":"วัดธรรมคุณาราม(หลวงพ่อเต่า)","name_en":null,"address":"ถ.บางขุนเทียน บ้านท่าข้าม ม.9 แขวงท่าข้าม เขตบางขุนเทียน","district":"บางขุนเทียน","sub_district":null,"province":"กรุงเทพมหานคร","temple_class":"วัดราษฎร์","sect":"มหานิกาย","established_be":"1-ก.ค.-14","source":"data.bangkok.go.th · wat1","source_url":"https://data.bangkok.go.th/dataset/wat1"}},{"type":"Feature","geometry":{"type":"Point","coordinates":[100.4363095,13.60809011]},"properties":{"id":"wat1:01102105007","kind":"temple","name_th":"วัดปทีปพลีผล","name_en":null,"address":"ถ.บางขุนเทียน บ้านท่าข้าม ม.8 แขวงท่าข้าม เขตบางขุนเทียน","district":"บางขุนเทียน","sub_district":null,"province":"กรุงเทพมหานคร","temple_class":"วัดราษฎร์","sect":"มหานิกาย","established_be":"13-มิ.ย.-29","source":"data.bangkok.go.th · wat1","source_url":"https://data.bangkok.go.th/dataset/wat1"}},{"type":"Feature","geometry":{"type":"Point","coordinates":[100.4492093,13.67442982]},"properties":{"id":"wat1:01102105008","kind":"temple","name_th":"วัดกก","name_en":null,"address":"ถ.พระราม2 (ธนบุรี-ปากท่อ) ม.1 แขวงท่าข้าม เขตบางขุนเทียน","district":"บางขุนเทียน","sub_district":null,"province":"กรุงเทพมหานคร","temple_class":"วัดราษฎร์","sect":"มหานิกาย","established_be":"2300","source":"data.bangkok.go.th · wat1","source_url":"https://data.bangkok.go.th/dataset/wat1"}},{"type":"Feature","geometry":{"type":"Point","coordinates":[100.447595,13.67952858]},"properties":{"id":"wat1:01102107001","kind":"temple","name_th":"วัดกำแพง","name_en":null,"address":"ถ.ธนบุรี-ปากท่อ ม.6 แขวงแสมดำ เขตบางขุนเทียน","district":"บางขุนเทียน","sub_district":null,"province":"กรุงเทพมหานคร","temple_class":"วัดราษฎร์","sect":"มหานิกาย","established_be":"2300","source":"data.bangkok.go.th · wat1","source_url":"https://data.bangkok.go.th/dataset/wat1"}},{"type":"Feature","geometry":{"type":"Point","coordinates":[100.3870382,13.59032586]},"properties":{"id":"wat1:01102107002","kind":"temple","name_th":"วัดแสมดำ","name_en":null,"address":"ถ.แสมดำ เขวงแสมดำ เขตบางขุนเทียน","district":"บางขุนเทียน","sub_district":null,"province":"กรุงเทพมหานคร","temple_class":"วัดราษฎร์","sect":"มหานิกาย","established_be":"2400","source":"data.bangkok.go.th · wat1","source_url":"https://data.bangkok.go.th/dataset/wat1"}},{"type":"Feature","geometry":{"type":"Point","coordinates":[100.4056414,13.59974964]},"properties":{"id":"wat1:01102107003","kind":"temple","name_th":"วัดบางกระดี่","name_en":null,"address":"ถ.บางกระดี่ ม.8 แขวงแสมดำ เขตบางขุนเทียน","district":"บางขุนเทียน","sub_district":null,"province":"กรุงเทพมหานคร","temple_class":"วัดราษฎร์","sect":"มหานิกาย","established_be":"2420","source":"data.bangkok.go.th · wat1","source_url":"https://data.bangkok.go.th/dataset/wat1"}},{"type":"Feature","geometry":{"type":"Point","coordinates":[100.4200376,13.63341352]},"properties":{"id":"wat1:01102107004","kind":"temple","name_th":"วัดสะแกงาม","name_en":null,"address":"ถ.สะแกงาม แขวงแสมดำ เขตบางขุนเทียน","district":"บางขุนเทียน","sub_district":null,"province":"กรุงเทพมหานคร","temple_class":"วัดราษฎร์","sect":"มหานิกาย","established_be":"2475","source":"data.bangkok.go.th · wat1","source_url":"https://data.bangkok.go.th/dataset/wat1"}},{"type":"Feature","geometry":{"type":"Point","coordinates":[100.3841726,13.61406256]},"properties":{"id":"wat1:01102107005","kind":"temple","name_th":"วัดพรหมรังษี","name_en":null,"address":"ถ.พระราม2(ธนบุรี-ปากท่อ) แขวงแสมดำ เขตบางขุนเทียน","district":"บางขุนเทียน","sub_district":null,"province":"กรุงเทพมหานคร","temple_class":"วัดราษฎร์","sect":"มหานิกาย","established_be":"26 ต..ค. 2520","source":"data.bangkok.go.th · wat1","source_url":"https://data.bangkok.go.th/dataset/wat1"}},{"type":"Feature","geometry":{"type":"Point","coordinates":[100.4076087,13.61675151]},"properties":{"id":"wat1:01102107006","kind":"temple","name_th":"วัดสุธรรมวดี","name_en":null,"address":"ถ.พระราม2 แขวงแสมดำ เขตบางขุนเทียน","district":"บางขุนเทียน","sub_district":null,"province":"กรุงเทพมหานคร","temple_class":"วัดราษฎร์","sect":"มหานิกาย","established_be":"24-ม.ค.-35","source":"data.bangkok.go.th · wat1","source_url":"https://data.bangkok.go.th/dataset/wat1"}},{"type":"Feature","geometry":{"type":"Point","coordinates":[100.3783491,13.60434079]},"properties":{"id":"wat1:01102107007","kind":"temple","name_th":"วัดแทนวันดีสุขาราม","name_en":null,"address":"ถ.พระราม2 (ธนบุรี-ปากท่อ) แขวงแสมดำ เขตบางขุนเทียน","district":"บางขุนเทียน","sub_district":null,"province":"กรุงเทพมหานคร","temple_class":"วัดราษฎร์","sect":"มหานิกาย","established_be":"19-ธ.ค.-48","source":"data.bangkok.go.th · wat1","source_url":"https://data.bangkok.go.th/dataset/wat1"}},{"type":"Feature","geometry":{"type":"Point","coordinates":[100.437335,13.65388846]},"properties":{"id":"wat1:01102107008","kind":"temple","name_th":"วัดแทนวันดีเจริญสุข","name_en":null,"address":"แขวงแสมดำ เขตบางขุนเทียน","district":"บางขุนเทียน","sub_district":null,"province":"กรุงเทพมหานคร","temple_class":"วัดราษฎร์","sect":"มหานิกาย","established_be":"15-ก.พ.-59","source":"data.bangkok.go.th · wat1","source_url":"https://data.bangkok.go.th/dataset/wat1"}},{"type":"Feature","geometry":{"type":"Point","coordinates":[100.4547549,13.71333096]},"properties":{"id":"wat1:01102201001","kind":"temple","name_th":"วัดโคนอน","name_en":null,"address":"ถ.เพชรเกษม ซอยวัดโคนอน ม.3 แขวงบางหว้า เขต ภาษีเจริญ","district":"ภาษีเจริญ","sub_district":null,"province":"กรุงเทพมหานคร","temple_class":"วัดราษฎร์","sect":"มหานิกาย","established_be":"2300","source":"data.bangkok.go.th · wat1","source_url":"https://data.bangkok.go.th/dataset/wat1"}},{"type":"Feature","geometry":{"type":"Point","coordinates":[100.4267389,13.70867611]},"properties":{"id":"wat1:01102201002","kind":"temple","name_th":"วัดนิมมานรดี","name_en":null,"address":"ถ.เพชรเกษม ม.15 แขวงบางหว้า เขตภาษีเจริญ","district":"ภาษีเจริญ","sub_district":null,"province":"กรุงเทพมหานคร","temple_class":"พระอารามหลวง","sect":"มหานิกาย","established_be":"2350","source":"data.bangkok.go.th · wat1","source_url":"https://data.bangkok.go.th/dataset/wat1"}},{"type":"Feature","geometry":{"type":"Point","coordinates":[100.4383801,13.71029907]},"properties":{"id":"wat1:01102201003","kind":"temple","name_th":"วัดรางบัว","name_en":null,"address":"ถ.พัฒนาการ แขวงบางหว้า เขตภาษีเจริญ","district":"ภาษีเจริญ","sub_district":null,"province":"กรุงเทพมหานคร","temple_class":"วัดราษฎร์","sect":"มหานิกาย","established_be":"2383","source":"data.bangkok.go.th · wat1","source_url":"https://data.bangkok.go.th/dataset/wat1"}},{"type":"Feature","geometry":{"type":"Point","coordinates":[100.4548954,13.71663862]},"properties":{"id":"wat1:01102201004","kind":"temple","name_th":"วัดอ่างแก้ว","name_en":null,"address":"ถ.พัฒนาการ แขวงบางหว้า เขตภาษีเจริญ","district":"ภาษีเจริญ","sub_district":null,"province":"กรุงเทพมหานคร","temple_class":"วัดราษฎร์","sect":"มหานิกาย","established_be":"2419","source":"data.bangkok.go.th · wat1","source_url":"https://data.bangkok.go.th/dataset/wat1"}},{"type":"Feature","geometry":{"type":"Point","coordinates":[100.4415527,13.71958239]},"properties":{"id":"wat1:01102202001","kind":"temple","name_th":"วัดจันทร์ประดิษฐาราม","name_en":null,"address":"ถ.เพชรเกษม 48 คลองบางจาก ม.2 แขวงบางด้วน เขตภาษีเจริญ","district":"ภาษีเจริญ","sub_district":null,"province":"กรุงเทพมหานคร","temple_class":"วัดราษฎร์","sect":"มหานิกาย","established_be":"2361","source":"data.bangkok.go.th · wat1","source_url":"https://data.bangkok.go.th/dataset/wat1"}},{"type":"Feature","geometry":{"type":"Point","coordinates":[100.4323568,13.73399088]},"properties":{"id":"wat1:01102207001","kind":"temple","name_th":"วัดชัยฉิมพลี","name_en":null,"address":"ถ.บางแวก คลองบางแวก ม.6 แขวงบางแวก เขตภาษีเจริญ","district":"ภาษีเจริญ","sub_district":null,"province":"กรุงเทพมหานคร","temple_class":"วัดราษฎร์","sect":"มหานิกาย","established_be":"2380","source":"data.bangkok.go.th · wat1","source_url":"https://data.bangkok.go.th/dataset/wat1"}},{"type":"Feature","geometry":{"type":"Point","coordinates":[100.4522788,13.73617956]},"properties":{"id":"wat1:01102207002","kind":"temple","name_th":"วัดโตนด","name_en":null,"address":"คลองบางแวก ถ.บางแวก ม.1 แขวงบางแวก เขตภาษีเจริญ","district":"ภาษีเจริญ","sub_district":null,"province":"กรุงเทพมหานคร","temple_class":"วัดราษฎร์","sect":"มหานิกาย","established_be":"2400","source":"data.bangkok.go.th · wat1","source_url":"https://data.bangkok.go.th/dataset/wat1"}},{"type":"Feature","geometry":{"type":"Point","coordinates":[100.4602464,13.73266135]},"properties":{"id":"wat1:01102207003","kind":"temple","name_th":"วัดโบสถ์อินทรสารเพชร","name_en":null,"address":"ถ.บางแวก แขวงคูหาสวรรค์ เขตภาษีเจริญ","district":"ภาษีเจริญ","sub_district":null,"province":"กรุงเทพมหานคร","temple_class":"วัดราษฎร์","sect":"มหานิกาย","established_be":"2400","source":"data.bangkok.go.th · wat1","source_url":"https://data.bangkok.go.th/dataset/wat1"}},{"type":"Feature","geometry":{"type":"Point","coordinates":[100.4458563,13.73986928]},"properties":{"id":"wat1:01102207004","kind":"temple","name_th":"วัดกำแพง (บางแวก)","name_en":null,"address":"ถ.จรัญสนิทวงศ์ 13 ม.10 ซอยวัดกำแพง แขวงบางแวก เขตภาษีเจริญ","district":"ภาษีเจริญ","sub_district":null,"province":"กรุงเทพมหานคร","temple_class":"วัดราษฎร์","sect":"มหานิกาย","established_be":"2440","source":"data.bangkok.go.th · wat1","source_url":"https://data.bangkok.go.th/dataset/wat1"}},{"type":"Feature","geometry":{"type":"Point","coordinates":[100.4572279,13.73799446]},"properties":{"id":"wat1:01102207005","kind":"temple","name_th":"วัดตะโน","name_en":null,"address":"ถ.บางแวก คลองบางจาก ม.8 แขวงบางแวก เขตภาษีเจริญ","district":"ภาษีเจริญ","sub_district":null,"province":"กรุงเทพมหานคร","temple_class":"วัดราษฎร์","sect":"มหานิกาย","established_be":"2453","source":"data.bangkok.go.th · wat1","source_url":"https://data.bangkok.go.th/dataset/wat1"}},{"type":"Feature","geometry":{"type":"Point","coordinates":[100.4196892,13.74486653]},"properties":{"id":"wat1:01102208001","kind":"temple","name_th":"วัดมะพร้าวเตี้ย","name_en":null,"address":"ถ.บางแวก ซอยวัดมะพร้าวเตี้ย แขวงคลองขวาง เขตภาษีเจริญ","district":"ภาษีเจริญ","sub_district":null,"province":"กรุงเทพมหานคร","temple_class":"วัดราษฎร์","sect":"มหานิกาย","established_be":"2385","source":"data.bangkok.go.th · wat1","source_url":"https://data.bangkok.go.th/dataset/wat1"}},{"type":"Feature","geometry":{"type":"Point","coordinates":[100.4280305,13.74183528]},"properties":{"id":"wat1:01102208002","kind":"temple","name_th":"วัดตะล่อม","name_en":null,"address":"ถ.บางแวก ม.1 แขวงคลองขวาง เขตภาษีเจริญ","district":"ภาษีเจริญ","sub_district":null,"province":"กรุงเทพมหานคร","temple_class":"วัดราษฎร์","sect":"มหานิกาย","established_be":"2410","source":"data.bangkok.go.th · wat1","source_url":"https://data.bangkok.go.th/dataset/wat1"}},{"type":"Feature","geometry":{"type":"Point","coordinates":[100.4681709,13.72374655]},"properties":{"id":"wat1:01102209001","kind":"temple","name_th":"วัดนวลนรดิศ","name_en":null,"address":"ถ.เพชรเกษม ม.7 แขวงปากคลองภาษีเจริญ เขตภาษีเจริญ","district":"ภาษีเจริญ","sub_district":null,"province":"กรุงเทพมหานคร","temple_class":"พระอารามหลวง","sect":"มหานิกาย","established_be":"2248","source":"data.bangkok.go.th · wat1","source_url":"https://data.bangkok.go.th/dataset/wat1"}},{"type":"Feature","geometry":{"type":"Point","coordinates":[100.4668175,13.71724611]},"properties":{"id":"wat1:01102209002","kind":"temple","name_th":"วัดนาคปรก","name_en":null,"address":"ถ.เทอดไท แขวงปากครองภาษีเจริญ เขตภาษีเจริญ","district":"ภาษีเจริญ","sub_district":null,"province":"กรุงเทพมหานคร","temple_class":"วัดราษฎร์","sect":"มหานิกาย","established_be":"2291","source":"data.bangkok.go.th · wat1","source_url":"https://data.bangkok.go.th/dataset/wat1"}},{"type":"Feature","geometry":{"type":"Point","coordinates":[100.4634975,13.72908051]},"properties":{"id":"wat1:01102209003","kind":"temple","name_th":"วัดทองศาลางาม","name_en":null,"address":"ถ.เพชรเกษม 20 แขวงปากคลองภาษีเจริญ เขตภาษีเจริญ","district":"ภาษีเจริญ","sub_district":null,"province":"กรุงเทพมหานคร","temple_class":"วัดราษฎร์","sect":"มหานิกาย","established_be":"2300","source":"data.bangkok.go.th · wat1","source_url":"https://data.bangkok.go.th/dataset/wat1"}},{"type":"Feature","geometry":{"type":"Point","coordinates":[100.4705617,13.72161707]},"properties":{"id":"wat1:01102209004","kind":"temple","name_th":"วัดปากน้ำ","name_en":null,"address":"ถ.เทอดไท แขวงปากครองภาษีเจริญ เขตภาษีเจริญ","district":"ภาษีเจริญ","sub_district":null,"province":"กรุงเทพมหานคร","temple_class":"พระอารามหลวง","sect":"มหานิกาย","established_be":"2305","source":"data.bangkok.go.th · wat1","source_url":"https://data.bangkok.go.th/dataset/wat1"}},{"type":"Feature","geometry":{"type":"Point","coordinates":[100.4682001,13.71655993]},"properties":{"id":"wat1:01102209005","kind":"temple","name_th":"วัดนางชี","name_en":null,"address":"ถ.เทอดไท แขวงปากครองภาษีเจริญ เขตภาษีเจริญ","district":"ภาษีเจริญ","sub_district":null,"province":"กรุงเทพมหานคร","temple_class":"พระอารามหลวง","sect":"มหานิกาย","established_be":"2306","source":"data.bangkok.go.th · wat1","source_url":"https://data.bangkok.go.th/dataset/wat1"}},{"type":"Feature","geometry":{"type":"Point","coordinates":[100.4563481,13.72279507]},"properties":{"id":"wat1:01102209006","kind":"temple","name_th":"วัดประดู่บางจาก","name_en":null,"address":"ถ.เพชรเกษม แขวงปากคลองภาษีเจริญ เขตภาษีเจริญ","district":"ภาษีเจริญ","sub_district":null,"province":"กรุงเทพมหานคร","temple_class":"วัดราษฎร์","sect":"มหานิกาย","established_be":"2320","source":"data.bangkok.go.th · wat1","source_url":"https://data.bangkok.go.th/dataset/wat1"}},{"type":"Feature","geometry":{"type":"Point","coordinates":[100.462986,13.73008693]},"properties":{"id":"wat1:01102209007","kind":"temple","name_th":"วัดกำแพง","name_en":null,"address":"ถ.เพชรเกษม ซอย 20 แขวงปากคลองภาษีเจริญ เขตภาษีเจริญ","district":"ภาษีเจริญ","sub_district":null,"province":"กรุงเทพมหานคร","temple_class":"วัดราษฎร์","sect":"มหานิกาย","established_be":"2367","source":"data.bangkok.go.th · wat1","source_url":"https://data.bangkok.go.th/dataset/wat1"}},{"type":"Feature","geometry":{"type":"Point","coordinates":[100.4698567,13.71976816]},"properties":{"id":"wat1:01102209008","kind":"temple","name_th":"วัดอัปสรสวรรค์","name_en":null,"address":"ถ.เทอดไท แขวงปากคลองภาษีเจริญ เขตภาษีเจริญ","district":"ภาษีเจริญ","sub_district":null,"province":"กรุงเทพมหานคร","temple_class":"พระอารามหลวง","sect":"มหานิกาย","established_be":"2370","source":"data.bangkok.go.th · wat1","source_url":"https://data.bangkok.go.th/dataset/wat1"}},{"type":"Feature","geometry":{"type":"Point","coordinates":[100.4881585,13.79495724]},"properties":{"id":"wat1:01102209009","kind":"temple","name_th":"วัดเพลง (บางพลัด)","name_en":null,"address":"ถ.จัญสนิทวงศ์75 ซอย8 แขวงบางพลัด เขตบางพลัด","district":"บางพลัด","sub_district":null,"province":"กรุงเทพมหานคร","temple_class":"วัดราษฎร์","sect":"มหานิกาย","established_be":"2430","source":"data.bangkok.go.th · wat1","source_url":"https://data.bangkok.go.th/dataset/wat1"}},{"type":"Feature","geometry":{"type":"Point","coordinates":[100.4605478,13.73803811]},"properties":{"id":"wat1:01102210001","kind":"temple","name_th":"วัดบางแวก","name_en":null,"address":"ถ.บางแวก แขวงคูหาสวรรค์ เขตภาษีเจริญ","district":"ภาษีเจริญ","sub_district":null,"province":"กรุงเทพมหานคร","temple_class":"วัดราษฎร์","sect":"มหานิกาย","established_be":"2285","source":"data.bangkok.go.th · wat1","source_url":"https://data.bangkok.go.th/dataset/wat1"}},{"type":"Feature","geometry":{"type":"Point","coordinates":[100.4608397,13.74037763]},"properties":{"id":"wat1:01102210002","kind":"temple","name_th":"วัดวิจิตรการนิมิตร (วัดหนัง)","name_en":null,"address":"ถ.จรัญสนิทวงศ์ แขวงคูหาสวรรค์ เขตภาษีเจริญ","district":"ภาษีเจริญ","sub_district":null,"province":"กรุงเทพมหานคร","temple_class":"วัดราษฎร์","sect":"มหานิกาย","established_be":"2318","source":"data.bangkok.go.th · wat1","source_url":"https://data.bangkok.go.th/dataset/wat1"}},{"type":"Feature","geometry":{"type":"Point","coordinates":[100.4622703,13.73247761]},"properties":{"id":"wat1:01102210003","kind":"temple","name_th":"วัดคูหาสวรรค์","name_en":null,"address":"ถ.บางแวก ซอยจรัลสนิทวงศ์ 3 แขวงคูหาสวรรค์ เขตภาษีเจริญ","district":"ภาษีเจริญ","sub_district":null,"province":"กรุงเทพมหานคร","temple_class":"พระอารามหลวง","sect":"มหานิกาย","established_be":"2320","source":"data.bangkok.go.th · wat1","source_url":"https://data.bangkok.go.th/dataset/wat1"}},{"type":"Feature","geometry":{"type":"Point","coordinates":[100.4599406,13.72807105]},"properties":{"id":"wat1:01102210004","kind":"temple","name_th":"วัดยางบางจาก","name_en":null,"address":"ถ.เพชรเกษม 28 แขวงคูหาสวรรค์ เขตภาษีเจริญ","district":"ภาษีเจริญ","sub_district":null,"province":"กรุงเทพมหานคร","temple_class":"วัดราษฎร์","sect":"มหานิกาย","established_be":"2383","source":"data.bangkok.go.th · wat1","source_url":"https://data.bangkok.go.th/dataset/wat1"}},{"type":"Feature","geometry":{"type":"Point","coordinates":[100.4590542,13.73874299]},"properties":{"id":"wat1:01102210005","kind":"temple","name_th":"วัดนก","name_en":null,"address":"ถ.บางแวก แขวงคูหาสวรรค์ เขตภาษีเจริญ","district":"ภาษีเจริญ","sub_district":null,"province":"กรุงเทพมหานคร","temple_class":"วัดราษฎร์","sect":"มหานิกาย","established_be":"2420","source":"data.bangkok.go.th · wat1","source_url":"https://data.bangkok.go.th/dataset/wat1"}},{"type":"Feature","geometry":{"type":"Point","coordinates":[100.4592929,13.74294498]},"properties":{"id":"wat1:01102210006","kind":"temple","name_th":"วัดปากน้ำฝั่งใต้","name_en":null,"address":"ถ.จรัญสนิทวงศ์ แขวงบางแวก เขตภาษีเจริญ","district":"ภาษีเจริญ","sub_district":null,"province":"กรุงเทพมหานคร","temple_class":"วัดราษฎร์","sect":"มหานิกาย","established_be":"2420","source":"data.bangkok.go.th · wat1","source_url":"https://data.bangkok.go.th/dataset/wat1"}},{"type":"Feature","geometry":{"type":"Point","coordinates":[100.338425,13.67686095]},"properties":{"id":"wat1:01102302001","kind":"temple","name_th":"วัดหนองแขม","name_en":null,"address":"ถ.มาเจริญ(เพชรเกษม81) แขวงหนองแขม เขตหนองแขม","district":"หนองแขม","sub_district":null,"province":"กรุงเทพมหานคร","temple_class":"วัดราษฎร์","sect":"มหานิกาย","established_be":"2413","source":"data.bangkok.go.th · wat1","source_url":"https://data.bangkok.go.th/dataset/wat1"}},{"type":"Feature","geometry":{"type":"Point","coordinates":[100.3439878,13.65518904]},"properties":{"id":"wat1:01102302002","kind":"temple","name_th":"วัดศรีนวล","name_en":null,"address":"ถ.บางบอน 5 (ซอยวัดศรีนวล) แขวงหนองแขม เขตหนองแขม","district":"หนองแขม","sub_district":null,"province":"กรุงเทพมหานคร","temple_class":"วัดราษฎร์","sect":"มหานิกาย","established_be":"19-ธ.ค.-23","source":"data.bangkok.go.th · wat1","source_url":"https://data.bangkok.go.th/dataset/wat1"}},{"type":"Feature","geometry":{"type":"Point","coordinates":[100.3637951,13.68361105]},"properties":{"id":"wat1:01102302003","kind":"temple","name_th":"วัดหลักสาม (อาทิตย์จันทราราม)","name_en":null,"address":"ถ.เลียบคลองภาษีเจริญฝั่งใต้ แขวงหนองแขม เขตหนองแขม","district":"หนองแขม","sub_district":null,"province":"กรุงเทพมหานคร","temple_class":"วัดราษฎร์","sect":"มหานิกาย","established_be":"31-ส.ค.-31","source":"data.bangkok.go.th · wat1","source_url":"https://data.bangkok.go.th/dataset/wat1"}},{"type":"Feature","geometry":{"type":"Point","coordinates":[100.3484514,13.70530063]},"properties":{"id":"wat1:01102303001","kind":"temple","name_th":"วัดอุดมรังสี","name_en":null,"address":"ถ.เพชรเกษม แขวงหนองค้างพลู เขตหนองแขม","district":"หนองแขม","sub_district":null,"province":"กรุงเทพมหานคร","temple_class":"วัดราษฎร์","sect":"มหานิกาย","established_be":"27-ก.ค.-08","source":"data.bangkok.go.th · wat1","source_url":"https://data.bangkok.go.th/dataset/wat1"}},{"type":"Feature","geometry":{"type":"Point","coordinates":[100.356835,13.71611174]},"properties":{"id":"wat1:01102303002","kind":"temple","name_th":"วัดวงษ์ลาภาราม","name_en":null,"address":"ถ.เลียบคลองทวีวัฒนา แขวงหนองค้างพลู เขตหนองแขม","district":"หนองแขม","sub_district":null,"province":"กรุงเทพมหานคร","temple_class":"วัดราษฎร์","sect":"มหานิกาย","established_be":"4-ธ.ค.-28","source":"data.bangkok.go.th · wat1","source_url":"https://data.bangkok.go.th/dataset/wat1"}},{"type":"Feature","geometry":{"type":"Point","coordinates":[100.3406288,13.72152475]},"properties":{"id":"wat1:01102303003","kind":"temple","name_th":"วัดไผ่เลี้ยง","name_en":null,"address":"ถ.พุทธมณฑลสาย4 บ้านหนองค้างพลู ม.3 แขวงหนองค้างพลู เขตหนองแขม","district":"หนองแขม","sub_district":null,"province":"กรุงเทพมหานคร","temple_class":"วัดราษฎร์","sect":"มหานิกาย","established_be":"29-ก.ย.-30","source":"data.bangkok.go.th · wat1","source_url":"https://data.bangkok.go.th/dataset/wat1"}},{"type":"Feature","geometry":{"type":"Point","coordinates":[100.5195803,13.67627717]},"properties":{"id":"wat1:01102401001","kind":"temple","name_th":"วัดแจงร้อน","name_en":null,"address":"ถ.ราษฎร์บูรณะ ม.1 แขวงราษฎร์บูรณะ เขตราษฏร์บูรณะ","district":"ราษฎร์บูรณะ","sub_district":null,"province":"กรุงเทพมหานคร","temple_class":"วัดราษฎร์","sect":"มหานิกาย","established_be":"2300","source":"data.bangkok.go.th · wat1","source_url":"https://data.bangkok.go.th/dataset/wat1"}},{"type":"Feature","geometry":{"type":"Point","coordinates":[100.50303,13.67145162]},"properties":{"id":"wat1:01102401002","kind":"temple","name_th":"วัดสารอด","name_en":null,"address":"ถ.สุขสวัสดิ์ ม.8 แขวงราษฏร์บูรณะ เขตราษฏร์บูรณะ","district":"ราษฎร์บูรณะ","sub_district":null,"province":"กรุงเทพมหานคร","temple_class":"วัดราษฎร์","sect":"มหานิกาย","established_be":"2372","source":"data.bangkok.go.th · wat1","source_url":"https://data.bangkok.go.th/dataset/wat1"}},{"type":"Feature","geometry":{"type":"Point","coordinates":[100.5135041,13.6729517]},"properties":{"id":"wat1:01102401003","kind":"temple","name_th":"วัดสน","name_en":null,"address":"ถ.สุขสวัสดิ์ แขวงราษฎร์บูรณะ เขตราษฎร์บูรณะ","district":"ราษฎร์บูรณะ","sub_district":null,"province":"กรุงเทพมหานคร","temple_class":"วัดราษฎร์","sect":"มหานิกาย","established_be":"2400","source":"data.bangkok.go.th · wat1","source_url":"https://data.bangkok.go.th/dataset/wat1"}},{"type":"Feature","geometry":{"type":"Point","coordinates":[100.5045567,13.68331115]},"properties":{"id":"wat1:01102402001","kind":"temple","name_th":"วัดราษฎร์บูรณะ","name_en":null,"address":"ถ.ราษฎร์บูรณะ แขวงบางปะกอก เขตราษฎร์บูรณะ","district":"ราษฎร์บูรณะ","sub_district":null,"province":"กรุงเทพมหานคร","temple_class":"วัดราษฎร์","sect":"มหานิกาย","established_be":"2310","source":"data.bangkok.go.th · wat1","source_url":"https://data.bangkok.go.th/dataset/wat1"}},{"type":"Feature","geometry":{"type":"Point","coordinates":[100.4954856,13.68297739]},"properties":{"id":"wat1:01102402002","kind":"temple","name_th":"วัดบางประกอก","name_en":null,"address":"ถ.สุขสวัสดิ์ 19 ม.1 แขวงบางปะกอก เขตราษฏร์บูรณะ","district":"ราษฎร์บูรณะ","sub_district":null,"province":"กรุงเทพมหานคร","temple_class":"วัดราษฎร์","sect":"มหานิกาย","established_be":"2325","source":"data.bangkok.go.th · wat1","source_url":"https://data.bangkok.go.th/dataset/wat1"}},{"type":"Feature","geometry":{"type":"Point","coordinates":[100.5039322,13.67959069]},"properties":{"id":"wat1:01102402003","kind":"temple","name_th":"วัดประเสริฐสุธาวาท","name_en":null,"address":"ถ.ราษฎร์บูรณะ 20 แขวงบางปะกอก เขตราษฎร์บูรณะ","district":"ราษฎร์บูรณะ","sub_district":null,"province":"กรุงเทพมหานคร","temple_class":"วัดราษฎร์","sect":"มหานิกาย","established_be":"2381","source":"data.bangkok.go.th · wat1","source_url":"https://data.bangkok.go.th/dataset/wat1"}},{"type":"Feature","geometry":{"type":"Point","coordinates":[100.488689,13.68711324]},"properties":{"id":"wat1:01102402004","kind":"temple","name_th":"วัดเกียรติประดิษฐ์","name_en":null,"address":"ถ.ราษฎร์บูรณะ ม.11 แขวงบางปะกอก เขตราษฏร์บูรณะ","district":"ราษฎร์บูรณะ","sub_district":null,"province":"กรุงเทพมหานคร","temple_class":"วัดราษฎร์","sect":"มหานิกาย","established_be":"2430","source":"data.bangkok.go.th · wat1","source_url":"https://data.bangkok.go.th/dataset/wat1"}},{"type":"Feature","geometry":{"type":"Point","coordinates":[100.4987259,13.7884841]},"properties":{"id":"wat1:01102501001","kind":"temple","name_th":"วัดภาณุรังษี","name_en":null,"address":"ถ.จรัญสนิทวงศ์ แขวงบางพลัด เขตบางพลัด","district":"บางพลัด","sub_district":null,"province":"กรุงเทพมหานคร","temple_class":"วัดราษฎร์","sect":"มหานิกาย","established_be":"2223","source":"data.bangkok.go.th · wat1","source_url":"https://data.bangkok.go.th/dataset/wat1"}},{"type":"Feature","geometry":{"type":"Point","coordinates":[100.4987667,13.7934284]},"properties":{"id":"wat1:01102501002","kind":"temple","name_th":"วัดบางพลัด","name_en":null,"address":"ถ.จรัญนิทวงศ์ 79 แขวงบางพลัด เขตบางพลัด","district":"บางพลัด","sub_district":null,"province":"กรุงเทพมหานคร","temple_class":"วัดราษฎร์","sect":"มหานิกาย","established_be":"2240","source":"data.bangkok.go.th · wat1","source_url":"https://data.bangkok.go.th/dataset/wat1"}},{"type":"Feature","geometry":{"type":"Point","coordinates":[100.4950291,13.783092]},"properties":{"id":"wat1:01102501003","kind":"temple","name_th":"วัดสิงห์","name_en":null,"address":"ถ.จรัญสนิทวงศ์ แขวงบางยี่ขัน เขตบางพลัด","district":"บางพลัด","sub_district":null,"province":"กรุงเทพมหานคร","temple_class":"วัดราษฎร์","sect":"มหานิกาย","established_be":"2326","source":"data.bangkok.go.th · wat1","source_url":"https://data.bangkok.go.th/dataset/wat1"}},{"type":"Feature","geometry":{"type":"Point","coordinates":[100.5010876,13.78464604]},"properties":{"id":"wat1:01102501004","kind":"temple","name_th":"วัดเทพนารี","name_en":null,"address":"ถ.จรัญสนิทวงศ์ สะพานกรุงธน(ซังฮี้) แขวงบางพลัด เขตบางพลัด","district":"บางพลัด","sub_district":null,"province":"กรุงเทพมหานคร","temple_class":"วัดราษฎร์","sect":"มหานิกาย","established_be":"2329","source":"data.bangkok.go.th · wat1","source_url":"https://data.bangkok.go.th/dataset/wat1"}},{"type":"Feature","geometry":{"type":"Point","coordinates":[100.5024041,13.78659955]},"properties":{"id":"wat1:01102501005","kind":"temple","name_th":"วัดเทพากร","name_en":null,"address":"ถ.จรัญสนิทวงศ์ ซอย68 แขวงบางพลัด เขตบางพลัด","district":"บางพลัด","sub_district":null,"province":"กรุงเทพมหานคร","temple_class":"วัดราษฎร์","sect":"มหานิกาย","established_be":"2375","source":"data.bangkok.go.th · wat1","source_url":"https://data.bangkok.go.th/dataset/wat1"}},{"type":"Feature","geometry":{"type":"Point","coordinates":[100.4625067,13.71840161]},"properties":{"id":"wat1:01102501006","kind":"temple","name_th":"วัดเพลง (ภาษีเจริญ)","name_en":null,"address":"ถ.พัฒนาการ แขวงปากคลองภาษีเจริญ เขตภาษีเจริญ","district":"ภาษีเจริญ","sub_district":null,"province":"กรุงเทพมหานคร","temple_class":"วัดราษฎร์","sect":"มหานิกาย","established_be":"2405","source":"data.bangkok.go.th · wat1","source_url":"https://data.bangkok.go.th/dataset/wat1"}},{"type":"Feature","geometry":{"type":"Point","coordinates":[100.5055987,13.79006921]},"properties":{"id":"wat1:01102501007","kind":"temple","name_th":"วัดอาวุธวิกสิตาราม (บางพลัดนอก)","name_en":null,"address":"ถ.จรัลสนิทวงศ์72 แขวงบางพลัด เขตบางพลัด","district":"บางพลัด","sub_district":null,"province":"กรุงเทพมหานคร","temple_class":"พระอารามหลวง","sect":"ธรรมยุต","established_be":"2438","source":"data.bangkok.go.th · wat1","source_url":"https://data.bangkok.go.th/dataset/wat1"}},{"type":"Feature","geometry":{"type":"Point","coordinates":[100.5142177,13.8013968]},"properties":{"id":"wat1:01102502001","kind":"temple","name_th":"วัดฉัตรแก้วจงกลณี","name_en":null,"address":"ถ.จรัลสนิทวงศ์ แขวงบางอ้อ เขตบางพลัด","district":"บางพลัด","sub_district":null,"province":"กรุงเทพมหานคร","temple_class":"วัดราษฎร์","sect":"มหานิกาย","established_be":"2330","source":"data.bangkok.go.th · wat1","source_url":"https://data.bangkok.go.th/dataset/wat1"}},{"type":"Feature","geometry":{"type":"Point","coordinates":[100.5145248,13.8102896]},"properties":{"id":"wat1:01102502002","kind":"temple","name_th":"วัดวิมุตยาราม","name_en":null,"address":"ถ.จรัลสนิทวงศ์ แขวงบางอ้อ เขตบางพลัด","district":"บางพลัด","sub_district":null,"province":"กรุงเทพมหานคร","temple_class":"วัดราษฎร์","sect":"มหานิกาย","established_be":"2356","source":"data.bangkok.go.th · wat1","source_url":"https://data.bangkok.go.th/dataset/wat1"}},{"type":"Feature","geometry":{"type":"Point","coordinates":[100.5018949,13.79663637]},"properties":{"id":"wat1:01102502003","kind":"temple","name_th":"วัดสามัคคีสุธาวาส","name_en":null,"address":"ถ.จรัญสนิทวงศ์ แขวงบางอ้อ เขตบางพลัด","district":"บางพลัด","sub_district":null,"province":"กรุงเทพมหานคร","temple_class":"วัดราษฎร์","sect":"ธรรมยุต","established_be":"2440","source":"data.bangkok.go.th · wat1","source_url":"https://data.bangkok.go.th/dataset/wat1"}},{"type":"Feature","geometry":{"type":"Point","coordinates":[100.4844063,13.78224335]},"properties":{"id":"wat1:01102503001","kind":"temple","name_th":"วัดรวกบางบำหรุ","name_en":null,"address":"ถ.จรัญสนิทวงศ์ แขวงบางบำหรุ เขตบางพลัด","district":"บางพลัด","sub_district":null,"province":"กรุงเทพมหานคร","temple_class":"วัดราษฎร์","sect":"มหานิกาย","established_be":"2219","source":"data.bangkok.go.th · wat1","source_url":"https://data.bangkok.go.th/dataset/wat1"}},{"type":"Feature","geometry":{"type":"Point","coordinates":[100.4892892,13.77050776]},"properties":{"id":"wat1:01102504001","kind":"temple","name_th":"วัดบางยี่ขัน","name_en":null,"address":"ถ.อรุณอัมรินทร์ แขวงบางยี่ขัน เขตบางพลัด","district":"บางพลัด","sub_district":null,"province":"กรุงเทพมหานคร","temple_class":"วัดราษฎร์","sect":"มหานิกาย","established_be":"2172","source":"data.bangkok.go.th · wat1","source_url":"https://data.bangkok.go.th/dataset/wat1"}},{"type":"Feature","geometry":{"type":"Point","coordinates":[100.4946612,13.78050896]},"properties":{"id":"wat1:01102504001","kind":"temple","name_th":"วัดเปาโรหิตย์","name_en":null,"address":"ถ.จรัญสนิทวงศ์ แขวงบางยี่ขัน เขตบางพลัด","district":"บางพลัด","sub_district":null,"province":"กรุงเทพมหานคร","temple_class":"วัดราษฎร์","sect":"มหานิกาย","established_be":"2367","source":"data.bangkok.go.th · wat1","source_url":"https://data.bangkok.go.th/dataset/wat1"}},{"type":"Feature","geometry":{"type":"Point","coordinates":[100.498192,13.78017111]},"properties":{"id":"wat1:01102504002","kind":"temple","name_th":"วัดภคินีนาถ","name_en":null,"address":"ถ.ราชวิถี 21 แขวงบางยี่ขัน เขตบางพลัด","district":"บางพลัด","sub_district":null,"province":"กรุงเทพมหานคร","temple_class":"พระอารามหลวง","sect":"มหานิกาย","established_be":"2200","source":"data.bangkok.go.th · wat1","source_url":"https://data.bangkok.go.th/dataset/wat1"}},{"type":"Feature","geometry":{"type":"Point","coordinates":[100.4964236,13.77551754]},"properties":{"id":"wat1:01102504003","kind":"temple","name_th":"วัดบวรมงคล","name_en":null,"address":"ถ.จรัญสนิทวงศ์ ลูกมหาดไทย แขวงบางยี่ขัน เขตบางพลัด","district":"บางพลัด","sub_district":null,"province":"กรุงเทพมหานคร","temple_class":"พระอารามหลวง","sect":"ธรรมยุต","established_be":"2300","source":"data.bangkok.go.th · wat1","source_url":"https://data.bangkok.go.th/dataset/wat1"}},{"type":"Feature","geometry":{"type":"Point","coordinates":[100.4967506,13.77894148]},"properties":{"id":"wat1:01102504004","kind":"temple","name_th":"วัดใหม่เทพนิมิตร","name_en":null,"address":"ถ.จรัญสนิทวงศ์ แขวงบางยี่ขัน เขตบางพลัด","district":"บางพลัด","sub_district":null,"province":"กรุงเทพมหานคร","temple_class":"วัดราษฎร์","sect":"มหานิกาย","established_be":"2300","source":"data.bangkok.go.th · wat1","source_url":"https://data.bangkok.go.th/dataset/wat1"}},{"type":"Feature","geometry":{"type":"Point","coordinates":[100.4932643,13.77898978]},"properties":{"id":"wat1:01102504005","kind":"temple","name_th":"วัดทอง","name_en":null,"address":"ถ.จรัญสนิทวงศ์ แขวงบางยี่ขัน เขตบางพลัด","district":"บางพลัด","sub_district":null,"province":"กรุงเทพมหานคร","temple_class":"วัดราษฎร์","sect":"มหานิกาย","established_be":"2325","source":"data.bangkok.go.th · wat1","source_url":"https://data.bangkok.go.th/dataset/wat1"}},{"type":"Feature","geometry":{"type":"Point","coordinates":[100.4914931,13.76804474]},"properties":{"id":"wat1:01102504006","kind":"temple","name_th":"วัดดาวดึงษาราม","name_en":null,"address":"ถ.สมเด็จพระปิ่นเกล้า ซอยวัดดาวดึงษาราม แขวงบางยี่ขัน เขตบางพลัด","district":"บางพลัด","sub_district":null,"province":"กรุงเทพมหานคร","temple_class":"พระอารามหลวง","sect":"มหานิกาย","established_be":"2350","source":"data.bangkok.go.th · wat1","source_url":"https://data.bangkok.go.th/dataset/wat1"}},{"type":"Feature","geometry":{"type":"Point","coordinates":[100.488757,13.77263525]},"properties":{"id":"wat1:01102504007","kind":"temple","name_th":"วัดน้อยนางหงษ์","name_en":null,"address":"ถ.สมเด็จพระปิ่นเกล้า แขวงบางยี่ขัน เขตบางพลัด","district":"บางพลัด","sub_district":null,"province":"กรุงเทพมหานคร","temple_class":"วัดราษฎร์","sect":"มหานิกาย","established_be":"2350","source":"data.bangkok.go.th · wat1","source_url":"https://data.bangkok.go.th/dataset/wat1"}},{"type":"Feature","geometry":{"type":"Point","coordinates":[100.4922435,13.7682481]},"properties":{"id":"wat1:01102504008","kind":"temple","name_th":"วัดจตุรมิตรประดิษฐาราม","name_en":null,"address":"ถ.สมเด็จพระปิ่นเกล้า แขวงบางยี่ขัน เขตบางพลัด","district":"บางพลัด","sub_district":null,"province":"กรุงเทพมหานคร","temple_class":"วัดราษฎร์","sect":"มหานิกาย","established_be":"2365","source":"data.bangkok.go.th · wat1","source_url":"https://data.bangkok.go.th/dataset/wat1"}},{"type":"Feature","geometry":{"type":"Point","coordinates":[100.4936597,13.76843838]},"properties":{"id":"wat1:01102504009","kind":"temple","name_th":"วัดพระยาศิริไอยสวรรค์","name_en":null,"address":"ถ.จรัญสนิทวงศ์ แขวงบางยี่ขัน เขตบางพลัด","district":"บางพลัด","sub_district":null,"province":"กรุงเทพมหานคร","temple_class":"วัดราษฎร์","sect":"มหานิกาย","established_be":"2367","source":"data.bangkok.go.th · wat1","source_url":"https://data.bangkok.go.th/dataset/wat1"}},{"type":"Feature","geometry":{"type":"Point","coordinates":[100.4958572,13.77225775]},"properties":{"id":"wat1:01102504010","kind":"temple","name_th":"วัดคฤหบดี","name_en":null,"address":"ถ.จรัลสนิทวงศ์ 42 แขวงบางยี่ขัน เขตบางพลัด","district":"บางพลัด","sub_district":null,"province":"กรุงเทพมหานคร","temple_class":"พระอารามหลวง","sect":"มหานิกาย","established_be":"2367","source":"data.bangkok.go.th · wat1","source_url":"https://data.bangkok.go.th/dataset/wat1"}},{"type":"Feature","geometry":{"type":"Point","coordinates":[100.4900268,13.77161515]},"properties":{"id":"wat1:01102504012","kind":"temple","name_th":"วัดอมรคีรี","name_en":null,"address":"ถ.จรัญสนิทวงศ์40 แขวงบางยี่ขัน เขตบางพลัด","district":"บางพลัด","sub_district":null,"province":"กรุงเทพมหานคร","temple_class":"วัดราษฎร์","sect":"มหานิกาย","established_be":"2370","source":"data.bangkok.go.th · wat1","source_url":"https://data.bangkok.go.th/dataset/wat1"}},{"type":"Feature","geometry":{"type":"Point","coordinates":[100.5704274,13.7810223]},"properties":{"id":"wat1:01102601001","kind":"temple","name_th":"วัดกุนนทีรุทธาราม (วัดห้วยขวาง)","name_en":null,"address":"ถ.สุทธิสารวินิจฉัย ม.2 แขวงดินแดง เขตดินแดง","district":"ดินแดง","sub_district":null,"province":"กรุงเทพมหานคร","temple_class":"วัดราษฎร์","sect":"มหานิกาย","established_be":"2457","source":"data.bangkok.go.th · wat1","source_url":"https://data.bangkok.go.th/dataset/wat1"}},{"type":"Feature","geometry":{"type":"Point","coordinates":[100.5607351,13.77543449]},"properties":{"id":"wat1:01102601002","kind":"temple","name_th":"วัดพรหมวงศาราม","name_en":null,"address":"ถ.ประชาสงเคราะห์ แขวงดินแดง เขตดินแดง","district":"ดินแดง","sub_district":null,"province":"กรุงเทพมหานคร","temple_class":"วัดราษฎร์","sect":"มหานิกาย","established_be":"10-เม.ย.-15","source":"data.bangkok.go.th · wat1","source_url":"https://data.bangkok.go.th/dataset/wat1"}},{"type":"Feature","geometry":{"type":"Point","coordinates":[100.6494893,13.80208057]},"properties":{"id":"wat1:01102701001","kind":"temple","name_th":"วัดบางเตย","name_en":null,"address":"ถ.สุขาภิบาล1(นวมินทร์) ม.6 แขวงคลองกุ่ม เขตบึงกุ่ม","district":"บึงกุ่ม","sub_district":null,"province":"กรุงเทพมหานคร","temple_class":"วัดราษฎร์","sect":"มหานิกาย","established_be":"2371","source":"data.bangkok.go.th · wat1","source_url":"https://data.bangkok.go.th/dataset/wat1"}},{"type":"Feature","geometry":{"type":"Point","coordinates":[100.658852,13.77237939]},"properties":{"id":"wat1:01102701002","kind":"temple","name_th":"วัดพิชัย","name_en":null,"address":"ถ.สุขาภิบาล 2 (เสรีไทย) ม.1 แขวงคลองกุ่ม เขตบึงกุ่ม","district":"บึงกุ่ม","sub_district":null,"province":"กรุงเทพมหานคร","temple_class":"วัดราษฎร์","sect":"มหานิกาย","established_be":"2410","source":"data.bangkok.go.th · wat1","source_url":"https://data.bangkok.go.th/dataset/wat1"}},{"type":"Feature","geometry":{"type":"Point","coordinates":[100.6371543,13.83691741]},"properties":{"id":"wat1:01102701003","kind":"temple","name_th":"วัดนวลจันทร์ (บางขวด)","name_en":null,"address":"ถ.นวลจันทร์ ม.12 แขวงนวลจันทร์ เขตบึงกุ่ม","district":"บึงกุ่ม","sub_district":null,"province":"กรุงเทพมหานคร","temple_class":"วัดราษฎร์","sect":"มหานิกาย","established_be":"2423","source":"data.bangkok.go.th · wat1","source_url":"https://data.bangkok.go.th/dataset/wat1"}},{"type":"Feature","geometry":{"type":"Point","coordinates":[100.6617659,13.80649913]},"properties":{"id":"wat1:01102701004","kind":"temple","name_th":"วัดสุวรรณประสิทธิ์","name_en":null,"address":"ถ.สุขาภิบาล1(นวมินทร์) แขวงคลองกุ่ม เขตบึงกุ่ม","district":"บึงกุ่ม","sub_district":null,"province":"กรุงเทพมหานคร","temple_class":"วัดราษฎร์","sect":"มหานิกาย","established_be":"15-ม.ค.-18","source":"data.bangkok.go.th · wat1","source_url":"https://data.bangkok.go.th/dataset/wat1"}},{"type":"Feature","geometry":{"type":"Point","coordinates":[100.6492355,13.83435979]},"properties":{"id":"wat1:01102701005","kind":"temple","name_th":"วัดบุญศรีมุนีกรณ์","name_en":null,"address":"แขวงคลองกุ่ม เขตบึงกุ่ม","district":"บึงกุ่ม","sub_district":null,"province":"กรุงเทพมหานคร","temple_class":"วัดราษฎร์","sect":"มหานิกาย","established_be":"15-ต.ค.-28","source":"data.bangkok.go.th · wat1","source_url":"https://data.bangkok.go.th/dataset/wat1"}},{"type":"Feature","geometry":{"type":"Point","coordinates":[100.5140482,13.71753069]},"properties":{"id":"wat1:01102802001","kind":"temple","name_th":"วัดยานนาวา","name_en":null,"address":"ถ.เจริญกรุง แขวงยานนาวา เขตสาทร","district":"สาทร","sub_district":null,"province":"กรุงเทพมหานคร","temple_class":"พระอารามหลวง","sect":"มหานิกาย","established_be":"2325","source":"data.bangkok.go.th · wat1","source_url":"https://data.bangkok.go.th/dataset/wat1"}},{"type":"Feature","geometry":{"type":"Point","coordinates":[100.5165731,13.71332998]},"properties":{"id":"wat1:01102802002","kind":"temple","name_th":"วัดบรมสถล (วัดดอน)","name_en":null,"address":"ถ.เจริญกรุง แขวงยานนาวา เขตสาทร","district":"สาทร","sub_district":null,"province":"กรุงเทพมหานคร","temple_class":"วัดราษฎร์","sect":"มหานิกาย","established_be":"2340","source":"data.bangkok.go.th · wat1","source_url":"https://data.bangkok.go.th/dataset/wat1"}},{"type":"Feature","geometry":{"type":"Point","coordinates":[100.5146834,13.70989756]},"properties":{"id":"wat1:01102802003","kind":"temple","name_th":"วัดลุ่มเจริญศรัทธา","name_en":null,"address":"ถ.จันทน์ 42 แขวงวัดพระยาไกร เขตบางคอแหลม","district":"บางคอแหลม","sub_district":null,"province":"กรุงเทพมหานคร","temple_class":"วัดราษฎร์","sect":"มหานิกาย","established_be":"2405","source":"data.bangkok.go.th · wat1","source_url":"https://data.bangkok.go.th/dataset/wat1"}},{"type":"Feature","geometry":{"type":"Point","coordinates":[100.5128617,13.71273804]},"properties":{"id":"wat1:01102802004","kind":"temple","name_th":"วัดสุทธิวราราม","name_en":null,"address":"ถ.เจริญกรุง แขวงยานนาวา เขตสาทร","district":"สาทร","sub_district":null,"province":"กรุงเทพมหานคร","temple_class":"วัดราษฎร์","sect":"มหานิกาย","established_be":"2428","source":"data.bangkok.go.th · wat1","source_url":"https://data.bangkok.go.th/dataset/wat1"}},{"type":"Feature","geometry":{"type":"Point","coordinates":[100.5191204,13.80863413]},"properties":{"id":"wat1:01102901001","kind":"temple","name_th":"วัดบางโพโอมาวาส","name_en":null,"address":"ถ.ประชาราษฎร์สาย1 แขวงบางซื่อ เขตบางซื่อ","district":"บางซื่อ","sub_district":null,"province":"กรุงเทพมหานคร","temple_class":"วัดราษฎร์","sect":"มหานิกาย","established_be":"2300","source":"data.bangkok.go.th · wat1","source_url":"https://data.bangkok.go.th/dataset/wat1"}},{"type":"Feature","geometry":{"type":"Point","coordinates":[100.5215764,13.82932794]},"properties":{"id":"wat1:01102901002","kind":"temple","name_th":"วัดเลียบราษฎร์บำรุง","name_en":null,"address":"ถ.กรุงเทพ-นนทบุรี43 ซอยจงสุข แขวงบางซื่อ เขตบางซื่อ","district":"บางซื่อ","sub_district":null,"province":"กรุงเทพมหานคร","temple_class":"วัดราษฎร์","sect":"มหานิกาย","established_be":"2310","source":"data.bangkok.go.th · wat1","source_url":"https://data.bangkok.go.th/dataset/wat1"}},{"type":"Feature","geometry":{"type":"Point","coordinates":[100.5293224,13.83410672]},"properties":{"id":"wat1:01102901003","kind":"temple","name_th":"วัดทองสุทธาราม","name_en":null,"address":"ถ.กรุงเทพ-นนทบุรี(ถนนประชาราษฎร์) แขวงบางซื่อ เขตบางซื่อ","district":"บางซื่อ","sub_district":null,"province":"กรุงเทพมหานคร","temple_class":"วัดราษฎร์","sect":"มหานิกาย","established_be":"2315","source":"data.bangkok.go.th · wat1","source_url":"https://data.bangkok.go.th/dataset/wat1"}},{"type":"Feature","geometry":{"type":"Point","coordinates":[100.5288184,13.81642003]},"properties":{"id":"wat1:01102901004","kind":"temple","name_th":"วัดเวตวันธรรมาวาส (วัดเชิงหวาย)","name_en":null,"address":"ถ.ประชาราษฎร์ แขวงบางซื่อ เขตบางซื่อ","district":"บางซื่อ","sub_district":null,"province":"กรุงเทพมหานคร","temple_class":"วัดราษฎร์","sect":"มหานิกาย","established_be":"2326","source":"data.bangkok.go.th · wat1","source_url":"https://data.bangkok.go.th/dataset/wat1"}},{"type":"Feature","geometry":{"type":"Point","coordinates":[100.5195964,13.81071927]},"properties":{"id":"wat1:01102901005","kind":"temple","name_th":"วัดอนัมนิกายาราม","name_en":null,"address":"ถ.ประชาราษฎร์สาย1 แขวงบางซื่อ เขตบางซื่อ","district":"บางซื่อ","sub_district":null,"province":"กรุงเทพมหานคร","temple_class":"วัดราษฎร์","sect":"อนัมนิกาย","established_be":"2330","source":"data.bangkok.go.th · wat1","source_url":"https://data.bangkok.go.th/dataset/wat1"}},{"type":"Feature","geometry":{"type":"Point","coordinates":[100.5236088,13.8018811]},"properties":{"id":"wat1:01102901006","kind":"temple","name_th":"วัดประดู่ธรรมาธิปัตย์","name_en":null,"address":"ถ.ประชาราษฎร์สาย1 แขวงบางซื่อ เขตบางซื่อ","district":"บางซื่อ","sub_district":null,"province":"กรุงเทพมหานคร","temple_class":"วัดราษฎร์","sect":"มหานิกาย","established_be":"2365","source":"data.bangkok.go.th · wat1","source_url":"https://data.bangkok.go.th/dataset/wat1"}},{"type":"Feature","geometry":{"type":"Point","coordinates":[100.5182993,13.81324022]},"properties":{"id":"wat1:01102901007","kind":"temple","name_th":"วัดสร้อยทอง","name_en":null,"address":"ถ.ประชาราษฎร์สาย1 แขวงบางซื่อ เขตบางซื่อ","district":"บางซื่อ","sub_district":null,"province":"กรุงเทพมหานคร","temple_class":"พระอารามหลวง","sect":"มหานิกาย","established_be":"2394","source":"data.bangkok.go.th · wat1","source_url":"https://data.bangkok.go.th/dataset/wat1"}},{"type":"Feature","geometry":{"type":"Point","coordinates":[100.5182417,13.81863704]},"properties":{"id":"wat1:01102901008","kind":"temple","name_th":"วัดประชาศรัทธาธรรม (วัดเสาหิน)","name_en":null,"address":"ถ.วงศ์สว่าง แขวงวงศ์สว่าง เขตบางซื่อ","district":"บางซื่อ","sub_district":null,"province":"กรุงเทพมหานคร","temple_class":"วัดราษฎร์","sect":"มหานิกาย","established_be":"2411","source":"data.bangkok.go.th · wat1","source_url":"https://data.bangkok.go.th/dataset/wat1"}},{"type":"Feature","geometry":{"type":"Point","coordinates":[100.5173237,13.82257481]},"properties":{"id":"wat1:01102901009","kind":"temple","name_th":"วัดมัชฌันติการาม (วัดน้อย)","name_en":null,"address":"ถ.วงศ์สว่าง 11 แขวงวงศ์สว่าง เขตบางซื่อ","district":"บางซื่อ","sub_district":null,"province":"กรุงเทพมหานคร","temple_class":"วัดราษฎร์","sect":"ธรรมยุต","established_be":"2417","source":"data.bangkok.go.th · wat1","source_url":"https://data.bangkok.go.th/dataset/wat1"}},{"type":"Feature","geometry":{"type":"Point","coordinates":[100.5556064,13.8401874]},"properties":{"id":"wat1:01103001001","kind":"temple","name_th":"วัดเสมียนนารี","name_en":null,"address":"ถ.กำแพงเพชร 6 แขวงลาดยาว เขตจตุจักร","district":"จตุจักร","sub_district":null,"province":"กรุงเทพมหานคร","temple_class":"พระอารามหลวง","sect":"มหานิกาย","established_be":"2400","source":"data.bangkok.go.th · wat1","source_url":"https://data.bangkok.go.th/dataset/wat1"}},{"type":"Feature","geometry":{"type":"Point","coordinates":[100.5626509,13.85474978]},"properties":{"id":"wat1:01103001002","kind":"temple","name_th":"วัดเทวสุนทร","name_en":null,"address":"ถ.งามวงศ์วาน คลองบางเขน ม.19 แขวงลาดยาว เขตจตุจักร","district":"จตุจักร","sub_district":null,"province":"กรุงเทพมหานคร","temple_class":"วัดราษฎร์","sect":"มหานิกาย","established_be":"2412","source":"data.bangkok.go.th · wat1","source_url":"https://data.bangkok.go.th/dataset/wat1"}},{"type":"Feature","geometry":{"type":"Point","coordinates":[100.6016017,13.92261547]},"properties":{"id":"wat1:01103002001","kind":"temple","name_th":"วัดดอนเมือง","name_en":null,"address":"ถ.วิภาวดีรังสิต แขวงดอนเมือง เขตดอนเมือง","district":"ดอนเมือง","sub_district":null,"province":"กรุงเทพมหานคร","temple_class":"พระอารามหลวง","sect":"มหานิกาย","established_be":"2438","source":"data.bangkok.go.th · wat1","source_url":"https://data.bangkok.go.th/dataset/wat1"}},{"type":"Feature","geometry":{"type":"Point","coordinates":[100.4968212,13.70122001]},"properties":{"id":"wat1:01103101001","kind":"temple","name_th":"วัดลาดบัวขาว","name_en":null,"address":"ถ.เจริญกรุง แขวงบางคอแหลม เขตบางคอแหลม","district":"บางคอแหลม","sub_district":null,"province":"กรุงเทพมหานคร","temple_class":"วัดราษฎร์","sect":"มหานิกาย","established_be":"2415","source":"data.bangkok.go.th · wat1","source_url":"https://data.bangkok.go.th/dataset/wat1"}},{"type":"Feature","geometry":{"type":"Point","coordinates":[100.5002006,13.68885164]},"properties":{"id":"wat1:01103101002","kind":"temple","name_th":"วัดอินทร์บรรจงทรงวาดราษฏร์บำรุง","name_en":null,"address":"ถ.พระราม3 ซอย6 แขวงบางคอแหลม เขตบางคอแหลม","district":"บางคอแหลม","sub_district":null,"province":"กรุงเทพมหานคร","temple_class":"วัดราษฎร์","sect":"มหานิกาย","established_be":"2435","source":"data.bangkok.go.th · wat1","source_url":"https://data.bangkok.go.th/dataset/wat1"}},{"type":"Feature","geometry":{"type":"Point","coordinates":[100.5039439,13.70616657]},"properties":{"id":"wat1:01103102001","kind":"temple","name_th":"วัดราชสิงขร","name_en":null,"address":"ถ.เจริญกรุง แขวงวัดพระยาไกร เขตบางคอแหลม","district":"บางคอแหลม","sub_district":null,"province":"กรุงเทพมหานคร","temple_class":"พระอารามหลวง","sect":"มหานิกาย","established_be":"2300","source":"data.bangkok.go.th · wat1","source_url":"https://data.bangkok.go.th/dataset/wat1"}},{"type":"Feature","geometry":{"type":"Point","coordinates":[100.5075296,13.7088204]},"properties":{"id":"wat1:01103102002","kind":"temple","name_th":"วัดวรจรรยาวาส","name_en":null,"address":"ถ.เจริญกรุง แขวงวัดพระยาไกร เขตบางคอแหลม","district":"บางคอแหลม","sub_district":null,"province":"กรุงเทพมหานคร","temple_class":"วัดราษฎร์","sect":"มหานิกาย","established_be":"2360","source":"data.bangkok.go.th · wat1","source_url":"https://data.bangkok.go.th/dataset/wat1"}},{"type":"Feature","geometry":{"type":"Point","coordinates":[100.5042012,13.69574254]},"properties":{"id":"wat1:01103103001","kind":"temple","name_th":"วัดจันทร์ใน","name_en":null,"address":"ถ.เจริญกรุง ซอย 107 แขวงบางโคล่ เขตบางคอแหลม","district":"บางคอแหลม","sub_district":null,"province":"กรุงเทพมหานคร","temple_class":"วัดราษฎร์","sect":"มหานิกาย","established_be":"2313","source":"data.bangkok.go.th · wat1","source_url":"https://data.bangkok.go.th/dataset/wat1"}},{"type":"Feature","geometry":{"type":"Point","coordinates":[100.5010257,13.68921726]},"properties":{"id":"wat1:01103103002","kind":"temple","name_th":"วัดจันทร์นอก","name_en":null,"address":"ถ.รัชดาภิเษก แขวงบางโคล่ เขตบางคอแหลม","district":"บางคอแหลม","sub_district":null,"province":"กรุงเทพมหานคร","temple_class":"วัดราษฎร์","sect":"มหานิกาย","established_be":"2313","source":"data.bangkok.go.th · wat1","source_url":"https://data.bangkok.go.th/dataset/wat1"}},{"type":"Feature","geometry":{"type":"Point","coordinates":[100.5240376,13.70090918]},"properties":{"id":"wat1:01103103003","kind":"temple","name_th":"วัดไผ่เงินโชตนาราม","name_en":null,"address":"ถ.สุดประเสริฐ ซอยจันทน์ (วัดไผ่เงิน) แขวงบางโคล่ เขตบางคอแหลม","district":"บางคอแหลม","sub_district":null,"province":"กรุงเทพมหานคร","temple_class":"วัดราษฎร์","sect":"มหานิกาย","established_be":"2335","source":"data.bangkok.go.th · wat1","source_url":"https://data.bangkok.go.th/dataset/wat1"}},{"type":"Feature","geometry":{"type":"Point","coordinates":[100.5119155,13.68765949]},"properties":{"id":"wat1:01103103004","kind":"temple","name_th":"วัดบางโคล่นอก","name_en":null,"address":"ถ.พระราม3 แขวงบางโคล่ เขตบางคอแหลม","district":"บางคอแหลม","sub_district":null,"province":"กรุงเทพมหานคร","temple_class":"วัดราษฎร์","sect":"มหานิกาย","established_be":"2361","source":"data.bangkok.go.th · wat1","source_url":"https://data.bangkok.go.th/dataset/wat1"}},{"type":"Feature","geometry":{"type":"Point","coordinates":[100.5129368,13.69123285]},"properties":{"id":"wat1:01103103005","kind":"temple","name_th":"วัดเรืองยศสุทธาราม","name_en":null,"address":"ถ.เจริญารษฎร์ แขวงบางโคล่ เขตบางคอแหลม","district":"บางคอแหลม","sub_district":null,"province":"กรุงเทพมหานคร","temple_class":"วัดราษฎร์","sect":"มหานิกาย","established_be":"2400","source":"data.bangkok.go.th · wat1","source_url":"https://data.bangkok.go.th/dataset/wat1"}},{"type":"Feature","geometry":{"type":"Point","coordinates":[100.5174832,13.68946946]},"properties":{"id":"wat1:01103103006","kind":"temple","name_th":"วัดไทร","name_en":null,"address":"ถ.พระราม3 แขวงบางโคล่ เขตบางคอแหลม","district":"บางคอแหลม","sub_district":null,"province":"กรุงเทพมหานคร","temple_class":"วัดราษฎร์","sect":"มหานิกาย","established_be":"2410","source":"data.bangkok.go.th · wat1","source_url":"https://data.bangkok.go.th/dataset/wat1"}},{"type":"Feature","geometry":{"type":"Point","coordinates":[100.6881598,13.72369667]},"properties":{"id":"wat1:01103201001","kind":"temple","name_th":"วัดกระทุ่ม","name_en":null,"address":"ถ.อ่อนนุช ม.3 แขวงประเวศ เขตประเวศ","district":"ประเวศ","sub_district":null,"province":"กรุงเทพมหานคร","temple_class":"วัดราษฎร์","sect":"มหานิกาย","established_be":"2345","source":"data.bangkok.go.th · wat1","source_url":"https://data.bangkok.go.th/dataset/wat1"}},{"type":"Feature","geometry":{"type":"Point","coordinates":[100.6773161,13.70173409]},"properties":{"id":"wat1:01103201002","kind":"temple","name_th":"วัดแก้วพิทักษ์เจริญธรรม","name_en":null,"address":"ถ.สุขุมวิท(103) ม.15 แขวงประเวศ เขตประเวศ","district":"ประเวศ","sub_district":null,"province":"กรุงเทพมหานคร","temple_class":"วัดราษฎร์","sect":"ธรรมยุต","established_be":"3-ก.ย.-19","source":"data.bangkok.go.th · wat1","source_url":"https://data.bangkok.go.th/dataset/wat1"}},{"type":"Feature","geometry":{"type":"Point","coordinates":[100.7077076,13.72919333]},"properties":{"id":"wat1:01103201003","kind":"temple","name_th":"วัดคุณแม่จันทร์","name_en":null,"address":"ถ.วงแหวนรอบนอกกรุงเทพ-ชลบุรี สายใหม่ คลองคุณแม่จันทร์ ม.2 แขวงประเวศ เขตประเวศ","district":"ประเวศ","sub_district":null,"province":"กรุงเทพมหานคร","temple_class":"วัดราษฎร์","sect":"ธรรมยุต","established_be":"15-ก.ย.-31","source":"data.bangkok.go.th · wat1","source_url":"https://data.bangkok.go.th/dataset/wat1"}},{"type":"Feature","geometry":{"type":"Point","coordinates":[100.6641241,13.67679472]},"properties":{"id":"wat1:01103202001","kind":"temple","name_th":"วัดตะกล่ำ","name_en":null,"address":"ถ.เฉลิมพระเกียรติ ร.9 ม.3 แขวงหนองบอน เขตประเวศ","district":"ประเวศ","sub_district":null,"province":"กรุงเทพมหานคร","temple_class":"วัดราษฎร์","sect":"มหานิกาย","established_be":"2395","source":"data.bangkok.go.th · wat1","source_url":"https://data.bangkok.go.th/dataset/wat1"}},{"type":"Feature","geometry":{"type":"Point","coordinates":[100.6803746,13.68200886]},"properties":{"id":"wat1:01103203001","kind":"temple","name_th":"วัดทุ่งลานนา(ชมทองผินถวิลอุปถัมภ์)","name_en":null,"address":"ซอยเฉลิมพระเกียรติ ร.9 ซอย 28 แยก 3-1 ถ.สุขุมวิท103(อุดมสุข) ม.4 แขวงดอกไม้ เขตประเวศ","district":"ประเวศ","sub_district":null,"province":"กรุงเทพมหานคร","temple_class":"วัดราษฎร์","sect":"มหานิกาย","established_be":"21-ม.ค.-12","source":"data.bangkok.go.th · wat1","source_url":"https://data.bangkok.go.th/dataset/wat1"}},{"type":"Feature","geometry":{"type":"Point","coordinates":[100.6942658,13.66746134]},"properties":{"id":"wat1:01103203002","kind":"temple","name_th":"วัดทุ่งเศรษฐี","name_en":null,"address":"ถ.กาญจนาภิเษก(ตะวันออก) หมู่บ้านทุ่งเศรษฐี ม.8 แขวงดอกไม้ เขตประเวศ","district":"ประเวศ","sub_district":null,"province":"กรุงเทพมหานคร","temple_class":"วัดราษฎร์","sect":"มหานิกาย","established_be":"13-ต.ค.-29","source":"data.bangkok.go.th · wat1","source_url":"https://data.bangkok.go.th/dataset/wat1"}},{"type":"Feature","geometry":{"type":"Point","coordinates":[100.5634797,13.70821076]},"properties":{"id":"wat1:01103301001","kind":"temple","name_th":"วัดคลองเตยนอก","name_en":null,"address":"ถ.เกษมราษฎร์ แขวงคลองเตย เขตคลองเตย","district":"คลองเตย","sub_district":null,"province":"กรุงเทพมหานคร","temple_class":"วัดราษฎร์","sect":"มหานิกาย","established_be":"2370","source":"data.bangkok.go.th · wat1","source_url":"https://data.bangkok.go.th/dataset/wat1"}},{"type":"Feature","geometry":{"type":"Point","coordinates":[100.5612417,13.70950847]},"properties":{"id":"wat1:01103301002","kind":"temple","name_th":"วัดคลองเตยใน","name_en":null,"address":"ถ.เกษมราษฎร์ ม.6 แขวงคลองเตย เขตคลองเตย","district":"คลองเตย","sub_district":null,"province":"กรุงเทพมหานคร","temple_class":"วัดราษฎร์","sect":"มหานิกาย","established_be":"2375","source":"data.bangkok.go.th · wat1","source_url":"https://data.bangkok.go.th/dataset/wat1"}},{"type":"Feature","geometry":{"type":"Point","coordinates":[100.6266448,13.71242215]},"properties":{"id":"wat1:01103303001","kind":"temple","name_th":"วัดต้นไทรย์","name_en":null,"address":"ถ.สุขุมวิท ซอยอ่อนนุช29 แขวงสวนหลวง เขตสวนหลวง","district":"สวนหลวง","sub_district":null,"province":"กรุงเทพมหานคร","temple_class":"วัดราษฎร์","sect":"มหานิกาย","established_be":"2327","source":"data.bangkok.go.th · wat1","source_url":"https://data.bangkok.go.th/dataset/wat1"}},{"type":"Feature","geometry":{"type":"Point","coordinates":[100.6310505,13.71446303]},"properties":{"id":"wat1:01103303003","kind":"temple","name_th":"วัดปากบ่อ","name_en":null,"address":"ถ.อ่อนนุช 35 แขวงสวนหลวง เขตสวนหลวง","district":"สวนหลวง","sub_district":null,"province":"กรุงเทพมหานคร","temple_class":"วัดราษฎร์","sect":"มหานิกาย","established_be":"2352","source":"data.bangkok.go.th · wat1","source_url":"https://data.bangkok.go.th/dataset/wat1"}},{"type":"Feature","geometry":{"type":"Point","coordinates":[100.6412693,13.71485635]},"properties":{"id":"wat1:01103303004","kind":"temple","name_th":"วัดขจรศิริ","name_en":null,"address":"ถนนสุขุมวิท (ซอยอ่อนนุชกม.4-5) ม.1 แขวงพระโขนง เขตคลองเตย","district":"สวนหลวง","sub_district":null,"province":"กรุงเทพมหานคร","temple_class":"วัดราษฎร์","sect":"มหานิกาย","established_be":"2393","source":"data.bangkok.go.th · wat1","source_url":"https://data.bangkok.go.th/dataset/wat1"}},{"type":"Feature","geometry":{"type":"Point","coordinates":[100.6032484,13.71295466]},"properties":{"id":"wat1:01103303008","kind":"temple","name_th":"วัดใต้","name_en":null,"address":"ถ.สุขุมวิท 77 ซอยอ่อนนุช3 ม.11 แขวงพระโขนง เขตคลองเตย","district":"คลองเตย","sub_district":null,"province":"กรุงเทพมหานคร","temple_class":"วัดราษฎร์","sect":"มหานิกาย","established_be":"2346","source":"data.bangkok.go.th · wat1","source_url":"https://data.bangkok.go.th/dataset/wat1"}},{"type":"Feature","geometry":{"type":"Point","coordinates":[100.5878327,13.70418682]},"properties":{"id":"wat1:01103303009","kind":"temple","name_th":"วัดสะพานพระโขนง","name_en":null,"address":"ถ.ทางรถไฟสายเก่า แขวงพระโขนง เขตคลองเตย","district":"คลองเตย","sub_district":null,"province":"กรุงเทพมหานคร","temple_class":"วัดราษฎร์","sect":"มหานิกาย","established_be":"2400","source":"data.bangkok.go.th · wat1","source_url":"https://data.bangkok.go.th/dataset/wat1"}},{"type":"Feature","geometry":{"type":"Point","coordinates":[100.60706,13.71467444]},"properties":{"id":"wat1:01103401001","kind":"temple","name_th":"วัดมหาบุศย์","name_en":null,"address":"ถ.สุขุมวิท 77 (อ่อนนุช) ม.12 แขวงสวนหลวง เขตสวนหลวง","district":"สวนหลวง","sub_district":null,"province":"กรุงเทพมหานคร","temple_class":"วัดราษฎร์","sect":"มหานิกาย","established_be":"2305","source":"data.bangkok.go.th · wat1","source_url":"https://data.bangkok.go.th/dataset/wat1"}},{"type":"Feature","geometry":{"type":"Point","coordinates":[100.6215503,13.74600825]},"properties":{"id":"wat1:01103401002","kind":"temple","name_th":"วัดบ้านทุ่ง (วัดทุ่งเสรี)","name_en":null,"address":"ถ.เสรี 9 แขวงสวนหลวง เขตสวนหลวง","district":"สวนหลวง","sub_district":null,"province":"กรุงเทพมหานคร","temple_class":"วัดราษฎร์","sect":"มหานิกาย","established_be":"29-พ.ย.-28","source":"data.bangkok.go.th · wat1","source_url":"https://data.bangkok.go.th/dataset/wat1"}},{"type":"Feature","geometry":{"type":"Point","coordinates":[100.6216401,13.71198501]},"properties":{"id":"wat1:01103401003","kind":"temple","name_th":"วัดทองใน","name_en":null,"address":"ถ.อ่อนนุช ม.6 แขวงสวนหลวง เขตสวนหลวง","district":"สวนหลวง","sub_district":null,"province":"กรุงเทพมหานคร","temple_class":"วัดราษฎร์","sect":"มหานิกาย","established_be":"2340","source":"data.bangkok.go.th · wat1","source_url":"https://data.bangkok.go.th/dataset/wat1"}},{"type":"Feature","geometry":{"type":"Point","coordinates":[100.6191353,13.71073597]},"properties":{"id":"wat1:01103401004","kind":"temple","name_th":"วัดยาง (หลวงพ่อโต)","name_en":null,"address":"ถ.สุขุมวิท 77 ซอยอ่อนนุช23 ม.9 แขวงสวนหลวง เขตสวนหลวง","district":"สวนหลวง","sub_district":null,"province":"กรุงเทพมหานคร","temple_class":"พระอารามหลวง","sect":"มหานิกาย","established_be":"2394","source":"data.bangkok.go.th · wat1","source_url":"https://data.bangkok.go.th/dataset/wat1"}},{"type":"Feature","geometry":{"type":"Point","coordinates":[100.4572944,13.69031925]},"properties":{"id":"wat1:01103501001","kind":"temple","name_th":"วัดไทร","name_en":null,"address":"ถ.เอกชัย ม.2 แขวงบางขุนเทียน เขตจอมทอง","district":"จอมทอง","sub_district":null,"province":"กรุงเทพมหานคร","temple_class":"วัดราษฎร์","sect":"มหานิกาย","established_be":"2246","source":"data.bangkok.go.th · wat1","source_url":"https://data.bangkok.go.th/dataset/wat1"}},{"type":"Feature","geometry":{"type":"Point","coordinates":[100.4477597,13.68227567]},"properties":{"id":"wat1:01103501002","kind":"temple","name_th":"วัดสิงห์","name_en":null,"address":"ถ.เอกชัย แขวงบางขุนเทียน เขตจอมทอง","district":"จอมทอง","sub_district":null,"province":"กรุงเทพมหานคร","temple_class":"วัดราษฎร์","sect":"มหานิกาย","established_be":"2246","source":"data.bangkok.go.th · wat1","source_url":"https://data.bangkok.go.th/dataset/wat1"}},{"type":"Feature","geometry":{"type":"Point","coordinates":[100.4565752,13.69663313]},"properties":{"id":"wat1:01103501003","kind":"temple","name_th":"วัดแก้วไพฑูรย์","name_en":null,"address":"ถ.เอกชัย ม.10 แขวงบางขุนเทียน เขตจอมทอง","district":"จอมทอง","sub_district":null,"province":"กรุงเทพมหานคร","temple_class":"วัดราษฎร์","sect":"มหานิกาย","established_be":"2390","source":"data.bangkok.go.th · wat1","source_url":"https://data.bangkok.go.th/dataset/wat1"}},{"type":"Feature","geometry":{"type":"Point","coordinates":[100.4600722,13.69400911]},"properties":{"id":"wat1:01103501004","kind":"temple","name_th":"วัดบางประทุนนอก","name_en":null,"address":"ถ.เอกชัย ม.2 แขวงบางขุนเทียน เขตจอมทอง","district":"จอมทอง","sub_district":null,"province":"กรุงเทพมหานคร","temple_class":"วัดราษฎร์","sect":"มหานิกาย","established_be":"2394","source":"data.bangkok.go.th · wat1","source_url":"https://data.bangkok.go.th/dataset/wat1"}},{"type":"Feature","geometry":{"type":"Point","coordinates":[100.4650228,13.70517085]},"properties":{"id":"wat1:01103502001","kind":"temple","name_th":"วัดหนัง","name_en":null,"address":"ถ.วุฒากาศ แขวงบางค้อ เขตจอมทอง","district":"จอมทอง","sub_district":null,"province":"กรุงเทพมหานคร","temple_class":"พระอารามหลวง","sect":"มหานิกาย","established_be":"2260","source":"data.bangkok.go.th · wat1","source_url":"https://data.bangkok.go.th/dataset/wat1"}},{"type":"Feature","geometry":{"type":"Point","coordinates":[100.4663332,13.70327381]},"properties":{"id":"wat1:01103502002","kind":"temple","name_th":"วัดนางนอง","name_en":null,"address":"ถ.วุฒากาศ แขวงบางค้อ เขตจอมทอง","district":"จอมทอง","sub_district":null,"province":"กรุงเทพมหานคร","temple_class":"พระอารามหลวง","sect":"มหานิกาย","established_be":"2300","source":"data.bangkok.go.th · wat1","source_url":"https://data.bangkok.go.th/dataset/wat1"}},{"type":"Feature","geometry":{"type":"Point","coordinates":[100.4647919,13.70222532]},"properties":{"id":"wat1:01103502003","kind":"temple","name_th":"วัดราชโอรสาราม","name_en":null,"address":"ถ.ริมคลองด่าน แขวงบางค้อ เขตจอมทอง","district":"จอมทอง","sub_district":null,"province":"กรุงเทพมหานคร","temple_class":"วัดราษฎร์","sect":"มหานิกาย","established_be":"2364","source":"data.bangkok.go.th · wat1","source_url":"https://data.bangkok.go.th/dataset/wat1"}},{"type":"Feature","geometry":{"type":"Point","coordinates":[100.4610343,13.70607129]},"properties":{"id":"wat1:01103502004","kind":"temple","name_th":"วัดศาลาครืน","name_en":null,"address":"ถ.วุฒากาศ แขวงบางค้อ เขตจอมทอง","district":"จอมทอง","sub_district":null,"province":"กรุงเทพมหานคร","temple_class":"วัดราษฎร์","sect":"มหานิกาย","established_be":"2374","source":"data.bangkok.go.th · wat1","source_url":"https://data.bangkok.go.th/dataset/wat1"}},{"type":"Feature","geometry":{"type":"Point","coordinates":[100.4794754,13.69508709]},"properties":{"id":"wat1:01103502005","kind":"temple","name_th":"วัดมงคลวราราม","name_en":null,"address":"ถ.จอมทอง แขวงบางค้อ เขตจอมทอง","district":"จอมทอง","sub_district":null,"province":"กรุงเทพมหานคร","temple_class":"วัดราษฎร์","sect":"มหานิกาย","established_be":"2410","source":"data.bangkok.go.th · wat1","source_url":"https://data.bangkok.go.th/dataset/wat1"}},{"type":"Feature","geometry":{"type":"Point","coordinates":[100.4646527,13.67524298]},"properties":{"id":"wat1:01103503001","kind":"temple","name_th":"วัดยายร่ม","name_en":null,"address":"ถ.พระราม2 แขวงบางมด เขตจอมทอง","district":"จอมทอง","sub_district":null,"province":"กรุงเทพมหานคร","temple_class":"วัดราษฎร์","sect":"มหานิกาย","established_be":"2365","source":"data.bangkok.go.th · wat1","source_url":"https://data.bangkok.go.th/dataset/wat1"}},{"type":"Feature","geometry":{"type":"Point","coordinates":[100.4641823,13.67990115]},"properties":{"id":"wat1:01103503002","kind":"temple","name_th":"วัดสีสุก","name_en":null,"address":"ถ.พระราม2 แขวงบางมด เขตจอมทอง","district":"จอมทอง","sub_district":null,"province":"กรุงเทพมหานคร","temple_class":"วัดราษฎร์","sect":"มหานิกาย","established_be":"2420","source":"data.bangkok.go.th · wat1","source_url":"https://data.bangkok.go.th/dataset/wat1"}},{"type":"Feature","geometry":{"type":"Point","coordinates":[100.4781476,13.66898883]},"properties":{"id":"wat1:01103503003","kind":"temple","name_th":"วัดโพธิ์ทอง","name_en":null,"address":"ถ.สุขสวัสดิ์ 26 ม.4 แขวงบางมด เขตจอมทอง","district":"จอมทอง","sub_district":null,"province":"กรุงเทพมหานคร","temple_class":"วัดราษฎร์","sect":"มหานิกาย","established_be":"2450","source":"data.bangkok.go.th · wat1","source_url":"https://data.bangkok.go.th/dataset/wat1"}},{"type":"Feature","geometry":{"type":"Point","coordinates":[100.466182,13.6967843]},"properties":{"id":"wat1:01103504001","kind":"temple","name_th":"วัดบางขุนเทียนนอก","name_en":null,"address":"ถ.พระราม 2 ซอย 28 ม.7 แขวงจอมทอง เขตจอมทอง","district":"จอมทอง","sub_district":null,"province":"กรุงเทพมหานคร","temple_class":"วัดราษฎร์","sect":"มหานิกาย","established_be":"2246","source":"data.bangkok.go.th · wat1","source_url":"https://data.bangkok.go.th/dataset/wat1"}},{"type":"Feature","geometry":{"type":"Point","coordinates":[100.4664736,13.69609556]},"properties":{"id":"wat1:01103504002","kind":"temple","name_th":"วัดบางขุนเทียนกลาง","name_en":null,"address":"ถ.จอมทอง แขวงจอมทอง เขตจอมทอง","district":"จอมทอง","sub_district":null,"province":"กรุงเทพมหานคร","temple_class":"วัดราษฎร์","sect":"มหานิกาย","established_be":"2300","source":"data.bangkok.go.th · wat1","source_url":"https://data.bangkok.go.th/dataset/wat1"}},{"type":"Feature","geometry":{"type":"Point","coordinates":[100.4682689,13.69487361]},"properties":{"id":"wat1:01103504003","kind":"temple","name_th":"วัดบางขุนเทียนใน","name_en":null,"address":"ถ.พระราม 2 ซอย 28 ม.1 แขวงจอมทอง เขตจอมทอง","district":"จอมทอง","sub_district":null,"province":"กรุงเทพมหานคร","temple_class":"วัดราษฎร์","sect":"มหานิกาย","established_be":"2300","source":"data.bangkok.go.th · wat1","source_url":"https://data.bangkok.go.th/dataset/wat1"}},{"type":"Feature","geometry":{"type":"Point","coordinates":[100.4877755,13.68297863]},"properties":{"id":"wat1:01103504004","kind":"temple","name_th":"วัดโพธิ์แก้ว","name_en":null,"address":"ถ.พระราม2 (ธนบุรี-ปากท่อ) ม.3 แขวงบางมด เขตจอมทอง","district":"จอมทอง","sub_district":null,"province":"กรุงเทพมหานคร","temple_class":"วัดราษฎร์","sect":"มหานิกาย","established_be":"2349","source":"data.bangkok.go.th · wat1","source_url":"https://data.bangkok.go.th/dataset/wat1"}},{"type":"Feature","geometry":{"type":"Point","coordinates":[100.4799933,13.68772582]},"properties":{"id":"wat1:01103504005","kind":"temple","name_th":"วัดนาคนิมิตราษฎร์บำรุง","name_en":null,"address":"ถ.สุขสวัสดิ์ ซอย8 ม.5 แขวงจอมทอง เขตจอมทอง","district":"จอมทอง","sub_district":null,"province":"กรุงเทพมหานคร","temple_class":"วัดราษฎร์","sect":"มหานิกาย","established_be":"2405","source":"data.bangkok.go.th · wat1","source_url":"https://data.bangkok.go.th/dataset/wat1"}},{"type":"Feature","geometry":{"type":"Point","coordinates":[100.5669897,13.91395508]},"properties":{"id":"wat1:01103602001","kind":"temple","name_th":"วัดเวฬุวนาราม (วัดไผ่เขียว)","name_en":null,"address":"ถ.วัดเวฬุวนาราม แขวงดอนเมือง เขตดอนเมือง","district":"ดอนเมือง","sub_district":null,"province":"กรุงเทพมหานคร","temple_class":"วัดราษฎร์","sect":"มหานิกาย","established_be":"2445","source":"data.bangkok.go.th · wat1","source_url":"https://data.bangkok.go.th/dataset/wat1"}},{"type":"Feature","geometry":{"type":"Point","coordinates":[100.5664808,13.93182855]},"properties":{"id":"wat1:01103602002","kind":"temple","name_th":"วัดสีกัน","name_en":null,"address":"ถ.สรงประภา แขวงสีกัน เขตดอนเมือง","district":"ดอนเมือง","sub_district":null,"province":"กรุงเทพมหานคร","temple_class":"วัดราษฎร์","sect":"มหานิกาย","established_be":"28-ก.พ.-20","source":"data.bangkok.go.th · wat1","source_url":"https://data.bangkok.go.th/dataset/wat1"}},{"type":"Feature","geometry":{"type":"Point","coordinates":[100.5735663,13.94773672]},"properties":{"id":"wat1:01103602003","kind":"temple","name_th":"วัดคลองบ้านใหม่ (สันติบุญมาราม)","name_en":null,"address":"คลองบ้านใหม่ ม.6 แขวงสีกัน เขตดอนเมือง","district":"ดอนเมือง","sub_district":null,"province":"กรุงเทพมหานคร","temple_class":"วัดราษฎร์","sect":"มหานิกาย","established_be":"11-มิ.ย.-27","source":"data.bangkok.go.th · wat1","source_url":"https://data.bangkok.go.th/dataset/wat1"}},{"type":"Feature","geometry":{"type":"Point","coordinates":[100.5804985,13.91375944]},"properties":{"id":"wat1:01103602004","kind":"temple","name_th":"วัดเทพนิมิตต์","name_en":null,"address":"บ้านสีกัน ม.4 แขวงสีกัน เขตดอนเมือง","district":"ดอนเมือง","sub_district":null,"province":"กรุงเทพมหานคร","temple_class":"วัดราษฎร์","sect":"มหานิกาย","established_be":"9-ก.ค.-29","source":"data.bangkok.go.th · wat1","source_url":"https://data.bangkok.go.th/dataset/wat1"}},{"type":"Feature","geometry":{"type":"Point","coordinates":[100.5755916,13.92158282]},"properties":{"id":"wat1:01103602005","kind":"temple","name_th":"วัดพรหมรังษี","name_en":null,"address":"ถ.ช่างอากาศอุทิศ แขวงดอนเมือง เขตดอนเมือง","district":"ดอนเมือง","sub_district":null,"province":"กรุงเทพมหานคร","temple_class":"วัดราษฎร์","sect":"มหานิกาย","established_be":"9-ก.ค.-29","source":"data.bangkok.go.th · wat1","source_url":"https://data.bangkok.go.th/dataset/wat1"}},{"type":"Feature","geometry":{"type":"Point","coordinates":[100.5779724,13.92332099]},"properties":{"id":"wat1:01103602006","kind":"temple","name_th":"วัดสายอำพันธ์เอมสาร","name_en":null,"address":"ถ.ช่างอากาศอุทิศ แขวงดอนเมือง เขตดอนเมือง","district":"ดอนเมือง","sub_district":null,"province":"กรุงเทพมหานคร","temple_class":"วัดราษฎร์","sect":"มหานิกาย","established_be":"18-เม.ย.-46","source":"data.bangkok.go.th · wat1","source_url":"https://data.bangkok.go.th/dataset/wat1"}},{"type":"Feature","geometry":{"type":"Point","coordinates":[100.5360758,13.76777971]},"properties":{"id":"wat1:01103701001","kind":"temple","name_th":"วัดอภัยทายาราม (มะกอก)","name_en":null,"address":"ถ.ราชวิถี แขวงทุ่งพญาไท เขตราชเทวี","district":"ราชเทวี","sub_district":null,"province":"กรุงเทพมหานคร","temple_class":"วัดราษฎร์","sect":"มหานิกาย","established_be":"2340","source":"data.bangkok.go.th · wat1","source_url":"https://data.bangkok.go.th/dataset/wat1"}},{"type":"Feature","geometry":{"type":"Point","coordinates":[100.5210226,13.75239782]},"properties":{"id":"wat1:01103703001","kind":"temple","name_th":"วัดพระยายัง","name_en":null,"address":"ถ.พระรามที่6 แขวงถนนเพชรบุรี เขตราชเทวี","district":"ราชเทวี","sub_district":null,"province":"กรุงเทพมหานคร","temple_class":"วัดราษฎร์","sect":"ธรรมยุต","established_be":"2390","source":"data.bangkok.go.th · wat1","source_url":"https://data.bangkok.go.th/dataset/wat1"}},{"type":"Feature","geometry":{"type":"Point","coordinates":[100.5443299,13.76150004]},"properties":{"id":"wat1:01103704001","kind":"temple","name_th":"วัดทัศนารุณสุนทริการาม","name_en":null,"address":"ถ.ราชปรารภ แขวงมักกะสัน เขตราชเทวี","district":"ราชเทวี","sub_district":null,"province":"กรุงเทพมหานคร","temple_class":"วัดราษฎร์","sect":"มหานิกาย","established_be":"2320","source":"data.bangkok.go.th · wat1","source_url":"https://data.bangkok.go.th/dataset/wat1"}},{"type":"Feature","geometry":{"type":"Point","coordinates":[100.5511199,13.74920021]},"properties":{"id":"wat1:01103704002","kind":"temple","name_th":"วัดดิสหงษาราม (วัดมักกะสัน)","name_en":null,"address":"ถ.เพชรบุรีตัดใหม่ แขวงมักกะสัน เขตราชเทวี","district":"ราชเทวี","sub_district":null,"province":"กรุงเทพมหานคร","temple_class":"วัดราษฎร์","sect":"มหานิกาย","established_be":"2376","source":"data.bangkok.go.th · wat1","source_url":"https://data.bangkok.go.th/dataset/wat1"}},{"type":"Feature","geometry":{"type":"Point","coordinates":[100.589272,13.80377912]},"properties":{"id":"wat1:01103801001","kind":"temple","name_th":"วัดลาดพร้าว","name_en":null,"address":"ถ.โชคชัย 4 ซ.17(วัดลาดพร้าว) แขวงลาดพร้าว เขตลาดพร้าว","district":"ลาดพร้าว","sub_district":null,"province":"กรุงเทพมหานคร","temple_class":"วัดราษฎร์","sect":"มหานิกาย","established_be":"2434","source":"data.bangkok.go.th · wat1","source_url":"https://data.bangkok.go.th/dataset/wat1"}},{"type":"Feature","geometry":{"type":"Point","coordinates":[100.5905752,13.82544627]},"properties":{"id":"wat1:01103801002","kind":"temple","name_th":"วัดสิริกมลาวาส (วัดใหม่เสนานิคม)","name_en":null,"address":"ถ.สุขาภิบาล 1 แขวงลาดพร้าว เขตลาดพร้าว","district":"ลาดพร้าว","sub_district":null,"province":"กรุงเทพมหานคร","temple_class":"วัดราษฎร์","sect":"ธรรมยุต","established_be":"28-ธ.ค.-13","source":"data.bangkok.go.th · wat1","source_url":"https://data.bangkok.go.th/dataset/wat1"}},{"type":"Feature","geometry":{"type":"Point","coordinates":[100.6171603,13.82692656]},"properties":{"id":"wat1:01103801003","kind":"temple","name_th":"วัดสาครสุ่น ประชาสรรค์","name_en":null,"address":"ถ.เกษตร-นวมินทร์ แขวงลาดพร้าว เขตลาดพร้าว","district":"ลาดพร้าว","sub_district":null,"province":"กรุงเทพมหานคร","temple_class":"วัดราษฎร์","sect":"มหานิกาย","established_be":"6-ก.พ.-16","source":"data.bangkok.go.th · wat1","source_url":"https://data.bangkok.go.th/dataset/wat1"}},{"type":"Feature","geometry":{"type":"Point","coordinates":[100.6051881,13.84675532]},"properties":{"id":"wat1:01103802001","kind":"temple","name_th":"วัดลาดปลาเค้า","name_en":null,"address":"ถ.ลาดปลาเค้า แขวงจรเข้บัว เขตลาดพร้าว","district":"ลาดพร้าว","sub_district":null,"province":"กรุงเทพมหานคร","temple_class":"วัดราษฎร์","sect":"มหานิกาย","established_be":"2419","source":"data.bangkok.go.th · wat1","source_url":"https://data.bangkok.go.th/dataset/wat1"}},{"type":"Feature","geometry":{"type":"Point","coordinates":[100.5884308,13.74223757]},"properties":{"id":"wat1:01103902001","kind":"temple","name_th":"วัดภาษี","name_en":null,"address":"ถ.สุขุมวิท 63 ซอยเอกมัย 23 แขวงคลองตันเหนือ เขตวัฒนา","district":"วัฒนา","sub_district":null,"province":"กรุงเทพมหานคร","temple_class":"วัดราษฎร์","sect":"มหานิกาย","established_be":"2390","source":"data.bangkok.go.th · wat1","source_url":"https://data.bangkok.go.th/dataset/wat1"}},{"type":"Feature","geometry":{"type":"Point","coordinates":[100.5859228,13.71990001]},"properties":{"id":"wat1:01103903001","kind":"temple","name_th":"วัดธาตุทอง","name_en":null,"address":"ถ.สุขุมวิท แขวงพระโขนงเหนือ เขตวัฒนา","district":"วัฒนา","sub_district":null,"province":"กรุงเทพมหานคร","temple_class":"พระอารามหลวง","sect":"ธรรมยุต","established_be":"2481","source":"data.bangkok.go.th · wat1","source_url":"https://data.bangkok.go.th/dataset/wat1"}},{"type":"Feature","geometry":{"type":"Point","coordinates":[100.3546995,13.75001418]},"properties":{"id":"wat1:01104003001","kind":"temple","name_th":"วัดศาลาแดง","name_en":null,"address":"ถ.เลียบคลองทวีวัฒนา แขวงบางไผ่ เขตบางแค","district":"บางแค","sub_district":null,"province":"กรุงเทพมหานคร","temple_class":"วัดราษฎร์","sect":"มหานิกาย","established_be":"2419","source":"data.bangkok.go.th · wat1","source_url":"https://data.bangkok.go.th/dataset/wat1"}},{"type":"Feature","geometry":{"type":"Point","coordinates":[100.38774,13.72927387]},"properties":{"id":"wat1:01104003002","kind":"temple","name_th":"วัดบุณยประดิษฐ์","name_en":null,"address":"ถ.พุทธมณฑลสาย2 ม.2 แขวงบางไผ่ เขตบางแค","district":"บางแค","sub_district":null,"province":"กรุงเทพมหานคร","temple_class":"พระอารามหลวง","sect":"มหานิกาย","established_be":"2482","source":"data.bangkok.go.th · wat1","source_url":"https://data.bangkok.go.th/dataset/wat1"}},{"type":"Feature","geometry":{"type":"Point","coordinates":[100.3679624,13.72955601]},"properties":{"id":"wat1:01104003003","kind":"temple","name_th":"วัดพรหมสุวรรณสามัคคี","name_en":null,"address":"ถ.พุทรมณฑลสาย3 บ้านเศรษฐกิจ ม.4 แขวงบางไผ่ เขตบางแค","district":"บางแค","sub_district":null,"province":"กรุงเทพมหานคร","temple_class":"วัดราษฎร์","sect":"มหานิกาย","established_be":"27-ส.ค.-19","source":"data.bangkok.go.th · wat1","source_url":"https://data.bangkok.go.th/dataset/wat1"}},{"type":"Feature","geometry":{"type":"Point","coordinates":[100.3922968,13.69443586]},"properties":{"id":"wat1:01104004001","kind":"temple","name_th":"วัดม่วง","name_en":null,"address":"ถ.เพชรเกษม63 แขวงหลักสอง เขตบางแค","district":"บางแค","sub_district":null,"province":"กรุงเทพมหานคร","temple_class":"วัดราษฎร์","sect":"มหานิกาย","established_be":"2366","source":"data.bangkok.go.th · wat1","source_url":"https://data.bangkok.go.th/dataset/wat1"}},{"type":"Feature","geometry":{"type":"Point","coordinates":[100.3778675,13.70129653]},"properties":{"id":"wat1:01104004002","kind":"temple","name_th":"วัดราษฎร์บำรุง","name_en":null,"address":"ถ.เพชรเกษม69 ม.9 แขวงหลักสอง เขตบางแค","district":"บางแค","sub_district":null,"province":"กรุงเทพมหานคร","temple_class":"วัดราษฎร์","sect":"ธรรมยุต","established_be":"2425","source":"data.bangkok.go.th · wat1","source_url":"https://data.bangkok.go.th/dataset/wat1"}},{"type":"Feature","geometry":{"type":"Point","coordinates":[100.3735679,13.6885109]},"properties":{"id":"wat1:01104004003","kind":"temple","name_th":"วัดทองเนียม","name_en":null,"address":"ถ.เลียบคลองภาษีเจริญฝั่งเหนือ แขวงหนองแขม เขตหนองแขม","district":"หนองแขม","sub_district":null,"province":"กรุงเทพมหานคร","temple_class":"วัดราษฎร์","sect":"ธรรมยุต","established_be":"17-มี.ค.-35","source":"data.bangkok.go.th · wat1","source_url":"https://data.bangkok.go.th/dataset/wat1"}},{"type":"Feature","geometry":{"type":"Point","coordinates":[100.5823255,13.88848358]},"properties":{"id":"wat1:01104102001","kind":"temple","name_th":"วัดหลักสี่","name_en":null,"address":"ถ.กำแพงเพชร6 แขวงตลาดบางเขน เขตหลักสี่","district":"หลักสี่","sub_district":null,"province":"กรุงเทพมหานคร","temple_class":"พระอารามหลวง","sect":"มหานิกาย","established_be":"2421","source":"data.bangkok.go.th · wat1","source_url":"https://data.bangkok.go.th/dataset/wat1"}},{"type":"Feature","geometry":{"type":"Point","coordinates":[100.6863323,13.91945891]},"properties":{"id":"wat1:01104201001","kind":"temple","name_th":"วัดหนองใหญ่","name_en":null,"address":"ถ.สุขาภิบาล5 แขวงสายไหม เขตสายไหม","district":"สายไหม","sub_district":null,"province":"กรุงเทพมหานคร","temple_class":"วัดราษฎร์","sect":"มหานิกาย","established_be":"2439","source":"data.bangkok.go.th · wat1","source_url":"https://data.bangkok.go.th/dataset/wat1"}},{"type":"Feature","geometry":{"type":"Point","coordinates":[100.6383501,13.92552574]},"properties":{"id":"wat1:01104201002","kind":"temple","name_th":"วัดเจริญธรรมาราม","name_en":null,"address":"ถ.พหลโยธิน 54 บ้านสายไหม ม.5 เขตสายไหม เขตสายไหม","district":"สายไหม","sub_district":null,"province":"กรุงเทพมหานคร","temple_class":"วัดราษฎร์","sect":"มหานิกาย","established_be":"26-มิ.ย.-21","source":"data.bangkok.go.th · wat1","source_url":"https://data.bangkok.go.th/dataset/wat1"}},{"type":"Feature","geometry":{"type":"Point","coordinates":[100.6649052,13.90573185]},"properties":{"id":"wat1:01104202001","kind":"temple","name_th":"วัดอยู่ดีบำรุงธรรม (ออเงิน)","name_en":null,"address":"ถ.สุขาภิบาล3 แขวงออเงิน เขตสายไหม","district":"สายไหม","sub_district":null,"province":"กรุงเทพมหานคร","temple_class":"วัดราษฎร์","sect":"มหานิกาย","established_be":"2441","source":"data.bangkok.go.th · wat1","source_url":"https://data.bangkok.go.th/dataset/wat1"}},{"type":"Feature","geometry":{"type":"Point","coordinates":[100.662917,13.88515529]},"properties":{"id":"wat1:01104202002","kind":"temple","name_th":"วัดพรพระร่วงประสิทธิ","name_en":null,"address":"ถ.สุขาภิบาล5 ม.6 แขวงออเงิน เขตสายไหม","district":"สายไหม","sub_district":null,"province":"กรุงเทพมหานคร","temple_class":"วัดราษฎร์","sect":"มหานิกาย","established_be":"16-ส.ค.-10","source":"data.bangkok.go.th · wat1","source_url":"https://data.bangkok.go.th/dataset/wat1"}},{"type":"Feature","geometry":{"type":"Point","coordinates":[100.6823273,13.89280465]},"properties":{"id":"wat1:01104202003","kind":"temple","name_th":"วัดโคกจ้าหล่า","name_en":null,"address":"ถ.สุขาภิบาล5 ซอยจตุโชติ บ้านจ้าหล่า ม.7 แขวงออเงิน เขตสายไหม","district":"สายไหม","sub_district":null,"province":"กรุงเทพมหานคร","temple_class":"วัดราษฎร์","sect":"มหานิกาย","established_be":"19-เม.ย.-33","source":"data.bangkok.go.th · wat1","source_url":"https://data.bangkok.go.th/dataset/wat1"}},{"type":"Feature","geometry":{"type":"Point","coordinates":[100.6250127,13.88403643]},"properties":{"id":"wat1:01104203001","kind":"temple","name_th":"วัดราษฎร์นิยมธรรม (หนองผักชี)","name_en":null,"address":"ถ.พหลโยธิน 52 แขวงคลองถนน เขตสายไหม","district":"สายไหม","sub_district":null,"province":"กรุงเทพมหานคร","temple_class":"วัดราษฎร์","sect":"มหานิกาย","established_be":"2440","source":"data.bangkok.go.th · wat1","source_url":"https://data.bangkok.go.th/dataset/wat1"}},{"type":"Feature","geometry":{"type":"Point","coordinates":[100.6206829,13.89337522]},"properties":{"id":"wat1:01104203002","kind":"temple","name_th":"วัดอมราวราราม","name_en":null,"address":"ถ.พหลโยธิน 52 แขวงคลองถนน เขตสายไหม","district":"สายไหม","sub_district":null,"province":"กรุงเทพมหานคร","temple_class":"วัดราษฎร์","sect":"มหานิกาย","established_be":"24-ก.ค.-34","source":"data.bangkok.go.th · wat1","source_url":"https://data.bangkok.go.th/dataset/wat1"}},{"type":"Feature","geometry":{"type":"Point","coordinates":[100.6326199,13.90808318]},"properties":{"id":"wat1:01104203003","kind":"temple","name_th":"วัดเกาะสุวรรณาราม","name_en":null,"address":"ถ.พหลโยธิน 54 ซอยวัดเกาะสุวรรณาราม ม.3 แขวงคลองถนน เขตสายไหม","district":"สายไหม","sub_district":null,"province":"กรุงเทพมหานคร","temple_class":"วัดราษฎร์","sect":"มหานิกาย","established_be":"2420","source":"data.bangkok.go.th · wat1","source_url":"https://data.bangkok.go.th/dataset/wat1"}},{"type":"Feature","geometry":{"type":"Point","coordinates":[100.6955742,13.81982596]},"properties":{"id":"wat1:01104301001","kind":"temple","name_th":"วัดราษฎร์ศรัทธาราม","name_en":null,"address":"ถ.รามอินทรา แขวงคันนายาว เขตคันนายาว","district":"คันนายาว","sub_district":null,"province":"กรุงเทพมหานคร","temple_class":"วัดราษฎร์","sect":"มหานิกาย","established_be":"2435","source":"data.bangkok.go.th · wat1","source_url":"https://data.bangkok.go.th/dataset/wat1"}},{"type":"Feature","geometry":{"type":"Point","coordinates":[100.6722288,13.81851286]},"properties":{"id":"wat1:01104301002","kind":"temple","name_th":"วัดคลองครุ (ปัฐวิกรณ์)","name_en":null,"address":"ถ.สุขาภิบาล1(นวมินทร์ 74) บ้านคลองครุ ม.10 แขวงรามอินทรา เขตคันนายาว","district":"คันนายาว","sub_district":null,"province":"กรุงเทพมหานคร","temple_class":"วัดราษฎร์","sect":"มหานิกาย","established_be":"30-ต.ค.-28","source":"data.bangkok.go.th · wat1","source_url":"https://data.bangkok.go.th/dataset/wat1"}},{"type":"Feature","geometry":{"type":"Point","coordinates":[100.742034,13.84112037]},"properties":{"id":"wat1:01104347001","kind":"temple","name_th":"วัดจินดิตวิหาร","name_en":null,"address":"ถ.นิมิตรใหม่ บึงไผ่ ม.8 แขวงทรายกองดิน เขตคลองสามวา","district":"คลองสามวา","sub_district":null,"province":"กรุงเทพมหานคร","temple_class":"วัดราษฎร์","sect":"มหานิกาย","established_be":"15-ต.ค.-39","source":"data.bangkok.go.th · wat1","source_url":"https://data.bangkok.go.th/dataset/wat1"}},{"type":"Feature","geometry":{"type":"Point","coordinates":[100.6964286,13.75756206]},"properties":{"id":"wat1:01104401001","kind":"temple","name_th":"วัดลาดบัวขาว","name_en":null,"address":"ถ.กรุงเทพกรีฑา แขวงสะพานสูง เขตสะพานสูง","district":"สะพานสูง","sub_district":null,"province":"กรุงเทพมหานคร","temple_class":"วัดราษฎร์","sect":"มหานิกาย","established_be":"2310","source":"data.bangkok.go.th · wat1","source_url":"https://data.bangkok.go.th/dataset/wat1"}},{"type":"Feature","geometry":{"type":"Point","coordinates":[100.6262568,13.79681212]},"properties":{"id":"wat1:01104501001","kind":"temple","name_th":"วัดบึงทองหลาง","name_en":null,"address":"ถ.ลาดพร้าว 101 แขวงคลองจั่น เขตบางกะปิ","district":"บางกะปิ","sub_district":null,"province":"กรุงเทพมหานคร","temple_class":"วัดราษฎร์","sect":"มหานิกาย","established_be":"2419","source":"data.bangkok.go.th · wat1","source_url":"https://data.bangkok.go.th/dataset/wat1"}},{"type":"Feature","geometry":{"type":"Point","coordinates":[100.599079,13.78384773]},"properties":{"id":"wat1:01104501002","kind":"temple","name_th":"วัดสามัคคีธรรม","name_en":null,"address":"ถ.ลาดพร้าว แขวงวังทองหลาง เขตวังทองหลาง","district":"วังทองหลาง","sub_district":null,"province":"กรุงเทพมหานคร","temple_class":"วัดราษฎร์","sect":"มหานิกาย","established_be":"25-ก.ย.-10","source":"data.bangkok.go.th · wat1","source_url":"https://data.bangkok.go.th/dataset/wat1"}},{"type":"Feature","geometry":{"type":"Point","coordinates":[100.7071795,13.88660349]},"properties":{"id":"wat1:01104601001","kind":"temple","name_th":"วัดแป้นทองโสภาราม","name_en":null,"address":"ถ.หทัหราษฎร์ แขวงสามวาตะวันตก เขตคลองสามวา","district":"คลองสามวา","sub_district":null,"province":"กรุงเทพมหานคร","temple_class":"วัดราษฎร์","sect":"มหานิกาย","established_be":"2424","source":"data.bangkok.go.th · wat1","source_url":"https://data.bangkok.go.th/dataset/wat1"}},{"type":"Feature","geometry":{"type":"Point","coordinates":[100.6847501,13.87341822]},"properties":{"id":"wat1:01104601002","kind":"temple","name_th":"วัดพระยาสุเรนทร์","name_en":null,"address":"ถ.พระยาสุเรนทร์ ม.8 แขวงสามวาตะวันตก เขตคลองสามวา","district":"คลองสามวา","sub_district":null,"province":"กรุงเทพมหานคร","temple_class":"วัดราษฎร์","sect":"มหานิกาย","established_be":"2427","source":"data.bangkok.go.th · wat1","source_url":"https://data.bangkok.go.th/dataset/wat1"}},{"type":"Feature","geometry":{"type":"Point","coordinates":[100.7919531,13.92031415]},"properties":{"id":"wat1:01104602001","kind":"temple","name_th":"วัดศรีสุขสถาพรราษฎรศรัทธาธรรม","name_en":null,"address":"ถ.ไมตรีจิต คลองซอยที่ 9 ม.8 แขวงสามวาตะวันออก เขตคลองสามวา","district":"คลองสามวา","sub_district":null,"province":"กรุงเทพมหานคร","temple_class":"วัดราษฎร์","sect":"มหานิกาย","established_be":"2410","source":"data.bangkok.go.th · wat1","source_url":"https://data.bangkok.go.th/dataset/wat1"}},{"type":"Feature","geometry":{"type":"Point","coordinates":[100.7527802,13.91716445]},"properties":{"id":"wat1:01104602002","kind":"temple","name_th":"วัดลำกระดาน","name_en":null,"address":"ถ.นิมิตรใหม่ ม.10 แขวงสามวาตะวันออก เขตคลองสามวา","district":"คลองสามวา","sub_district":null,"province":"กรุงเทพมหานคร","temple_class":"วัดราษฎร์","sect":"มหานิกาย","established_be":"2426","source":"data.bangkok.go.th · wat1","source_url":"https://data.bangkok.go.th/dataset/wat1"}},{"type":"Feature","geometry":{"type":"Point","coordinates":[100.7299515,13.87956506]},"properties":{"id":"wat1:01104602003","kind":"temple","name_th":"วัดสุทธิสะอาด","name_en":null,"address":"ถ.นิมิตรใหม่ แขวงสามวาตะวันออก เขตคลองสามวา","district":"คลองสามวา","sub_district":null,"province":"กรุงเทพมหานคร","temple_class":"วัดราษฎร์","sect":"มหานิกาย","established_be":"2436","source":"data.bangkok.go.th · wat1","source_url":"https://data.bangkok.go.th/dataset/wat1"}},{"type":"Feature","geometry":{"type":"Point","coordinates":[100.7739729,13.87025647]},"properties":{"id":"wat1:01104602004","kind":"temple","name_th":"วัดสุขใจ","name_en":null,"address":"ถ.นิมิตรใหม่ แขวงคลองสามวาตะวันออก เขตคลองสามวา","district":"คลองสามวา","sub_district":null,"province":"กรุงเทพมหานคร","temple_class":"วัดราษฎร์","sect":"มหานิกาย","established_be":"2440","source":"data.bangkok.go.th · wat1","source_url":"https://data.bangkok.go.th/dataset/wat1"}},{"type":"Feature","geometry":{"type":"Point","coordinates":[100.7425414,13.88309097]},"properties":{"id":"wat1:01104602005","kind":"temple","name_th":"วัดบ้านกลาง","name_en":null,"address":"221 ม.21 แขวงคลองสามวาตะวันออก เขตคลองสามวา","district":"คลองสามวา","sub_district":null,"province":"กรุงเทพมหานคร","temple_class":"วัดราษฎร์","sect":"มหานิกาย","established_be":"4-ก.ค.-59","source":"data.bangkok.go.th · wat1","source_url":"https://data.bangkok.go.th/dataset/wat1"}},{"type":"Feature","geometry":{"type":"Point","coordinates":[100.6719734,13.8526718]},"properties":{"id":"wat1:01104603003","kind":"temple","name_th":"วัดคู้บอน","name_en":null,"address":"ถ.คันนายาว ม.7 แขวงบางชัน เขตคลองสามวา","district":"คลองสามวา","sub_district":null,"province":"กรุงเทพมหานคร","temple_class":"วัดราษฎร์","sect":"มหานิกาย","established_be":"2435","source":"data.bangkok.go.th · wat1","source_url":"https://data.bangkok.go.th/dataset/wat1"}},{"type":"Feature","geometry":{"type":"Point","coordinates":[100.693612,13.85414098]},"properties":{"id":"wat1:01104603005","kind":"temple","name_th":"วัดสัมมาชัญญาวาส","name_en":null,"address":"ถ.พระยาสุเรนทร์ แขวงบางชัน เขตคลองสามวา","district":"คลองสามวา","sub_district":null,"province":"กรุงเทพมหานคร","temple_class":"วัดราษฎร์","sect":"ธรรมยุต","established_be":"4-ก.ย.-21","source":"data.bangkok.go.th · wat1","source_url":"https://data.bangkok.go.th/dataset/wat1"}},{"type":"Feature","geometry":{"type":"Point","coordinates":[100.7300871,13.85040615]},"properties":{"id":"wat1:01104604001","kind":"temple","name_th":"วัดบัวแก้วศรัทธาธรรม","name_en":null,"address":"ถ.นิมิตรใหม่ ม.2 แขวงทรายกองดิน เขตคลองสามวา","district":"คลองสามวา","sub_district":null,"province":"กรุงเทพมหานคร","temple_class":"วัดราษฎร์","sect":"มหานิกาย","established_be":"2422","source":"data.bangkok.go.th · wat1","source_url":"https://data.bangkok.go.th/dataset/wat1"}},{"type":"Feature","geometry":{"type":"Point","coordinates":[100.5876409,13.67558826]},"properties":{"id":"wat1:01104701001","kind":"temple","name_th":"วัดบางนานอก","name_en":null,"address":"ถ.สรรพาวุธ ม.3 แขวงบางนา เขตบางนา","district":"บางนา","sub_district":null,"province":"กรุงเทพมหานคร","temple_class":"วัดราษฎร์","sect":"มหานิกาย","established_be":"2425","source":"data.bangkok.go.th · wat1","source_url":"https://data.bangkok.go.th/dataset/wat1"}},{"type":"Feature","geometry":{"type":"Point","coordinates":[100.6040608,13.67050198]},"properties":{"id":"wat1:01104701002","kind":"temple","name_th":"วัดบางนาใน","name_en":null,"address":"ถ.สุขุมวิท แขวงบางนา เขตบางนา","district":"บางนา","sub_district":null,"province":"กรุงเทพมหานคร","temple_class":"พระอารามหลวง","sect":"มหานิกาย","established_be":"2433","source":"data.bangkok.go.th · wat1","source_url":"https://data.bangkok.go.th/dataset/wat1"}},{"type":"Feature","geometry":{"type":"Point","coordinates":[100.6300483,13.6535109]},"properties":{"id":"wat1:01104701003","kind":"temple","name_th":"วัดผ่องพลอยวิริยาราม","name_en":null,"address":"ถ.สุขุมวิท 105 (ลาซาล) ม.7 แขวงบางนา เขตบางนา","district":"บางนา","sub_district":null,"province":"กรุงเทพมหานคร","temple_class":"วัดราษฎร์","sect":"ธรรมยุต","established_be":"28-ธ.ค.-13","source":"data.bangkok.go.th · wat1","source_url":"https://data.bangkok.go.th/dataset/wat1"}},{"type":"Feature","geometry":{"type":"Point","coordinates":[100.6436837,13.66847076]},"properties":{"id":"wat1:01104701004","kind":"temple","name_th":"วัดศรีเอี่ยม","name_en":null,"address":"ถ.บางนา-ตราด กม.4 ตัดกับถ.ศรีนครินทร์ แขวงบางนา เขตบางนา","district":"บางนา","sub_district":null,"province":"กรุงเทพมหานคร","temple_class":"วัดราษฎร์","sect":"มหานิกาย","established_be":"8-มิ.ย.-22","source":"data.bangkok.go.th · wat1","source_url":"https://data.bangkok.go.th/dataset/wat1"}},{"type":"Feature","geometry":{"type":"Point","coordinates":[100.337965,13.77351005]},"properties":{"id":"wat1:01104801001","kind":"temple","name_th":"วัดสุทธิจิตตาราม","name_en":null,"address":"ชุมชนหมู่บ้านร่วมเกื้อ ม.3 แขวงทวีวัฒนา เขตทวีวัฒนา","district":"ทวีวัฒนา","sub_district":null,"province":"กรุงเทพมหานคร","temple_class":"วัดราษฎร์","sect":"มหานิกาย","established_be":"22-ส.ค.-57","source":"data.bangkok.go.th · wat1","source_url":"https://data.bangkok.go.th/dataset/wat1"}},{"type":"Feature","geometry":{"type":"Point","coordinates":[100.3358316,13.80333543]},"properties":{"id":"wat1:01104802001","kind":"temple","name_th":"วัดปุรณาวาส(วัดราชบุญธรรม)","name_en":null,"address":"ถ.ศาลาธรรมสพน์ แขวงศาลาธรรมสพน์ เขตทวีวัฒนา","district":"ทวีวัฒนา","sub_district":null,"province":"กรุงเทพมหานคร","temple_class":"วัดราษฎร์","sect":"มหานิกาย","established_be":"2387","source":"data.bangkok.go.th · wat1","source_url":"https://data.bangkok.go.th/dataset/wat1"}},{"type":"Feature","geometry":{"type":"Point","coordinates":[100.3642863,13.77021066]},"properties":{"id":"wat1:01104802002","kind":"temple","name_th":"วัดโกมุทพุทธรังสี","name_en":null,"address":"ถ.พุทธมณฑลสาย 3 (เพชรเกษม 104) ม.12 แขวงศาลาธรรมสพน์ เขตทวีวัฒนา","district":"ทวีวัฒนา","sub_district":null,"province":"กรุงเทพมหานคร","temple_class":"วัดราษฎร์","sect":"มหานิกาย","established_be":"28-ก.พ.-40","source":"data.bangkok.go.th · wat1","source_url":"https://data.bangkok.go.th/dataset/wat1"}},{"type":"Feature","geometry":{"type":"Point","coordinates":[100.4728177,13.65028152]},"properties":{"id":"wat1:01104901002","kind":"temple","name_th":"วัดพุทธบูชา","name_en":null,"address":"ถ.พุทธบูชา 30 แขวงบางมด เขตทุ่งครุ","district":"ทุ่งครุ","sub_district":null,"province":"กรุงเทพมหานคร","temple_class":"วัดราษฎร์","sect":"ธรรมยุต","established_be":"2-พ.ย.-97","source":"data.bangkok.go.th · wat1","source_url":"https://data.bangkok.go.th/dataset/wat1"}},{"type":"Feature","geometry":{"type":"Point","coordinates":[100.511294,13.65689308]},"properties":{"id":"wat1:01104901003","kind":"temple","name_th":"วัดบางมดโสธาราม(วัดกลางนา)","name_en":null,"address":"ถ.ประชาราษฎร์อุทิศ แขวงบางมด เขตทุ่งครุ","district":"ทุ่งครุ","sub_district":null,"province":"กรุงเทพมหานคร","temple_class":"วัดราษฎร์","sect":"มหานิกาย","established_be":"26-ก.ย.-31","source":"data.bangkok.go.th · wat1","source_url":"https://data.bangkok.go.th/dataset/wat1"}},{"type":"Feature","geometry":{"type":"Point","coordinates":[100.4761131,13.6599614]},"properties":{"id":"wat1:01104901004","kind":"temple","name_th":"วัดหลวงพ่อโอภาสี","name_en":null,"address":"ถ.พุทธบูชา ซ.31 แขวงบางมด เขตทุ่งครุ","district":"ทุ่งครุ","sub_district":null,"province":"กรุงเทพมหานคร","temple_class":"วัดราษฎร์","sect":"มหานิกาย","established_be":"5-มี.ค.-36","source":"data.bangkok.go.th · wat1","source_url":"https://data.bangkok.go.th/dataset/wat1"}},{"type":"Feature","geometry":{"type":"Point","coordinates":[100.5106762,13.61932888]},"properties":{"id":"wat1:01104902001","kind":"temple","name_th":"วัดทุ่งครุ","name_en":null,"address":"ถ.ประชาอุทิศ ม.5 แขวงทุ่งครุ เขตทุ่ง","district":"ทุ่งครุ","sub_district":null,"province":"กรุงเทพมหานคร","temple_class":"วัดราษฎร์","sect":"มหานิกาย","established_be":"2451","source":"data.bangkok.go.th · wat1","source_url":"https://data.bangkok.go.th/dataset/wat1"}},{"type":"Feature","geometry":{"type":"Point","coordinates":[100.3795495,13.64081025]},"properties":{"id":"wat1:01105001001","kind":"temple","name_th":"วัดบางบอน (ตาเฉย)","name_en":null,"address":"ถ.เอกชัย ม.3 แขวงบางบอน เขตบางบอน","district":"บางบอน","sub_district":null,"province":"กรุงเทพมหานคร","temple_class":"วัดราษฎร์","sect":"มหานิกาย","established_be":"2453","source":"data.bangkok.go.th · wat1","source_url":"https://data.bangkok.go.th/dataset/wat1"}},{"type":"Feature","geometry":{"type":"Point","coordinates":[100.4046091,13.67371938]},"properties":{"id":"wat1:01105001002","kind":"temple","name_th":"วัดนินสุขาราม","name_en":null,"address":"ถ.กาญจนาภิเษก ม.10 แขวงบางบอน เขตบางบอน","district":"บางบอน","sub_district":null,"province":"กรุงเทพมหานคร","temple_class":"วัดราษฎร์","sect":"มหานิกาย","established_be":"20-ส.ค.-11","source":"data.bangkok.go.th · wat1","source_url":"https://data.bangkok.go.th/dataset/wat1"}},{"type":"Feature","geometry":{"type":"Point","coordinates":[100.3934686,13.64056079]},"properties":{"id":"wat1:01105001005","kind":"temple","name_th":"วัดโพธิ์พุฒตาล","name_en":null,"address":"ม.3 แขวงบางบอน เขตบางบอน","district":"บางบอน","sub_district":null,"province":"กรุงเทพมหานคร","temple_class":"วัดราษฎร์","sect":"มหานิกาย","established_be":"11-มี.ค.-54","source":"data.bangkok.go.th · wat1","source_url":"https://data.bangkok.go.th/dataset/wat1"}},{"type":"Feature","geometry":{"type":"Point","coordinates":[100.3587125,13.69850066]},"properties":{"id":"wat1:62110230001","kind":"temple","name_th":"วัดระฆังพรหมรังสี","name_en":null,"address":"แขวงหนองแขม เขตหนองแขม กทม.","district":"หนองแขม","sub_district":null,"province":"กรุงเทพมหานคร","temple_class":"วัดราษฎร์","sect":"มหานิกาย","established_be":"22-มี.ค.-62","source":"data.bangkok.go.th · wat1","source_url":"https://data.bangkok.go.th/dataset/wat1"}},{"type":"Feature","geometry":{"type":"Point","coordinates":[100.6796087,13.90071407]},"properties":{"id":"wat1:63110420001","kind":"temple","name_th":"วัดพุทธญาณวิสุทธิ์","name_en":null,"address":"แขวงออเงิน เขตสายไหม กทม.","district":"สายไหม","sub_district":null,"province":"กรุงเทพมหานคร","temple_class":"วัดราษฎร์","sect":"มหานิกาย","established_be":"24 ก.พ. 25630","source":"data.bangkok.go.th · wat1","source_url":"https://data.bangkok.go.th/dataset/wat1"}},{"type":"Feature","geometry":{"type":"Point","coordinates":[100.3335951,13.76620234]},"properties":{"id":"wat1:63210480001","kind":"temple","name_th":"วัดอุดมธรรมวิมุตติ","name_en":null,"address":"2/4 หมู่ 8 แขวงทวีวัฒนา เขตทวีวัฒนา กทม. 10170","district":"ทวีวัฒนา","sub_district":null,"province":"กรุงเทพมหานคร","temple_class":"วัดราษฎร์","sect":"ธรรมยุต","established_be":"26-ต.ค.-63","source":"data.bangkok.go.th · wat1","source_url":"https://data.bangkok.go.th/dataset/wat1"}},{"type":"Feature","geometry":{"type":"Point","coordinates":[100.4344997,13.76398104]},"properties":{"id":"wat1:64110190001","kind":"temple","name_th":"วัดโพธิ์ราม","name_en":null,"address":"เบลวีเดียร์ 25 ซ. พุทธมณฑลสาย1 ซอย 14 แขวงบางระมาด เขตตลิ่งชัน กรุงเทพมหานคร 10170","district":"ตลิ่งชัน","sub_district":null,"province":"กรุงเทพมหานคร","temple_class":"วัดราษฎร์","sect":"มหานิกาย","established_be":"31-พ.ค.-64","source":"data.bangkok.go.th · wat1","source_url":"https://data.bangkok.go.th/dataset/wat1"}},{"type":"Feature","geometry":{"type":"Point","coordinates":[100.4497365,13.69559757]},"properties":{"id":"wat1:65110350001","kind":"temple","name_th":"วัดป่าธรรมไพศาล","name_en":null,"address":"19 หมู่ 9 ซ. เอกชัย 30 แขวงบางขุนเทียน เขตจอมทอง กรุงเทพมหานคร 10150","district":"จอมทอง","sub_district":null,"province":"กรุงเทพมหานคร","temple_class":"วัดราษฎร์","sect":"มหานิกาย","established_be":"26-ม.ค.-65","source":"data.bangkok.go.th · wat1","source_url":"https://data.bangkok.go.th/dataset/wat1"}},{"type":"Feature","geometry":{"type":"Point","coordinates":[100.4416531,13.68752718]},"properties":{"id":"wat1:65110500001","kind":"temple","name_th":"วัดวิสุทธารัตนาราม (วัดน้อย)","name_en":null,"address":"107 ซอย กำนันแม้น 5 คลองบางพราน เขตบางบอน กรุงเทพมหานคร 10150","district":"บางบอน","sub_district":null,"province":"กรุงเทพมหานคร","temple_class":"วัดราษฎร์","sect":"มหานิกาย","established_be":"26-พ.ค.-65","source":"data.bangkok.go.th · wat1","source_url":"https://data.bangkok.go.th/dataset/wat1"}}]}