{"type":"FeatureCollection","features":[{"type":"Feature","id":1,"geometry":{"type":"Polygon","coordinates":[[[100.516929,13.636345],[100.516496,13.636454],[100.515365,13.636242],[100.515165,13.636128],[100.514924,13.635941],[100.514686,13.635795],[100.514232,13.635535],[100.514171,13.635526],[100.513887,13.635548],[100.51334,13.635678],[100.513227,13.635746],[100.513074,13.635879],[100.512629,13.636069],[100.512299,13.636233],[100.512193,13.636269],[100.511801,13.636352],[100.511367,13.636369],[100.510967,13.636242],[100.51081,13.636163],[100.51029,13.636045],[100.510134,13.635965],[100.509893,13.635766],[100.509108,13.635031],[100.508944,13.634829],[100.508788,13.63467],[100.508738,13.634637],[100.508674,13.634627],[100.508553,13.634652],[100.50821,13.634831],[100.507994,13.6351],[100.507859,13.635147],[100.507603,13.635198],[100.507473,13.635248],[100.506901,13.63564],[100.506586,13.635977],[100.506539,13.636086],[100.506495,13.636289],[100.506495,13.636374],[100.50654,13.636597],[100.506544,13.636759],[100.506435,13.637276],[100.506344,13.63749],[100.506008,13.638146],[100.505966,13.638329],[100.506002,13.638426],[100.506147,13.638673],[100.506171,13.638769],[100.506151,13.638938],[100.506052,13.639222],[100.506002,13.639319],[100.505745,13.639537],[100.505391,13.639992],[100.505337,13.640115],[100.505307,13.640361],[100.505253,13.640456],[100.505017,13.640731],[100.50456,13.641166],[100.504445,13.641338],[100.504233,13.641758],[100.503878,13.642577],[100.503857,13.642654],[100.503838,13.643047],[100.50388,13.644489],[100.503731,13.644424],[100.503069,13.64403],[100.501734,13.643133],[100.501099,13.642734],[100.499649,13.641781],[100.498843,13.641347],[100.49862,13.641177],[100.498371,13.640878],[100.498114,13.640672],[100.497802,13.640454],[100.497457,13.640162],[100.497245,13.639928],[100.496811,13.639398],[100.496731,13.639334],[100.496615,13.639304],[100.496522,13.639317],[100.496463,13.639348],[100.496377,13.639415],[100.49618,13.639738],[100.49606,13.639879],[100.49597,13.639906],[100.495898,13.639892],[100.495856,13.639866],[100.495742,13.639731],[100.495649,13.639566],[100.495407,13.638927],[100.495226,13.63866],[100.49514,13.638285],[100.495065,13.638076],[100.494986,13.637779],[100.494863,13.637433],[100.494647,13.636451],[100.494458,13.635947],[100.493946,13.634889],[100.493667,13.634277],[100.493178,13.633063],[100.493099,13.632913],[100.49289,13.63263],[100.49426,13.631947],[100.495111,13.631626],[100.495652,13.631381],[100.495757,13.631368],[100.495794,13.631389],[100.495841,13.631457],[100.495888,13.631461],[100.496473,13.63131],[100.496707,13.631221],[100.497819,13.631351],[100.497951,13.631416],[100.498157,13.63163],[100.498375,13.631726],[100.498544,13.631756],[100.49861,13.631756],[100.498817,13.631662],[100.499096,13.631365],[100.499222,13.631362],[100.499307,13.631381],[100.499612,13.631455],[100.499832,13.631533],[100.499923,13.631602],[100.500063,13.631743],[100.50025,13.631847],[100.500702,13.632154],[100.501042,13.632196],[100.501112,13.632191],[100.50113,13.632174],[100.50112,13.632066],[100.501132,13.631792],[100.501229,13.631509],[100.501394,13.630909],[100.501472,13.63071],[100.501518,13.630502],[100.501558,13.630449],[100.501668,13.630361],[100.50193,13.630199],[100.502012,13.630063],[100.502102,13.629552],[100.50211,13.629191],[100.502158,13.629056],[100.502366,13.62867],[100.502385,13.628574],[100.502377,13.628465],[100.502402,13.628363],[100.502519,13.628271],[100.502849,13.628082],[100.503071,13.627854],[100.503203,13.627687],[100.503396,13.62735],[100.503582,13.626949],[100.503657,13.626864],[100.503691,13.626717],[100.503857,13.626249],[100.503922,13.626151],[100.504092,13.625819],[100.504627,13.625034],[100.504859,13.624735],[100.50496,13.624702],[100.505434,13.624286],[100.506183,13.62341],[100.50641,13.623181],[100.506817,13.622844],[100.506945,13.622775],[100.507082,13.622751],[100.50754,13.622762],[100.507692,13.62279],[100.507855,13.622869],[100.507978,13.62297],[100.508134,13.623172],[100.508199,13.623211],[100.508226,13.623255],[100.508418,13.62309],[100.508602,13.622897],[100.508787,13.622647],[100.509146,13.62207],[100.509428,13.621517],[100.510535,13.621524],[100.51192,13.621674],[100.513745,13.621978],[100.515291,13.622807],[100.515516,13.622913],[100.515496,13.623107],[100.515457,13.623235],[100.515406,13.623575],[100.515376,13.623686],[100.515266,13.623899],[100.515145,13.624039],[100.515044,13.624248],[100.514991,13.624399],[100.514989,13.624476],[100.515073,13.624818],[100.515074,13.625252],[100.515125,13.625615],[100.515041,13.626123],[100.515073,13.626428],[100.515061,13.62656],[100.514983,13.626733],[100.514775,13.626985],[100.514451,13.62734],[100.514393,13.627425],[100.514338,13.627678],[100.514347,13.628029],[100.51427,13.628391],[100.514262,13.628628],[100.514304,13.628706],[100.514516,13.628915],[100.514581,13.628948],[100.514853,13.629022],[100.514958,13.629086],[100.514988,13.629197],[100.514944,13.629625],[100.514929,13.62995],[100.514942,13.630015],[100.515204,13.63032],[100.515784,13.630877],[100.515961,13.63102],[100.516191,13.631262],[100.516457,13.631718],[100.516541,13.631817],[100.516935,13.632522],[100.517219,13.632959],[100.517327,13.633258],[100.518103,13.63489],[100.518099,13.63496],[100.517764,13.635124],[100.517652,13.635209],[100.517336,13.635667],[100.51718,13.635858],[100.516929,13.636345]]]},"properties":{"fd_name":"พท.ถ.ประชาอุทิศ","district_t":"เขตทุ่งครุ","year":"2567","owner":"สำนักการระบายน้ำ","name":"พท.ถ.ประชาอุทิศ","district":"เขตทุ่งครุ"}},{"type":"Feature","id":2,"geometry":{"type":"Polygon","coordinates":[[[100.432541,13.658047],[100.432482,13.658293],[100.430909,13.65735],[100.429494,13.656416],[100.428635,13.655815],[100.425966,13.65385],[100.426002,13.6534],[100.425988,13.653247],[100.426008,13.652707],[100.426055,13.651946],[100.42609,13.651682],[100.426239,13.651355],[100.426354,13.650995],[100.42656,13.650022],[100.426678,13.649602],[100.426855,13.649347],[100.427127,13.649087],[100.428583,13.647562],[100.429269,13.646894],[100.42936,13.646756],[100.429702,13.645923],[100.429664,13.642973],[100.42974,13.63881],[100.429363,13.63788],[100.429297,13.637331],[100.430146,13.631888],[100.430013,13.628469],[100.430974,13.627962],[100.431247,13.627794],[100.43236,13.627174],[100.433888,13.627123],[100.434912,13.627801],[100.43684,13.628957],[100.436878,13.62896],[100.436899,13.628944],[100.436999,13.628755],[100.437056,13.628731],[100.438711,13.629146],[100.43877,13.629158],[100.438824,13.62913],[100.437155,13.636739],[100.437151,13.636911],[100.437047,13.637544],[100.436853,13.638397],[100.436713,13.639213],[100.436244,13.641277],[100.436175,13.641751],[100.435593,13.644416],[100.435497,13.6448],[100.435418,13.64526],[100.43531,13.645614],[100.435193,13.646144],[100.434748,13.647857],[100.434592,13.648668],[100.434538,13.649031],[100.434369,13.649648],[100.434173,13.650527],[100.43414,13.650699],[100.434123,13.650923],[100.433928,13.651877],[100.433911,13.652057],[100.433739,13.652821],[100.433552,13.653509],[100.433462,13.653962],[100.43345,13.65412],[100.433472,13.654104],[100.433429,13.654172],[100.433353,13.654553],[100.433127,13.655341],[100.432906,13.656392],[100.432864,13.65669],[100.432766,13.657156],[100.432541,13.658047]]]},"properties":{"fd_name":"พท.ถ.บางขุนเทียนชายทะเล","district_t":"เขตบางขุนเทียน","year":"2567","owner":"สำนักการระบายน้ำ","name":"พท.ถ.บางขุนเทียนชายทะเล","district":"เขตบางขุนเทียน"}},{"type":"Feature","id":3,"geometry":{"type":"Polygon","coordinates":[[[100.426184,13.707315],[100.426168,13.707444],[100.426145,13.708672],[100.426068,13.709937],[100.426042,13.710738],[100.425987,13.711153],[100.425909,13.712004],[100.425765,13.713777],[100.425731,13.715264],[100.425073,13.715363],[100.424914,13.715363],[100.424858,13.715339],[100.424758,13.715327],[100.424011,13.715373],[100.423007,13.715541],[100.422893,13.715546],[100.422621,13.715515],[100.421838,13.715468],[100.421057,13.715616],[100.420683,13.715574],[100.420049,13.715555],[100.419681,13.715588],[100.418845,13.715709],[100.418456,13.715733],[100.418071,13.715731],[100.417483,13.715859],[100.416923,13.715904],[100.416677,13.715861],[100.416378,13.715748],[100.416092,13.715731],[100.41603,13.715758],[100.415423,13.715818],[100.414668,13.715844],[100.413573,13.715964],[100.413116,13.715993],[100.41208,13.716008],[100.411267,13.716122],[100.410801,13.716163],[100.409814,13.716209],[100.409158,13.716266],[100.409053,13.71626],[100.40688,13.716405],[100.406238,13.716413],[100.405693,13.716382],[100.40542,13.716351],[100.40352,13.71606],[100.403045,13.715965],[100.400851,13.715609],[100.40022,13.715477],[100.398948,13.715321],[100.398019,13.715137],[100.397123,13.714998],[100.396807,13.714964],[100.395809,13.714779],[100.390359,13.713875],[100.389457,13.713687],[100.388146,13.713498],[100.386243,13.713195],[100.38412,13.712885],[100.382977,13.712739],[100.381881,13.712549],[100.381458,13.71246],[100.380496,13.712372],[100.379713,13.712225],[100.378213,13.71202],[100.377673,13.71191],[100.3754,13.711546],[100.373502,13.711294],[100.37321,13.711273],[100.371993,13.711066],[100.373196,13.708554],[100.373445,13.708072],[100.373633,13.707609],[100.375512,13.703675],[100.378136,13.698114],[100.378466,13.69735],[100.379795,13.694517],[100.380954,13.692123],[100.38125,13.691555],[100.382489,13.69198],[100.384283,13.692567],[100.386921,13.693542],[100.389443,13.694429],[100.39088,13.694913],[100.391423,13.695112],[100.392426,13.695421],[100.394529,13.696178],[100.395129,13.696364],[100.395855,13.696655],[100.397724,13.697337],[100.398543,13.697595],[100.399126,13.69781],[100.399422,13.697936],[100.400998,13.698474],[100.402319,13.698964],[100.403608,13.699359],[100.404345,13.699614],[100.405971,13.700229],[100.408698,13.701134],[100.411381,13.702057],[100.411733,13.702182],[100.412824,13.702621],[100.413586,13.702834],[100.414014,13.703003],[100.415819,13.703618],[100.416672,13.703947],[100.418021,13.704432],[100.418738,13.704669],[100.419424,13.704933],[100.420368,13.705266],[100.421133,13.70552],[100.4233,13.706315],[100.423998,13.706538],[100.425259,13.706982],[100.425942,13.707191],[100.426188,13.707281],[100.426184,13.707315]]]},"properties":{"fd_name":"พท.เพชรเกษม","district_t":"เขตบางแค และเขตทวีวัฒนา","year":"2567","owner":"สำนักการระบายน้ำ","name":"พท.เพชรเกษม","district":"เขตบางแค และเขตทวีวัฒนา"}},{"type":"Feature","id":4,"geometry":{"type":"Polygon","coordinates":[[[100.663972,13.721771],[100.664105,13.722163],[100.664218,13.7235],[100.664336,13.723788],[100.664396,13.724025],[100.664462,13.724928],[100.664425,13.725778],[100.664388,13.725873],[100.664258,13.726102],[100.664076,13.726517],[100.66398,13.726807],[100.6639,13.72719],[100.663884,13.72731],[100.66391,13.727835],[100.664177,13.728414],[100.664297,13.729017],[100.664398,13.729366],[100.664561,13.729845],[100.664634,13.730004],[100.664661,13.730171],[100.66472,13.730862],[100.664727,13.731327],[100.664812,13.73218],[100.664934,13.732738],[100.665104,13.733179],[100.665273,13.733556],[100.665328,13.733847],[100.665555,13.734254],[100.665563,13.734373],[100.665549,13.734481],[100.665354,13.735013],[100.66533,13.735405],[100.665357,13.735652],[100.6653,13.73604],[100.665277,13.736672],[100.665277,13.737496],[100.665234,13.737923],[100.665145,13.73822],[100.66498,13.738509],[100.66452,13.739224],[100.664244,13.739763],[100.6642,13.739939],[100.664048,13.740043],[100.663931,13.740082],[100.66355,13.74016],[100.663393,13.740159],[100.663442,13.740959],[100.663406,13.741125],[100.663126,13.741643],[100.663057,13.741927],[100.663075,13.742191],[100.663218,13.742459],[100.66353,13.74281],[100.663713,13.742887],[100.663911,13.742889],[100.664168,13.742929],[100.664358,13.743018],[100.664481,13.74311],[100.664525,13.743171],[100.664577,13.743342],[100.664631,13.74375],[100.664701,13.743905],[100.665037,13.744808],[100.665223,13.745407],[100.665319,13.745801],[100.665382,13.745943],[100.665692,13.746214],[100.665995,13.746658],[100.666174,13.746846],[100.666308,13.746948],[100.667182,13.747276],[100.668043,13.747557],[100.668001,13.747844],[100.668007,13.748228],[100.667966,13.748605],[100.667935,13.748685],[100.667012,13.748753],[100.666608,13.748832],[100.666176,13.74885],[100.665819,13.748837],[100.665708,13.748863],[100.665343,13.748871],[100.664902,13.748973],[100.66147,13.749649],[100.661242,13.749687],[100.661084,13.749697],[100.660892,13.749761],[100.660735,13.749753],[100.660493,13.749776],[100.659158,13.749828],[100.658876,13.749797],[100.657982,13.749651],[100.657728,13.749582],[100.657465,13.749589],[100.65733,13.749568],[100.65639,13.749296],[100.656002,13.74922],[100.655252,13.749281],[100.654981,13.749329],[100.65447,13.749465],[100.653575,13.749658],[100.652432,13.74979],[100.65227,13.749801],[100.652134,13.749757],[100.651909,13.749595],[100.651743,13.749533],[100.651438,13.749538],[100.651071,13.749584],[100.651076,13.749569],[100.650807,13.749],[100.650815,13.748935],[100.650772,13.748868],[100.650349,13.748508],[100.649502,13.748058],[100.649251,13.747849],[100.649104,13.747697],[100.648836,13.747413],[100.648474,13.746991],[100.648314,13.74662],[100.648188,13.746127],[100.648041,13.745655],[100.64799,13.745318],[100.648028,13.744431],[100.648131,13.744376],[100.648485,13.744046],[100.648396,13.743344],[100.648351,13.743222],[100.64829,13.743118],[100.648089,13.742905],[100.647794,13.742783],[100.646851,13.742457],[100.646413,13.742141],[100.646231,13.741937],[100.646153,13.741797],[100.646034,13.741467],[100.645907,13.741173],[100.645344,13.740303],[100.645204,13.740013],[100.645128,13.739653],[100.645152,13.739523],[100.645342,13.738874],[100.645306,13.738354],[100.645263,13.738241],[100.645214,13.738172],[100.645067,13.738069],[100.644949,13.738038],[100.644856,13.737955],[100.640401,13.738416],[100.633443,13.739225],[100.628797,13.739737],[100.626491,13.740012],[100.621867,13.740512],[100.615018,13.741292],[100.608191,13.742044],[100.605276,13.742347],[100.605232,13.741765],[100.605153,13.741304],[100.604493,13.738819],[100.604357,13.738207],[100.60427,13.737668],[100.604798,13.73756],[100.604781,13.737284],[100.604652,13.73665],[100.604589,13.736011],[100.604548,13.735775],[100.604485,13.735046],[100.604498,13.734152],[100.604529,13.733413],[100.604531,13.732399],[100.604498,13.73189],[100.60464,13.731243],[100.604749,13.73003],[100.60478,13.72914],[100.605035,13.727725],[100.605186,13.727293],[100.605321,13.726229],[100.605284,13.725666],[100.605305,13.72496],[100.605338,13.724497],[100.60541,13.724077],[100.605529,13.722904],[100.605723,13.721975],[100.605776,13.721272],[100.605713,13.720924],[100.605626,13.720723],[100.605448,13.720521],[100.605291,13.720372],[100.605204,13.720214],[100.605184,13.720144],[100.605206,13.720056],[100.60532,13.719943],[100.605779,13.719746],[100.606025,13.719613],[100.606237,13.71947],[100.606608,13.719137],[100.606706,13.71891],[100.606657,13.718709],[100.606259,13.718522],[100.606097,13.718362],[100.606157,13.71801],[100.606544,13.716496],[100.606536,13.716042],[100.606445,13.715659],[100.606274,13.715293],[100.606468,13.715389],[100.606564,13.715478],[100.606874,13.715633],[100.606949,13.715688],[100.607121,13.715765],[100.607455,13.715859],[100.607691,13.715869],[100.608311,13.715863],[100.608899,13.715798],[100.609095,13.715766],[100.609538,13.715643],[100.609803,13.715634],[100.610062,13.715549],[100.61049,13.715494],[100.611348,13.715519],[100.611477,13.71555],[100.611808,13.715591],[100.611884,13.71559],[100.611964,13.715569],[100.612113,13.715507],[100.612178,13.715455],[100.612242,13.715329],[100.612263,13.71506],[100.612242,13.714507],[100.612264,13.714361],[100.612375,13.714036],[100.612401,13.713882],[100.612365,13.713103],[100.612418,13.712923],[100.61256,13.712803],[100.612657,13.712742],[100.613018,13.7126],[100.613301,13.712532],[100.613494,13.712537],[100.613786,13.712618],[100.613994,13.712721],[100.614184,13.712923],[100.6145,13.71315],[100.614723,13.713275],[100.614837,13.713299],[100.615034,13.713279],[100.615196,13.713224],[100.615577,13.712995],[100.615736,13.712832],[100.616129,13.712015],[100.616393,13.711556],[100.616418,13.711473],[100.616422,13.711392],[100.616412,13.71133],[100.616347,13.711195],[100.616223,13.711056],[100.61612,13.710977],[100.615963,13.7109],[100.61581,13.710802],[100.615772,13.710739],[100.615698,13.710541],[100.615837,13.710147],[100.615893,13.710034],[100.616298,13.7098],[100.616457,13.70977],[100.616545,13.709784],[100.617279,13.71009],[100.618076,13.710389],[100.618183,13.710445],[100.618249,13.710489],[100.618465,13.710744],[100.618707,13.711153],[100.618833,13.711303],[100.619008,13.711413],[100.619206,13.711457],[100.619513,13.71146],[100.619696,13.711437],[100.620007,13.71135],[100.620109,13.711292],[100.620344,13.711052],[100.62057,13.710746],[100.620816,13.710345],[100.620923,13.710271],[100.621075,13.71024],[100.621227,13.71027],[100.621317,13.710321],[100.621417,13.710436],[100.621448,13.710539],[100.621366,13.711387],[100.621335,13.711461],[100.621329,13.711616],[100.621337,13.711803],[100.621398,13.712222],[100.621504,13.712466],[100.62157,13.712556],[100.622068,13.713046],[100.622167,13.713363],[100.622201,13.713807],[100.622315,13.714258],[100.622387,13.714376],[100.622601,13.714487],[100.623242,13.714445],[100.62336,13.714487],[100.623857,13.714723],[100.623935,13.714732],[100.62403,13.714721],[100.624186,13.714649],[100.624236,13.714601],[100.624279,13.714495],[100.624413,13.713781],[100.624513,13.713523],[100.624668,13.713012],[100.624703,13.712953],[100.624827,13.712857],[100.625315,13.712696],[100.625434,13.712608],[100.625572,13.712424],[100.625689,13.712321],[100.625876,13.712328],[100.625888,13.712397],[100.626146,13.712896],[100.626215,13.712954],[100.626707,13.713184],[100.626864,13.713322],[100.627285,13.713767],[100.627877,13.714261],[100.628098,13.714518],[100.628085,13.714688],[100.628094,13.71478],[100.628179,13.714992],[100.628238,13.715044],[100.628343,13.715094],[100.628732,13.715105],[100.628886,13.715139],[100.629226,13.715368],[100.629476,13.715459],[100.629548,13.715459],[100.630016,13.715373],[100.630362,13.715284],[100.630882,13.715114],[100.631367,13.714998],[100.63186,13.714938],[100.632002,13.7149],[100.632173,13.714805],[100.632458,13.714576],[100.632725,13.714596],[100.633451,13.714919],[100.63448,13.714822],[100.635033,13.714593],[100.635162,13.714565],[100.635455,13.714543],[100.635895,13.714555],[100.636318,13.714664],[100.636481,13.714651],[100.636669,13.714687],[100.637346,13.714619],[100.638114,13.714691],[100.638863,13.714838],[100.639679,13.715047],[100.642195,13.715747],[100.64333,13.716002],[100.643613,13.716094],[100.643778,13.716178],[100.643827,13.716189],[100.64397,13.716179],[100.644049,13.716207],[100.644107,13.716275],[100.644199,13.716258],[100.644503,13.71634],[100.644788,13.71639],[100.645301,13.716555],[100.647769,13.717175],[100.647789,13.717205],[100.648242,13.71732],[100.648803,13.717409],[100.650556,13.717856],[100.652861,13.718491],[100.654002,13.718844],[100.656082,13.719363],[100.657326,13.719652],[100.661794,13.720808],[100.662176,13.720933],[100.663867,13.721385],[100.663972,13.721771]]]},"properties":{"fd_name":"พท.ถ.พัฒนาการ","district_t":"เขตสวนหลวง และเขตบางกะปิ","year":"2567","owner":"สำนักการระบายน้ำ","name":"พท.ถ.พัฒนาการ","district":"เขตสวนหลวง และเขตบางกะปิ"}},{"type":"Feature","id":5,"geometry":{"type":"Polygon","coordinates":[[[100.594693,13.764025],[100.594209,13.763769],[100.59416,13.763714],[100.594129,13.763645],[100.59406,13.763634],[100.593928,13.763579],[100.593922,13.763533],[100.593903,13.76352],[100.593537,13.763397],[100.593428,13.763314],[100.593182,13.76327],[100.593127,13.763245],[100.592858,13.763245],[100.592548,13.763162],[100.592375,13.763128],[100.592221,13.763119],[100.592066,13.763073],[100.591893,13.763058],[100.591661,13.763007],[100.591491,13.763013],[100.591108,13.762956],[100.590977,13.762972],[100.590793,13.762969],[100.590195,13.762898],[100.590089,13.762899],[100.59,13.76292],[100.589775,13.762919],[100.589506,13.76283],[100.589439,13.762782],[100.589348,13.762756],[100.589252,13.762769],[100.589183,13.762799],[100.588749,13.762864],[100.588583,13.762885],[100.58846,13.762884],[100.588405,13.762903],[100.588267,13.763005],[100.587883,13.763027],[100.587833,13.763011],[100.587767,13.762917],[100.587379,13.76261],[100.587138,13.762454],[100.586756,13.762234],[100.586671,13.762165],[100.586366,13.762028],[100.586133,13.761861],[100.585974,13.761796],[100.585805,13.761761],[100.585609,13.761747],[100.585377,13.761761],[100.585241,13.761794],[100.584962,13.761932],[100.584868,13.76194],[100.583752,13.76175],[100.583631,13.761716],[100.583563,13.761715],[100.582736,13.761342],[100.582125,13.76073],[100.58164,13.760181],[100.581473,13.759854],[100.58132,13.759403],[100.581278,13.759177],[100.581278,13.759035],[100.581238,13.758759],[100.581136,13.758228],[100.581065,13.757682],[100.580998,13.757353],[100.580898,13.756978],[100.580804,13.756481],[100.580794,13.755948],[100.580888,13.755557],[100.58105,13.755031],[100.5811,13.754811],[100.581098,13.754642],[100.581067,13.754412],[100.580941,13.754073],[100.58083,13.753879],[100.58075,13.753798],[100.580687,13.753772],[100.579406,13.753971],[100.5786,13.754057],[100.578137,13.754147],[100.577934,13.754145],[100.577757,13.75412],[100.577608,13.75408],[100.576946,13.754189],[100.576666,13.754193],[100.576351,13.754244],[100.576072,13.754226],[100.575767,13.754132],[100.575689,13.754132],[100.575051,13.754208],[100.57383,13.754309],[100.572932,13.75442],[100.572517,13.754445],[100.572003,13.754545],[100.571791,13.754554],[100.571731,13.75458],[100.571617,13.754528],[100.571436,13.754518],[100.57118,13.75444],[100.570967,13.754465],[100.570599,13.754597],[100.570411,13.754621],[100.569708,13.754608],[100.569131,13.754631],[100.56907,13.754648],[100.56877,13.754668],[100.568558,13.754716],[100.568258,13.754834],[100.567787,13.754935],[100.567016,13.754973],[100.566619,13.754936],[100.56615,13.754917],[100.565764,13.755005],[100.564904,13.755091],[100.564661,13.755141],[100.563907,13.755344],[100.56285,13.755416],[100.562237,13.755481],[100.561749,13.755492],[100.561298,13.755571],[100.560045,13.755621],[100.559411,13.755728],[100.559206,13.755744],[100.558607,13.755765],[100.558106,13.755752],[100.556791,13.755809],[100.556566,13.755864],[100.556268,13.755962],[100.55589,13.756035],[100.555188,13.755975],[100.554388,13.756078],[100.554159,13.756068],[100.553997,13.756015],[100.553857,13.755864],[100.553667,13.755876],[100.553064,13.755979],[100.552869,13.755971],[100.552586,13.755927],[100.552454,13.755966],[100.552362,13.756014],[100.552122,13.756506],[100.552042,13.756616],[100.551731,13.756934],[100.551612,13.757122],[100.551561,13.757249],[100.551394,13.757501],[100.551308,13.757598],[100.550945,13.758094],[100.550761,13.758312],[100.550567,13.758502],[100.550402,13.758635],[100.550199,13.758755],[100.550012,13.758832],[100.549716,13.758913],[100.54926,13.759115],[100.548388,13.759433],[100.548106,13.759634],[100.547979,13.759673],[100.547454,13.759752],[100.54736,13.759806],[100.547308,13.759891],[100.547259,13.760294],[100.54724,13.760355],[100.547158,13.760429],[100.547053,13.760462],[100.54663,13.760403],[100.54626,13.760409],[100.546129,13.760428],[100.546023,13.760475],[100.545818,13.760804],[100.545654,13.761122],[100.545534,13.761275],[100.545452,13.761339],[100.545321,13.761415],[100.544895,13.761603],[100.544725,13.761701],[100.544434,13.761904],[100.543909,13.762383],[100.543771,13.762476],[100.543274,13.762719],[100.543097,13.762843],[100.542905,13.763022],[100.542887,13.763091],[100.542816,13.763234],[100.542618,13.763476],[100.542321,13.763703],[100.541559,13.763991],[100.541325,13.764108],[100.541181,13.764274],[100.540894,13.764732],[100.540834,13.764773],[100.540631,13.764985],[100.540493,13.765089],[100.540097,13.765327],[100.539804,13.76543],[100.539435,13.765661],[100.539182,13.765843],[100.538899,13.766011],[100.538031,13.766638],[100.537649,13.766804],[100.537463,13.766919],[100.53736,13.767059],[100.537206,13.767357],[100.537132,13.767445],[100.536603,13.767688],[100.536464,13.767837],[100.536362,13.768026],[100.536245,13.768163],[100.536173,13.768224],[100.535891,13.768354],[100.535756,13.768436],[100.535618,13.768481],[100.53541,13.7686],[100.535319,13.768716],[100.53491,13.76906],[100.53415,13.769789],[100.533941,13.769906],[100.533667,13.770034],[100.533535,13.770118],[100.533226,13.770466],[100.533158,13.770503],[100.53295,13.770693],[100.532702,13.770884],[100.532372,13.771105],[100.532058,13.771273],[100.5316,13.771578],[100.53117,13.771899],[100.530861,13.772183],[100.529348,13.773175],[100.527846,13.774265],[100.520936,13.757268],[100.519535,13.75372],[100.519149,13.752661],[100.520119,13.752314],[100.520609,13.752027],[100.521487,13.751478],[100.524041,13.750035],[100.524424,13.749784],[100.525129,13.749289],[100.525306,13.749219],[100.525509,13.749233],[100.526659,13.749497],[100.527454,13.749604],[100.527875,13.749607],[100.529254,13.749352],[100.529933,13.749259],[100.530912,13.74926],[100.531457,13.749156],[100.53288,13.74908],[100.534262,13.74917],[100.534902,13.749235],[100.535484,13.749335],[100.535971,13.749499],[100.536238,13.749564],[100.536539,13.7496],[100.536991,13.74964],[100.537668,13.749613],[100.537655,13.749613],[100.538771,13.749537],[100.539054,13.74948],[100.540996,13.749331],[100.541629,13.749264],[100.542072,13.749169],[100.54314,13.748818],[100.545783,13.748487],[100.549028,13.74833],[100.550046,13.748364],[100.551183,13.748284],[100.551837,13.748297],[100.552615,13.748264],[100.554607,13.748219],[100.555972,13.748253],[100.557485,13.748325],[100.557915,13.748332],[100.558488,13.7484],[100.558852,13.748419],[100.559656,13.74839],[100.561071,13.748202],[100.561621,13.748098],[100.561937,13.748008],[100.562786,13.747838],[100.564976,13.747573],[100.565126,13.747524],[100.566918,13.747181],[100.568314,13.746827],[100.569001,13.746727],[100.572792,13.746087],[100.573299,13.745906],[100.574512,13.745603],[100.575005,13.745547],[100.576024,13.745387],[100.577196,13.745126],[100.578746,13.744848],[100.582611,13.743941],[100.584773,13.743365],[100.59073,13.742211],[100.596012,13.741246],[100.596963,13.74105],[100.597785,13.740987],[100.598164,13.740939],[100.598362,13.740842],[100.59849,13.740817],[100.598652,13.740759],[100.598755,13.740687],[100.598776,13.740549],[100.598731,13.740265],[100.598641,13.739945],[100.598279,13.73891],[100.598255,13.738567],[100.598293,13.738345],[100.598445,13.738146],[100.598852,13.73806],[100.599432,13.738014],[100.600081,13.738024],[100.600357,13.738094],[100.600884,13.738131],[100.601309,13.738023],[100.601724,13.737977],[100.602702,13.737908],[100.603279,13.737833],[100.60427,13.737668],[100.604357,13.738207],[100.604493,13.738819],[100.605153,13.741304],[100.605232,13.741765],[100.605276,13.742347],[100.60367,13.742532],[100.601421,13.742757],[100.598739,13.74306],[100.599073,13.743897],[100.59917,13.744086],[100.59948,13.744983],[100.599725,13.746025],[100.599845,13.746378],[100.600157,13.747186],[100.60033,13.747493],[100.600542,13.747719],[100.60198,13.748895],[100.602783,13.749699],[100.604061,13.751065],[100.603826,13.751438],[100.602625,13.752635],[100.600539,13.754606],[100.599101,13.755924],[100.598513,13.75653],[100.597897,13.757054],[100.597417,13.757724],[100.596025,13.760382],[100.595694,13.760852],[100.595369,13.761265],[100.594987,13.761875],[100.594712,13.76258],[100.594602,13.763334],[100.594693,13.764025]]]},"properties":{"fd_name":"พท.ถ.เพชรบุรี จากทางรถไฟถึงถ.อโศกมนตรี","district_t":"เขตราชเทวี และเขตดินแดง","year":"2567","owner":"สำนักการระบายน้ำ","name":"พท.ถ.เพชรบุรี จากทางรถไฟถึงถ.อโศกมนตรี","district":"เขตราชเทวี และเขตดินแดง"}},{"type":"Feature","id":6,"geometry":{"type":"Polygon","coordinates":[[[100.594693,13.764025],[100.594798,13.764976],[100.594725,13.765794],[100.594554,13.766551],[100.593863,13.768311],[100.593649,13.769164],[100.593359,13.770969],[100.593176,13.772001],[100.593083,13.772717],[100.593055,13.773569],[100.593071,13.77411],[100.59316,13.774913],[100.593337,13.775691],[100.593541,13.777011],[100.593553,13.777883],[100.593541,13.77846],[100.593517,13.778929],[100.593431,13.779503],[100.593313,13.779777],[100.592338,13.781179],[100.592065,13.781608],[100.591788,13.782352],[100.591457,13.783398],[100.590855,13.784775],[100.59043,13.78569],[100.590135,13.786443],[100.59004,13.786901],[100.589975,13.787389],[100.589992,13.788229],[100.590043,13.788639],[100.590059,13.789209],[100.590014,13.789577],[100.589698,13.790541],[100.589506,13.791438],[100.589426,13.791935],[100.58938,13.793102],[100.589316,13.793748],[100.589332,13.794423],[100.589307,13.79541],[100.589308,13.796167],[100.589091,13.797798],[100.589031,13.798384],[100.589011,13.798724],[100.589008,13.799249],[100.588817,13.799188],[100.58842,13.799139],[100.588358,13.799111],[100.587799,13.798997],[100.586935,13.79885],[100.586833,13.798827],[100.586421,13.798656],[100.586133,13.798619],[100.58569,13.798498],[100.585582,13.798476],[100.585469,13.798489],[100.585263,13.798419],[100.585135,13.798416],[100.585017,13.798364],[100.584584,13.798299],[100.584516,13.798274],[100.584499,13.79824],[100.584448,13.798225],[100.584356,13.798223],[100.584109,13.798158],[100.583918,13.79813],[100.583202,13.797956],[100.582755,13.797917],[100.582232,13.7978],[100.582143,13.797763],[100.582028,13.797753],[100.581895,13.797705],[100.581784,13.797705],[100.581365,13.797598],[100.581203,13.797527],[100.581096,13.797535],[100.581017,13.797508],[100.580914,13.797503],[100.580825,13.797447],[100.580758,13.797429],[100.580614,13.797426],[100.580504,13.797377],[100.580343,13.797342],[100.579789,13.797279],[100.579713,13.797247],[100.579283,13.797133],[100.579022,13.797117],[100.578406,13.796993],[100.578305,13.796987],[100.578237,13.796954],[100.578082,13.796912],[100.577813,13.796881],[100.577594,13.796829],[100.577513,13.796796],[100.577334,13.796761],[100.577248,13.796721],[100.576897,13.796685],[100.576343,13.796607],[100.576268,13.796581],[100.575859,13.796543],[100.57535,13.796468],[100.575162,13.796407],[100.574953,13.796372],[100.574711,13.796302],[100.573336,13.796173],[100.5726,13.796079],[100.572133,13.795969],[100.571651,13.79591],[100.571566,13.795918],[100.571365,13.795885],[100.571102,13.79581],[100.570569,13.795736],[100.570271,13.795668],[100.569949,13.795566],[100.568983,13.795358],[100.568656,13.79534],[100.568129,13.795275],[100.567803,13.795211],[100.567461,13.795114],[100.567019,13.794928],[100.566692,13.79472],[100.566367,13.79458],[100.566011,13.794522],[100.565301,13.794612],[100.564763,13.794645],[100.562906,13.794859],[100.562125,13.794878],[100.561206,13.79495],[100.561082,13.794967],[100.56063,13.795092],[100.560101,13.795088],[100.559761,13.795105],[100.559434,13.795171],[100.559077,13.795311],[100.558833,13.795351],[100.558758,13.795329],[100.558283,13.795381],[100.557554,13.79528],[100.556997,13.795335],[100.556914,13.795324],[100.556224,13.795477],[100.555662,13.795564],[100.555443,13.795518],[100.555288,13.795512],[100.554786,13.795679],[100.554664,13.795686],[100.554302,13.795648],[100.554125,13.795661],[100.553842,13.795805],[100.553665,13.795875],[100.553492,13.795907],[100.553311,13.795921],[100.553182,13.7959],[100.552851,13.795918],[100.552376,13.795968],[100.551754,13.796],[100.551297,13.796136],[100.551153,13.796134],[100.550823,13.796065],[100.550636,13.796067],[100.550366,13.796157],[100.548391,13.796523],[100.544977,13.79687],[100.539156,13.797536],[100.538311,13.797635],[100.537369,13.797813],[100.53715,13.797166],[100.536495,13.795622],[100.536217,13.794823],[100.53457,13.790831],[100.534141,13.789716],[100.533068,13.787154],[100.530577,13.781001],[100.529481,13.778352],[100.527846,13.774265],[100.529348,13.773175],[100.530861,13.772183],[100.53117,13.771899],[100.5316,13.771578],[100.532058,13.771273],[100.532372,13.771105],[100.532702,13.770884],[100.53295,13.770693],[100.533158,13.770503],[100.533226,13.770466],[100.533535,13.770118],[100.533667,13.770034],[100.533941,13.769906],[100.53415,13.769789],[100.53491,13.76906],[100.535319,13.768716],[100.53541,13.7686],[100.535618,13.768481],[100.535756,13.768436],[100.535891,13.768354],[100.536173,13.768224],[100.536245,13.768163],[100.536362,13.768026],[100.536464,13.767837],[100.536603,13.767688],[100.537132,13.767445],[100.537206,13.767357],[100.53736,13.767059],[100.537463,13.766919],[100.537649,13.766804],[100.538031,13.766638],[100.538899,13.766011],[100.539182,13.765843],[100.539435,13.765661],[100.539804,13.76543],[100.540097,13.765327],[100.540493,13.765089],[100.540631,13.764985],[100.540834,13.764773],[100.540894,13.764732],[100.541181,13.764274],[100.541325,13.764108],[100.541559,13.763991],[100.542321,13.763703],[100.542618,13.763476],[100.542816,13.763234],[100.542887,13.763091],[100.542905,13.763022],[100.543097,13.762843],[100.543274,13.762719],[100.543771,13.762476],[100.543909,13.762383],[100.544434,13.761904],[100.544725,13.761701],[100.544895,13.761603],[100.545321,13.761415],[100.545452,13.761339],[100.545534,13.761275],[100.545654,13.761122],[100.545818,13.760804],[100.546023,13.760475],[100.546129,13.760428],[100.54626,13.760409],[100.54663,13.760403],[100.547053,13.760462],[100.547158,13.760429],[100.54724,13.760355],[100.547259,13.760294],[100.547308,13.759891],[100.54736,13.759806],[100.547454,13.759752],[100.547979,13.759673],[100.548106,13.759634],[100.548388,13.759433],[100.54926,13.759115],[100.549716,13.758913],[100.550012,13.758832],[100.550199,13.758755],[100.550402,13.758635],[100.550567,13.758502],[100.550761,13.758312],[100.550945,13.758094],[100.551308,13.757598],[100.551394,13.757501],[100.551561,13.757249],[100.551612,13.757122],[100.551731,13.756934],[100.552042,13.756616],[100.552122,13.756506],[100.552362,13.756014],[100.552454,13.755966],[100.552586,13.755927],[100.552869,13.755971],[100.553064,13.755979],[100.553667,13.755876],[100.553857,13.755864],[100.553997,13.756015],[100.554159,13.756068],[100.554388,13.756078],[100.555188,13.755975],[100.55589,13.756035],[100.556268,13.755962],[100.556566,13.755864],[100.556791,13.755809],[100.558106,13.755752],[100.558607,13.755765],[100.559206,13.755744],[100.559411,13.755728],[100.560045,13.755621],[100.561298,13.755571],[100.561749,13.755492],[100.562237,13.755481],[100.56285,13.755416],[100.563907,13.755344],[100.564661,13.755141],[100.564904,13.755091],[100.565764,13.755005],[100.56615,13.754917],[100.566619,13.754936],[100.567016,13.754973],[100.567787,13.754935],[100.568258,13.754834],[100.568558,13.754716],[100.56877,13.754668],[100.56907,13.754648],[100.569131,13.754631],[100.569708,13.754608],[100.570411,13.754621],[100.570599,13.754597],[100.570967,13.754465],[100.57118,13.75444],[100.571436,13.754518],[100.571617,13.754528],[100.571731,13.75458],[100.571791,13.754554],[100.572003,13.754545],[100.572517,13.754445],[100.572932,13.75442],[100.57383,13.754309],[100.575051,13.754208],[100.575689,13.754132],[100.575767,13.754132],[100.576072,13.754226],[100.576351,13.754244],[100.576666,13.754193],[100.576946,13.754189],[100.577608,13.75408],[100.577757,13.75412],[100.577934,13.754145],[100.578137,13.754147],[100.5786,13.754057],[100.579406,13.753971],[100.580687,13.753772],[100.58075,13.753798],[100.58083,13.753879],[100.580941,13.754073],[100.581067,13.754412],[100.581098,13.754642],[100.5811,13.754811],[100.58105,13.755031],[100.580888,13.755557],[100.580794,13.755948],[100.580804,13.756481],[100.580898,13.756978],[100.580998,13.757353],[100.581065,13.757682],[100.581136,13.758228],[100.581238,13.758759],[100.581278,13.759035],[100.581278,13.759177],[100.58132,13.759403],[100.581473,13.759854],[100.58164,13.760181],[100.582125,13.76073],[100.582736,13.761342],[100.583563,13.761715],[100.583631,13.761716],[100.583752,13.76175],[100.584868,13.76194],[100.584962,13.761932],[100.585241,13.761794],[100.585377,13.761761],[100.585609,13.761747],[100.585805,13.761761],[100.585974,13.761796],[100.586133,13.761861],[100.586366,13.762028],[100.586671,13.762165],[100.586756,13.762234],[100.587138,13.762454],[100.587379,13.76261],[100.587767,13.762917],[100.587833,13.763011],[100.587883,13.763027],[100.588267,13.763005],[100.588405,13.762903],[100.58846,13.762884],[100.588583,13.762885],[100.588749,13.762864],[100.589183,13.762799],[100.589252,13.762769],[100.589348,13.762756],[100.589439,13.762782],[100.589506,13.76283],[100.589775,13.762919],[100.59,13.76292],[100.590089,13.762899],[100.590195,13.762898],[100.590793,13.762969],[100.590977,13.762972],[100.591108,13.762956],[100.591491,13.763013],[100.591661,13.763007],[100.591893,13.763058],[100.592066,13.763073],[100.592221,13.763119],[100.592375,13.763128],[100.592548,13.763162],[100.592858,13.763245],[100.593127,13.763245],[100.593182,13.76327],[100.593428,13.763314],[100.593537,13.763397],[100.593903,13.76352],[100.593922,13.763533],[100.593928,13.763579],[100.59406,13.763634],[100.594129,13.763645],[100.59416,13.763714],[100.594209,13.763769],[100.594693,13.764025]]]},"properties":{"fd_name":"พท.ดินแดง ห้วยขวาง","district_t":"เขตดินแดง และเขตห้วยขวาง","year":"2567","owner":"สำนักการระบายน้ำ","name":"พท.ดินแดง ห้วยขวาง","district":"เขตดินแดง และเขตห้วยขวาง"}},{"type":"Feature","id":7,"geometry":{"type":"Polygon","coordinates":[[[100.586587,13.858398],[100.586421,13.858849],[100.586322,13.858835],[100.585888,13.858566],[100.5858,13.858496],[100.585564,13.858403],[100.585205,13.858362],[100.584823,13.858297],[100.584174,13.85826],[100.58396,13.858196],[100.583837,13.858138],[100.583644,13.857979],[100.583485,13.857873],[100.583128,13.857907],[100.581697,13.857927],[100.581172,13.857869],[100.580568,13.857763],[100.580113,13.857703],[100.579541,13.857643],[100.579031,13.857639],[100.578793,13.857587],[100.5781,13.857476],[100.577621,13.857428],[100.576916,13.857428],[100.576389,13.857407],[100.57576,13.857318],[100.575557,13.857238],[100.575272,13.857159],[100.574917,13.857088],[100.574784,13.85702],[100.574199,13.856964],[100.573694,13.856968],[100.573366,13.856915],[100.573186,13.85683],[100.572538,13.856582],[100.572241,13.856552],[100.571829,13.856485],[100.571376,13.85645],[100.571166,13.856374],[100.57077,13.856361],[100.570353,13.856304],[100.569957,13.856317],[100.569637,13.856305],[100.56948,13.856338],[100.569248,13.856344],[100.568947,13.856313],[100.568278,13.856167],[100.567728,13.856022],[100.567136,13.855911],[100.566721,13.855867],[100.566437,13.855797],[100.566213,13.855698],[100.565536,13.855655],[100.565389,13.855485],[100.565307,13.855365],[100.56525,13.855342],[100.565155,13.855405],[100.565056,13.855446],[100.564981,13.855459],[100.564837,13.855388],[100.564147,13.855264],[100.563623,13.855139],[100.563343,13.855108],[100.563247,13.855061],[100.563176,13.855082],[100.562908,13.855077],[100.562377,13.855003],[100.561327,13.854725],[100.560717,13.854634],[100.559934,13.854484],[100.55959,13.854382],[100.558935,13.854263],[100.558684,13.854242],[100.558377,13.854162],[100.557742,13.854033],[100.556915,13.853795],[100.556476,13.853639],[100.555337,13.853284],[100.554987,13.853156],[100.553265,13.852736],[100.552843,13.85266],[100.552411,13.852386],[100.551891,13.852298],[100.550296,13.851776],[100.549108,13.851359],[100.548501,13.851214],[100.548056,13.851074],[100.547108,13.850736],[100.545348,13.850192],[100.544929,13.850073],[100.544533,13.849999],[100.543902,13.849815],[100.543783,13.84983],[100.543231,13.847212],[100.540593,13.836081],[100.539947,13.833293],[100.539312,13.830673],[100.539258,13.830347],[100.535883,13.815821],[100.535648,13.815031],[100.535181,13.812991],[100.535009,13.812334],[100.53432,13.809309],[100.53373,13.806863],[100.533526,13.805908],[100.533054,13.80399],[100.532496,13.801597],[100.532223,13.800516],[100.53222,13.800339],[100.532265,13.800168],[100.532346,13.800034],[100.532532,13.799881],[100.532946,13.7997],[100.533148,13.799629],[100.537305,13.797625],[100.537369,13.797813],[100.538311,13.797635],[100.539156,13.797536],[100.544977,13.79687],[100.548391,13.796523],[100.550366,13.796157],[100.550636,13.796067],[100.550823,13.796065],[100.551153,13.796134],[100.551297,13.796136],[100.551754,13.796],[100.552376,13.795968],[100.552851,13.795918],[100.553182,13.7959],[100.553311,13.795921],[100.553492,13.795907],[100.553665,13.795875],[100.553842,13.795805],[100.554125,13.795661],[100.554302,13.795648],[100.554664,13.795686],[100.554786,13.795679],[100.555288,13.795512],[100.555443,13.795518],[100.555662,13.795564],[100.556224,13.795477],[100.556914,13.795324],[100.556997,13.795335],[100.557554,13.79528],[100.558283,13.795381],[100.558758,13.795329],[100.558833,13.795351],[100.559077,13.795311],[100.559434,13.795171],[100.559761,13.795105],[100.560101,13.795088],[100.56063,13.795092],[100.561082,13.794967],[100.561206,13.79495],[100.562125,13.794878],[100.562906,13.794859],[100.564763,13.794645],[100.565301,13.794612],[100.566011,13.794522],[100.566367,13.79458],[100.566692,13.79472],[100.567019,13.794928],[100.567461,13.795114],[100.567803,13.795211],[100.568129,13.795275],[100.568656,13.79534],[100.568983,13.795358],[100.569949,13.795566],[100.570271,13.795668],[100.570569,13.795736],[100.571102,13.79581],[100.571365,13.795885],[100.571566,13.795918],[100.571651,13.79591],[100.572133,13.795969],[100.5726,13.796079],[100.573336,13.796173],[100.574711,13.796302],[100.574953,13.796372],[100.575162,13.796407],[100.57535,13.796468],[100.575859,13.796543],[100.576268,13.796581],[100.576343,13.796607],[100.576897,13.796685],[100.577248,13.796721],[100.577334,13.796761],[100.577513,13.796796],[100.577594,13.796829],[100.577813,13.796881],[100.578082,13.796912],[100.578237,13.796954],[100.578305,13.796987],[100.578406,13.796993],[100.579022,13.797117],[100.579283,13.797133],[100.579713,13.797247],[100.579789,13.797279],[100.580343,13.797342],[100.580504,13.797377],[100.580614,13.797426],[100.580758,13.797429],[100.580825,13.797447],[100.580914,13.797503],[100.581017,13.797508],[100.581096,13.797535],[100.581203,13.797527],[100.581365,13.797598],[100.581784,13.797705],[100.581895,13.797705],[100.582028,13.797753],[100.582143,13.797763],[100.582232,13.7978],[100.582755,13.797917],[100.583202,13.797956],[100.583918,13.79813],[100.584109,13.798158],[100.584356,13.798223],[100.584448,13.798225],[100.584499,13.79824],[100.584516,13.798274],[100.584584,13.798299],[100.585017,13.798364],[100.585135,13.798416],[100.585263,13.798419],[100.585469,13.798489],[100.585582,13.798476],[100.58569,13.798498],[100.586133,13.798619],[100.586421,13.798656],[100.586833,13.798827],[100.586935,13.79885],[100.587799,13.798997],[100.588358,13.799111],[100.58842,13.799139],[100.588817,13.799188],[100.589008,13.799249],[100.589002,13.800288],[100.588798,13.801045],[100.588742,13.801597],[100.588465,13.802294],[100.588323,13.802729],[100.588304,13.8029],[100.588327,13.803158],[100.588436,13.803446],[100.588676,13.80424],[100.588691,13.804776],[100.588666,13.805128],[100.588672,13.806048],[100.588726,13.807391],[100.588699,13.808142],[100.588777,13.808882],[100.588956,13.809891],[100.588971,13.810367],[100.588805,13.811115],[100.588573,13.811869],[100.588444,13.812398],[100.588461,13.812566],[100.588506,13.812758],[100.588694,13.813049],[100.588878,13.813567],[100.588949,13.814025],[100.58894,13.814542],[100.588956,13.815109],[100.588982,13.815243],[100.589046,13.815409],[100.589102,13.815499],[100.58927,13.816042],[100.58934,13.816476],[100.589399,13.816997],[100.589408,13.817297],[100.589462,13.817868],[100.589481,13.818187],[100.589402,13.818482],[100.589285,13.818784],[100.589223,13.819063],[100.589187,13.819891],[100.589242,13.821133],[100.589266,13.822831],[100.589137,13.82356],[100.58906,13.824113],[100.589103,13.824493],[100.58943,13.825491],[100.589643,13.826905],[100.589705,13.827834],[100.589862,13.828717],[100.589918,13.829843],[100.589898,13.830495],[100.589809,13.830958],[100.589769,13.83203],[100.589883,13.832441],[100.589993,13.833378],[100.590307,13.834328],[100.590763,13.835957],[100.590944,13.836964],[100.591011,13.837613],[100.59094,13.838428],[100.590134,13.841706],[100.589739,13.843921],[100.589636,13.844124],[100.588758,13.846238],[100.588487,13.8478],[100.58835,13.848375],[100.588171,13.850022],[100.587954,13.850907],[100.587546,13.85238],[100.5875,13.852925],[100.587423,13.855711],[100.587376,13.85656],[100.587175,13.857178],[100.58687,13.857697],[100.586587,13.858398]]]},"properties":{"fd_name":"พท.รัชดาภิเษก พหลโยธิน แยกเกษตรศาสตร์","district_t":"เขตจตุจักร","year":"2567","owner":"สำนักการระบายน้ำ","name":"พท.รัชดาภิเษก พหลโยธิน แยกเกษตรศาสตร์","district":"เขตจตุจักร"}},{"type":"Feature","id":8,"geometry":{"type":"Polygon","coordinates":[[[100.605758,13.944007],[100.604758,13.944403],[100.603696,13.944848],[100.60154,13.945814],[100.600282,13.946396],[100.59936,13.946791],[100.596916,13.9479],[100.595305,13.948605],[100.594481,13.948986],[100.594203,13.949137],[100.593717,13.949333],[100.593681,13.949408],[100.593637,13.949445],[100.593541,13.949483],[100.593424,13.949463],[100.593249,13.949567],[100.593093,13.949606],[100.592363,13.949991],[100.591895,13.950202],[100.589748,13.950873],[100.589263,13.950999],[100.589139,13.951081],[100.589045,13.951103],[100.588966,13.951086],[100.588886,13.9511],[100.588798,13.951151],[100.588653,13.951197],[100.588567,13.95115],[100.58832,13.951187],[100.583809,13.952292],[100.583058,13.952441],[100.582942,13.952487],[100.58285,13.952484],[100.582665,13.952511],[100.582012,13.952652],[100.580879,13.952924],[100.58083,13.952947],[100.579974,13.953127],[100.579689,13.953172],[100.578228,13.953524],[100.577788,13.953646],[100.577025,13.953799],[100.576664,13.95388],[100.576569,13.953914],[100.576189,13.95397],[100.57602,13.954033],[100.575883,13.95406],[100.575687,13.954167],[100.575465,13.954213],[100.575212,13.954227],[100.57484,13.954305],[100.574379,13.954443],[100.574012,13.954583],[100.573967,13.954582],[100.573029,13.954253],[100.572964,13.95419],[100.572644,13.95398],[100.572161,13.953717],[100.572119,13.953676],[100.571725,13.9535],[100.571364,13.953301],[100.571014,13.953057],[100.570786,13.952951],[100.570331,13.952777],[100.570098,13.952621],[100.570015,13.952588],[100.569655,13.952359],[100.569088,13.952076],[100.568859,13.951898],[100.568824,13.951851],[100.568622,13.951737],[100.568292,13.951628],[100.568107,13.951534],[100.568032,13.951544],[100.567951,13.951526],[100.567852,13.951528],[100.567589,13.951365],[100.56685,13.948201],[100.566318,13.946006],[100.565197,13.941182],[100.564411,13.937879],[100.563868,13.935697],[100.563884,13.935536],[100.563872,13.935426],[100.563838,13.935291],[100.563771,13.935156],[100.563625,13.934638],[100.563104,13.932295],[100.560604,13.921732],[100.560204,13.92011],[100.558348,13.912175],[100.557165,13.907201],[100.556418,13.903944],[100.555653,13.900794],[100.555586,13.900408],[100.555364,13.899566],[100.555006,13.898078],[100.552978,13.889425],[100.552843,13.888794],[100.551914,13.885003],[100.551816,13.884531],[100.551868,13.884427],[100.551826,13.884239],[100.55023,13.877536],[100.549308,13.87353],[100.548833,13.871593],[100.548471,13.869957],[100.548095,13.868435],[100.546435,13.861306],[100.543788,13.850125],[100.543783,13.84983],[100.543902,13.849815],[100.544533,13.849999],[100.544929,13.850073],[100.545348,13.850192],[100.547108,13.850736],[100.548056,13.851074],[100.548501,13.851214],[100.549108,13.851359],[100.550296,13.851776],[100.551891,13.852298],[100.552411,13.852386],[100.552843,13.85266],[100.553265,13.852736],[100.554987,13.853156],[100.555337,13.853284],[100.556476,13.853639],[100.556915,13.853795],[100.557742,13.854033],[100.558377,13.854162],[100.558684,13.854242],[100.558935,13.854263],[100.55959,13.854382],[100.559934,13.854484],[100.560717,13.854634],[100.561327,13.854725],[100.562377,13.855003],[100.562908,13.855077],[100.563176,13.855082],[100.563247,13.855061],[100.563343,13.855108],[100.563623,13.855139],[100.564147,13.855264],[100.564837,13.855388],[100.564981,13.855459],[100.565056,13.855446],[100.565155,13.855405],[100.56525,13.855342],[100.565307,13.855365],[100.565389,13.855485],[100.565536,13.855655],[100.566213,13.855698],[100.566437,13.855797],[100.566721,13.855867],[100.567136,13.855911],[100.567728,13.856022],[100.568278,13.856167],[100.568947,13.856313],[100.569248,13.856344],[100.56948,13.856338],[100.569637,13.856305],[100.569957,13.856317],[100.570353,13.856304],[100.57077,13.856361],[100.571166,13.856374],[100.571376,13.85645],[100.571829,13.856485],[100.572241,13.856552],[100.572538,13.856582],[100.573186,13.85683],[100.573366,13.856915],[100.573694,13.856968],[100.574199,13.856964],[100.574784,13.85702],[100.574917,13.857088],[100.575272,13.857159],[100.575557,13.857238],[100.57576,13.857318],[100.576389,13.857407],[100.576916,13.857428],[100.577621,13.857428],[100.5781,13.857476],[100.578793,13.857587],[100.579031,13.857639],[100.579541,13.857643],[100.580113,13.857703],[100.580568,13.857763],[100.581172,13.857869],[100.581697,13.857927],[100.583128,13.857907],[100.583485,13.857873],[100.583644,13.857979],[100.583837,13.858138],[100.58396,13.858196],[100.584174,13.85826],[100.584823,13.858297],[100.585205,13.858362],[100.585564,13.858403],[100.5858,13.858496],[100.585888,13.858566],[100.586322,13.858835],[100.586421,13.858849],[100.586587,13.858398],[100.591786,13.867242],[100.593355,13.86987],[100.593928,13.870849],[100.594887,13.872548],[100.596069,13.874548],[100.596691,13.875546],[100.598879,13.879262],[100.600581,13.88222],[100.602058,13.884703],[100.603602,13.887245],[100.604833,13.889378],[100.607292,13.89352],[100.608609,13.895773],[100.608407,13.895977],[100.607065,13.897204],[100.60701,13.89716],[100.606398,13.896326],[100.605657,13.895474],[100.604404,13.894765],[100.601729,13.892909],[100.600494,13.892128],[100.599295,13.891346],[100.59726,13.889985],[100.596179,13.889097],[100.594657,13.887615],[100.594548,13.887696],[100.594253,13.887851],[100.593374,13.888186],[100.591512,13.888874],[100.590334,13.889256],[100.589856,13.889393],[100.58962,13.889404],[100.588833,13.889539],[100.588679,13.889495],[100.588334,13.889348],[100.588076,13.889333],[100.587929,13.889355],[100.587634,13.889473],[100.587196,13.889614],[100.587089,13.889688],[100.586819,13.889954],[100.586648,13.890031],[100.585967,13.890123],[100.585539,13.8902],[100.58495,13.890344],[100.584689,13.890429],[100.584637,13.890392],[100.58455,13.890374],[100.584401,13.890446],[100.58432,13.890466],[100.583952,13.890499],[100.583357,13.890613],[100.582947,13.890614],[100.582894,13.89064],[100.582789,13.890659],[100.583303,13.891542],[100.585725,13.895964],[100.587517,13.899282],[100.587549,13.899389],[100.587707,13.899623],[100.587876,13.899962],[100.588225,13.900523],[100.588262,13.900626],[100.588274,13.900819],[100.5883,13.900873],[100.588415,13.901007],[100.588506,13.901192],[100.58859,13.901259],[100.588642,13.901375],[100.588734,13.901483],[100.588841,13.901678],[100.588883,13.901787],[100.588902,13.901969],[100.588974,13.902041],[100.589042,13.902173],[100.589199,13.902411],[100.589313,13.902666],[100.589467,13.902878],[100.589494,13.902987],[100.589604,13.903112],[100.589866,13.903637],[100.589888,13.903758],[100.589932,13.903845],[100.590017,13.90394],[100.590092,13.904057],[100.590338,13.904483],[100.590502,13.904815],[100.590709,13.905156],[100.590726,13.905265],[100.590948,13.905693],[100.59133,13.906293],[100.591353,13.906372],[100.591402,13.906451],[100.59144,13.906469],[100.591538,13.906692],[100.5916,13.906755],[100.591772,13.907092],[100.591818,13.907131],[100.591894,13.907323],[100.591951,13.907396],[100.592396,13.908229],[100.592453,13.90842],[100.592705,13.908841],[100.592741,13.908958],[100.592979,13.909344],[100.593004,13.909426],[100.593274,13.909864],[100.593561,13.910476],[100.593861,13.910896],[100.593971,13.911181],[100.594057,13.911309],[100.594177,13.911596],[100.594224,13.911635],[100.594465,13.912105],[100.594841,13.912715],[100.594944,13.91293],[100.595178,13.913313],[100.595232,13.913422],[100.595268,13.913575],[100.595828,13.914547],[100.595973,13.91483],[100.596137,13.915062],[100.596636,13.916031],[100.596695,13.916113],[100.59683,13.916372],[100.596858,13.916385],[100.596897,13.916487],[100.597114,13.916859],[100.597421,13.917341],[100.597574,13.917655],[100.59769,13.917949],[100.59778,13.918118],[100.597822,13.918154],[100.598135,13.91869],[100.598163,13.91877],[100.598575,13.919485],[100.59939,13.921025],[100.599502,13.921183],[100.599658,13.921462],[100.59972,13.921596],[100.59974,13.921692],[100.59987,13.921879],[100.600141,13.922362],[100.600407,13.922895],[100.600733,13.923401],[100.600894,13.923687],[100.60116,13.924235],[100.601341,13.924504],[100.601744,13.925301],[100.601823,13.925512],[100.602468,13.926674],[100.602701,13.927053],[100.603206,13.927997],[100.603467,13.928544],[100.603633,13.928805],[100.60375,13.929053],[100.603874,13.929262],[100.60391,13.92936],[100.604145,13.929755],[100.604332,13.930138],[100.604389,13.930227],[100.604428,13.930345],[100.604547,13.930533],[100.605053,13.931519],[100.605171,13.931702],[100.605231,13.931757],[100.605255,13.931811],[100.605267,13.9319],[100.605311,13.931942],[100.605379,13.932116],[100.605546,13.932358],[100.605601,13.932393],[100.605623,13.932441],[100.605618,13.932472],[100.605645,13.93258],[100.605909,13.933116],[100.60627,13.933722],[100.606377,13.933997],[100.606396,13.934115],[100.60657,13.934656],[100.60659,13.934777],[100.60656,13.934862],[100.606615,13.935042],[100.606567,13.935217],[100.60661,13.935691],[100.606617,13.936056],[100.606601,13.936339],[100.606628,13.936678],[100.606604,13.937193],[100.60661,13.937686],[100.60659,13.9379],[100.606532,13.938167],[100.606383,13.939138],[100.606381,13.939859],[100.606341,13.94028],[100.606149,13.940998],[100.606033,13.941534],[100.606023,13.941965],[100.605829,13.943284],[100.605811,13.943955],[100.605806,13.943987],[100.605758,13.944007]]]},"properties":{"fd_name":"พท.แจ้งวัฒนะ","district_t":"เขตหลักสี่ และเขตบางเขน","year":"2567","owner":"สำนักการระบายน้ำ","name":"พท.แจ้งวัฒนะ","district":"เขตหลักสี่ และเขตบางเขน"}},{"type":"Feature","id":9,"geometry":{"type":"Polygon","coordinates":[[[100.639745,13.937615],[100.639856,13.938351],[100.639853,13.940591],[100.639983,13.942023],[100.639969,13.942753],[100.64001,13.943957],[100.640228,13.948148],[100.64035,13.951393],[100.640525,13.954038],[100.640522,13.957276],[100.64065,13.958445],[100.640676,13.959076],[100.640799,13.960739],[100.640836,13.962051],[100.640953,13.963859],[100.640971,13.96458],[100.64119,13.967251],[100.641306,13.969144],[100.641508,13.97164],[100.641545,13.973038],[100.641872,13.977377],[100.64187,13.97752],[100.642178,13.982289],[100.642317,13.985381],[100.642323,13.985797],[100.64247,13.987884],[100.642465,13.988891],[100.642406,13.989207],[100.642403,13.989761],[100.639582,13.989055],[100.634207,13.987824],[100.628445,13.98663],[100.62496,13.98581],[100.620794,13.984883],[100.616196,13.983718],[100.614679,13.983392],[100.614313,13.983333],[100.61385,13.983233],[100.612261,13.982778],[100.60971,13.982178],[100.608741,13.982],[100.607504,13.981679],[100.603259,13.980659],[100.600678,13.979985],[100.600791,13.979159],[100.600809,13.978857],[100.600896,13.978183],[100.601293,13.975718],[100.601329,13.975354],[100.601534,13.974033],[100.601607,13.973434],[100.601684,13.972438],[100.601757,13.971861],[100.602096,13.969491],[100.602199,13.968921],[100.602226,13.968427],[100.602326,13.967809],[100.602329,13.967697],[100.602489,13.966559],[100.602605,13.96557],[100.602631,13.964926],[100.60275,13.964409],[100.602831,13.963848],[100.603002,13.963113],[100.60306,13.962724],[100.603149,13.962259],[100.603165,13.962256],[100.603308,13.960836],[100.60344,13.959938],[100.603482,13.959428],[100.603603,13.959101],[100.603637,13.958887],[100.603667,13.958884],[100.604468,13.953358],[100.604371,13.953354],[100.604376,13.953264],[100.60442,13.953178],[100.604449,13.952875],[100.604487,13.952672],[100.604485,13.952488],[100.604553,13.952193],[100.604635,13.951698],[100.604692,13.951155],[100.604783,13.95057],[100.604794,13.95033],[100.604822,13.950138],[100.604841,13.950101],[100.604825,13.949905],[100.60485,13.949724],[100.604877,13.949674],[100.604894,13.949582],[100.604903,13.949265],[100.604986,13.949109],[100.605068,13.94867],[100.605079,13.948385],[100.605154,13.94802],[100.605258,13.947205],[100.60526,13.947083],[100.605321,13.946922],[100.605331,13.946752],[100.605408,13.946322],[100.605394,13.946185],[100.605492,13.945585],[100.6055,13.945406],[100.605559,13.945263],[100.605606,13.944709],[100.605689,13.944242],[100.605758,13.944007],[100.605806,13.943987],[100.605829,13.943284],[100.606023,13.941965],[100.606033,13.941534],[100.606149,13.940998],[100.606341,13.94028],[100.606381,13.939859],[100.606383,13.939138],[100.606532,13.938167],[100.60659,13.9379],[100.60661,13.937686],[100.606604,13.937193],[100.606628,13.936678],[100.606601,13.936339],[100.606617,13.936056],[100.60661,13.935691],[100.606567,13.935217],[100.606615,13.935042],[100.60656,13.934862],[100.60659,13.934777],[100.60657,13.934656],[100.606396,13.934115],[100.606377,13.933997],[100.60627,13.933722],[100.605909,13.933116],[100.605645,13.93258],[100.605618,13.932472],[100.605623,13.932441],[100.605601,13.932393],[100.605546,13.932358],[100.605379,13.932116],[100.605311,13.931942],[100.605267,13.9319],[100.605255,13.931811],[100.605231,13.931757],[100.605171,13.931702],[100.605053,13.931519],[100.604547,13.930533],[100.604428,13.930345],[100.604389,13.930227],[100.604332,13.930138],[100.604145,13.929755],[100.60391,13.92936],[100.603874,13.929262],[100.60375,13.929053],[100.603633,13.928805],[100.603467,13.928544],[100.603206,13.927997],[100.602701,13.927053],[100.602468,13.926674],[100.601823,13.925512],[100.601744,13.925301],[100.601341,13.924504],[100.60116,13.924235],[100.600894,13.923687],[100.600733,13.923401],[100.600407,13.922895],[100.600141,13.922362],[100.59987,13.921879],[100.59974,13.921692],[100.59972,13.921596],[100.599658,13.921462],[100.599502,13.921183],[100.59939,13.921025],[100.598575,13.919485],[100.598163,13.91877],[100.598135,13.91869],[100.597822,13.918154],[100.59778,13.918118],[100.59769,13.917949],[100.597574,13.917655],[100.597421,13.917341],[100.597114,13.916859],[100.596897,13.916487],[100.596858,13.916385],[100.59683,13.916372],[100.596695,13.916113],[100.596636,13.916031],[100.596137,13.915062],[100.595973,13.91483],[100.595828,13.914547],[100.595268,13.913575],[100.595232,13.913422],[100.595178,13.913313],[100.594944,13.91293],[100.594841,13.912715],[100.594465,13.912105],[100.594224,13.911635],[100.594177,13.911596],[100.594057,13.911309],[100.593971,13.911181],[100.593861,13.910896],[100.593561,13.910476],[100.593274,13.909864],[100.593004,13.909426],[100.592979,13.909344],[100.592741,13.908958],[100.592705,13.908841],[100.592453,13.90842],[100.592396,13.908229],[100.591951,13.907396],[100.591894,13.907323],[100.591818,13.907131],[100.591772,13.907092],[100.5916,13.906755],[100.591538,13.906692],[100.59144,13.906469],[100.591402,13.906451],[100.591353,13.906372],[100.59133,13.906293],[100.590948,13.905693],[100.590726,13.905265],[100.590709,13.905156],[100.590502,13.904815],[100.590338,13.904483],[100.590092,13.904057],[100.590017,13.90394],[100.589932,13.903845],[100.589888,13.903758],[100.589866,13.903637],[100.589604,13.903112],[100.589494,13.902987],[100.589467,13.902878],[100.589313,13.902666],[100.589199,13.902411],[100.589042,13.902173],[100.588974,13.902041],[100.588902,13.901969],[100.588883,13.901787],[100.588841,13.901678],[100.588734,13.901483],[100.588642,13.901375],[100.58859,13.901259],[100.588506,13.901192],[100.588415,13.901007],[100.5883,13.900873],[100.588274,13.900819],[100.588262,13.900626],[100.588225,13.900523],[100.587876,13.899962],[100.587707,13.899623],[100.587549,13.899389],[100.587517,13.899282],[100.585725,13.895964],[100.583303,13.891542],[100.582789,13.890659],[100.582894,13.89064],[100.582947,13.890614],[100.583357,13.890613],[100.583952,13.890499],[100.58432,13.890466],[100.584401,13.890446],[100.58455,13.890374],[100.584637,13.890392],[100.584689,13.890429],[100.58495,13.890344],[100.585539,13.8902],[100.585967,13.890123],[100.586648,13.890031],[100.586819,13.889954],[100.587089,13.889688],[100.587196,13.889614],[100.587634,13.889473],[100.587929,13.889355],[100.588076,13.889333],[100.588334,13.889348],[100.588679,13.889495],[100.588833,13.889539],[100.58962,13.889404],[100.589856,13.889393],[100.590334,13.889256],[100.591512,13.888874],[100.593374,13.888186],[100.594253,13.887851],[100.594548,13.887696],[100.594657,13.887615],[100.596179,13.889097],[100.59726,13.889985],[100.599295,13.891346],[100.600494,13.892128],[100.601729,13.892909],[100.604404,13.894765],[100.605657,13.895474],[100.606398,13.896326],[100.60701,13.89716],[100.607839,13.897819],[100.610112,13.899206],[100.610734,13.899654],[100.611207,13.899885],[100.611607,13.900136],[100.613402,13.901312],[100.614064,13.901707],[100.615299,13.902571],[100.616039,13.903052],[100.616787,13.903463],[100.618124,13.90397],[100.618696,13.904204],[100.6192,13.904372],[100.619894,13.904641],[100.621501,13.905211],[100.622005,13.905371],[100.622839,13.905705],[100.623672,13.906009],[100.624559,13.906372],[100.624922,13.906562],[100.625093,13.906681],[100.625212,13.90678],[100.62536,13.90695],[100.62569,13.90739],[100.625929,13.90776],[100.626439,13.908691],[100.627027,13.909675],[100.627206,13.910104],[100.627562,13.910671],[100.627998,13.911427],[100.62814,13.911721],[100.628365,13.912116],[100.628623,13.912511],[100.628937,13.912951],[100.629012,13.913086],[100.629135,13.913428],[100.629212,13.913584],[100.629601,13.914258],[100.629886,13.914714],[100.630444,13.915704],[100.630683,13.916059],[100.630911,13.916469],[100.631032,13.916762],[100.631339,13.917265],[100.631519,13.917603],[100.632984,13.920145],[100.633873,13.921656],[100.634161,13.922199],[100.634216,13.922396],[100.634292,13.922505],[100.634388,13.922718],[100.634593,13.923082],[100.63465,13.923254],[100.634866,13.923667],[100.635474,13.924571],[100.635973,13.92546],[100.63648,13.92626],[100.637206,13.927553],[100.637789,13.92846],[100.638066,13.929077],[100.638339,13.929447],[100.638459,13.929693],[100.638749,13.930376],[100.639061,13.930869],[100.639339,13.93135],[100.639392,13.931488],[100.639526,13.932033],[100.640119,13.932022],[100.639808,13.93228],[100.639738,13.932622],[100.639706,13.93295],[100.639726,13.933369],[100.639764,13.933594],[100.63973,13.93397],[100.639788,13.935331],[100.63978,13.935769],[100.639872,13.936943],[100.639883,13.937561],[100.639743,13.937562],[100.639745,13.937615]]]},"properties":{"fd_name":"พท.ดอนเมือง อนุสรณ์สถาน","district_t":"เขตดอนเมือง","year":"2567","owner":"สำนักการระบายน้ำ","name":"พท.ดอนเมือง อนุสรณ์สถาน","district":"เขตดอนเมือง"}},{"type":"Feature","id":10,"geometry":{"type":"Polygon","coordinates":[[[100.539947,13.833293],[100.540593,13.836081],[100.543231,13.847212],[100.543783,13.84983],[100.543647,13.849859],[100.543461,13.849848],[100.543408,13.849829],[100.543354,13.84965],[100.543338,13.849541],[100.543315,13.849501],[100.542647,13.849266],[100.542286,13.849104],[100.542121,13.848987],[100.54192,13.848957],[100.541704,13.848892],[100.541607,13.848812],[100.541187,13.848642],[100.541146,13.848602],[100.540844,13.848428],[100.540138,13.848136],[100.539934,13.848071],[100.539582,13.847886],[100.539387,13.847812],[100.5392,13.847704],[100.538837,13.847588],[100.538326,13.847347],[100.538084,13.847256],[100.53793,13.84715],[100.537443,13.846713],[100.537231,13.846619],[100.536856,13.846518],[100.536589,13.846347],[100.536152,13.846226],[100.536081,13.846172],[100.535444,13.845617],[100.535046,13.845159],[100.534907,13.84505],[100.534724,13.844945],[100.534389,13.844682],[100.53398,13.844422],[100.533351,13.843715],[100.53309,13.843452],[100.53272,13.843218],[100.532017,13.842517],[100.531943,13.842394],[100.531827,13.842273],[100.531557,13.842085],[100.531218,13.841917],[100.531016,13.841751],[100.530301,13.840981],[100.530126,13.840905],[100.529996,13.840825],[100.52989,13.840733],[100.52969,13.84045],[100.529574,13.840315],[100.529474,13.840252],[100.529234,13.840055],[100.528854,13.839706],[100.528452,13.839401],[100.528193,13.839146],[100.528129,13.839123],[100.527447,13.838514],[100.527322,13.838377],[100.526705,13.837802],[100.526069,13.837342],[100.525912,13.837199],[100.525751,13.836993],[100.525458,13.836819],[100.525165,13.83659],[100.524462,13.835895],[100.524187,13.835687],[100.523769,13.835407],[100.523488,13.835167],[100.523431,13.835012],[100.523244,13.834785],[100.523143,13.834714],[100.523034,13.834674],[100.522646,13.834395],[100.522619,13.834254],[100.522553,13.834191],[100.522506,13.834105],[100.522283,13.833867],[100.521795,13.833527],[100.521673,13.833416],[100.521605,13.833318],[100.521474,13.833184],[100.521009,13.832861],[100.520297,13.83214],[100.520087,13.831957],[100.520045,13.8319],[100.519918,13.831803],[100.519572,13.831603],[100.519002,13.831019],[100.518836,13.830825],[100.518661,13.830679],[100.518626,13.830613],[100.518244,13.830419],[100.518173,13.830348],[100.51809,13.830302],[100.517838,13.830096],[100.517376,13.829759],[100.517023,13.829413],[100.516671,13.829134],[100.516284,13.828885],[100.516025,13.828763],[100.515887,13.82865],[100.515793,13.828527],[100.515727,13.828367],[100.515717,13.82822],[100.515733,13.827804],[100.515717,13.827636],[100.515534,13.827305],[100.515399,13.827172],[100.515308,13.827102],[100.515186,13.82704],[100.514903,13.826949],[100.514648,13.82689],[100.514508,13.826835],[100.513847,13.826495],[100.513509,13.826441],[100.513434,13.826407],[100.513165,13.826172],[100.513114,13.826113],[100.513093,13.826051],[100.513062,13.82584],[100.513055,13.825689],[100.513099,13.824836],[100.513082,13.824752],[100.513057,13.824727],[100.512994,13.824697],[100.512875,13.824715],[100.512809,13.824748],[100.512681,13.824862],[100.512525,13.825204],[100.512257,13.825646],[100.512101,13.82596],[100.512068,13.826006],[100.512007,13.826048],[100.511878,13.826099],[100.511119,13.826221],[100.511031,13.826224],[100.510937,13.826193],[100.510909,13.826159],[100.510854,13.825959],[100.510845,13.825695],[100.510796,13.825358],[100.510774,13.825301],[100.510744,13.82527],[100.51065,13.82523],[100.510529,13.825219],[100.510369,13.825252],[100.509771,13.825541],[100.509457,13.825652],[100.509403,13.825657],[100.509288,13.825598],[100.509186,13.825398],[100.509122,13.825207],[100.509112,13.825114],[100.509125,13.825019],[100.509326,13.824678],[100.509461,13.824542],[100.509599,13.824481],[100.50983,13.824485],[100.509977,13.824449],[100.510076,13.824387],[100.510099,13.824353],[100.510116,13.824283],[100.510099,13.824194],[100.509844,13.823828],[100.509637,13.823692],[100.509321,13.823608],[100.508878,13.823537],[100.508607,13.823453],[100.508176,13.823109],[100.508083,13.823061],[100.507684,13.822912],[100.5076,13.822794],[100.507544,13.82265],[100.507509,13.822446],[100.507511,13.822212],[100.507551,13.821678],[100.507487,13.821556],[100.507407,13.82147],[100.507081,13.821275],[100.506921,13.820956],[100.506816,13.820556],[100.506693,13.820223],[100.506403,13.8197],[100.506268,13.819401],[100.50623,13.819131],[100.506246,13.819004],[100.50628,13.818866],[100.506443,13.818465],[100.506631,13.817864],[100.506746,13.817624],[100.506703,13.817477],[100.507346,13.816298],[100.508491,13.816067],[100.509424,13.815822],[100.510346,13.815543],[100.512405,13.814678],[100.513016,13.814374],[100.513901,13.813989],[100.515687,13.816408],[100.516232,13.817065],[100.516846,13.817733],[100.516944,13.817806],[100.519668,13.820339],[100.521722,13.822152],[100.52319,13.823507],[100.525463,13.825555],[100.526358,13.8264],[100.529169,13.828954],[100.529556,13.829288],[100.52992,13.829566],[100.530227,13.829775],[100.530712,13.830057],[100.531333,13.830363],[100.531637,13.830485],[100.531822,13.830549],[100.53223,13.830653],[100.532612,13.830735],[100.533159,13.830816],[100.533466,13.830836],[100.533958,13.83083],[100.535183,13.830748],[100.538229,13.830493],[100.539264,13.830385],[100.539312,13.830673],[100.539947,13.833293]]]},"properties":{"fd_name":"พท.สะพานพระราม 7 ถ.พิบูลสงครามถึงสุดเขตกทม.","district_t":"เขตบางซื่อ","year":"2567","owner":"สำนักการระบายน้ำ","name":"พท.สะพานพระราม 7 ถ.พิบูลสงครามถึงสุดเขตกทม.","district":"เขตบางซื่อ"}},{"type":"Feature","id":11,"geometry":{"type":"Polygon","coordinates":[[[100.685999,13.93111],[100.684559,13.931068],[100.683646,13.930997],[100.682075,13.930976],[100.678604,13.930888],[100.677205,13.930886],[100.67655,13.930824],[100.675299,13.930816],[100.674405,13.930773],[100.672626,13.930723],[100.669156,13.930558],[100.667153,13.930522],[100.666506,13.930496],[100.665914,13.930494],[100.665345,13.93047],[100.664948,13.930475],[100.664873,13.930481],[100.664686,13.930532],[100.663621,13.93054],[100.662484,13.930595],[100.661973,13.930601],[100.661261,13.930662],[100.660349,13.930712],[100.658512,13.930665],[100.658209,13.930673],[100.656361,13.93086],[100.654367,13.930987],[100.653642,13.930977],[100.653376,13.931011],[100.652115,13.931027],[100.651697,13.931055],[100.651483,13.931052],[100.651047,13.931126],[100.650806,13.931131],[100.650659,13.931173],[100.650489,13.931257],[100.650433,13.931268],[100.650105,13.931195],[100.649411,13.931166],[100.649069,13.931201],[100.6484,13.931193],[100.646961,13.931273],[100.646646,13.931244],[100.645881,13.931317],[100.644818,13.931322],[100.644343,13.93134],[100.64317,13.931436],[100.641868,13.931497],[100.641392,13.931493],[100.641101,13.931525],[100.640702,13.93164],[100.640401,13.93179],[100.640279,13.931871],[100.640119,13.932022],[100.639526,13.932033],[100.639392,13.931488],[100.639339,13.93135],[100.639061,13.930869],[100.638749,13.930376],[100.638459,13.929693],[100.638339,13.929447],[100.638066,13.929077],[100.637789,13.92846],[100.637206,13.927553],[100.63648,13.92626],[100.635973,13.92546],[100.635474,13.924571],[100.634866,13.923667],[100.63465,13.923254],[100.634593,13.923082],[100.634388,13.922718],[100.634292,13.922505],[100.634216,13.922396],[100.634161,13.922199],[100.633873,13.921656],[100.632984,13.920145],[100.631519,13.917603],[100.631339,13.917265],[100.631032,13.916762],[100.630911,13.916469],[100.630683,13.916059],[100.630444,13.915704],[100.629886,13.914714],[100.629601,13.914258],[100.629212,13.913584],[100.629135,13.913428],[100.629058,13.913199],[100.628983,13.913031],[100.628365,13.912116],[100.62814,13.911721],[100.627998,13.911427],[100.627562,13.910671],[100.627206,13.910104],[100.627027,13.909675],[100.626439,13.908691],[100.625929,13.90776],[100.62569,13.90739],[100.625294,13.906866],[100.625093,13.906681],[100.624797,13.906492],[100.624559,13.906372],[100.623672,13.906009],[100.622839,13.905705],[100.622005,13.905371],[100.621501,13.905211],[100.619894,13.904641],[100.6192,13.904372],[100.618696,13.904204],[100.618124,13.90397],[100.616787,13.903463],[100.616556,13.903346],[100.616039,13.903052],[100.615299,13.902571],[100.614064,13.901707],[100.613402,13.901312],[100.611607,13.900136],[100.611207,13.899885],[100.610734,13.899654],[100.610112,13.899206],[100.607839,13.897819],[100.607065,13.897204],[100.608407,13.895977],[100.608609,13.895773],[100.607292,13.89352],[100.604833,13.889378],[100.603602,13.887245],[100.602058,13.884703],[100.600581,13.88222],[100.598879,13.879262],[100.596691,13.875546],[100.596069,13.874548],[100.594887,13.872548],[100.593928,13.870849],[100.593355,13.86987],[100.591786,13.867242],[100.586584,13.858394],[100.58687,13.857697],[100.587175,13.857178],[100.587376,13.85656],[100.587423,13.855711],[100.5875,13.852925],[100.587546,13.85238],[100.587954,13.850907],[100.588171,13.850022],[100.58835,13.848375],[100.588487,13.8478],[100.588758,13.846238],[100.589636,13.844124],[100.589739,13.843921],[100.590134,13.841706],[100.59094,13.838428],[100.591011,13.837613],[100.590944,13.836964],[100.590763,13.835957],[100.590307,13.834328],[100.589993,13.833378],[100.589883,13.832441],[100.589769,13.83203],[100.589809,13.830958],[100.589898,13.830495],[100.589918,13.829843],[100.589862,13.828717],[100.589705,13.827834],[100.589643,13.826905],[100.58943,13.825491],[100.589103,13.824493],[100.58906,13.824113],[100.589137,13.82356],[100.589266,13.822831],[100.589246,13.821403],[100.589449,13.821379],[100.590069,13.82143],[100.591555,13.821638],[100.592011,13.821683],[100.592775,13.821696],[100.594333,13.821854],[100.595182,13.822005],[100.596751,13.82239],[100.597073,13.822448],[100.597176,13.822453],[100.600142,13.823105],[100.600571,13.823115],[100.601002,13.823088],[100.603238,13.823286],[100.604061,13.823335],[100.604468,13.82338],[100.60457,13.823406],[100.604679,13.823389],[100.604851,13.823315],[100.60523,13.823092],[100.605527,13.822983],[100.605672,13.82297],[100.606188,13.822966],[100.60666,13.822933],[100.606725,13.822944],[100.606922,13.823022],[100.607646,13.823062],[100.608839,13.823102],[100.609174,13.823142],[100.609607,13.823133],[100.610501,13.823145],[100.611113,13.822949],[100.611865,13.822824],[100.612215,13.822786],[100.612694,13.82269],[100.613116,13.822651],[100.613217,13.822663],[100.613725,13.822623],[100.614032,13.822615],[100.614456,13.822617],[100.61463,13.822649],[100.614788,13.822651],[100.614977,13.822687],[100.615252,13.8227],[100.615534,13.822738],[100.615893,13.822719],[100.616024,13.822739],[100.616106,13.822725],[100.616202,13.822738],[100.616335,13.822732],[100.616484,13.822751],[100.616595,13.822804],[100.616654,13.822785],[100.61673,13.822814],[100.616782,13.822814],[100.616841,13.822801],[100.616929,13.822753],[100.617038,13.822784],[100.617355,13.822794],[100.618053,13.822712],[100.618087,13.822721],[100.618203,13.822679],[100.61825,13.822695],[100.618581,13.82266],[100.620562,13.822641],[100.62084,13.822607],[100.621008,13.822603],[100.621195,13.822645],[100.621576,13.82282],[100.6217,13.82285],[100.62181,13.822845],[100.621926,13.822818],[100.622145,13.822746],[100.622347,13.822775],[100.622802,13.822774],[100.624766,13.822645],[100.624923,13.822644],[100.62508,13.82267],[100.625569,13.822606],[100.625919,13.822595],[100.627063,13.822405],[100.627497,13.823129],[100.627919,13.823949],[100.628499,13.8254],[100.630627,13.823337],[100.631951,13.822092],[100.632362,13.821734],[100.63278,13.821395],[100.633683,13.820706],[100.634413,13.820221],[100.635187,13.819749],[100.642389,13.815608],[100.643586,13.814871],[100.644719,13.814085],[100.645354,13.813621],[100.646804,13.812468],[100.648479,13.811173],[100.650128,13.809821],[100.649898,13.809363],[100.648916,13.807115],[100.648117,13.8056],[100.647689,13.804846],[100.647558,13.804584],[100.647503,13.804448],[100.647464,13.804285],[100.647446,13.80403],[100.647463,13.803836],[100.647521,13.803555],[100.647688,13.803171],[100.649015,13.800272],[100.652629,13.792245],[100.652696,13.792045],[100.652704,13.791875],[100.652679,13.791716],[100.652597,13.791545],[100.651695,13.790166],[100.651291,13.789596],[100.647556,13.784109],[100.647595,13.784058],[100.647588,13.784047],[100.648503,13.783046],[100.649922,13.781191],[100.650717,13.780091],[100.651372,13.779047],[100.652186,13.777686],[100.652829,13.776476],[100.653066,13.775867],[100.653211,13.775401],[100.653516,13.774148],[100.653592,13.773929],[100.653691,13.773766],[100.654139,13.773278],[100.654568,13.772723],[100.654449,13.772632],[100.654347,13.772527],[100.65337,13.771026],[100.652777,13.770231],[100.652638,13.770013],[100.652112,13.769342],[100.651944,13.769102],[100.651688,13.76879],[100.651851,13.768611],[100.652222,13.768068],[100.652336,13.767974],[100.652063,13.767738],[100.65273,13.768238],[100.653902,13.769183],[100.654629,13.769709],[100.655359,13.770174],[100.657136,13.771149],[100.659066,13.772168],[100.661507,13.773531],[100.662885,13.774282],[100.664677,13.775285],[100.665165,13.775572],[100.665819,13.775911],[100.666727,13.776452],[100.670002,13.778274],[100.671623,13.779207],[100.673173,13.780024],[100.67375,13.780345],[100.675902,13.781449],[100.676623,13.781863],[100.676752,13.781954],[100.677515,13.782404],[100.679099,13.783223],[100.679668,13.783547],[100.679994,13.783755],[100.681102,13.784327],[100.681662,13.784677],[100.684893,13.786423],[100.685858,13.786923],[100.687177,13.787662],[100.688719,13.78849],[100.689183,13.788723],[100.689697,13.789028],[100.690238,13.789394],[100.690805,13.789738],[100.692369,13.790603],[100.693175,13.791012],[100.693592,13.791241],[100.694187,13.791591],[100.694567,13.791794],[100.695473,13.792349],[100.696372,13.792801],[100.698801,13.794109],[100.700715,13.795221],[100.701513,13.795662],[100.702123,13.795969],[100.703715,13.796815],[100.704971,13.79751],[100.704544,13.798221],[100.704367,13.798545],[100.702435,13.80154],[100.701694,13.80274],[100.700697,13.804181],[100.700479,13.804557],[100.700448,13.804646],[100.700506,13.804747],[100.700837,13.805072],[100.701009,13.805269],[100.701477,13.805942],[100.701612,13.806163],[100.701935,13.806783],[100.702026,13.807011],[100.702068,13.807179],[100.702073,13.807562],[100.702004,13.808313],[100.701869,13.808853],[100.70173,13.809143],[100.701575,13.809338],[100.701406,13.809499],[100.700838,13.809911],[100.700615,13.810046],[100.7,13.810352],[100.699479,13.810673],[100.698849,13.811149],[100.698269,13.811645],[100.697993,13.811902],[100.697632,13.812405],[100.697488,13.812683],[100.697281,13.8132],[100.697041,13.813899],[100.696773,13.814886],[100.696699,13.815235],[100.696673,13.815608],[100.696611,13.815945],[100.696529,13.816609],[100.696528,13.816805],[100.696556,13.816937],[100.69653,13.817194],[100.69653,13.817456],[100.696586,13.81783],[100.696612,13.818181],[100.696697,13.818746],[100.696844,13.819519],[100.69688,13.819862],[100.696894,13.820341],[100.696777,13.820434],[100.696269,13.820656],[100.696184,13.820716],[100.696045,13.820837],[100.695813,13.82112],[100.695641,13.821363],[100.695452,13.82178],[100.69533,13.822273],[100.695332,13.822436],[100.695395,13.823013],[100.695392,13.823439],[100.695222,13.824023],[100.695093,13.824238],[100.694881,13.824521],[100.694753,13.82476],[100.694622,13.824949],[100.694541,13.825169],[100.694454,13.82533],[100.694227,13.825855],[100.693948,13.826414],[100.693397,13.827354],[100.693025,13.827947],[100.692576,13.828753],[100.692095,13.829668],[100.691845,13.830097],[100.691669,13.830301],[100.691435,13.830487],[100.691134,13.830652],[100.69094,13.830781],[100.69085,13.83089],[100.690731,13.831111],[100.690706,13.831227],[100.690728,13.831689],[100.690689,13.83188],[100.69058,13.832107],[100.69028,13.832625],[100.690012,13.832944],[100.688565,13.834052],[100.687971,13.834482],[100.687857,13.834618],[100.687799,13.834718],[100.687773,13.834908],[100.687803,13.835066],[100.687928,13.835324],[100.688217,13.835779],[100.688235,13.835981],[100.6882,13.836203],[100.688078,13.836618],[100.687932,13.837254],[100.68786,13.83784],[100.687737,13.838481],[100.687699,13.83858],[100.687462,13.839002],[100.687268,13.839231],[100.687207,13.839337],[100.686932,13.839897],[100.686779,13.840286],[100.686472,13.841187],[100.68636,13.841581],[100.686224,13.842773],[100.686171,13.843082],[100.686054,13.843607],[100.685594,13.844977],[100.685475,13.845217],[100.685251,13.845565],[100.684772,13.846206],[100.684196,13.847059],[100.684076,13.847296],[100.68404,13.847461],[100.683922,13.847671],[100.683817,13.847925],[100.683661,13.848168],[100.683314,13.848454],[100.682296,13.849075],[100.6818,13.849343],[100.681555,13.849456],[100.681264,13.849563],[100.680749,13.849801],[100.680528,13.84999],[100.680281,13.850124],[100.679684,13.850278],[100.679316,13.850336],[100.679034,13.850343],[100.678821,13.850379],[100.678612,13.850463],[100.67841,13.850566],[100.677357,13.851302],[100.676982,13.85148],[100.676606,13.85161],[100.674624,13.851971],[100.673841,13.852145],[100.673371,13.852205],[100.672865,13.852192],[100.671988,13.852248],[100.671119,13.852405],[100.67096,13.852457],[100.670872,13.852519],[100.670809,13.852648],[100.670706,13.853007],[100.670685,13.853233],[100.670699,13.853438],[100.670743,13.85354],[100.670849,13.853634],[100.671406,13.853872],[100.671697,13.854018],[100.672195,13.854282],[100.672705,13.854576],[100.673463,13.854965],[100.674139,13.855366],[100.674379,13.855544],[100.674686,13.855822],[100.676009,13.857185],[100.676514,13.857601],[100.676988,13.857816],[100.677629,13.858043],[100.678772,13.858314],[100.679727,13.858477],[100.68029,13.858708],[100.680837,13.859676],[100.681185,13.860111],[100.681416,13.860287],[100.681811,13.860503],[100.682139,13.860743],[100.682781,13.861607],[100.683235,13.862414],[100.683346,13.862727],[100.683433,13.863099],[100.683826,13.86549],[100.683919,13.865932],[100.684119,13.866559],[100.68439,13.867083],[100.68486,13.867811],[100.685198,13.868386],[100.685586,13.869],[100.685655,13.86919],[100.685673,13.869365],[100.685591,13.869814],[100.685544,13.869986],[100.685404,13.870398],[100.685134,13.870979],[100.685024,13.871264],[100.684835,13.871819],[100.684553,13.872803],[100.684427,13.873437],[100.684379,13.874125],[100.684503,13.874624],[100.684718,13.875062],[100.68498,13.875323],[100.685708,13.875808],[100.685883,13.87595],[100.686272,13.87637],[100.686459,13.876596],[100.687142,13.877729],[100.687632,13.878285],[100.687864,13.878496],[100.688174,13.878825],[100.688746,13.879201],[100.689522,13.879499],[100.689715,13.879611],[100.689795,13.879668],[100.689852,13.879735],[100.689903,13.879874],[100.689918,13.879964],[100.689904,13.880161],[100.689857,13.88034],[100.689358,13.881485],[100.689328,13.881621],[100.689445,13.882563],[100.689574,13.883212],[100.689908,13.88439],[100.690073,13.884882],[100.690251,13.88522],[100.690574,13.885582],[100.691738,13.886436],[100.691823,13.886482],[100.691917,13.886568],[100.692,13.886718],[100.692003,13.886766],[100.691942,13.886865],[100.691458,13.88713],[100.691397,13.887194],[100.691295,13.887509],[100.691285,13.888352],[100.691314,13.889224],[100.691387,13.890602],[100.691505,13.891602],[100.69163,13.892472],[100.691828,13.893494],[100.691862,13.894298],[100.691846,13.8948],[100.691869,13.894963],[100.692073,13.895657],[100.692271,13.896882],[100.692291,13.897395],[100.692277,13.897739],[100.692184,13.898117],[100.692017,13.898483],[100.691914,13.898658],[100.691506,13.899254],[100.691112,13.899703],[100.690864,13.899938],[100.690498,13.90042],[100.690409,13.900619],[100.690359,13.901066],[100.690259,13.901481],[100.689934,13.902179],[100.689583,13.903065],[100.689447,13.903334],[100.689228,13.903641],[100.688756,13.904165],[100.688192,13.905007],[100.687881,13.905522],[100.686992,13.90781],[100.686977,13.908346],[100.686995,13.908736],[100.687034,13.908994],[100.687027,13.909123],[100.686991,13.909203],[100.686505,13.909691],[100.686232,13.909924],[100.685583,13.910372],[100.684719,13.910793],[100.683815,13.911205],[100.683603,13.911382],[100.683572,13.911448],[100.683549,13.911599],[100.683551,13.911753],[100.683667,13.912442],[100.683678,13.912834],[100.683623,13.913391],[100.683626,13.913467],[100.683661,13.913547],[100.683968,13.913911],[100.684176,13.914079],[100.684273,13.914131],[100.684601,13.91424],[100.685049,13.914455],[100.685673,13.914908],[100.686224,13.915505],[100.686718,13.916167],[100.687104,13.91654],[100.687507,13.917082],[100.687528,13.917132],[100.687563,13.917356],[100.68757,13.917593],[100.687557,13.917813],[100.687434,13.91834],[100.687328,13.919044],[100.687267,13.919704],[100.687231,13.920438],[100.687205,13.920687],[100.687212,13.920852],[100.687334,13.921403],[100.687609,13.922098],[100.68784,13.922744],[100.68805,13.923113],[100.688324,13.923451],[100.688534,13.92374],[100.688591,13.923865],[100.688634,13.924084],[100.688659,13.924593],[100.688691,13.924792],[100.688808,13.925123],[100.688901,13.925273],[100.689104,13.925444],[100.689271,13.925626],[100.689343,13.92575],[100.689406,13.92604],[100.689442,13.926886],[100.689516,13.927657],[100.689763,13.928828],[100.689807,13.929153],[100.689838,13.92973],[100.689847,13.931194],[100.688526,13.931167],[100.687442,13.931122],[100.685999,13.93111]]]},"properties":{"fd_name":"พท.ถ.พหลโยธิน ถ.รามอินทรา ถ.สุขาภิบาล 5 ถ.วัชรพล","district_t":"เขตสายไหม เขตบางเขน เขตคันนายาว เขตบึงกุ่ม และเขตลาดพร้าว","year":"2567","owner":"สำนักการระบายน้ำ","name":"พท.ถ.พหลโยธิน ถ.รามอินทรา ถ.สุขาภิบาล 5 ถ.วัชรพล","district":"เขตสายไหม เขตบางเขน เขตคันนายาว เขตบึงกุ่ม และเขตลาดพร้าว"}},{"type":"Feature","id":12,"geometry":{"type":"Polygon","coordinates":[[[100.74663,13.724122],[100.746694,13.731187],[100.746759,13.785229],[100.746697,13.794624],[100.746663,13.795066],[100.746574,13.795522],[100.746434,13.795958],[100.746314,13.79624],[100.744398,13.799639],[100.745456,13.799392],[100.746566,13.799169],[100.747891,13.798953],[100.748658,13.798893],[100.749264,13.798884],[100.749958,13.798948],[100.75084,13.799334],[100.751556,13.799613],[100.752396,13.79982],[100.753168,13.800178],[100.753833,13.800439],[100.754527,13.800793],[100.755822,13.801383],[100.756485,13.801726],[100.756857,13.801996],[100.75763,13.802681],[100.758459,13.80345],[100.758892,13.80379],[100.759237,13.803907],[100.759753,13.804044],[100.758249,13.807127],[100.758273,13.808462],[100.758299,13.808747],[100.758281,13.808911],[100.758188,13.809246],[100.758288,13.809971],[100.758348,13.810539],[100.758369,13.811005],[100.758659,13.812097],[100.759013,13.813035],[100.759115,13.813379],[100.758968,13.81408],[100.758917,13.814448],[100.758911,13.814807],[100.758603,13.816502],[100.758449,13.817289],[100.758289,13.817921],[100.75817,13.818207],[100.757215,13.818565],[100.756292,13.819001],[100.755732,13.819284],[100.755455,13.819491],[100.755017,13.819868],[100.754799,13.820127],[100.754451,13.820916],[100.754406,13.8219],[100.754361,13.822096],[100.754248,13.822355],[100.753792,13.822904],[100.753299,13.823545],[100.752984,13.824022],[100.751956,13.82347],[100.750743,13.822789],[100.7488,13.821746],[100.746669,13.820578],[100.74553,13.819928],[100.744613,13.819437],[100.743358,13.818659],[100.743227,13.818558],[100.742905,13.818391],[100.742833,13.818369],[100.742619,13.818196],[100.74252,13.818142],[100.742434,13.818125],[100.74204,13.817917],[100.741387,13.817498],[100.740946,13.817271],[100.740491,13.817009],[100.740201,13.816821],[100.740109,13.816776],[100.740061,13.816813],[100.739374,13.816478],[100.739118,13.816263],[100.738742,13.816048],[100.737978,13.815645],[100.737648,13.815516],[100.737314,13.815314],[100.736621,13.814948],[100.73624,13.814818],[100.735969,13.814639],[100.735702,13.814514],[100.735229,13.814186],[100.734534,13.813875],[100.733878,13.813501],[100.733068,13.813083],[100.732371,13.812683],[100.731934,13.812388],[100.73171,13.812309],[100.731197,13.812015],[100.730743,13.811809],[100.729835,13.811305],[100.729836,13.811255],[100.729565,13.811125],[100.728313,13.810453],[100.725963,13.809152],[100.724745,13.808434],[100.721415,13.806613],[100.720882,13.806335],[100.719864,13.805749],[100.718646,13.805079],[100.718075,13.804784],[100.716931,13.804137],[100.716232,13.803708],[100.714698,13.802938],[100.711146,13.800916],[100.703715,13.796815],[100.702123,13.795969],[100.701513,13.795662],[100.700715,13.795221],[100.698801,13.794109],[100.696372,13.792801],[100.695473,13.792349],[100.694567,13.791794],[100.694187,13.791591],[100.693592,13.791241],[100.693175,13.791012],[100.692369,13.790603],[100.690805,13.789738],[100.690238,13.789394],[100.689697,13.789028],[100.689183,13.788723],[100.688719,13.78849],[100.687177,13.787662],[100.685858,13.786923],[100.684893,13.786423],[100.681662,13.784677],[100.681102,13.784327],[100.679994,13.783755],[100.679668,13.783547],[100.679099,13.783223],[100.677515,13.782404],[100.676752,13.781954],[100.676623,13.781863],[100.675902,13.781449],[100.67375,13.780345],[100.673173,13.780024],[100.671623,13.779207],[100.670002,13.778274],[100.666727,13.776452],[100.665819,13.775911],[100.665165,13.775572],[100.664677,13.775285],[100.662885,13.774282],[100.661507,13.773531],[100.659066,13.772168],[100.657136,13.771149],[100.655359,13.770174],[100.654629,13.769709],[100.653902,13.769183],[100.65273,13.768238],[100.652063,13.767738],[100.651226,13.767046],[100.651068,13.76689],[100.650214,13.766217],[100.649601,13.765738],[100.649257,13.765536],[100.6487,13.765315],[100.648204,13.765139],[100.64728,13.764945],[100.646753,13.764868],[100.647123,13.760919],[100.647215,13.760247],[100.647274,13.759572],[100.647511,13.757468],[100.647569,13.756729],[100.647717,13.755523],[100.647844,13.753805],[100.64791,13.753465],[100.647968,13.752703],[100.647986,13.752661],[100.648047,13.752611],[100.64854,13.752306],[100.649041,13.751971],[100.649245,13.751857],[100.6492,13.751294],[100.649284,13.751008],[100.649372,13.750799],[100.649417,13.750711],[100.649534,13.75062],[100.649958,13.750363],[100.650762,13.749943],[100.650869,13.74985],[100.651042,13.749649],[100.651071,13.749584],[100.651438,13.749538],[100.651743,13.749533],[100.651805,13.749546],[100.651909,13.749595],[100.652134,13.749757],[100.65227,13.749801],[100.652432,13.74979],[100.653575,13.749658],[100.65447,13.749465],[100.654981,13.749329],[100.655252,13.749281],[100.656002,13.74922],[100.65639,13.749296],[100.65733,13.749568],[100.657465,13.749589],[100.657728,13.749582],[100.657982,13.749651],[100.658876,13.749797],[100.659158,13.749828],[100.660493,13.749776],[100.660735,13.749753],[100.660892,13.749761],[100.661084,13.749697],[100.661242,13.749687],[100.66147,13.749649],[100.664902,13.748973],[100.665343,13.748871],[100.665708,13.748863],[100.665819,13.748837],[100.666176,13.74885],[100.666608,13.748832],[100.667012,13.748753],[100.667935,13.748685],[100.667966,13.748605],[100.668007,13.748228],[100.668001,13.747844],[100.668043,13.747557],[100.667182,13.747276],[100.666308,13.746948],[100.666174,13.746846],[100.665995,13.746658],[100.665692,13.746214],[100.665382,13.745943],[100.665319,13.745801],[100.665223,13.745407],[100.665037,13.744808],[100.664701,13.743905],[100.664631,13.74375],[100.664577,13.743342],[100.664525,13.743171],[100.664481,13.74311],[100.664358,13.743018],[100.664168,13.742929],[100.663911,13.742889],[100.663713,13.742887],[100.66353,13.74281],[100.663218,13.742459],[100.663075,13.742191],[100.663057,13.741927],[100.663126,13.741643],[100.663406,13.741125],[100.663442,13.740959],[100.663393,13.740159],[100.66355,13.74016],[100.663931,13.740082],[100.664048,13.740043],[100.6642,13.739939],[100.664244,13.739763],[100.66452,13.739224],[100.66498,13.738509],[100.665145,13.73822],[100.665234,13.737923],[100.665277,13.737496],[100.665277,13.736672],[100.6653,13.73604],[100.665357,13.735652],[100.66533,13.735405],[100.665354,13.735013],[100.665549,13.734481],[100.665563,13.734373],[100.665555,13.734254],[100.665328,13.733847],[100.665273,13.733556],[100.665104,13.733179],[100.664934,13.732738],[100.664812,13.73218],[100.664727,13.731327],[100.66472,13.730862],[100.664661,13.730171],[100.664634,13.730004],[100.664561,13.729845],[100.664398,13.729366],[100.664297,13.729017],[100.664177,13.728414],[100.66391,13.727835],[100.663884,13.72731],[100.6639,13.72719],[100.66398,13.726807],[100.664076,13.726517],[100.664258,13.726102],[100.664388,13.725873],[100.664425,13.725778],[100.664462,13.724928],[100.664396,13.724025],[100.664336,13.723788],[100.664218,13.7235],[100.664105,13.722163],[100.663962,13.721737],[100.663872,13.721363],[100.665728,13.721861],[100.666916,13.722138],[100.668446,13.722541],[100.669936,13.722969],[100.671299,13.723335],[100.67249,13.723689],[100.673181,13.723844],[100.673741,13.723908],[100.679633,13.723994],[100.683016,13.724011],[100.684315,13.723971],[100.684972,13.723931],[100.686878,13.723975],[100.68988,13.723969],[100.694704,13.723993],[100.695832,13.724031],[100.698904,13.724002],[100.700575,13.724027],[100.705025,13.724012],[100.708902,13.723964],[100.710972,13.723997],[100.71415,13.72401],[100.715669,13.723979],[100.718523,13.723969],[100.720843,13.724014],[100.723518,13.724003],[100.725275,13.724033],[100.726846,13.724022],[100.728435,13.724054],[100.729598,13.724046],[100.73072,13.723984],[100.731861,13.723969],[100.733047,13.724011],[100.733942,13.724012],[100.735255,13.72392],[100.735853,13.72392],[100.737262,13.723982],[100.73785,13.723977],[100.738715,13.723935],[100.739581,13.723983],[100.742378,13.724075],[100.744286,13.724036],[100.745071,13.724095],[100.746272,13.724133],[100.74663,13.724122]]]},"properties":{"fd_name":"พท.ถ.รามคำแหง ถ.ร่มเกล้า ถ.ศรีนครินทร์-ร่มเกล้า ถ.สุวินทวงศ์ ถ.ราชอุทิศ","district_t":"เขตมีนบุรี เขตลาดกระบัง เขตสะพานสูง เขตบางกะปิ และเขตประเวศ","year":"2567","owner":"สำนักการระบายน้ำ","name":"พท.ถ.รามคำแหง ถ.ร่มเกล้า ถ.ศรีนครินทร์-ร่มเกล้า ถ.สุวินทวงศ์ ถ.ราชอุทิศ","district":"เขตมีนบุรี เขตลาดกระบัง เขตสะพานสูง เขตบางกะปิ และเขตประเวศ"}},{"type":"Feature","id":13,"geometry":{"type":"Polygon","coordinates":[[[100.720508,13.915991],[100.720266,13.916216],[100.720007,13.916421],[100.719399,13.916812],[100.718823,13.916783],[100.690337,13.916187],[100.688476,13.91623],[100.687044,13.916149],[100.686725,13.916167],[100.686224,13.915505],[100.685673,13.914908],[100.685049,13.914455],[100.684601,13.91424],[100.684273,13.914131],[100.684176,13.914079],[100.683968,13.913911],[100.683744,13.913657],[100.683645,13.913522],[100.683623,13.913438],[100.683678,13.912834],[100.683667,13.912442],[100.683545,13.911702],[100.683564,13.911483],[100.683585,13.911414],[100.683626,13.911354],[100.683815,13.911205],[100.684719,13.910793],[100.685583,13.910372],[100.685823,13.910218],[100.686232,13.909924],[100.686505,13.909691],[100.686991,13.909203],[100.687027,13.909123],[100.687034,13.908994],[100.686995,13.908736],[100.686977,13.908346],[100.686992,13.90781],[100.687881,13.905522],[100.688192,13.905007],[100.688756,13.904165],[100.689228,13.903641],[100.689447,13.903334],[100.689583,13.903065],[100.689934,13.902179],[100.690259,13.901481],[100.690359,13.901066],[100.690409,13.900619],[100.690498,13.90042],[100.690864,13.899938],[100.691112,13.899703],[100.691506,13.899254],[100.691914,13.898658],[100.692017,13.898483],[100.692184,13.898117],[100.692277,13.897739],[100.692291,13.897395],[100.692271,13.896882],[100.692073,13.895657],[100.691869,13.894963],[100.691846,13.8948],[100.691862,13.894298],[100.691828,13.893494],[100.69163,13.892472],[100.691505,13.891602],[100.691387,13.890602],[100.691314,13.889224],[100.691285,13.888352],[100.691295,13.887509],[100.691397,13.887194],[100.691458,13.88713],[100.691942,13.886865],[100.692003,13.886766],[100.692,13.886718],[100.691917,13.886568],[100.691823,13.886482],[100.691738,13.886436],[100.690574,13.885582],[100.690251,13.88522],[100.690073,13.884882],[100.689908,13.88439],[100.689574,13.883212],[100.689445,13.882563],[100.689328,13.881621],[100.689358,13.881485],[100.689857,13.88034],[100.689904,13.880161],[100.689918,13.879964],[100.689903,13.879874],[100.689852,13.879735],[100.689795,13.879668],[100.689715,13.879611],[100.689522,13.879499],[100.688746,13.879201],[100.688174,13.878825],[100.687864,13.878496],[100.687632,13.878285],[100.687142,13.877729],[100.686459,13.876596],[100.686272,13.87637],[100.685883,13.87595],[100.685708,13.875808],[100.68498,13.875323],[100.684718,13.875062],[100.684503,13.874624],[100.684379,13.874125],[100.684427,13.873437],[100.684553,13.872803],[100.684835,13.871819],[100.685024,13.871264],[100.685134,13.870979],[100.685404,13.870398],[100.685544,13.869986],[100.685591,13.869814],[100.685673,13.869365],[100.685655,13.86919],[100.685586,13.869],[100.685198,13.868386],[100.68486,13.867811],[100.68439,13.867083],[100.684119,13.866559],[100.683919,13.865932],[100.683826,13.86549],[100.683433,13.863099],[100.683346,13.862727],[100.683235,13.862414],[100.682781,13.861607],[100.682139,13.860743],[100.681811,13.860503],[100.681416,13.860287],[100.681185,13.860111],[100.680837,13.859676],[100.68029,13.858708],[100.679727,13.858477],[100.678772,13.858314],[100.677629,13.858043],[100.676988,13.857816],[100.676514,13.857601],[100.676009,13.857185],[100.674686,13.855822],[100.674379,13.855544],[100.674139,13.855366],[100.673463,13.854965],[100.672705,13.854576],[100.672195,13.854282],[100.671697,13.854018],[100.671406,13.853872],[100.670849,13.853634],[100.670743,13.85354],[100.670699,13.853438],[100.670687,13.853362],[100.670706,13.853007],[100.670809,13.852648],[100.670885,13.852502],[100.670996,13.852441],[100.671596,13.852312],[100.671988,13.852248],[100.672865,13.852192],[100.673371,13.852205],[100.673841,13.852145],[100.674624,13.851971],[100.676606,13.85161],[100.676982,13.85148],[100.677357,13.851302],[100.67841,13.850566],[100.678612,13.850463],[100.678821,13.850379],[100.679034,13.850343],[100.679316,13.850336],[100.679684,13.850278],[100.680281,13.850124],[100.680528,13.84999],[100.680749,13.849801],[100.681264,13.849563],[100.681555,13.849456],[100.6818,13.849343],[100.682296,13.849075],[100.683314,13.848454],[100.683661,13.848168],[100.683817,13.847925],[100.683922,13.847671],[100.68404,13.847461],[100.684076,13.847296],[100.684196,13.847059],[100.684772,13.846206],[100.685251,13.845565],[100.685475,13.845217],[100.685594,13.844977],[100.686054,13.843607],[100.686171,13.843082],[100.686224,13.842773],[100.68636,13.841581],[100.686472,13.841187],[100.686779,13.840286],[100.686932,13.839897],[100.687207,13.839337],[100.687268,13.839231],[100.687462,13.839002],[100.687699,13.83858],[100.687737,13.838481],[100.68786,13.83784],[100.687932,13.837254],[100.688078,13.836618],[100.6882,13.836203],[100.688235,13.835981],[100.688217,13.835779],[100.687928,13.835324],[100.687803,13.835066],[100.687773,13.834908],[100.687799,13.834718],[100.687857,13.834618],[100.687971,13.834482],[100.688565,13.834052],[100.690012,13.832944],[100.69028,13.832625],[100.69058,13.832107],[100.690689,13.83188],[100.690728,13.831689],[100.690706,13.831227],[100.690731,13.831111],[100.69085,13.83089],[100.69094,13.830781],[100.691134,13.830652],[100.691435,13.830487],[100.691669,13.830301],[100.691845,13.830097],[100.692095,13.829668],[100.692576,13.828753],[100.693025,13.827947],[100.693397,13.827354],[100.693948,13.826414],[100.694227,13.825855],[100.694454,13.82533],[100.694541,13.825169],[100.694622,13.824949],[100.694753,13.82476],[100.694881,13.824521],[100.695093,13.824238],[100.695222,13.824023],[100.695392,13.823439],[100.695395,13.823013],[100.695332,13.822436],[100.69533,13.822273],[100.695452,13.82178],[100.695641,13.821363],[100.695813,13.82112],[100.696045,13.820837],[100.696184,13.820716],[100.696269,13.820656],[100.696777,13.820434],[100.696894,13.820341],[100.69688,13.819862],[100.696844,13.819519],[100.696697,13.818746],[100.696612,13.818181],[100.696586,13.81783],[100.69653,13.817456],[100.69653,13.817194],[100.696556,13.816937],[100.696528,13.816805],[100.696529,13.816609],[100.696611,13.815945],[100.696673,13.815608],[100.696699,13.815235],[100.696773,13.814886],[100.697041,13.813899],[100.697281,13.8132],[100.697488,13.812683],[100.697632,13.812405],[100.697993,13.811902],[100.698269,13.811645],[100.698849,13.811149],[100.699479,13.810673],[100.7,13.810352],[100.700615,13.810046],[100.700838,13.809911],[100.701406,13.809499],[100.701575,13.809338],[100.70173,13.809143],[100.701869,13.808853],[100.702004,13.808313],[100.702073,13.807562],[100.702068,13.807179],[100.702026,13.807011],[100.701935,13.806783],[100.701612,13.806163],[100.701477,13.805942],[100.701009,13.805269],[100.700837,13.805072],[100.700506,13.804747],[100.700448,13.804646],[100.700479,13.804557],[100.700697,13.804181],[100.701694,13.80274],[100.702435,13.80154],[100.704367,13.798545],[100.704544,13.798221],[100.704971,13.79751],[100.711146,13.800916],[100.714698,13.802938],[100.716232,13.803708],[100.716931,13.804137],[100.718075,13.804784],[100.718646,13.805079],[100.719864,13.805749],[100.720882,13.806335],[100.721415,13.806613],[100.724745,13.808434],[100.725963,13.809152],[100.728313,13.810453],[100.729565,13.811125],[100.729836,13.811255],[100.729835,13.811305],[100.72978,13.811273],[100.729805,13.811783],[100.729802,13.81222],[100.729779,13.81226],[100.729778,13.812538],[100.729797,13.812583],[100.729807,13.812781],[100.729767,13.813225],[100.729744,13.8133],[100.729743,13.813772],[100.729778,13.814574],[100.729774,13.814753],[100.729723,13.815224],[100.729749,13.815659],[100.729755,13.816481],[100.729786,13.816591],[100.729711,13.817213],[100.729761,13.817523],[100.729749,13.817741],[100.729697,13.817779],[100.729711,13.818138],[100.729697,13.818819],[100.741481,13.819893],[100.741859,13.819906],[100.742235,13.819883],[100.742429,13.819835],[100.742581,13.819763],[100.742731,13.819641],[100.74288,13.819458],[100.743358,13.818659],[100.743571,13.818793],[100.732701,13.850386],[100.732742,13.857884],[100.722339,13.857959],[100.72249,13.878382],[100.721999,13.91236],[100.721932,13.912828],[100.721838,13.913291],[100.721716,13.913748],[100.721484,13.914419],[100.721263,13.914924],[100.721022,13.915352],[100.720729,13.915748],[100.720508,13.915991]]]},"properties":{"fd_name":"พท.ถ.รามอินทรา ถ.สุวินทวงศ์ ถ.หทัยราษฎร์","district_t":"เขตมีนบุรี และเขตคลองสามวา","year":"2567","owner":"สำนักการระบายน้ำ","name":"พท.ถ.รามอินทรา ถ.สุวินทวงศ์ ถ.หทัยราษฎร์","district":"เขตมีนบุรี และเขตคลองสามวา"}},{"type":"Feature","id":14,"geometry":{"type":"Polygon","coordinates":[[[100.581854,13.672224],[100.580342,13.670506],[100.57928,13.669195],[100.580912,13.668229],[100.581746,13.6677],[100.581847,13.667656],[100.58731,13.665547],[100.587707,13.665376],[100.589085,13.664841],[100.591074,13.664078],[100.592012,13.663737],[100.592149,13.663667],[100.592261,13.662674],[100.592628,13.662599],[100.592675,13.662707],[100.595488,13.661728],[100.595356,13.661173],[100.596468,13.660862],[100.596409,13.660551],[100.596534,13.660505],[100.596948,13.660422],[100.597728,13.660151],[100.597898,13.660479],[100.59813,13.660324],[100.598465,13.660199],[100.598636,13.66018],[100.599535,13.660461],[100.599491,13.660898],[100.599688,13.660939],[100.600581,13.66094],[100.600585,13.66087],[100.600831,13.660816],[100.600674,13.659898],[100.600665,13.659524],[100.600619,13.659116],[100.6005,13.658435],[100.601267,13.658256],[100.601255,13.65805],[100.601751,13.657956],[100.601923,13.658549],[100.602997,13.658311],[100.603037,13.658384],[100.604304,13.658152],[100.604333,13.65826],[100.604591,13.658203],[100.604893,13.658107],[100.60544,13.65926],[100.607825,13.658537],[100.607582,13.658024],[100.607164,13.656916],[100.608372,13.65652],[100.608271,13.656025],[100.610414,13.655201],[100.611772,13.654737],[100.613827,13.653943],[100.613969,13.654375],[100.614093,13.654356],[100.615061,13.653919],[100.616072,13.653523],[100.617081,13.655541],[100.617731,13.657224],[100.61918,13.656644],[100.618593,13.655203],[100.619279,13.654972],[100.619777,13.654695],[100.621942,13.654077],[100.623377,13.653552],[100.623334,13.653414],[100.62498,13.652753],[100.626632,13.652282],[100.627493,13.651976],[100.627999,13.651817],[100.628426,13.651605],[100.629809,13.651248],[100.629769,13.650963],[100.630062,13.650814],[100.630526,13.650689],[100.629991,13.649068],[100.631567,13.64853],[100.632305,13.648349],[100.633584,13.647925],[100.634551,13.647675],[100.635047,13.64749],[100.635282,13.648016],[100.635458,13.64834],[100.635751,13.648797],[100.636365,13.649582],[100.637159,13.650707],[100.637603,13.65183],[100.637832,13.651792],[100.638854,13.651075],[100.639093,13.651539],[100.639622,13.65323],[100.64004,13.653201],[100.640097,13.653564],[100.640502,13.653561],[100.64055,13.653885],[100.641594,13.653824],[100.641611,13.653769],[100.642095,13.653687],[100.642082,13.65362],[100.642653,13.653439],[100.642742,13.653879],[100.644113,13.653709],[100.644199,13.653876],[100.644321,13.65391],[100.647651,13.652987],[100.648436,13.652898],[100.649185,13.652774],[100.649534,13.652639],[100.64951,13.652332],[100.650316,13.652054],[100.650539,13.653338],[100.650416,13.655232],[100.650102,13.657294],[100.650112,13.658801],[100.650159,13.659178],[100.650169,13.659176],[100.649957,13.659253],[100.649436,13.659345],[100.648719,13.659523],[100.648013,13.659619],[100.647105,13.659827],[100.646624,13.659868],[100.64639,13.659861],[100.645876,13.659771],[100.645587,13.659751],[100.645234,13.659759],[100.644608,13.659842],[100.644264,13.659846],[100.643758,13.659885],[100.643388,13.660024],[100.643014,13.66014],[100.642719,13.660274],[100.642544,13.660326],[100.641997,13.660442],[100.641274,13.660686],[100.640886,13.660739],[100.640528,13.660818],[100.640204,13.66083],[100.639914,13.660871],[100.639083,13.661046],[100.638352,13.661141],[100.637908,13.661261],[100.637535,13.661409],[100.636902,13.661562],[100.636409,13.661714],[100.635982,13.661815],[100.635869,13.661816],[100.635811,13.661798],[100.63565,13.661706],[100.635464,13.661539],[100.635374,13.661508],[100.635276,13.661505],[100.634743,13.661701],[100.634448,13.661913],[100.634311,13.66203],[100.63422,13.662071],[100.632963,13.662445],[100.632671,13.6625],[100.632199,13.662521],[100.631813,13.662584],[100.631195,13.662799],[100.630726,13.66288],[100.630427,13.663036],[100.630088,13.663111],[100.629913,13.663112],[100.629787,13.66308],[100.629613,13.663064],[100.629504,13.663074],[100.629018,13.663288],[100.628623,13.663376],[100.62853,13.663411],[100.62784,13.663753],[100.627546,13.663826],[100.62735,13.663935],[100.626848,13.664123],[100.626587,13.664181],[100.626228,13.66422],[100.625979,13.664265],[100.625008,13.664598],[100.624887,13.664621],[100.624406,13.664619],[100.624146,13.664641],[100.623741,13.664764],[100.623478,13.664815],[100.623133,13.664933],[100.622711,13.664975],[100.622432,13.66503],[100.622052,13.665132],[100.621427,13.665253],[100.62126,13.665339],[100.621226,13.665346],[100.621153,13.665327],[100.621063,13.66536],[100.620973,13.665433],[100.620876,13.665623],[100.620786,13.665679],[100.620631,13.665684],[100.620468,13.665663],[100.620097,13.665744],[100.619815,13.665759],[100.619698,13.665737],[100.619467,13.665638],[100.619331,13.665625],[100.619262,13.665643],[100.618983,13.665821],[100.618866,13.665842],[100.618762,13.665817],[100.618585,13.665714],[100.618486,13.665704],[100.618378,13.665739],[100.618053,13.66593],[100.617933,13.666068],[100.617819,13.666312],[100.61773,13.666407],[100.617626,13.666457],[100.617344,13.666432],[100.61704,13.666446],[100.616938,13.666479],[100.616643,13.666643],[100.616256,13.666666],[100.616133,13.666693],[100.615821,13.66687],[100.615633,13.666958],[100.61549,13.666951],[100.615254,13.66677],[100.615197,13.666741],[100.615143,13.666746],[100.615012,13.666812],[100.614941,13.666927],[100.614918,13.667067],[100.61485,13.667156],[100.614743,13.66721],[100.614664,13.667222],[100.614153,13.66722],[100.613793,13.667358],[100.613561,13.667322],[100.613472,13.667325],[100.613068,13.667509],[100.612647,13.667517],[100.612488,13.667547],[100.612309,13.667643],[100.612088,13.667794],[100.611913,13.667842],[100.611674,13.667822],[100.611599,13.667836],[100.61123,13.668043],[100.611111,13.668091],[100.610955,13.668121],[100.610598,13.668153],[100.609977,13.668156],[100.609433,13.668244],[100.609149,13.668361],[100.609013,13.668461],[100.608902,13.668571],[100.60884,13.668596],[100.608745,13.668588],[100.608631,13.668519],[100.608562,13.668495],[100.608471,13.668484],[100.608381,13.668497],[100.608264,13.668546],[100.607834,13.668808],[100.607716,13.668851],[100.607117,13.668985],[100.606971,13.669051],[100.606794,13.669094],[100.606708,13.669097],[100.606523,13.669069],[100.606423,13.66908],[100.605889,13.669317],[100.605138,13.669579],[100.605017,13.669603],[100.6045,13.669638],[100.604195,13.669712],[100.603765,13.66974],[100.60361,13.669777],[100.603031,13.66997],[100.602896,13.67007],[100.602756,13.670231],[100.602652,13.670287],[100.602587,13.670294],[100.602536,13.670278],[100.602347,13.67017],[100.602193,13.670128],[100.602114,13.670134],[100.601534,13.670288],[100.600918,13.670379],[100.600536,13.670598],[100.599523,13.670967],[100.599126,13.671147],[100.59897,13.67124],[100.598912,13.671256],[100.598808,13.671247],[100.598671,13.671145],[100.598467,13.671149],[100.598402,13.671189],[100.598278,13.671412],[100.59824,13.671456],[100.598176,13.671513],[100.598126,13.671534],[100.598043,13.671545],[100.597705,13.6715],[100.597635,13.671522],[100.597097,13.671792],[100.596883,13.671867],[100.596789,13.671884],[100.59635,13.671883],[100.595737,13.672268],[100.595672,13.672285],[100.595235,13.672311],[100.595157,13.672369],[100.594919,13.672656],[100.594699,13.672872],[100.594618,13.672892],[100.594526,13.672891],[100.594154,13.672716],[100.594018,13.672702],[100.593977,13.672718],[100.59375,13.672908],[100.593592,13.673015],[100.593488,13.673061],[100.593061,13.673091],[100.592666,13.67318],[100.592328,13.673283],[100.591735,13.67337],[100.591478,13.673471],[100.591181,13.673631],[100.590372,13.673915],[100.590043,13.674051],[100.588554,13.674466],[100.587259,13.675042],[100.586394,13.675359],[100.586277,13.675395],[100.586071,13.675411],[100.58572,13.675507],[100.58517,13.675596],[100.584957,13.675598],[100.584723,13.675628],[100.584662,13.675684],[100.584175,13.6751],[100.582847,13.673353],[100.581854,13.672224]]]},"properties":{"fd_name":"พท.ถ.สุขุมวิท ถ.ลาซาล ถ.ศรีนครินทร์ ถ.รถไฟสายเก่าปากน้ำ ถ.แบริ่งถึงสุดเขตกทม.","district_t":"เขตบางนา","year":"2567","owner":"สำนักการระบายน้ำ","name":"พท.ถ.สุขุมวิท ถ.ลาซาล ถ.ศรีนครินทร์ ถ.รถไฟสายเก่าปากน้ำ ถ.แบริ่งถึงสุดเขตกทม.","district":"เขตบางนา"}},{"type":"Feature","id":15,"geometry":{"type":"Polygon","coordinates":[[[100.478769,13.623792],[100.473233,13.625466],[100.471783,13.625737],[100.470316,13.625818],[100.448959,13.626519],[100.448959,13.626485],[100.448904,13.626402],[100.448999,13.62618],[100.449078,13.626105],[100.449124,13.62602],[100.449171,13.625894],[100.44923,13.62563],[100.449461,13.623813],[100.449737,13.623371],[100.449893,13.622755],[100.450047,13.622421],[100.450138,13.622053],[100.450219,13.621947],[100.450008,13.621886],[100.449857,13.621799],[100.449702,13.621734],[100.449527,13.621627],[100.449486,13.621572],[100.449463,13.621416],[100.44948,13.621335],[100.449532,13.621297],[100.449682,13.621324],[100.450043,13.62143],[100.450228,13.62141],[100.450273,13.621367],[100.450294,13.621312],[100.450273,13.621249],[100.450206,13.621166],[100.449761,13.62073],[100.449685,13.620631],[100.44966,13.620552],[100.44973,13.620328],[100.449943,13.620223],[100.449977,13.620182],[100.450037,13.620045],[100.45004,13.619709],[100.450061,13.619658],[100.450075,13.619439],[100.450142,13.619082],[100.450154,13.618911],[100.450081,13.618142],[100.450291,13.617535],[100.450337,13.617237],[100.450319,13.617096],[100.450203,13.616798],[100.450203,13.616737],[100.450257,13.616595],[100.450407,13.616334],[100.450524,13.61601],[100.450612,13.615864],[100.450652,13.615829],[100.450917,13.615694],[100.45102,13.61567],[100.451175,13.615685],[100.45122,13.615664],[100.451304,13.61555],[100.45147,13.61515],[100.451475,13.615032],[100.451447,13.61493],[100.4514,13.614859],[100.451196,13.614636],[100.451173,13.614553],[100.451175,13.614345],[100.451208,13.614019],[100.451206,13.613861],[100.451173,13.613686],[100.451166,13.613528],[100.451201,13.613138],[100.451209,13.61252],[100.451303,13.61183],[100.451477,13.611409],[100.451442,13.61129],[100.451364,13.611129],[100.451362,13.611014],[100.451406,13.610917],[100.451574,13.610723],[100.451678,13.61052],[100.451698,13.610375],[100.451669,13.609956],[100.45168,13.609831],[100.451733,13.609662],[100.451893,13.609423],[100.451952,13.609292],[100.452002,13.609111],[100.452039,13.608848],[100.45224,13.608339],[100.452257,13.60823],[100.452327,13.608098],[100.452372,13.607863],[100.452453,13.607704],[100.452894,13.607101],[100.453056,13.60684],[100.453119,13.606565],[100.453138,13.606169],[100.453181,13.606056],[100.453231,13.605994],[100.45333,13.60596],[100.453442,13.605954],[100.453643,13.60598],[100.45372,13.605964],[100.453797,13.605908],[100.453829,13.605831],[100.453982,13.605774],[100.453988,13.605939],[100.454018,13.605946],[100.454044,13.605898],[100.454063,13.605696],[100.454112,13.605638],[100.454207,13.605587],[100.454291,13.605676],[100.454339,13.605677],[100.454381,13.605647],[100.454439,13.605482],[100.454517,13.605342],[100.454495,13.605182],[100.454512,13.605111],[100.454556,13.605047],[100.454656,13.604985],[100.454729,13.604971],[100.454793,13.604979],[100.455562,13.60523],[100.455672,13.605235],[100.455723,13.605204],[100.455774,13.605131],[100.455793,13.604959],[100.455808,13.604935],[100.455865,13.60493],[100.456001,13.60496],[100.456148,13.604951],[100.456238,13.604915],[100.456266,13.604859],[100.456311,13.604826],[100.456973,13.604677],[100.457223,13.604603],[100.45733,13.604532],[100.457437,13.604413],[100.457474,13.604342],[100.457502,13.604327],[100.45766,13.604374],[100.458068,13.604412],[100.458342,13.604791],[100.458696,13.604915],[100.458782,13.604927],[100.458928,13.604918],[100.459176,13.604862],[100.459245,13.604817],[100.459518,13.604861],[100.459996,13.605221],[100.460102,13.605276],[100.460189,13.605299],[100.46031,13.605294],[100.460375,13.605247],[100.460439,13.60516],[100.460584,13.605125],[100.460958,13.604962],[100.461255,13.604928],[100.461554,13.604918],[100.461581,13.604946],[100.461601,13.605036],[100.461761,13.605261],[100.462144,13.605683],[100.462204,13.605715],[100.462531,13.605814],[100.462733,13.605893],[100.462912,13.605992],[100.46301,13.606067],[100.463095,13.606102],[100.463279,13.606094],[100.463343,13.60606],[100.463394,13.606009],[100.463554,13.605998],[100.463745,13.605912],[100.463874,13.605832],[100.463948,13.605763],[100.464,13.605684],[100.464066,13.605512],[100.464118,13.605306],[100.464181,13.605174],[100.464367,13.604973],[100.464917,13.604521],[100.465069,13.604047],[100.465147,13.603924],[100.465338,13.603758],[100.46542,13.603729],[100.465513,13.603721],[100.465629,13.603745],[100.465735,13.603801],[100.465796,13.60385],[100.465829,13.603939],[100.465924,13.603746],[100.46592,13.603519],[100.465749,13.603081],[100.465765,13.602327],[100.465746,13.601688],[100.465802,13.601491],[100.465968,13.601032],[100.466005,13.600783],[100.466099,13.600387],[100.466178,13.600229],[100.466494,13.599803],[100.466823,13.599288],[100.466944,13.599075],[100.467077,13.598778],[100.467103,13.598595],[100.467101,13.598383],[100.467044,13.598259],[100.466901,13.598106],[100.466746,13.597992],[100.466719,13.59783],[100.466754,13.597602],[100.466851,13.597225],[100.466848,13.597073],[100.466908,13.596888],[100.467428,13.596252],[100.467609,13.595946],[100.468111,13.595543],[100.468373,13.59529],[100.468584,13.59501],[100.46876,13.594743],[100.46923,13.593892],[100.469316,13.593772],[100.469549,13.59295],[100.469615,13.59278],[100.469703,13.592712],[100.473643,13.593876],[100.473592,13.594034],[100.472956,13.596868],[100.472927,13.597218],[100.473019,13.598032],[100.473041,13.598577],[100.473087,13.599073],[100.473376,13.599558],[100.473704,13.599915],[100.473956,13.600283],[100.474324,13.600616],[100.4746,13.600903],[100.474798,13.60116],[100.475161,13.601743],[100.475262,13.602],[100.475361,13.602082],[100.475641,13.602192],[100.476037,13.602251],[100.476409,13.602396],[100.476608,13.602572],[100.476812,13.602934],[100.476902,13.602977],[100.476961,13.602861],[100.477136,13.602732],[100.477507,13.602348],[100.477677,13.602062],[100.477703,13.60189],[100.477703,13.60177],[100.477674,13.601631],[100.477341,13.601042],[100.477037,13.600241],[100.477065,13.600003],[100.476953,13.59949],[100.477003,13.599362],[100.477311,13.599098],[100.477535,13.599025],[100.477867,13.59886],[100.478639,13.598266],[100.47877,13.598235],[100.478932,13.598225],[100.478931,13.59814],[100.479252,13.598137],[100.479999,13.598194],[100.480225,13.598194],[100.480391,13.598151],[100.48065,13.597947],[100.480788,13.597526],[100.480857,13.597154],[100.48087,13.596631],[100.480915,13.596317],[100.48106,13.596035],[100.481146,13.595782],[100.481258,13.595165],[100.481306,13.595007],[100.481307,13.594895],[100.481339,13.594788],[100.481397,13.59473],[100.481511,13.594344],[100.48156,13.593992],[100.481556,13.593581],[100.481576,13.593263],[100.481656,13.593043],[100.481762,13.592844],[100.481847,13.592714],[100.481956,13.592598],[100.482172,13.592422],[100.482395,13.592302],[100.482691,13.592202],[100.483068,13.592122],[100.483289,13.592031],[100.483499,13.591925],[100.484072,13.591489],[100.484373,13.591351],[100.484503,13.591322],[100.485116,13.591052],[100.485973,13.590601],[100.486602,13.590313],[100.486754,13.590234],[100.487375,13.589807],[100.487811,13.589547],[100.488134,13.589545],[100.488233,13.589519],[100.488373,13.589446],[100.488552,13.589315],[100.488847,13.588991],[100.488998,13.5888],[100.489357,13.588496],[100.489492,13.58833],[100.489921,13.587674],[100.490162,13.587414],[100.490385,13.587212],[100.490538,13.587],[100.490617,13.587027],[100.49211,13.586928],[100.492229,13.586901],[100.492353,13.586961],[100.492921,13.587038],[100.493105,13.587097],[100.493531,13.587189],[100.493672,13.587235],[100.49381,13.587366],[100.493864,13.587455],[100.493966,13.58771],[100.494023,13.587761],[100.494054,13.587769],[100.494124,13.587754],[100.49454,13.587621],[100.494643,13.587606],[100.494761,13.587635],[100.495703,13.587986],[100.496204,13.588227],[100.496367,13.58839],[100.496871,13.588983],[100.497133,13.589326],[100.497557,13.590001],[100.498035,13.590567],[100.498346,13.590858],[100.498528,13.590965],[100.498602,13.591035],[100.499055,13.591719],[100.49912,13.591839],[100.499151,13.591948],[100.499194,13.592192],[100.499194,13.592308],[100.499096,13.592693],[100.499088,13.592851],[100.499129,13.593069],[100.499289,13.593698],[100.499303,13.593832],[100.499267,13.594302],[100.499264,13.594691],[100.499341,13.594906],[100.499611,13.595418],[100.499681,13.595577],[100.500338,13.595388],[100.500438,13.595391],[100.500562,13.595468],[100.500674,13.595597],[100.500768,13.595668],[100.5014,13.595828],[100.501689,13.595924],[100.502115,13.596246],[100.502212,13.596303],[100.502334,13.596361],[100.502908,13.596522],[100.503444,13.596933],[100.5037,13.597163],[100.503796,13.597221],[100.503949,13.597347],[100.504308,13.597575],[100.504465,13.597632],[100.504704,13.597658],[100.504849,13.59767],[100.505074,13.597654],[100.505561,13.597592],[100.505773,13.59769],[100.505955,13.597699],[100.506038,13.597674],[100.506484,13.597465],[100.506783,13.597401],[100.50717,13.597416],[100.507324,13.597448],[100.507621,13.597585],[100.507753,13.5976],[100.508767,13.597388],[100.509132,13.597288],[100.509844,13.597182],[100.510299,13.597028],[100.510721,13.596963],[100.510983,13.596951],[100.511346,13.596804],[100.511564,13.596825],[100.511593,13.596907],[100.511568,13.597008],[100.511578,13.597095],[100.51236,13.599371],[100.512869,13.600956],[100.512963,13.601323],[100.513073,13.601498],[100.513266,13.601713],[100.513356,13.601976],[100.513815,13.602577],[100.514303,13.602753],[100.514851,13.603012],[100.515229,13.603169],[100.515986,13.603416],[100.516772,13.6038],[100.517118,13.603944],[100.518569,13.60445],[100.519852,13.604952],[100.52001,13.604984],[100.520551,13.60504],[100.521017,13.605119],[100.521041,13.605141],[100.521004,13.605578],[100.520978,13.605697],[100.520973,13.605886],[100.520932,13.605931],[100.520608,13.607024],[100.520588,13.60717],[100.520589,13.607348],[100.520452,13.607953],[100.52042,13.608268],[100.520415,13.608912],[100.5204,13.608989],[100.520314,13.609182],[100.520299,13.609202],[100.52016,13.6092],[100.52002,13.609265],[100.519977,13.6093],[100.519917,13.60938],[100.519904,13.609496],[100.519876,13.609565],[100.5196,13.609952],[100.519517,13.60999],[100.519279,13.60996],[100.518866,13.610111],[100.518739,13.610271],[100.51861,13.610559],[100.518549,13.610643],[100.518473,13.610709],[100.517964,13.610984],[100.517947,13.611017],[100.517971,13.611081],[100.518271,13.611448],[100.518277,13.611512],[100.518242,13.611586],[100.517876,13.611986],[100.517655,13.612323],[100.51726,13.612138],[100.517083,13.612176],[100.516986,13.612225],[100.516714,13.612503],[100.516455,13.61268],[100.516412,13.612715],[100.516383,13.612767],[100.516382,13.612881],[100.516413,13.612993],[100.516663,13.613341],[100.516759,13.613517],[100.516887,13.613889],[100.516911,13.614],[100.516899,13.6141],[100.516715,13.614559],[100.516654,13.614793],[100.516738,13.615107],[100.516771,13.615771],[100.516776,13.616212],[100.516759,13.616318],[100.516585,13.616691],[100.516516,13.617242],[100.516341,13.617424],[100.516148,13.617671],[100.516102,13.61776],[100.516074,13.617859],[100.516082,13.617923],[100.516165,13.618089],[100.516448,13.618432],[100.516463,13.618735],[100.516281,13.619254],[100.51622,13.619763],[100.516103,13.620297],[100.515988,13.620621],[100.515676,13.621192],[100.515675,13.621284],[100.515796,13.621615],[100.515794,13.621895],[100.515751,13.62207],[100.515585,13.622322],[100.515516,13.622913],[100.515291,13.622807],[100.513745,13.621978],[100.51192,13.621674],[100.510535,13.621524],[100.509418,13.621516],[100.509501,13.621336],[100.491336,13.620249],[100.489108,13.620664],[100.478769,13.623792]]]},"properties":{"fd_name":"พท.ถ.ประชาอุทิศถึงสุดเขตกทม. ซอยประชาอุทิศ 90 ถ.อนามัยงามเจริญถึงสุดเขตกทม.","district_t":"เขตบางขุนเทียน และเขตทุ่งครุ","year":"2567","owner":"สำนักการระบายน้ำ","name":"พท.ถ.ประชาอุทิศถึงสุดเขตกทม. ซอยประชาอุทิศ 90 ถ.อนามัยงามเจริญถึงสุดเขตกทม.","district":"เขตบางขุนเทียน และเขตทุ่งครุ"}},{"type":"Feature","id":16,"geometry":{"type":"Polygon","coordinates":[[[100.427123,13.691313],[100.42713,13.691351],[100.426912,13.692632],[100.426909,13.692797],[100.426822,13.693278],[100.426835,13.693431],[100.426826,13.693796],[100.426782,13.693853],[100.426725,13.694236],[100.426734,13.694256],[100.426704,13.69446],[100.426713,13.694479],[100.426686,13.694532],[100.426604,13.695599],[100.426554,13.69677],[100.42657,13.697188],[100.426549,13.697396],[100.42653,13.69812],[100.42657,13.698657],[100.426667,13.699114],[100.426658,13.699865],[100.426568,13.700816],[100.426546,13.70154],[100.42647,13.702531],[100.426448,13.703152],[100.426395,13.70384],[100.426378,13.704614],[100.426288,13.706024],[100.426261,13.706769],[100.426237,13.707125],[100.426198,13.707318],[100.426184,13.707313],[100.426188,13.707281],[100.425942,13.707191],[100.425259,13.706982],[100.423998,13.706538],[100.4233,13.706315],[100.421133,13.70552],[100.420368,13.705266],[100.419424,13.704933],[100.418738,13.704669],[100.418021,13.704432],[100.416672,13.703947],[100.415819,13.703618],[100.414014,13.703003],[100.413586,13.702834],[100.412824,13.702621],[100.411733,13.702182],[100.411381,13.702057],[100.408698,13.701134],[100.405971,13.700229],[100.404345,13.699614],[100.403608,13.699359],[100.402319,13.698964],[100.400998,13.698474],[100.399422,13.697936],[100.399126,13.69781],[100.398543,13.697595],[100.397724,13.697337],[100.395855,13.696655],[100.395129,13.696364],[100.394529,13.696178],[100.392426,13.695421],[100.391423,13.695112],[100.39088,13.694913],[100.389443,13.694429],[100.386921,13.693542],[100.384283,13.692567],[100.382489,13.69198],[100.381258,13.691557],[100.381233,13.691589],[100.381167,13.69158],[100.381056,13.691523],[100.380787,13.69143],[100.380206,13.69126],[100.379529,13.691022],[100.379437,13.69097],[100.375974,13.689845],[100.37481,13.689418],[100.374495,13.689335],[100.373957,13.689131],[100.371825,13.688409],[100.37105,13.688129],[100.370514,13.687966],[100.365877,13.686337],[100.363646,13.685598],[100.362476,13.685252],[100.361104,13.684791],[100.360621,13.684651],[100.36003,13.684431],[100.358799,13.684039],[100.357495,13.683586],[100.356521,13.683292],[100.35563,13.682979],[100.355441,13.6829],[100.354667,13.682669],[100.354562,13.682611],[100.354395,13.682582],[100.353282,13.682255],[100.351398,13.681622],[100.350513,13.681345],[100.350452,13.681346],[100.350161,13.681235],[100.348846,13.680821],[100.34793,13.680553],[100.347352,13.680353],[100.346348,13.68004],[100.343433,13.679083],[100.342558,13.67885],[100.341987,13.678663],[100.339548,13.677941],[100.339089,13.677789],[100.337583,13.677367],[100.337604,13.677287],[100.337561,13.677275],[100.337681,13.67688],[100.337915,13.675949],[100.33814,13.675234],[100.338207,13.674904],[100.338565,13.67128],[100.33876,13.669614],[100.339212,13.668412],[100.339259,13.66808],[100.339249,13.667841],[100.339278,13.667709],[100.339692,13.667161],[100.339986,13.666836],[100.340058,13.666635],[100.340086,13.666382],[100.340084,13.665979],[100.340057,13.66569],[100.340081,13.665208],[100.340307,13.664286],[100.340558,13.663479],[100.340608,13.663174],[100.340686,13.662847],[100.340877,13.662365],[100.341144,13.661502],[100.341239,13.660977],[100.341227,13.660723],[100.34106,13.660377],[100.340989,13.660152],[100.340945,13.659923],[100.340864,13.659121],[100.340804,13.658937],[100.340613,13.65861],[100.340535,13.658526],[100.340109,13.658255],[100.339961,13.658141],[100.339868,13.65803],[100.339723,13.657769],[100.339423,13.656574],[100.33935,13.656188],[100.339294,13.655456],[100.339333,13.654902],[100.341219,13.654885],[100.341857,13.654862],[100.34273,13.654773],[100.343364,13.654749],[100.344697,13.654629],[100.345015,13.654633],[100.345364,13.654677],[100.345477,13.654714],[100.345694,13.654801],[100.345917,13.654932],[100.346577,13.655249],[100.34693,13.655305],[100.346706,13.655157],[100.346818,13.653701],[100.346766,13.652332],[100.346854,13.652188],[100.346848,13.652073],[100.346551,13.650796],[100.346279,13.649272],[100.346282,13.649141],[100.345399,13.64892],[100.344933,13.64887],[100.344969,13.647924],[100.345267,13.646597],[100.345652,13.645435],[100.346059,13.64357],[100.348635,13.643705],[100.348623,13.643201],[100.348604,13.643095],[100.348574,13.643071],[100.348577,13.642947],[100.348541,13.642742],[100.348448,13.642562],[100.348436,13.642459],[100.348417,13.642462],[100.3484,13.642417],[100.348426,13.642363],[100.348414,13.641932],[100.348358,13.641651],[100.348256,13.641369],[100.348215,13.640975],[100.349274,13.640906],[100.350197,13.640949],[100.350263,13.640853],[100.350348,13.640209],[100.351526,13.640167],[100.351545,13.639592],[100.354377,13.639955],[100.354581,13.639148],[100.354773,13.638176],[100.355063,13.637147],[100.355339,13.63655],[100.356314,13.636663],[100.357123,13.636853],[100.357842,13.636955],[100.358198,13.637053],[100.35899,13.637433],[100.359637,13.632939],[100.360498,13.633024],[100.36047,13.633393],[100.361011,13.633371],[100.361026,13.633381],[100.362785,13.633277],[100.363151,13.633137],[100.364443,13.63316],[100.364636,13.633313],[100.364775,13.633168],[100.364883,13.633252],[100.36519,13.632911],[100.366006,13.633578],[100.366835,13.632215],[100.366403,13.632023],[100.367051,13.630415],[100.366935,13.630291],[100.36753,13.630072],[100.367769,13.630067],[100.367881,13.630027],[100.368721,13.63011],[100.368798,13.629195],[100.368993,13.628623],[100.369421,13.627518],[100.370052,13.626776],[100.370811,13.625752],[100.371006,13.625584],[100.371543,13.624848],[100.371222,13.624536],[100.371882,13.621847],[100.375797,13.622534],[100.378748,13.623208],[100.379391,13.62227],[100.378758,13.621714],[100.377537,13.620548],[100.376715,13.619788],[100.37646,13.619612],[100.376249,13.618139],[100.376549,13.611881],[100.376618,13.609587],[100.376788,13.606618],[100.377123,13.606482],[100.377521,13.604938],[100.377627,13.604632],[100.377838,13.603852],[100.378391,13.602138],[100.378407,13.601973],[100.378315,13.601634],[100.378303,13.601512],[100.378339,13.601361],[100.378447,13.601211],[100.378462,13.601162],[100.378439,13.600694],[100.378476,13.600482],[100.378459,13.600212],[100.378486,13.599797],[100.378469,13.599281],[100.378516,13.599087],[100.378503,13.598776],[100.378673,13.598465],[100.378676,13.598256],[100.378695,13.598124],[100.37879,13.597766],[100.37884,13.597661],[100.378953,13.59752],[100.378973,13.597473],[100.378894,13.59722],[100.378916,13.597128],[100.378994,13.597013],[100.378992,13.596947],[100.378939,13.596749],[100.378954,13.596692],[100.379018,13.596592],[100.379025,13.596498],[100.378964,13.596307],[100.378992,13.596212],[100.379073,13.596072],[100.379081,13.595939],[100.379,13.595565],[100.378944,13.595399],[100.378875,13.595287],[100.37873,13.59515],[100.378706,13.595103],[100.378715,13.595016],[100.37883,13.594923],[100.378862,13.594873],[100.378842,13.594791],[100.378731,13.594703],[100.378716,13.594666],[100.378727,13.594597],[100.378805,13.594489],[100.378801,13.594444],[100.378763,13.594426],[100.378605,13.594457],[100.378533,13.594454],[100.378487,13.594415],[100.378481,13.59433],[100.378522,13.594233],[100.378649,13.594076],[100.378734,13.593873],[100.378727,13.593701],[100.378747,13.59363],[100.378961,13.593305],[100.378999,13.59328],[100.379063,13.593273],[100.379212,13.593333],[100.379251,13.593331],[100.379444,13.593113],[100.379597,13.593006],[100.379618,13.592947],[100.379629,13.592809],[100.379685,13.592729],[100.379731,13.592705],[100.379903,13.592695],[100.379961,13.592668],[100.379973,13.592627],[100.37994,13.592424],[100.379962,13.592353],[100.380359,13.592051],[100.380529,13.591958],[100.380709,13.591743],[100.38079,13.591709],[100.380969,13.591685],[100.380981,13.591643],[100.380944,13.591461],[100.380959,13.59141],[100.381002,13.591361],[100.381089,13.591326],[100.381246,13.591335],[100.381379,13.591244],[100.381536,13.591172],[100.381586,13.591117],[100.381626,13.590981],[100.381656,13.590945],[100.381788,13.590869],[100.38194,13.590819],[100.382067,13.590749],[100.382124,13.590601],[100.382342,13.590417],[100.382464,13.590233],[100.38255,13.5902],[100.382695,13.590232],[100.382753,13.59023],[100.382997,13.590115],[100.383064,13.590042],[100.383139,13.589854],[100.383182,13.58979],[100.383576,13.589504],[100.383664,13.589488],[100.383813,13.589552],[100.383872,13.589559],[100.38395,13.58955],[100.384068,13.58951],[100.384145,13.589507],[100.38429,13.589581],[100.38433,13.589579],[100.384329,13.589461],[100.384258,13.589076],[100.384268,13.588868],[100.387132,13.589878],[100.387801,13.590165],[100.388057,13.590257],[100.38814,13.590308],[100.388286,13.590433],[100.388448,13.590513],[100.388825,13.590638],[100.388975,13.590729],[100.390488,13.591325],[100.390857,13.59145],[100.391703,13.591708],[100.392157,13.591868],[100.392518,13.591964],[100.393238,13.592195],[100.393916,13.592355],[100.394511,13.592441],[100.394752,13.592449],[100.395432,13.592527],[100.395632,13.592586],[100.395845,13.592678],[100.395983,13.592762],[100.396142,13.592962],[100.396248,13.593131],[100.396371,13.593496],[100.396586,13.594663],[100.396665,13.594802],[100.396736,13.594864],[100.396821,13.594899],[100.396976,13.594932],[100.397074,13.59493],[100.3972,13.594907],[100.39732,13.594852],[100.398108,13.594274],[100.39844,13.59399],[100.398856,13.593794],[100.399116,13.593731],[100.399415,13.593711],[100.399642,13.59378],[100.399823,13.593887],[100.399876,13.593974],[100.399995,13.594253],[100.400034,13.594423],[100.400032,13.594581],[100.399992,13.594732],[100.399891,13.594942],[100.399427,13.595645],[100.399283,13.595958],[100.399243,13.596086],[100.399241,13.596159],[100.399279,13.596315],[100.399353,13.596451],[100.399484,13.596533],[100.399696,13.596598],[100.399803,13.596614],[100.400441,13.596619],[100.400564,13.59664],[100.400701,13.596706],[100.400882,13.596862],[100.401161,13.597169],[100.401458,13.597611],[100.401641,13.597819],[100.401961,13.598134],[100.402311,13.598426],[100.40255,13.598672],[100.402972,13.598936],[100.403604,13.599427],[100.404447,13.600015],[100.40489,13.600362],[100.405035,13.600446],[100.405588,13.600838],[100.406122,13.601321],[100.406391,13.601537],[100.406433,13.601604],[100.406694,13.601809],[100.406976,13.601995],[100.407176,13.602104],[100.408057,13.602506],[100.408563,13.602679],[100.408733,13.602714],[100.409046,13.602811],[100.409185,13.602875],[100.409318,13.602962],[100.409546,13.603165],[100.409721,13.60338],[100.409944,13.603878],[100.410046,13.604173],[100.410255,13.604574],[100.410406,13.604737],[100.410642,13.604925],[100.410819,13.605016],[100.412247,13.605431],[100.412833,13.605697],[100.413078,13.605824],[100.413463,13.606091],[100.414092,13.606616],[100.415087,13.60738],[100.415405,13.607599],[100.415777,13.607928],[100.41624,13.608436],[100.41665,13.60883],[100.416791,13.608944],[100.417218,13.60917],[100.418047,13.609521],[100.419413,13.610026],[100.419786,13.610249],[100.420191,13.610582],[100.420493,13.610867],[100.420897,13.611324],[100.421411,13.612022],[100.42157,13.612201],[100.422129,13.61276],[100.422489,13.613051],[100.422909,13.613254],[100.423701,13.613527],[100.42399,13.613647],[100.424505,13.613901],[100.424731,13.614028],[100.42504,13.614151],[100.425215,13.614285],[100.425501,13.614412],[100.425829,13.614607],[100.426131,13.614845],[100.426189,13.614916],[100.426227,13.614998],[100.426272,13.615158],[100.426283,13.615265],[100.426222,13.615812],[100.426218,13.615995],[100.426266,13.616116],[100.426382,13.616256],[100.426468,13.616332],[100.426605,13.616414],[100.426774,13.61646],[100.427454,13.616544],[100.427757,13.616657],[100.428758,13.616963],[100.42909,13.617122],[100.429297,13.617248],[100.429399,13.617352],[100.4297,13.617882],[100.429815,13.618151],[100.429944,13.618376],[100.430054,13.61851],[100.430226,13.618642],[100.430579,13.61883],[100.430851,13.618888],[100.431178,13.618991],[100.431594,13.619173],[100.432374,13.619723],[100.432764,13.619967],[100.432903,13.620019],[100.433539,13.620188],[100.43376,13.620276],[100.433907,13.620355],[100.43401,13.620462],[100.434141,13.620776],[100.434157,13.621493],[100.434237,13.621843],[100.434321,13.622],[100.434501,13.622202],[100.434694,13.62228],[100.434835,13.622298],[100.434976,13.622286],[100.435059,13.622231],[100.435104,13.622179],[100.435152,13.622071],[100.435186,13.621487],[100.43526,13.621222],[100.435336,13.621065],[100.435409,13.620981],[100.435558,13.620896],[100.435852,13.620869],[100.435892,13.62087],[100.43599,13.62091],[100.436167,13.621062],[100.436639,13.621656],[100.43676,13.621845],[100.436818,13.622082],[100.436814,13.622232],[100.436762,13.62234],[100.436647,13.622471],[100.436406,13.622661],[100.436298,13.622769],[100.436202,13.62292],[100.436086,13.623201],[100.436077,13.623398],[100.436088,13.623521],[100.436109,13.623577],[100.436352,13.623951],[100.436599,13.624166],[100.436781,13.62426],[100.436902,13.624298],[100.437077,13.624324],[100.437335,13.624316],[100.437517,13.624264],[100.437922,13.624019],[100.438129,13.62392],[100.438328,13.623876],[100.438594,13.62387],[100.438861,13.623935],[100.439265,13.624137],[100.439695,13.624406],[100.439888,13.62461],[100.439801,13.624782],[100.439803,13.624849],[100.439627,13.625672],[100.439376,13.626541],[100.439239,13.627342],[100.439186,13.627505],[100.439147,13.627715],[100.439133,13.627825],[100.43916,13.627842],[100.43914,13.62799],[100.439083,13.628052],[100.43904,13.628161],[100.438837,13.629168],[100.438816,13.629164],[100.438824,13.62913],[100.43877,13.629158],[100.438711,13.629146],[100.437056,13.628731],[100.436999,13.628755],[100.436899,13.628944],[100.436878,13.62896],[100.43684,13.628957],[100.434912,13.627801],[100.433888,13.627123],[100.43236,13.627174],[100.431247,13.627794],[100.430974,13.627962],[100.430013,13.628469],[100.430146,13.631888],[100.429297,13.637331],[100.429363,13.63788],[100.42974,13.63881],[100.429664,13.642973],[100.429702,13.645923],[100.42936,13.646756],[100.429269,13.646894],[100.428583,13.647562],[100.427127,13.649087],[100.426855,13.649347],[100.426737,13.649502],[100.426668,13.649621],[100.42656,13.650022],[100.426354,13.650995],[100.426239,13.651355],[100.42609,13.651682],[100.426055,13.651946],[100.426008,13.652707],[100.425988,13.653247],[100.426002,13.6534],[100.425966,13.65385],[100.428635,13.655815],[100.429494,13.656416],[100.430909,13.65735],[100.432482,13.658293],[100.432545,13.658049],[100.43241,13.658665],[100.43208,13.659842],[100.431549,13.662244],[100.431112,13.663438],[100.431031,13.663598],[100.430655,13.66453],[100.430276,13.665852],[100.430205,13.666166],[100.430144,13.666526],[100.430032,13.667467],[100.430006,13.667494],[100.430004,13.667634],[100.429984,13.667686],[100.429936,13.668665],[100.429896,13.668941],[100.429629,13.671729],[100.429666,13.671969],[100.42958,13.67336],[100.429513,13.673966],[100.429475,13.674063],[100.429461,13.674226],[100.429405,13.674447],[100.429343,13.675154],[100.429327,13.675185],[100.429274,13.675672],[100.429212,13.676029],[100.429171,13.676463],[100.42904,13.677397],[100.428904,13.678919],[100.428741,13.679475],[100.428728,13.679618],[100.428715,13.67961],[100.428728,13.679618],[100.428721,13.679684],[100.428702,13.679605],[100.42863,13.679543],[100.427377,13.67886],[100.427127,13.678746],[100.426878,13.67861],[100.426809,13.678553],[100.426075,13.678126],[100.425316,13.67773],[100.424427,13.67722],[100.424222,13.677081],[100.423884,13.676912],[100.423647,13.676822],[100.422677,13.676317],[100.42206,13.675941],[100.421841,13.675774],[100.421493,13.675607],[100.421009,13.67533],[100.420766,13.675173],[100.420093,13.674833],[100.419418,13.674439],[100.419242,13.674368],[100.418589,13.674029],[100.418247,13.673803],[100.417392,13.673331],[100.416149,13.676296],[100.414122,13.680112],[100.414341,13.680155],[100.414486,13.680215],[100.414735,13.680371],[100.415561,13.680805],[100.416412,13.681281],[100.417499,13.681773],[100.41802,13.68206],[100.418603,13.682334],[100.419051,13.682586],[100.41946,13.682841],[100.419731,13.68295],[100.420213,13.683199],[100.420935,13.683647],[100.421426,13.683922],[100.421717,13.684052],[100.422319,13.684367],[100.422532,13.684546],[100.422779,13.684716],[100.423184,13.684919],[100.42345,13.685102],[100.423885,13.685361],[100.424322,13.685552],[100.424527,13.685624],[100.425126,13.686041],[100.426245,13.686686],[100.426607,13.686911],[100.426978,13.687112],[100.427285,13.687235],[100.427767,13.687548],[100.427918,13.685966],[100.427893,13.686407],[100.4278,13.687418],[100.4278,13.687572],[100.427778,13.687672],[100.427779,13.68778],[100.427726,13.688267],[100.427589,13.689306],[100.427451,13.690093],[100.427355,13.690444],[100.42731,13.690526],[100.427234,13.69075],[100.427227,13.690958],[100.427123,13.691313]]]},"properties":{"fd_name":"พท.ถ.เอกชัยถึงสุดเขตกทม. ถ.บางขุนเทียนชายทะเลถึงถ.พระราม 2","district_t":"เขตบางบอน และเขตบางขุนเทียน","year":"2567","owner":"สำนักการระบายน้ำ","name":"พท.ถ.เอกชัยถึงสุดเขตกทม. ถ.บางขุนเทียนชายทะเลถึงถ.พระราม 2","district":"เขตบางบอน และเขตบางขุนเทียน"}},{"type":"Feature","id":17,"geometry":{"type":"Polygon","coordinates":[[[100.427918,13.685966],[100.427767,13.687548],[100.427285,13.687235],[100.426978,13.687112],[100.426607,13.686911],[100.426245,13.686686],[100.425126,13.686041],[100.424527,13.685624],[100.424322,13.685552],[100.423885,13.685361],[100.42345,13.685102],[100.423184,13.684919],[100.422779,13.684716],[100.422532,13.684546],[100.422319,13.684367],[100.421717,13.684052],[100.421426,13.683922],[100.420935,13.683647],[100.420213,13.683199],[100.419731,13.68295],[100.41946,13.682841],[100.419051,13.682586],[100.418603,13.682334],[100.41802,13.68206],[100.417499,13.681773],[100.416412,13.681281],[100.415561,13.680805],[100.414735,13.680371],[100.414486,13.680215],[100.414341,13.680155],[100.414122,13.680112],[100.416149,13.676296],[100.417392,13.673331],[100.418247,13.673803],[100.418589,13.674029],[100.419242,13.674368],[100.419418,13.674439],[100.420093,13.674833],[100.420766,13.675173],[100.421009,13.67533],[100.421493,13.675607],[100.421841,13.675774],[100.42206,13.675941],[100.422677,13.676317],[100.423647,13.676822],[100.423884,13.676912],[100.424222,13.677081],[100.424427,13.67722],[100.425316,13.67773],[100.426075,13.678126],[100.426809,13.678553],[100.426878,13.67861],[100.427127,13.678746],[100.427377,13.67886],[100.42863,13.679543],[100.428702,13.679605],[100.428723,13.67969],[100.4287,13.679898],[100.428608,13.680193],[100.428442,13.68152],[100.428378,13.682256],[100.428193,13.683937],[100.42795,13.685596],[100.427918,13.685966]]]},"properties":{"fd_name":"พท.ถ.บางบอน 1","district_t":"เขตบางบอน","year":"2567","owner":"สำนักการระบายน้ำ","name":"พท.ถ.บางบอน 1","district":"เขตบางบอน"}},{"type":"Feature","id":18,"geometry":{"type":"Polygon","coordinates":[[[100.666762,13.668203],[100.666793,13.668223],[100.66705,13.668626],[100.667185,13.668941],[100.667351,13.669491],[100.667927,13.670225],[100.668229,13.670803],[100.668597,13.671361],[100.668698,13.671572],[100.668873,13.671772],[100.668986,13.672098],[100.669023,13.672362],[100.669107,13.672754],[100.669274,13.673132],[100.669501,13.673784],[100.669592,13.674078],[100.669573,13.674148],[100.6683,13.674625],[100.667475,13.674915],[100.666828,13.675232],[100.66679,13.675317],[100.666794,13.675477],[100.666997,13.676039],[100.667008,13.676191],[100.666964,13.676349],[100.666893,13.676417],[100.666485,13.676585],[100.665928,13.676873],[100.665891,13.676867],[100.665779,13.676901],[100.665786,13.676913],[100.665726,13.676985],[100.665345,13.677138],[100.665285,13.677144],[100.664972,13.677239],[100.664763,13.677339],[100.663633,13.677757],[100.663133,13.677925],[100.662811,13.678076],[100.66261,13.678202],[100.66252,13.67831],[100.662194,13.678574],[100.661937,13.678742],[100.661412,13.679049],[100.660835,13.679435],[100.660458,13.679623],[100.660327,13.679733],[100.660183,13.679909],[100.659957,13.680056],[100.658664,13.680761],[100.658554,13.680764],[100.658077,13.68071],[100.657997,13.680728],[100.657833,13.680855],[100.657695,13.68099],[100.657387,13.681189],[100.656502,13.681819],[100.656094,13.682089],[100.655661,13.682529],[100.655539,13.682759],[100.655197,13.683133],[100.655085,13.683421],[100.655064,13.683546],[100.654779,13.684204],[100.65383,13.686207],[100.653639,13.686835],[100.653052,13.688422],[100.652984,13.688943],[100.652934,13.689057],[100.652848,13.6895],[100.652809,13.689945],[100.652872,13.690632],[100.65298,13.691422],[100.653212,13.692905],[100.653332,13.693357],[100.653373,13.693865],[100.653364,13.693965],[100.653382,13.694041],[100.653129,13.6948],[100.653114,13.695046],[100.653218,13.695634],[100.653163,13.696327],[100.653095,13.696677],[100.653104,13.69774],[100.653092,13.699153],[100.653081,13.699153],[100.65308,13.699217],[100.652842,13.700183],[100.652894,13.700277],[100.652877,13.700418],[100.652827,13.700656],[100.652547,13.701177],[100.652045,13.70195],[100.651843,13.702204],[100.651732,13.702281],[100.651477,13.7023],[100.651258,13.702373],[100.651075,13.702506],[100.650963,13.702851],[100.650937,13.70313],[100.65081,13.703747],[100.650603,13.703995],[100.650428,13.704273],[100.650209,13.704722],[100.650082,13.705448],[100.650055,13.70576],[100.649977,13.705969],[100.649867,13.706236],[100.649726,13.706445],[100.649563,13.70664],[100.64936,13.706806],[100.649219,13.707],[100.649136,13.707315],[100.649135,13.707467],[100.649166,13.707665],[100.649443,13.708243],[100.64957,13.708636],[100.64968,13.709308],[100.649672,13.710075],[100.649691,13.710572],[100.649828,13.711347],[100.649941,13.711595],[100.649989,13.711738],[100.650138,13.712328],[100.650219,13.712812],[100.650311,13.712989],[100.65072,13.713381],[100.650995,13.713707],[100.651065,13.713824],[100.651067,13.713869],[100.650805,13.714084],[100.650737,13.714213],[100.650689,13.714324],[100.650675,13.714585],[100.650722,13.714842],[100.650846,13.715071],[100.651049,13.715569],[100.651154,13.716151],[100.651226,13.716428],[100.651303,13.716631],[100.651479,13.71769],[100.651516,13.718129],[100.650556,13.717856],[100.648803,13.717409],[100.648242,13.71732],[100.647789,13.717205],[100.647769,13.717175],[100.645301,13.716555],[100.644788,13.71639],[100.644503,13.71634],[100.644199,13.716258],[100.644107,13.716275],[100.644049,13.716207],[100.64397,13.716179],[100.643827,13.716189],[100.643778,13.716178],[100.643613,13.716094],[100.64333,13.716002],[100.642195,13.715747],[100.639264,13.71494],[100.638654,13.714793],[100.63792,13.714665],[100.637346,13.714619],[100.636669,13.714687],[100.636481,13.714651],[100.636318,13.714664],[100.635895,13.714555],[100.635455,13.714543],[100.635162,13.714565],[100.635033,13.714593],[100.63448,13.714822],[100.633451,13.714919],[100.632725,13.714596],[100.632458,13.714576],[100.632173,13.714805],[100.632002,13.7149],[100.63186,13.714938],[100.631367,13.714998],[100.630882,13.715114],[100.630362,13.715284],[100.630016,13.715373],[100.629548,13.715459],[100.629476,13.715459],[100.629226,13.715368],[100.628886,13.715139],[100.628732,13.715105],[100.628343,13.715094],[100.628238,13.715044],[100.628179,13.714992],[100.628094,13.71478],[100.628085,13.714688],[100.628098,13.714518],[100.627877,13.714261],[100.627285,13.713767],[100.626864,13.713322],[100.626707,13.713184],[100.626215,13.712954],[100.626146,13.712896],[100.625888,13.712397],[100.625876,13.712328],[100.625689,13.712321],[100.625572,13.712424],[100.625434,13.712608],[100.625315,13.712696],[100.624827,13.712857],[100.624703,13.712953],[100.624668,13.713012],[100.624513,13.713523],[100.624413,13.713781],[100.624279,13.714495],[100.624236,13.714601],[100.624186,13.714649],[100.62403,13.714721],[100.623935,13.714732],[100.623857,13.714723],[100.62336,13.714487],[100.623242,13.714445],[100.622601,13.714487],[100.622387,13.714376],[100.622315,13.714258],[100.622201,13.713807],[100.622167,13.713363],[100.622068,13.713046],[100.62157,13.712556],[100.621504,13.712466],[100.621398,13.712222],[100.621337,13.711803],[100.621329,13.711616],[100.621335,13.711461],[100.621366,13.711387],[100.621448,13.710539],[100.621417,13.710436],[100.621317,13.710321],[100.621227,13.71027],[100.621075,13.71024],[100.620923,13.710271],[100.620816,13.710345],[100.62057,13.710746],[100.620344,13.711052],[100.620109,13.711292],[100.620007,13.71135],[100.619696,13.711437],[100.619513,13.71146],[100.619206,13.711457],[100.619008,13.711413],[100.618833,13.711303],[100.618707,13.711153],[100.618465,13.710744],[100.618249,13.710489],[100.618183,13.710445],[100.617784,13.710272],[100.617279,13.71009],[100.616503,13.709771],[100.616421,13.709773],[100.616229,13.709829],[100.615893,13.710034],[100.615837,13.710147],[100.615698,13.710541],[100.615772,13.710739],[100.61581,13.710802],[100.615963,13.7109],[100.61612,13.710977],[100.616298,13.711129],[100.616347,13.711195],[100.616412,13.71133],[100.616418,13.711473],[100.616393,13.711556],[100.616129,13.712015],[100.615736,13.712832],[100.615577,13.712995],[100.61512,13.713259],[100.614923,13.713295],[100.614773,13.713293],[100.614586,13.713204],[100.614227,13.712959],[100.614022,13.71274],[100.613938,13.71269],[100.613658,13.712577],[100.613494,13.712537],[100.613366,13.71253],[100.613236,13.712542],[100.613018,13.7126],[100.612756,13.712701],[100.61256,13.712803],[100.612418,13.712923],[100.61237,13.713072],[100.612363,13.713147],[100.612401,13.713882],[100.612375,13.714036],[100.612264,13.714361],[100.612242,13.714507],[100.612263,13.71506],[100.612242,13.715329],[100.612178,13.715455],[100.612113,13.715507],[100.611964,13.715569],[100.611884,13.71559],[100.611808,13.715591],[100.611477,13.71555],[100.611348,13.715519],[100.61049,13.715494],[100.610062,13.715549],[100.609803,13.715634],[100.609538,13.715643],[100.609095,13.715766],[100.608899,13.715798],[100.608311,13.715863],[100.607455,13.715859],[100.60725,13.71581],[100.606949,13.715688],[100.606874,13.715633],[100.606564,13.715478],[100.606468,13.715389],[100.606274,13.715293],[100.606138,13.715001],[100.605931,13.714629],[100.605737,13.71437],[100.60547,13.714261],[100.604131,13.713923],[100.603363,13.713824],[100.602864,13.71372],[100.602235,13.713534],[100.601998,13.713259],[100.601878,13.712844],[100.601747,13.712026],[100.601725,13.711952],[100.601683,13.711887],[100.601614,13.711566],[100.601518,13.711371],[100.601468,13.711296],[100.601406,13.711242],[100.601307,13.711204],[100.601207,13.711191],[100.601014,13.711192],[100.600724,13.711344],[100.600466,13.711509],[100.599999,13.711732],[100.599718,13.711918],[100.599286,13.712084],[100.59888,13.712193],[100.598558,13.712231],[100.598345,13.712216],[100.598223,13.712189],[100.597913,13.712042],[100.59776,13.711886],[100.5971,13.710752],[100.597054,13.710623],[100.597003,13.710582],[100.596966,13.710516],[100.596934,13.710409],[100.596756,13.710262],[100.596183,13.709964],[100.595459,13.709722],[100.594091,13.709334],[100.593587,13.709104],[100.592154,13.708784],[100.592043,13.708736],[100.591745,13.708462],[100.591114,13.707592],[100.591003,13.707315],[100.590363,13.706117],[100.59021,13.705928],[100.590055,13.705773],[100.589893,13.705636],[100.58959,13.705464],[100.589491,13.705411],[100.589278,13.705384],[100.589193,13.705391],[100.588434,13.705247],[100.586801,13.704661],[100.586705,13.704722],[100.586535,13.70475],[100.584718,13.704267],[100.58361,13.703946],[100.582972,13.703848],[100.582301,13.703722],[100.581134,13.703475],[100.581022,13.703433],[100.580945,13.703373],[100.580784,13.703116],[100.58058,13.702647],[100.581079,13.700027],[100.580915,13.698927],[100.581749,13.698384],[100.583736,13.696541],[100.58427,13.696081],[100.585603,13.694484],[100.586651,13.693303],[100.587153,13.692511],[100.587692,13.691816],[100.587978,13.691202],[100.588444,13.690491],[100.588764,13.689668],[100.588958,13.688829],[100.589007,13.688121],[100.589272,13.687137],[100.58934,13.686428],[100.58928,13.685575],[100.589073,13.684498],[100.588703,13.683277],[100.588669,13.683001],[100.58853,13.682639],[100.588343,13.681813],[100.588063,13.68081],[100.587579,13.679644],[100.586959,13.678599],[100.58573,13.676965],[100.584662,13.675684],[100.584723,13.675628],[100.584957,13.675598],[100.58517,13.675596],[100.585434,13.675559],[100.585822,13.675484],[100.586071,13.675411],[100.586277,13.675395],[100.586394,13.675359],[100.587259,13.675042],[100.588554,13.674466],[100.590043,13.674051],[100.590372,13.673915],[100.591181,13.673631],[100.591478,13.673471],[100.591735,13.67337],[100.592328,13.673283],[100.592666,13.67318],[100.593061,13.673091],[100.593387,13.673075],[100.593533,13.673047],[100.59375,13.672908],[100.593977,13.672718],[100.594018,13.672702],[100.594154,13.672716],[100.594526,13.672891],[100.594618,13.672892],[100.594699,13.672872],[100.594919,13.672656],[100.595157,13.672369],[100.595235,13.672311],[100.595672,13.672285],[100.595737,13.672268],[100.59635,13.671883],[100.596789,13.671884],[100.596883,13.671867],[100.597097,13.671792],[100.597635,13.671522],[100.597705,13.6715],[100.598043,13.671545],[100.598126,13.671534],[100.598176,13.671513],[100.59824,13.671456],[100.598278,13.671412],[100.598402,13.671189],[100.598467,13.671149],[100.598671,13.671145],[100.598808,13.671247],[100.598912,13.671256],[100.59897,13.67124],[100.599126,13.671147],[100.599523,13.670967],[100.600536,13.670598],[100.600918,13.670379],[100.601534,13.670288],[100.602114,13.670134],[100.602193,13.670128],[100.602347,13.67017],[100.602536,13.670278],[100.602587,13.670294],[100.602652,13.670287],[100.602756,13.670231],[100.602896,13.67007],[100.603031,13.66997],[100.60361,13.669777],[100.603765,13.66974],[100.604195,13.669712],[100.6045,13.669638],[100.605017,13.669603],[100.605138,13.669579],[100.605889,13.669317],[100.606423,13.66908],[100.606523,13.669069],[100.606708,13.669097],[100.606794,13.669094],[100.606971,13.669051],[100.607117,13.668985],[100.607716,13.668851],[100.607834,13.668808],[100.608264,13.668546],[100.608381,13.668497],[100.608471,13.668484],[100.608562,13.668495],[100.608631,13.668519],[100.608745,13.668588],[100.60884,13.668596],[100.608902,13.668571],[100.609013,13.668461],[100.609149,13.668361],[100.609433,13.668244],[100.609977,13.668156],[100.610598,13.668153],[100.610955,13.668121],[100.611111,13.668091],[100.61123,13.668043],[100.611599,13.667836],[100.611674,13.667822],[100.611913,13.667842],[100.612088,13.667794],[100.612309,13.667643],[100.612488,13.667547],[100.612647,13.667517],[100.613068,13.667509],[100.613472,13.667325],[100.613561,13.667322],[100.613793,13.667358],[100.614153,13.66722],[100.614664,13.667222],[100.614743,13.66721],[100.61485,13.667156],[100.614918,13.667067],[100.614941,13.666927],[100.615012,13.666812],[100.615143,13.666746],[100.615197,13.666741],[100.615254,13.66677],[100.61549,13.666951],[100.615633,13.666958],[100.615821,13.66687],[100.616133,13.666693],[100.616256,13.666666],[100.616643,13.666643],[100.616938,13.666479],[100.61704,13.666446],[100.617344,13.666432],[100.617626,13.666457],[100.61773,13.666407],[100.617819,13.666312],[100.617933,13.666068],[100.618053,13.66593],[100.618378,13.665739],[100.618486,13.665704],[100.618585,13.665714],[100.618762,13.665817],[100.618866,13.665842],[100.618983,13.665821],[100.619262,13.665643],[100.619331,13.665625],[100.619467,13.665638],[100.619698,13.665737],[100.619815,13.665759],[100.620097,13.665744],[100.620468,13.665663],[100.620631,13.665684],[100.620786,13.665679],[100.620876,13.665623],[100.620973,13.665433],[100.621063,13.66536],[100.621153,13.665327],[100.621226,13.665346],[100.62126,13.665339],[100.621427,13.665253],[100.622052,13.665132],[100.622432,13.66503],[100.622711,13.664975],[100.623133,13.664933],[100.623478,13.664815],[100.623741,13.664764],[100.624146,13.664641],[100.624406,13.664619],[100.624887,13.664621],[100.625008,13.664598],[100.625979,13.664265],[100.626228,13.66422],[100.626587,13.664181],[100.626848,13.664123],[100.62735,13.663935],[100.627546,13.663826],[100.62784,13.663753],[100.62853,13.663411],[100.628623,13.663376],[100.629018,13.663288],[100.629504,13.663074],[100.629613,13.663064],[100.629787,13.66308],[100.629913,13.663112],[100.630088,13.663111],[100.630427,13.663036],[100.630726,13.66288],[100.631195,13.662799],[100.631813,13.662584],[100.632199,13.662521],[100.632671,13.6625],[100.632963,13.662445],[100.63422,13.662071],[100.634311,13.66203],[100.634448,13.661913],[100.634743,13.661701],[100.635276,13.661505],[100.635374,13.661508],[100.635464,13.661539],[100.63565,13.661706],[100.635811,13.661798],[100.635869,13.661816],[100.635982,13.661815],[100.636409,13.661714],[100.636902,13.661562],[100.637535,13.661409],[100.637908,13.661261],[100.638352,13.661141],[100.639083,13.661046],[100.639914,13.660871],[100.640204,13.66083],[100.640528,13.660818],[100.640886,13.660739],[100.641274,13.660686],[100.641997,13.660442],[100.642544,13.660326],[100.642719,13.660274],[100.643014,13.66014],[100.643388,13.660024],[100.643758,13.659885],[100.644264,13.659846],[100.644608,13.659842],[100.645234,13.659759],[100.645587,13.659751],[100.645876,13.659771],[100.64639,13.659861],[100.646624,13.659868],[100.647105,13.659827],[100.648013,13.659619],[100.648719,13.659523],[100.649436,13.659345],[100.649957,13.659253],[100.650169,13.659176],[100.650393,13.659138],[100.650533,13.659155],[100.650623,13.659184],[100.65069,13.65928],[100.650733,13.659427],[100.650831,13.660147],[100.650912,13.66054],[100.65127,13.661457],[100.651547,13.662108],[100.651777,13.662723],[100.652284,13.663782],[100.652496,13.664818],[100.65258,13.665092],[100.652648,13.665404],[100.652799,13.665959],[100.65302,13.666576],[100.653247,13.667396],[100.653388,13.667758],[100.653614,13.668203],[100.653676,13.668395],[100.653768,13.668789],[100.653847,13.669037],[100.654003,13.6694],[100.654043,13.669553],[100.654148,13.669777],[100.654498,13.67029],[100.654756,13.670757],[100.654909,13.671076],[100.654934,13.671181],[100.655007,13.671316],[100.655038,13.671432],[100.655021,13.671432],[100.655145,13.671672],[100.655358,13.67215],[100.655414,13.672232],[100.655446,13.672247],[100.655513,13.672245],[100.655586,13.672226],[100.656358,13.671975],[100.656737,13.671835],[100.657313,13.671594],[100.657603,13.671496],[100.657728,13.671414],[100.657862,13.67129],[100.658067,13.67117],[100.658428,13.670898],[100.658918,13.67064],[100.659025,13.670561],[100.659369,13.67037],[100.659712,13.670138],[100.659899,13.670046],[100.659934,13.670056],[100.660664,13.671062],[100.660835,13.671393],[100.661057,13.671613],[100.661133,13.671654],[100.661169,13.671654],[100.661668,13.671277],[100.661785,13.671245],[100.662112,13.671265],[100.662217,13.671232],[100.662551,13.670966],[100.663183,13.670332],[100.663497,13.670148],[100.663846,13.669916],[100.664645,13.669473],[100.66611,13.668502],[100.666718,13.668173],[100.666762,13.668203]]]},"properties":{"fd_name":"พท.ถ.สุขุมวิทฝั่งใต้ ศรีนครินทร์","district_t":"เขตบางนา","year":"2567","owner":"สำนักการระบายน้ำ","name":"พท.ถ.สุขุมวิทฝั่งใต้ ศรีนครินทร์","district":"เขตบางนา"}},{"type":"Feature","id":19,"geometry":{"type":"Polygon","coordinates":[[[100.552941,13.722717],[100.550746,13.723658],[100.544761,13.726153],[100.543117,13.725676],[100.541533,13.725151],[100.538875,13.724387],[100.538541,13.724264],[100.535365,13.723388],[100.528037,13.721227],[100.527701,13.721104],[100.527139,13.720935],[100.525988,13.720607],[100.525429,13.720476],[100.52466,13.720263],[100.518911,13.718554],[100.517494,13.718157],[100.51718,13.718099],[100.516896,13.718109],[100.516767,13.718133],[100.514471,13.718781],[100.512086,13.719365],[100.511933,13.718907],[100.511419,13.717547],[100.511247,13.717136],[100.511054,13.716744],[100.510756,13.716174],[100.510149,13.715113],[100.509256,13.713795],[100.508034,13.712162],[100.506973,13.710932],[100.504528,13.708576],[100.5018,13.706602],[100.497784,13.704425],[100.494486,13.702709],[100.49248,13.701028],[100.492243,13.700742],[100.490697,13.698836],[100.490112,13.696723],[100.489927,13.695079],[100.49005,13.694239],[100.490584,13.692993],[100.491578,13.691607],[100.492419,13.690674],[100.494175,13.689278],[100.495519,13.68851],[100.49789,13.687381],[100.499407,13.686794],[100.502314,13.685983],[100.504527,13.68586],[100.506343,13.685652],[100.508043,13.685415],[100.509513,13.685017],[100.511332,13.684568],[100.512795,13.684231],[100.515684,13.68311],[100.517055,13.682396],[100.518175,13.681726],[100.52089,13.679652],[100.522779,13.678173],[100.52687,13.674692],[100.528376,13.673356],[100.532341,13.670882],[100.536621,13.669402],[100.539389,13.669152],[100.542055,13.669477],[100.54486,13.670559],[100.546723,13.67171],[100.548967,13.673953],[100.550745,13.676977],[100.551937,13.680373],[100.552455,13.684321],[100.552802,13.688946],[100.552535,13.691546],[100.55229,13.69285],[100.551673,13.695734],[100.551445,13.697084],[100.551593,13.700353],[100.551793,13.701582],[100.552053,13.702415],[100.552505,13.703332],[100.553244,13.704241],[100.553854,13.704876],[100.554933,13.705632],[100.554439,13.709618],[100.554402,13.709749],[100.554373,13.709958],[100.554368,13.710191],[100.554307,13.710645],[100.554252,13.711346],[100.5536,13.717285],[100.55351,13.717939],[100.55332,13.718876],[100.552941,13.722717]]]},"properties":{"fd_name":"พท.ถ.จันทน์ เซนต์หลุยส์ สวนพลู ทุ่งมหาเมฆ","district_t":"เขตสาทร และเขตยานนาวา","year":"2567","owner":"สำนักการระบายน้ำ","name":"พท.ถ.จันทน์ เซนต์หลุยส์ สวนพลู ทุ่งมหาเมฆ","district":"เขตสาทร และเขตยานนาวา"}},{"type":"Feature","id":22,"geometry":{"type":"Polygon","coordinates":[[[100.517334,13.753087],[100.517345,13.753345],[100.517309,13.754311],[100.517236,13.754757],[100.51694,13.755439],[100.516375,13.756654],[100.516241,13.756859],[100.515667,13.757496],[100.513314,13.759778],[100.512755,13.76029],[100.511474,13.761536],[100.510874,13.76216],[100.510012,13.763014],[100.509455,13.763677],[100.507096,13.766187],[100.504586,13.769009],[100.503908,13.7698],[100.502314,13.771064],[100.501346,13.771789],[100.500685,13.772122],[100.499503,13.772509],[100.499056,13.772533],[100.498231,13.770845],[100.497552,13.769498],[100.496227,13.767363],[100.495818,13.766793],[100.494244,13.764974],[100.493148,13.763847],[100.492474,13.763251],[100.491956,13.762862],[100.490428,13.7615],[100.489169,13.759777],[100.488571,13.758726],[100.488172,13.757706],[100.487952,13.756719],[100.487719,13.755628],[100.487544,13.752349],[100.487641,13.750802],[100.487767,13.750011],[100.488147,13.748355],[100.488791,13.746817],[100.489638,13.745266],[100.490967,13.743461],[100.493125,13.741314],[100.494096,13.740623],[100.49489,13.740246],[100.496213,13.739749],[100.497456,13.739328],[100.499997,13.738635],[100.502701,13.73804],[100.505474,13.737265],[100.506327,13.736962],[100.507583,13.736365],[100.508324,13.735963],[100.508953,13.735562],[100.509831,13.734714],[100.510581,13.733758],[100.511005,13.733049],[100.511414,13.731993],[100.511856,13.73095],[100.512315,13.728924],[100.513639,13.729865],[100.514909,13.731262],[100.515158,13.731649],[100.515356,13.732046],[100.515531,13.732504],[100.515719,13.733109],[100.515893,13.73456],[100.515912,13.735778],[100.515859,13.736491],[100.515765,13.737002],[100.515718,13.738087],[100.515697,13.740118],[100.515752,13.741226],[100.515896,13.742584],[100.516143,13.744353],[100.516724,13.747815],[100.516827,13.748515],[100.516992,13.749316],[100.517119,13.750243],[100.517262,13.751388],[100.51732,13.752137],[100.517334,13.753087]]]},"properties":{"fd_name":"พท.ถ.พระจันทร์ รอบสนามหลวง ถ.ท้ายวัง ถ.หน้าพระลาน","district_t":"เขตพระนคร เขตสัมพันธวงศ์ และเขตป้อมปราบศัตรูพ่าย","year":"2567","owner":"สำนักการระบายน้ำ","name":"พท.ถ.พระจันทร์ รอบสนามหลวง ถ.ท้ายวัง ถ.หน้าพระลาน","district":"เขตพระนคร เขตสัมพันธวงศ์ และเขตป้อมปราบศัตรูพ่าย"}},{"type":"Feature","id":20,"geometry":{"type":"Polygon","coordinates":[[[100.60427,13.737668],[100.603279,13.737833],[100.602702,13.737908],[100.601724,13.737977],[100.601309,13.738023],[100.600884,13.738131],[100.600357,13.738094],[100.600081,13.738024],[100.599432,13.738014],[100.598852,13.73806],[100.598445,13.738146],[100.598293,13.738345],[100.598255,13.738567],[100.598279,13.73891],[100.598641,13.739945],[100.598731,13.740265],[100.598776,13.740549],[100.598755,13.740687],[100.598652,13.740759],[100.59849,13.740817],[100.598362,13.740842],[100.598164,13.740939],[100.597785,13.740987],[100.596963,13.74105],[100.596012,13.741246],[100.59073,13.742211],[100.584773,13.743365],[100.582611,13.743941],[100.578746,13.744848],[100.577196,13.745126],[100.576024,13.745387],[100.575005,13.745547],[100.574512,13.745603],[100.573299,13.745906],[100.572792,13.746087],[100.569001,13.746727],[100.568314,13.746827],[100.566918,13.747181],[100.565126,13.747524],[100.564976,13.747573],[100.562786,13.747838],[100.561937,13.748008],[100.561621,13.748098],[100.561071,13.748202],[100.559656,13.74839],[100.558852,13.748419],[100.558488,13.7484],[100.557915,13.748332],[100.557485,13.748325],[100.555972,13.748253],[100.554607,13.748219],[100.552615,13.748264],[100.551837,13.748297],[100.551183,13.748284],[100.550046,13.748364],[100.550373,13.74532],[100.550444,13.744993],[100.550767,13.742421],[100.551593,13.73518],[100.552501,13.726948],[100.552545,13.726396],[100.552915,13.722989],[100.55332,13.718876],[100.55351,13.717939],[100.5536,13.717285],[100.554252,13.711346],[100.554307,13.710645],[100.554368,13.710191],[100.554373,13.709958],[100.554402,13.709749],[100.554439,13.709618],[100.554933,13.705632],[100.557174,13.706299],[100.558069,13.706418],[100.559858,13.706457],[100.561339,13.706298],[100.563865,13.705732],[100.570202,13.703497],[100.574676,13.701799],[100.58012,13.699444],[100.580915,13.698927],[100.581079,13.700027],[100.58058,13.702647],[100.580784,13.703116],[100.580945,13.703373],[100.581022,13.703433],[100.581134,13.703475],[100.582301,13.703722],[100.582972,13.703848],[100.58361,13.703946],[100.584718,13.704267],[100.586535,13.70475],[100.586705,13.704722],[100.586801,13.704661],[100.588434,13.705247],[100.589193,13.705391],[100.589278,13.705384],[100.589491,13.705411],[100.589893,13.705636],[100.59021,13.705928],[100.590363,13.706117],[100.591003,13.707315],[100.591114,13.707592],[100.591745,13.708462],[100.592043,13.708736],[100.592154,13.708784],[100.593587,13.709104],[100.594091,13.709334],[100.595459,13.709722],[100.596183,13.709964],[100.596756,13.710262],[100.596934,13.710409],[100.596966,13.710516],[100.597003,13.710582],[100.597054,13.710623],[100.5971,13.710752],[100.59776,13.711886],[100.597913,13.712042],[100.598223,13.712189],[100.598345,13.712216],[100.598558,13.712231],[100.59888,13.712193],[100.599286,13.712084],[100.599718,13.711918],[100.599999,13.711732],[100.600466,13.711509],[100.600724,13.711344],[100.601014,13.711192],[100.601207,13.711191],[100.601307,13.711204],[100.601406,13.711242],[100.601468,13.711296],[100.601518,13.711371],[100.601614,13.711566],[100.601683,13.711887],[100.601725,13.711952],[100.601747,13.712026],[100.601878,13.712844],[100.601998,13.713259],[100.602235,13.713534],[100.602864,13.71372],[100.603363,13.713824],[100.604131,13.713923],[100.60547,13.714261],[100.605737,13.71437],[100.605931,13.714629],[100.606138,13.715001],[100.606445,13.715659],[100.606536,13.716042],[100.606544,13.716496],[100.606157,13.71801],[100.606097,13.718362],[100.606259,13.718522],[100.606657,13.718709],[100.606706,13.71891],[100.606608,13.719137],[100.606237,13.71947],[100.606025,13.719613],[100.605779,13.719746],[100.60532,13.719943],[100.605206,13.720056],[100.605184,13.720144],[100.605204,13.720214],[100.605291,13.720372],[100.605448,13.720521],[100.605626,13.720723],[100.605713,13.720924],[100.605776,13.721272],[100.605723,13.721975],[100.605529,13.722904],[100.60541,13.724077],[100.605338,13.724497],[100.605305,13.72496],[100.605284,13.725666],[100.605321,13.726229],[100.605186,13.727293],[100.605035,13.727725],[100.60478,13.72914],[100.604749,13.73003],[100.60464,13.731243],[100.604498,13.73189],[100.604531,13.732399],[100.604529,13.733413],[100.604498,13.734152],[100.604485,13.735046],[100.604548,13.735775],[100.604589,13.736011],[100.604652,13.73665],[100.604781,13.737284],[100.604798,13.73756],[100.60427,13.737668]]]},"properties":{"fd_name":"พท.ถ.สุขุมวิทฝั่งเหนือ","district_t":"เขตวัฒนา และเขตคลองเตย","year":"2567","owner":"สำนักการระบายน้ำ","name":"พท.ถ.สุขุมวิทฝั่งเหนือ","district":"เขตวัฒนา และเขตคลองเตย"}},{"type":"Feature","id":21,"geometry":{"type":"Polygon","coordinates":[[[100.519149,13.752661],[100.519121,13.752583],[100.518743,13.752666],[100.517738,13.753008],[100.517334,13.753087],[100.51732,13.752137],[100.517262,13.751388],[100.517119,13.750243],[100.516992,13.749316],[100.516827,13.748515],[100.516724,13.747815],[100.516143,13.744353],[100.515896,13.742584],[100.515752,13.741226],[100.515697,13.740118],[100.515718,13.738087],[100.515765,13.737002],[100.515859,13.736491],[100.515912,13.735778],[100.515893,13.73456],[100.515719,13.733109],[100.515531,13.732504],[100.515356,13.732046],[100.515158,13.731649],[100.514909,13.731262],[100.513639,13.729865],[100.512315,13.728924],[100.512702,13.726782],[100.51276,13.724945],[100.512676,13.722559],[100.512238,13.719824],[100.512086,13.719365],[100.514471,13.718781],[100.516767,13.718133],[100.516896,13.718109],[100.51718,13.718099],[100.517494,13.718157],[100.518911,13.718554],[100.52466,13.720263],[100.525429,13.720476],[100.525988,13.720607],[100.527139,13.720935],[100.527701,13.721104],[100.528037,13.721227],[100.535365,13.723388],[100.538541,13.724264],[100.538875,13.724387],[100.541533,13.725151],[100.543117,13.725676],[100.544761,13.726153],[100.550746,13.723658],[100.552941,13.722717],[100.552545,13.726396],[100.552501,13.726948],[100.551593,13.73518],[100.550767,13.742421],[100.550444,13.744993],[100.550373,13.74532],[100.550046,13.748364],[100.549028,13.74833],[100.545783,13.748487],[100.54314,13.748818],[100.542072,13.749169],[100.541629,13.749264],[100.540996,13.749331],[100.539054,13.74948],[100.538771,13.749537],[100.537655,13.749613],[100.537668,13.749613],[100.536991,13.74964],[100.536238,13.749564],[100.535971,13.749499],[100.535484,13.749335],[100.534902,13.749235],[100.534262,13.74917],[100.53288,13.74908],[100.531457,13.749156],[100.530912,13.74926],[100.529933,13.749259],[100.529254,13.749352],[100.527875,13.749607],[100.527454,13.749604],[100.526659,13.749497],[100.525509,13.749233],[100.525306,13.749219],[100.525129,13.749289],[100.524424,13.749784],[100.524041,13.750035],[100.521487,13.751478],[100.520609,13.752027],[100.520119,13.752314],[100.519149,13.752661]]]},"properties":{"fd_name":"พท.พระรามที่ 1 เขตปทุมวัน","district_t":"เขตคลองเตย และเขตวัฒนา","year":"2567","owner":"สำนักการระบายน้ำ","name":"พท.พระรามที่ 1 เขตปทุมวัน","district":"เขตคลองเตย และเขตวัฒนา"}},{"type":"Feature","id":23,"geometry":{"type":"Polygon","coordinates":[[[100.651071,13.749584],[100.651042,13.749649],[100.650869,13.74985],[100.650762,13.749943],[100.649958,13.750363],[100.649534,13.75062],[100.649417,13.750711],[100.649284,13.751008],[100.6492,13.751294],[100.649245,13.751857],[100.649041,13.751971],[100.64854,13.752306],[100.648047,13.752611],[100.647986,13.752661],[100.647968,13.752703],[100.64791,13.753465],[100.647844,13.753805],[100.647717,13.755523],[100.647569,13.756729],[100.647511,13.757468],[100.647274,13.759572],[100.647215,13.760247],[100.647123,13.760919],[100.646753,13.764868],[100.643543,13.764581],[100.634837,13.7635],[100.63041,13.763049],[100.630413,13.763031],[100.628937,13.762852],[100.626964,13.762655],[100.625118,13.762437],[100.622816,13.762215],[100.621997,13.762181],[100.62067,13.762025],[100.620033,13.761876],[100.619445,13.761761],[100.618698,13.761655],[100.617196,13.761528],[100.616168,13.761361],[100.615033,13.760923],[100.61427,13.76054],[100.612838,13.759102],[100.610894,13.757286],[100.609557,13.756123],[100.608826,13.75543],[100.608053,13.75464],[100.60684,13.753583],[100.604217,13.751183],[100.604061,13.751065],[100.602783,13.749699],[100.60198,13.748895],[100.600542,13.747719],[100.60033,13.747493],[100.600157,13.747186],[100.599845,13.746378],[100.599725,13.746025],[100.59948,13.744983],[100.59917,13.744086],[100.599073,13.743897],[100.598739,13.74306],[100.601421,13.742757],[100.60367,13.742532],[100.605907,13.742274],[100.608191,13.742044],[100.615018,13.741292],[100.619556,13.740771],[100.626491,13.740012],[100.628797,13.739737],[100.633443,13.739225],[100.640401,13.738416],[100.644856,13.737955],[100.644949,13.738038],[100.645067,13.738069],[100.645214,13.738172],[100.645263,13.738241],[100.645306,13.738354],[100.645342,13.738874],[100.645152,13.739523],[100.645128,13.739653],[100.645204,13.740013],[100.645344,13.740303],[100.645907,13.741173],[100.646034,13.741467],[100.646153,13.741797],[100.646231,13.741937],[100.646413,13.742141],[100.646851,13.742457],[100.647794,13.742783],[100.648089,13.742905],[100.64829,13.743118],[100.648351,13.743222],[100.648396,13.743344],[100.648485,13.744046],[100.648131,13.744376],[100.648028,13.744431],[100.64799,13.745318],[100.648041,13.745655],[100.648188,13.746127],[100.648314,13.74662],[100.648474,13.746991],[100.648836,13.747413],[100.649104,13.747697],[100.649251,13.747849],[100.649502,13.748058],[100.650349,13.748508],[100.650772,13.748868],[100.650815,13.748935],[100.650807,13.749],[100.651076,13.749569],[100.651071,13.749584]]]},"properties":{"fd_name":"พท.รามคำแหง","district_t":"เขตบางกะปิ","year":"2567","owner":"สำนักการระบายน้ำ","name":"พท.รามคำแหง","district":"เขตบางกะปิ"}},{"type":"Feature","id":24,"geometry":{"type":"Polygon","coordinates":[[[100.527846,13.774265],[100.527445,13.774555],[100.527103,13.774869],[100.526651,13.775231],[100.52618,13.775474],[100.525725,13.775774],[100.525306,13.776119],[100.525188,13.776239],[100.524311,13.776731],[100.524234,13.776792],[100.524138,13.776879],[100.524055,13.777025],[100.523971,13.777302],[100.523871,13.777499],[100.523629,13.777637],[100.522684,13.777988],[100.522451,13.778008],[100.52228,13.77798],[100.522164,13.777942],[100.521906,13.777917],[100.521599,13.777942],[100.521348,13.778043],[100.521119,13.778201],[100.520771,13.778489],[100.520423,13.778884],[100.520301,13.778969],[100.520107,13.779054],[100.518955,13.779372],[100.518711,13.77938],[100.518022,13.779451],[100.517844,13.779533],[100.517525,13.779695],[100.517375,13.779795],[100.517272,13.7799],[100.517086,13.780188],[100.516677,13.780513],[100.516579,13.780565],[100.516448,13.780601],[100.516083,13.780545],[100.515851,13.780545],[100.515516,13.78064],[100.515343,13.780764],[100.515066,13.780995],[100.514863,13.781189],[100.514756,13.781371],[100.514721,13.781463],[100.514565,13.781688],[100.514426,13.781831],[100.514335,13.781889],[100.514241,13.781909],[100.514102,13.781882],[100.513937,13.781826],[100.513569,13.78165],[100.513468,13.781653],[100.513364,13.781688],[100.512942,13.781942],[100.512807,13.782052],[100.512046,13.782514],[100.511335,13.78314],[100.51125,13.783182],[100.511006,13.783226],[100.510636,13.783189],[100.510433,13.783237],[100.510122,13.783434],[100.509499,13.783776],[100.509183,13.783896],[100.508768,13.784092],[100.508706,13.784154],[100.508535,13.784417],[100.508479,13.784621],[100.508437,13.784697],[100.508288,13.784883],[100.508181,13.784948],[100.508015,13.784992],[100.507897,13.784989],[100.507434,13.784927],[100.507324,13.784991],[100.507172,13.78511],[100.50708,13.785207],[100.506971,13.785366],[100.50692,13.785386],[100.506805,13.785491],[100.505414,13.786081],[100.504788,13.785383],[100.504209,13.784592],[100.503701,13.783831],[100.502995,13.782457],[100.502483,13.781],[100.501945,13.779788],[100.500881,13.777229],[100.499786,13.774029],[100.499056,13.772533],[100.499503,13.772509],[100.500685,13.772122],[100.501346,13.771789],[100.502314,13.771064],[100.503908,13.7698],[100.504586,13.769009],[100.507096,13.766187],[100.509455,13.763677],[100.510012,13.763014],[100.510874,13.76216],[100.511474,13.761536],[100.512755,13.76029],[100.513314,13.759778],[100.515667,13.757496],[100.516241,13.756859],[100.516375,13.756654],[100.516566,13.756252],[100.517236,13.754757],[100.517309,13.754311],[100.517345,13.753345],[100.517334,13.753087],[100.517738,13.753008],[100.518743,13.752666],[100.519121,13.752583],[100.519535,13.75372],[100.520936,13.757268],[100.527846,13.774265]]]},"properties":{"fd_name":"พท.ถ.พระรามที่ 5 คลองผดุงกรุงเกษม คลองสามเสน","district_t":"เขตดุสิต","year":"2567","owner":"สำนักการระบายน้ำ","name":"พท.ถ.พระรามที่ 5 คลองผดุงกรุงเกษม คลองสามเสน","district":"เขตดุสิต"}},{"type":"Feature","id":25,"geometry":{"type":"Polygon","coordinates":[[[100.743358,13.818659],[100.74288,13.819458],[100.742802,13.819563],[100.742659,13.819706],[100.742502,13.819807],[100.742353,13.819856],[100.742145,13.819897],[100.741859,13.819906],[100.741481,13.819893],[100.729697,13.818819],[100.729711,13.818138],[100.729697,13.817779],[100.729749,13.817741],[100.729761,13.817523],[100.729711,13.817213],[100.729786,13.816591],[100.729755,13.816481],[100.729749,13.815659],[100.729723,13.815224],[100.729774,13.814753],[100.729778,13.814574],[100.729743,13.813772],[100.729744,13.8133],[100.729767,13.813225],[100.729807,13.812781],[100.729797,13.812583],[100.729778,13.812538],[100.729779,13.81226],[100.729802,13.81222],[100.729805,13.811783],[100.72978,13.811273],[100.730743,13.811809],[100.731197,13.812015],[100.73171,13.812309],[100.731934,13.812388],[100.732371,13.812683],[100.733068,13.813083],[100.733878,13.813501],[100.734534,13.813875],[100.735229,13.814186],[100.735702,13.814514],[100.735969,13.814639],[100.73624,13.814818],[100.736621,13.814948],[100.737314,13.815314],[100.737648,13.815516],[100.737978,13.815645],[100.738742,13.816048],[100.739118,13.816263],[100.739374,13.816478],[100.740061,13.816813],[100.740109,13.816776],[100.740201,13.816821],[100.740491,13.817009],[100.740946,13.817271],[100.741387,13.817498],[100.74204,13.817917],[100.742434,13.818125],[100.74252,13.818142],[100.742619,13.818196],[100.742833,13.818369],[100.742905,13.818391],[100.743227,13.818558],[100.743358,13.818659]]]},"properties":{"fd_name":"พท.ถ.สุวินทวงศ์","district_t":"เขตมีนบุรี","year":"2567","owner":"สำนักการระบายน้ำ","name":"พท.ถ.สุวินทวงศ์","district":"เขตมีนบุรี"}},{"type":"Feature","id":27,"geometry":{"type":"Polygon","coordinates":[[[100.41636,13.799314],[100.416325,13.799316],[100.416441,13.799039],[100.416787,13.798515],[100.416878,13.798454],[100.417007,13.798195],[100.4172,13.79766],[100.417252,13.797356],[100.417322,13.797165],[100.417358,13.797116],[100.417545,13.796974],[100.417714,13.796667],[100.41783,13.796382],[100.417899,13.796297],[100.418054,13.796037],[100.418119,13.795964],[100.418341,13.795636],[100.418549,13.795302],[100.418623,13.795079],[100.418628,13.795009],[100.418731,13.794797],[100.419019,13.794332],[100.419434,13.793567],[100.419758,13.792929],[100.419991,13.792528],[100.420233,13.792],[100.420335,13.791845],[100.420409,13.791692],[100.420778,13.791057],[100.420997,13.790543],[100.421187,13.790238],[100.421528,13.7896],[100.421795,13.78919],[100.42209,13.788597],[100.422309,13.788213],[100.422528,13.787733],[100.422615,13.787594],[100.422745,13.787278],[100.423092,13.786803],[100.423231,13.786517],[100.423348,13.786328],[100.42381,13.785401],[100.424344,13.78451],[100.424797,13.783537],[100.425053,13.783088],[100.425365,13.782491],[100.425861,13.781683],[100.426087,13.781255],[100.429172,13.78096],[100.43481,13.78036],[100.439966,13.779843],[100.440991,13.77984],[100.441613,13.779868],[100.441967,13.779913],[100.442954,13.780087],[100.442856,13.78073],[100.442836,13.781295],[100.442858,13.78168],[100.4429,13.782008],[100.442943,13.782221],[100.442983,13.782323],[100.443088,13.782853],[100.443266,13.783449],[100.443476,13.783945],[100.44352,13.784103],[100.443561,13.784165],[100.443593,13.784306],[100.443666,13.784482],[100.444017,13.785185],[100.444384,13.785702],[100.443591,13.786369],[100.440167,13.789042],[100.435861,13.792534],[100.430741,13.796637],[100.429752,13.79742],[100.429196,13.797834],[100.428518,13.798219],[100.427572,13.798605],[100.426786,13.798845],[100.425808,13.798971],[100.424478,13.799031],[100.422123,13.799093],[100.41636,13.799314]]]},"properties":{"fd_name":"พท.ตลิ่งชัน ฉิมพลี ทุ่งมังกร สวนผัก","district_t":"เขตตลิ่งชัน","year":"2567","owner":"สำนักการระบายน้ำ","name":"พท.ตลิ่งชัน ฉิมพลี ทุ่งมังกร สวนผัก","district":"เขตตลิ่งชัน"}},{"type":"Feature","id":26,"geometry":{"type":"Polygon","coordinates":[[[100.652063,13.767738],[100.652336,13.767974],[100.652222,13.768068],[100.651851,13.768611],[100.651688,13.76879],[100.651944,13.769102],[100.652112,13.769342],[100.652638,13.770013],[100.652777,13.770231],[100.65337,13.771026],[100.654347,13.772527],[100.654449,13.772632],[100.654568,13.772723],[100.654139,13.773278],[100.653691,13.773766],[100.653592,13.773929],[100.653516,13.774148],[100.653211,13.775401],[100.653066,13.775867],[100.652829,13.776476],[100.652186,13.777686],[100.651372,13.779047],[100.650717,13.780091],[100.649922,13.781191],[100.648503,13.783046],[100.647588,13.784047],[100.647595,13.784058],[100.647556,13.784109],[100.651291,13.789596],[100.651695,13.790166],[100.652597,13.791545],[100.652679,13.791716],[100.652704,13.791875],[100.652696,13.792045],[100.652629,13.792245],[100.649015,13.800272],[100.647688,13.803171],[100.647521,13.803555],[100.647463,13.803836],[100.647446,13.80403],[100.647464,13.804285],[100.647503,13.804448],[100.647558,13.804584],[100.647689,13.804846],[100.648117,13.8056],[100.648916,13.807115],[100.649898,13.809363],[100.650128,13.809821],[100.648479,13.811173],[100.646804,13.812468],[100.645354,13.813621],[100.644719,13.814085],[100.643586,13.814871],[100.642389,13.815608],[100.635187,13.819749],[100.634413,13.820221],[100.633683,13.820706],[100.63278,13.821395],[100.632362,13.821734],[100.631951,13.822092],[100.630627,13.823337],[100.628499,13.8254],[100.627919,13.823949],[100.627497,13.823129],[100.627063,13.822405],[100.625919,13.822595],[100.625569,13.822606],[100.62508,13.82267],[100.624923,13.822644],[100.624766,13.822645],[100.622802,13.822774],[100.622347,13.822775],[100.622145,13.822746],[100.621926,13.822818],[100.62181,13.822845],[100.6217,13.82285],[100.621576,13.82282],[100.621195,13.822645],[100.621008,13.822603],[100.62084,13.822607],[100.620562,13.822641],[100.618581,13.82266],[100.61825,13.822695],[100.618203,13.822679],[100.618087,13.822721],[100.618053,13.822712],[100.617355,13.822794],[100.617038,13.822784],[100.616929,13.822753],[100.616841,13.822801],[100.616782,13.822814],[100.61673,13.822814],[100.616654,13.822785],[100.616595,13.822804],[100.616484,13.822751],[100.616335,13.822732],[100.616202,13.822738],[100.616106,13.822725],[100.616024,13.822739],[100.615893,13.822719],[100.615534,13.822738],[100.615252,13.8227],[100.614977,13.822687],[100.614788,13.822651],[100.61463,13.822649],[100.614456,13.822617],[100.614032,13.822615],[100.613725,13.822623],[100.613217,13.822663],[100.613116,13.822651],[100.612694,13.82269],[100.612215,13.822786],[100.611865,13.822824],[100.611113,13.822949],[100.610501,13.823145],[100.609607,13.823133],[100.609174,13.823142],[100.608839,13.823102],[100.607646,13.823062],[100.606922,13.823022],[100.606725,13.822944],[100.60666,13.822933],[100.606188,13.822966],[100.605672,13.82297],[100.605527,13.822983],[100.60523,13.823092],[100.604851,13.823315],[100.604679,13.823389],[100.60457,13.823406],[100.604468,13.82338],[100.604061,13.823335],[100.603238,13.823286],[100.601002,13.823088],[100.600571,13.823115],[100.600142,13.823105],[100.597176,13.822453],[100.597073,13.822448],[100.596751,13.82239],[100.595182,13.822005],[100.594333,13.821854],[100.592775,13.821696],[100.592011,13.821683],[100.591555,13.821638],[100.590069,13.82143],[100.589449,13.821379],[100.589246,13.821403],[100.589187,13.819891],[100.589223,13.819063],[100.589285,13.818784],[100.589402,13.818482],[100.589481,13.818187],[100.589408,13.817297],[100.589399,13.816997],[100.58934,13.816476],[100.58927,13.816042],[100.589102,13.815499],[100.589046,13.815409],[100.588982,13.815243],[100.588956,13.815109],[100.58894,13.814542],[100.588949,13.814025],[100.588878,13.813567],[100.588694,13.813049],[100.588506,13.812758],[100.588461,13.812566],[100.588444,13.812398],[100.588573,13.811869],[100.588805,13.811115],[100.588971,13.810367],[100.588956,13.809891],[100.588777,13.808882],[100.588699,13.808142],[100.588726,13.807391],[100.588672,13.806048],[100.588666,13.805128],[100.588691,13.804776],[100.588676,13.80424],[100.588436,13.803446],[100.588327,13.803158],[100.588305,13.802987],[100.58831,13.802814],[100.588323,13.802729],[100.588465,13.802294],[100.588742,13.801597],[100.588798,13.801045],[100.589002,13.800288],[100.589011,13.798724],[100.589031,13.798384],[100.589091,13.797798],[100.589308,13.796167],[100.589307,13.79541],[100.589332,13.794423],[100.589316,13.793748],[100.58938,13.793102],[100.589426,13.791935],[100.589506,13.791438],[100.589698,13.790541],[100.590014,13.789577],[100.590059,13.789209],[100.590043,13.788639],[100.589992,13.788229],[100.589975,13.787389],[100.59004,13.786901],[100.590135,13.786443],[100.59043,13.78569],[100.590855,13.784775],[100.591457,13.783398],[100.591788,13.782352],[100.592065,13.781608],[100.592338,13.781179],[100.593313,13.779777],[100.593431,13.779503],[100.593517,13.778929],[100.593541,13.77846],[100.593553,13.777883],[100.593541,13.777011],[100.593337,13.775691],[100.59316,13.774913],[100.593071,13.77411],[100.593055,13.773569],[100.593083,13.772717],[100.593176,13.772001],[100.593359,13.770969],[100.593649,13.769164],[100.593863,13.768311],[100.594554,13.766551],[100.594725,13.765794],[100.594798,13.764976],[100.594602,13.763334],[100.594712,13.76258],[100.594987,13.761875],[100.595369,13.761265],[100.595694,13.760852],[100.596025,13.760382],[100.597417,13.757724],[100.597897,13.757054],[100.598513,13.75653],[100.599101,13.755924],[100.600539,13.754606],[100.602625,13.752635],[100.603826,13.751438],[100.604061,13.751065],[100.604217,13.751183],[100.60684,13.753583],[100.608053,13.75464],[100.608826,13.75543],[100.609557,13.756123],[100.610894,13.757286],[100.612838,13.759102],[100.61427,13.76054],[100.615033,13.760923],[100.616168,13.761361],[100.617196,13.761528],[100.618698,13.761655],[100.619445,13.761761],[100.620033,13.761876],[100.62067,13.762025],[100.621997,13.762181],[100.622816,13.762215],[100.625118,13.762437],[100.626964,13.762655],[100.628937,13.762852],[100.630413,13.763031],[100.63041,13.763049],[100.634837,13.7635],[100.643543,13.764581],[100.646734,13.764865],[100.64728,13.764945],[100.648204,13.765139],[100.6487,13.765315],[100.649257,13.765536],[100.649601,13.765738],[100.650214,13.766217],[100.651068,13.76689],[100.651226,13.767046],[100.652063,13.767738]]]},"properties":{"fd_name":"พท.ลาดพร้าว บางกะปิ นวมินทร์","district_t":"เขตลาดพร้าว และเขตบางกะปิ","year":"2567","owner":"สำนักการระบายน้ำ","name":"พท.ลาดพร้าว บางกะปิ นวมินทร์","district":"เขตลาดพร้าว และเขตบางกะปิ"}},{"type":"Feature","id":28,"geometry":{"type":"Polygon","coordinates":[[[100.533148,13.799629],[100.532334,13.798186],[100.532207,13.798257],[100.532021,13.798295],[100.531753,13.798326],[100.531074,13.798346],[100.530617,13.7984],[100.529894,13.798559],[100.529165,13.798765],[100.528925,13.798812],[100.528281,13.798816],[100.527993,13.798786],[100.527149,13.7986],[100.526975,13.798598],[100.52672,13.798646],[100.526403,13.798802],[100.525855,13.799196],[100.525656,13.799257],[100.525435,13.799291],[100.525205,13.799177],[100.525049,13.799156],[100.524951,13.799167],[100.5245,13.799313],[100.524319,13.799428],[100.522437,13.799892],[100.522095,13.799942],[100.521299,13.799907],[100.520441,13.79992],[100.520146,13.799948],[100.51973,13.800023],[100.519492,13.800088],[100.519075,13.800164],[100.518055,13.800158],[100.517294,13.800321],[100.516593,13.800564],[100.516538,13.800374],[100.515445,13.79761],[100.515134,13.796943],[100.514303,13.795707],[100.512797,13.79386],[100.510192,13.790979],[100.5082,13.789112],[100.50654,13.787339],[100.505414,13.786081],[100.506805,13.785491],[100.50692,13.785386],[100.506971,13.785366],[100.50708,13.785207],[100.507172,13.78511],[100.507324,13.784991],[100.507434,13.784927],[100.507897,13.784989],[100.508015,13.784992],[100.508181,13.784948],[100.508288,13.784883],[100.508437,13.784697],[100.508479,13.784621],[100.508535,13.784417],[100.508706,13.784154],[100.508768,13.784092],[100.509183,13.783896],[100.509499,13.783776],[100.510122,13.783434],[100.510433,13.783237],[100.510636,13.783189],[100.511006,13.783226],[100.51125,13.783182],[100.511335,13.78314],[100.512046,13.782514],[100.512807,13.782052],[100.512942,13.781942],[100.513364,13.781688],[100.513468,13.781653],[100.513569,13.78165],[100.513937,13.781826],[100.514102,13.781882],[100.514241,13.781909],[100.514335,13.781889],[100.514426,13.781831],[100.514565,13.781688],[100.514721,13.781463],[100.514756,13.781371],[100.514863,13.781189],[100.515066,13.780995],[100.515343,13.780764],[100.515516,13.78064],[100.515851,13.780545],[100.516083,13.780545],[100.516448,13.780601],[100.516579,13.780565],[100.516677,13.780513],[100.517086,13.780188],[100.517272,13.7799],[100.517375,13.779795],[100.517525,13.779695],[100.517844,13.779533],[100.518022,13.779451],[100.518711,13.77938],[100.518955,13.779372],[100.520107,13.779054],[100.520301,13.778969],[100.520423,13.778884],[100.520771,13.778489],[100.521119,13.778201],[100.521348,13.778043],[100.521599,13.777942],[100.521906,13.777917],[100.522164,13.777942],[100.52228,13.77798],[100.522451,13.778008],[100.522684,13.777988],[100.523629,13.777637],[100.523871,13.777499],[100.523971,13.777302],[100.524055,13.777025],[100.524138,13.776879],[100.524234,13.776792],[100.524311,13.776731],[100.525188,13.776239],[100.525306,13.776119],[100.525725,13.775774],[100.52618,13.775474],[100.526651,13.775231],[100.527103,13.774869],[100.527445,13.774555],[100.527846,13.774265],[100.529481,13.778352],[100.530577,13.781001],[100.533068,13.787154],[100.534141,13.789716],[100.53457,13.790831],[100.536217,13.794823],[100.536495,13.795622],[100.53715,13.797166],[100.537305,13.797625],[100.533148,13.799629]]]},"properties":{"fd_name":"พท.ถ.ทหาร พระรามที่ 6 คลองสามเสน","district_t":"เขตดุสิต","year":"2567","owner":"สำนักการระบายน้ำ","name":"พท.ถ.ทหาร พระรามที่ 6 คลองสามเสน","district":"เขตดุสิต"}},{"type":"Feature","id":29,"geometry":{"type":"Polygon","coordinates":[[[100.539264,13.830385],[100.538229,13.830493],[100.535183,13.830748],[100.533958,13.83083],[100.533466,13.830836],[100.533159,13.830816],[100.532612,13.830735],[100.531822,13.830549],[100.531333,13.830363],[100.530712,13.830057],[100.530437,13.829905],[100.52992,13.829566],[100.529556,13.829288],[100.529169,13.828954],[100.526358,13.8264],[100.525463,13.825555],[100.52319,13.823507],[100.521722,13.822152],[100.519668,13.820339],[100.516944,13.817806],[100.516846,13.817733],[100.516232,13.817065],[100.515687,13.816408],[100.513901,13.813989],[100.51437,13.813809],[100.514982,13.813505],[100.515288,13.813289],[100.515639,13.81298],[100.516053,13.812592],[100.51627,13.812334],[100.516465,13.812033],[100.516725,13.811496],[100.517092,13.810658],[100.51742,13.809719],[100.51756,13.809165],[100.51767,13.808463],[100.51773,13.807901],[100.517548,13.805376],[100.517413,13.803916],[100.517066,13.802185],[100.516593,13.800564],[100.517294,13.800321],[100.518055,13.800158],[100.519075,13.800164],[100.519492,13.800088],[100.51973,13.800023],[100.520146,13.799948],[100.520441,13.79992],[100.521299,13.799907],[100.522095,13.799942],[100.522437,13.799892],[100.524319,13.799428],[100.5245,13.799313],[100.524951,13.799167],[100.525049,13.799156],[100.525205,13.799177],[100.525435,13.799291],[100.525656,13.799257],[100.525855,13.799196],[100.526403,13.798802],[100.52672,13.798646],[100.526975,13.798598],[100.527149,13.7986],[100.527993,13.798786],[100.528281,13.798816],[100.528925,13.798812],[100.529165,13.798765],[100.529894,13.798559],[100.530617,13.7984],[100.531074,13.798346],[100.531753,13.798326],[100.532021,13.798295],[100.532207,13.798257],[100.532334,13.798186],[100.533148,13.799629],[100.532946,13.7997],[100.532532,13.799881],[100.532346,13.800034],[100.532265,13.800168],[100.53222,13.800339],[100.532223,13.800516],[100.532496,13.801597],[100.533054,13.80399],[100.533526,13.805908],[100.53373,13.806863],[100.53432,13.809309],[100.535009,13.812334],[100.535181,13.812991],[100.535648,13.815031],[100.535883,13.815821],[100.539264,13.830385]]]},"properties":{"fd_name":"พท.บางซื่อ","district_t":"เขตบางซื่อ","year":"2567","owner":"สำนักการระบายน้ำ","name":"พท.บางซื่อ","district":"เขตบางซื่อ"}},{"type":"Feature","id":30,"geometry":{"type":"Polygon","coordinates":[[[100.666412,13.66709],[100.666814,13.666969],[100.667676,13.666623],[100.669564,13.66592],[100.669911,13.665776],[100.670314,13.665584],[100.67122,13.665274],[100.671578,13.665134],[100.671895,13.66504],[100.672104,13.664946],[100.672187,13.664874],[100.672199,13.664531],[100.672263,13.664473],[100.672591,13.664322],[100.673196,13.664087],[100.673502,13.663994],[100.674143,13.66388],[100.674396,13.663812],[100.675247,13.663476],[100.67565,13.663365],[100.675855,13.663242],[100.676084,13.662929],[100.676824,13.662218],[100.677493,13.661816],[100.677915,13.661585],[100.67812,13.661444],[100.678758,13.661151],[100.679098,13.661087],[100.679262,13.661073],[100.680108,13.660828],[100.681578,13.660335],[100.682257,13.660075],[100.682966,13.659864],[100.68315,13.659829],[100.687574,13.658381],[100.688492,13.658132],[100.691459,13.657551],[100.692012,13.657462],[100.692851,13.657278],[100.698283,13.656196],[100.698378,13.65702],[100.698485,13.658315],[100.698657,13.659281],[100.698754,13.660048],[100.698835,13.660487],[100.699015,13.661271],[100.699333,13.662529],[100.699349,13.662724],[100.69944,13.662898],[100.699601,13.663284],[100.699645,13.663596],[100.69991,13.664166],[100.700136,13.664587],[100.700592,13.665343],[100.700821,13.665812],[100.70111,13.666298],[100.701363,13.66682],[100.70174,13.667527],[100.701868,13.667857],[100.702163,13.6683],[100.702553,13.668998],[100.70318,13.670015],[100.703455,13.670504],[100.703932,13.67129],[100.704014,13.671463],[100.704125,13.671803],[100.704492,13.672485],[100.704567,13.672678],[100.704886,13.67359],[100.705177,13.674358],[100.705153,13.674474],[100.705058,13.674572],[100.704793,13.674637],[100.704728,13.674669],[100.704654,13.674759],[100.704652,13.674808],[100.704734,13.675234],[100.705256,13.677528],[100.705314,13.677688],[100.705535,13.678777],[100.706352,13.678589],[100.706408,13.678606],[100.706432,13.678646],[100.70666,13.680608],[100.706884,13.682271],[100.707128,13.683805],[100.707254,13.684294],[100.707278,13.684634],[100.707355,13.684868],[100.707436,13.685038],[100.707562,13.685244],[100.707715,13.685581],[100.707822,13.685846],[100.70791,13.686178],[100.708052,13.686511],[100.708321,13.686985],[100.708394,13.687162],[100.70849,13.687468],[100.708508,13.687582],[100.708712,13.687958],[100.70886,13.688175],[100.709154,13.689183],[100.709278,13.689462],[100.709417,13.689676],[100.709531,13.690154],[100.709732,13.690669],[100.709799,13.690996],[100.709853,13.691425],[100.709873,13.691757],[100.709963,13.692328],[100.710045,13.693365],[100.710104,13.693655],[100.710141,13.694185],[100.710285,13.695054],[100.710274,13.695105],[100.710224,13.695156],[100.710021,13.695171],[100.709944,13.695217],[100.709928,13.695252],[100.709924,13.695338],[100.710252,13.696853],[100.710752,13.699675],[100.710799,13.699888],[100.710864,13.700085],[100.710994,13.70071],[100.711033,13.701151],[100.711043,13.701184],[100.711086,13.701209],[100.711149,13.701212],[100.71224,13.7012],[100.712324,13.701212],[100.712377,13.701294],[100.712386,13.701365],[100.712369,13.701541],[100.712127,13.703147],[100.711996,13.703892],[100.711955,13.704336],[100.711758,13.705239],[100.711632,13.705731],[100.711584,13.706038],[100.711553,13.706979],[100.71141,13.707441],[100.711317,13.707938],[100.711267,13.708496],[100.711226,13.708722],[100.71113,13.709033],[100.710951,13.710248],[100.710904,13.711079],[100.710819,13.711397],[100.710785,13.711756],[100.710715,13.712187],[100.710648,13.712417],[100.710418,13.713662],[100.710324,13.714574],[100.710198,13.715442],[100.710085,13.715956],[100.709989,13.716579],[100.709916,13.716797],[100.712121,13.71681],[100.716115,13.716787],[100.716223,13.718358],[100.719931,13.718356],[100.73023,13.718497],[100.730267,13.718467],[100.730337,13.718149],[100.730389,13.718055],[100.730479,13.71756],[100.730579,13.717176],[100.730647,13.716837],[100.731133,13.716796],[100.736415,13.716759],[100.74055,13.716872],[100.740592,13.722456],[100.746754,13.722409],[100.746767,13.724118],[100.746272,13.724133],[100.745071,13.724095],[100.744286,13.724036],[100.742378,13.724075],[100.739581,13.723983],[100.738715,13.723935],[100.73785,13.723977],[100.737262,13.723982],[100.735853,13.72392],[100.735255,13.72392],[100.733942,13.724012],[100.733047,13.724011],[100.731861,13.723969],[100.73072,13.723984],[100.729598,13.724046],[100.728435,13.724054],[100.726846,13.724022],[100.725275,13.724033],[100.723518,13.724003],[100.720843,13.724014],[100.718523,13.723969],[100.715669,13.723979],[100.71415,13.72401],[100.710972,13.723997],[100.708902,13.723964],[100.705025,13.724012],[100.700575,13.724027],[100.698904,13.724002],[100.695832,13.724031],[100.694704,13.723993],[100.68988,13.723969],[100.686878,13.723975],[100.684972,13.723931],[100.684315,13.723971],[100.683016,13.724011],[100.679633,13.723994],[100.673741,13.723908],[100.673181,13.723844],[100.67249,13.723689],[100.671299,13.723335],[100.669936,13.722969],[100.668446,13.722541],[100.666916,13.722138],[100.665728,13.721861],[100.663872,13.721363],[100.663972,13.721771],[100.663867,13.721385],[100.662176,13.720933],[100.661794,13.720808],[100.661132,13.72063],[100.659062,13.72011],[100.657326,13.719652],[100.656082,13.719363],[100.654002,13.718844],[100.652861,13.718491],[100.651516,13.718129],[100.651479,13.71769],[100.651303,13.716631],[100.651226,13.716428],[100.651154,13.716151],[100.651049,13.715569],[100.650846,13.715071],[100.650722,13.714842],[100.650675,13.714585],[100.650689,13.714324],[100.650737,13.714213],[100.650805,13.714084],[100.651067,13.713869],[100.651065,13.713824],[100.650995,13.713707],[100.65072,13.713381],[100.650311,13.712989],[100.650219,13.712812],[100.650138,13.712328],[100.649989,13.711738],[100.649941,13.711595],[100.649828,13.711347],[100.649691,13.710572],[100.649672,13.710075],[100.64968,13.709308],[100.64957,13.708636],[100.649443,13.708243],[100.649166,13.707665],[100.649135,13.707467],[100.649136,13.707315],[100.649219,13.707],[100.64936,13.706806],[100.649563,13.70664],[100.649726,13.706445],[100.649867,13.706236],[100.649977,13.705969],[100.650055,13.70576],[100.650082,13.705448],[100.650209,13.704722],[100.650428,13.704273],[100.650603,13.703995],[100.65081,13.703747],[100.650937,13.70313],[100.650963,13.702851],[100.651075,13.702506],[100.651258,13.702373],[100.651477,13.7023],[100.651732,13.702281],[100.651843,13.702204],[100.652045,13.70195],[100.652547,13.701177],[100.652827,13.700656],[100.652877,13.700418],[100.652894,13.700277],[100.652842,13.700183],[100.65308,13.699217],[100.653081,13.699153],[100.653092,13.699153],[100.653104,13.69774],[100.653095,13.696677],[100.653163,13.696327],[100.653218,13.695634],[100.653114,13.695046],[100.653129,13.6948],[100.653382,13.694041],[100.653364,13.693965],[100.653373,13.693865],[100.653332,13.693357],[100.653212,13.692905],[100.65298,13.691422],[100.652872,13.690632],[100.652809,13.689945],[100.652848,13.6895],[100.652934,13.689057],[100.652984,13.688943],[100.653052,13.688422],[100.653639,13.686835],[100.65383,13.686207],[100.654779,13.684204],[100.655064,13.683546],[100.655085,13.683421],[100.655197,13.683133],[100.655539,13.682759],[100.655661,13.682529],[100.656094,13.682089],[100.656502,13.681819],[100.657387,13.681189],[100.657695,13.68099],[100.657833,13.680855],[100.657997,13.680728],[100.658077,13.68071],[100.658554,13.680764],[100.658664,13.680761],[100.659957,13.680056],[100.660183,13.679909],[100.660327,13.679733],[100.660458,13.679623],[100.660835,13.679435],[100.661412,13.679049],[100.661937,13.678742],[100.662194,13.678574],[100.66252,13.67831],[100.66261,13.678202],[100.662811,13.678076],[100.663133,13.677925],[100.663633,13.677757],[100.664763,13.677339],[100.664972,13.677239],[100.665285,13.677144],[100.665345,13.677138],[100.665726,13.676985],[100.665786,13.676913],[100.665779,13.676901],[100.665891,13.676867],[100.665928,13.676873],[100.666485,13.676585],[100.666893,13.676417],[100.666964,13.676349],[100.667008,13.676191],[100.666997,13.676039],[100.666794,13.675477],[100.66679,13.675317],[100.666828,13.675232],[100.667475,13.674915],[100.6683,13.674625],[100.669573,13.674148],[100.669592,13.674078],[100.669501,13.673784],[100.669274,13.673132],[100.669107,13.672754],[100.669023,13.672362],[100.668986,13.672098],[100.668901,13.671832],[100.668873,13.671772],[100.668698,13.671572],[100.668597,13.671361],[100.668229,13.670803],[100.667927,13.670225],[100.667351,13.669491],[100.667185,13.668941],[100.66705,13.668626],[100.666793,13.668223],[100.666718,13.668173],[100.666749,13.668159],[100.666756,13.668131],[100.666749,13.668038],[100.666393,13.667156],[100.666412,13.66709]]]},"properties":{"fd_name":"พท.ถ.อ่อนนุช ถ.เฉลิมพระเกียรติ ร.9 ถ.พัฒนาการ บึงหนองบอน","district_t":"เขตประเวศ และเขตลาดกระบัง","year":"2567","owner":"สำนักการระบายน้ำ","name":"พท.ถ.อ่อนนุช ถ.เฉลิมพระเกียรติ ร.9 ถ.พัฒนาการ บึงหนองบอน","district":"เขตประเวศ และเขตลาดกระบัง"}},{"type":"Feature","id":31,"geometry":{"type":"Polygon","coordinates":[[[100.489459,13.760174],[100.488606,13.760585],[100.487986,13.76092],[100.487683,13.760978],[100.486827,13.76135],[100.486006,13.761484],[100.485778,13.761395],[100.4849,13.761343],[100.483619,13.761365],[100.482262,13.761492],[100.48198,13.761551],[100.481409,13.761863],[100.480468,13.762213],[100.480387,13.762269],[100.480245,13.762275],[100.47978,13.762501],[100.478901,13.763098],[100.478346,13.76345],[100.478176,13.763583],[100.477844,13.763922],[100.477129,13.764545],[100.47687,13.764726],[100.476679,13.764826],[100.476024,13.765321],[100.476046,13.765342],[100.475613,13.76579],[100.475328,13.765954],[100.474788,13.766457],[100.474273,13.767115],[100.473428,13.768364],[100.473269,13.768513],[100.473012,13.768835],[100.472883,13.769039],[100.472718,13.769162],[100.472522,13.769639],[100.472365,13.769932],[100.472111,13.770552],[100.471873,13.771178],[100.471756,13.771558],[100.471593,13.772142],[100.471353,13.773191],[100.471237,13.773439],[100.471058,13.774116],[100.470975,13.774536],[100.470951,13.774989],[100.470918,13.775189],[100.470832,13.775586],[100.470721,13.775976],[100.470508,13.776547],[100.469858,13.777991],[100.469543,13.778432],[100.469079,13.778887],[100.468575,13.779301],[100.468399,13.779429],[100.46778,13.77982],[100.467736,13.779868],[100.467587,13.779735],[100.467345,13.779586],[100.467009,13.779348],[100.466737,13.779173],[100.466463,13.779022],[100.466123,13.778905],[100.465635,13.778828],[100.465187,13.778822],[100.464866,13.778854],[100.463824,13.779056],[100.463256,13.77921],[100.462621,13.779307],[100.462412,13.779323],[100.46226,13.779301],[100.462034,13.779294],[100.4616,13.779229],[100.461507,13.77925],[100.461177,13.779163],[100.459658,13.778509],[100.459272,13.778316],[100.458941,13.778116],[100.458859,13.778039],[100.458489,13.777833],[100.458392,13.777799],[100.458251,13.777698],[100.457787,13.777425],[100.457643,13.777408],[100.4576,13.777429],[100.457437,13.777295],[100.457225,13.777054],[100.457224,13.776938],[100.456969,13.776606],[100.456734,13.776244],[100.456622,13.775913],[100.456517,13.775784],[100.456447,13.775767],[100.456307,13.77559],[100.456282,13.7755],[100.45615,13.77529],[100.455992,13.774983],[100.455567,13.774397],[100.455582,13.774326],[100.45526,13.773726],[100.454777,13.7729],[100.45463,13.772613],[100.454574,13.772487],[100.454571,13.772414],[100.454198,13.771362],[100.454099,13.770989],[100.454169,13.770931],[100.454011,13.770697],[100.453985,13.770604],[100.453971,13.7706],[100.453754,13.769606],[100.453686,13.769361],[100.453579,13.768843],[100.453525,13.768439],[100.453467,13.767854],[100.453387,13.766748],[100.453385,13.766533],[100.453428,13.766423],[100.453416,13.766365],[100.453508,13.765486],[100.453618,13.764844],[100.453713,13.764511],[100.453757,13.76415],[100.453904,13.763459],[100.453994,13.763115],[100.454074,13.762915],[100.454163,13.762752],[100.454278,13.762608],[100.454275,13.762579],[100.454309,13.762526],[100.454553,13.762248],[100.454982,13.761856],[100.455133,13.761688],[100.45547,13.761402],[100.456332,13.760599],[100.456575,13.76035],[100.457037,13.759786],[100.457155,13.759677],[100.457309,13.759497],[100.45746,13.759407],[100.457667,13.75903],[100.45791,13.758536],[100.458166,13.758107],[100.45851,13.757606],[100.459645,13.755716],[100.459921,13.755311],[100.460243,13.754692],[100.460365,13.75436],[100.460619,13.753921],[100.460647,13.753906],[100.460691,13.753835],[100.460888,13.753465],[100.461493,13.752525],[100.461678,13.752139],[100.461916,13.751504],[100.462063,13.750878],[100.462204,13.750066],[100.462319,13.749656],[100.462388,13.749253],[100.462412,13.748892],[100.462377,13.748547],[100.462387,13.748536],[100.462303,13.74799],[100.462233,13.747197],[100.462224,13.747127],[100.462179,13.747054],[100.462148,13.746714],[100.462161,13.7466],[100.462117,13.745988],[100.462136,13.745296],[100.462128,13.744996],[100.46197,13.744383],[100.461838,13.743765],[100.461802,13.743715],[100.461753,13.743528],[100.461668,13.74293],[100.461591,13.742166],[100.461577,13.741407],[100.461599,13.741067],[100.46157,13.741001],[100.461599,13.7408],[100.4616,13.74018],[100.461566,13.739852],[100.461574,13.739566],[100.461554,13.739367],[100.461558,13.7391],[100.461587,13.738974],[100.461593,13.738846],[100.461687,13.738242],[100.461759,13.738046],[100.46181,13.737405],[100.46183,13.737368],[100.461887,13.737078],[100.461929,13.736982],[100.461974,13.736806],[100.462086,13.736202],[100.462117,13.735642],[100.46208,13.73558],[100.462104,13.735502],[100.462108,13.73536],[100.462144,13.735176],[100.46215,13.734885],[100.462194,13.734735],[100.462217,13.734716],[100.462301,13.734407],[100.462363,13.734297],[100.46259,13.733291],[100.462602,13.733061],[100.462625,13.73298],[100.462647,13.732963],[100.462673,13.732775],[100.462749,13.73247],[100.462798,13.732352],[100.462853,13.732248],[100.462894,13.732205],[100.463064,13.731878],[100.463095,13.731854],[100.463429,13.731282],[100.463529,13.731148],[100.463636,13.730949],[100.463784,13.730728],[100.464082,13.730138],[100.464617,13.729245],[100.464937,13.728566],[100.464968,13.728444],[100.465124,13.72815],[100.465497,13.727593],[100.465583,13.727511],[100.465876,13.727081],[100.465976,13.726978],[100.466233,13.726613],[100.466253,13.726545],[100.466415,13.726306],[100.466603,13.725972],[100.467044,13.725361],[100.467058,13.725317],[100.467192,13.725189],[100.467241,13.725108],[100.467339,13.724999],[100.46755,13.724795],[100.467864,13.724533],[100.467945,13.724487],[100.468108,13.724358],[100.468734,13.723971],[100.469843,13.723406],[100.470755,13.722815],[100.471057,13.722676],[100.471184,13.722595],[100.471342,13.722556],[100.471472,13.722558],[100.471748,13.722651],[100.471969,13.722646],[100.472714,13.722583],[100.473073,13.722497],[100.47407,13.722484],[100.475076,13.722393],[100.475911,13.722361],[100.476879,13.72246],[100.477092,13.722497],[100.477187,13.722537],[100.477488,13.722598],[100.478181,13.722716],[100.478361,13.72273],[100.478475,13.722766],[100.478994,13.72287],[100.479296,13.722961],[100.479461,13.722965],[100.480178,13.723138],[100.4813,13.723515],[100.481795,13.723723],[100.483542,13.724403],[100.483901,13.724603],[100.484007,13.724682],[100.484079,13.724694],[100.484432,13.724963],[100.484456,13.725054],[100.484509,13.725107],[100.484582,13.725297],[100.48462,13.72549],[100.484875,13.726074],[100.485067,13.726605],[100.485219,13.726905],[100.485224,13.726948],[100.485297,13.727049],[100.485363,13.727262],[100.485504,13.727565],[100.485597,13.727898],[100.48574,13.728297],[100.485803,13.728628],[100.485834,13.729019],[100.485942,13.729527],[100.485943,13.729791],[100.485977,13.729914],[100.485965,13.729964],[100.486089,13.730569],[100.486117,13.730864],[100.486136,13.730889],[100.486176,13.731181],[100.486216,13.731517],[100.4862,13.731868],[100.48625,13.732292],[100.486227,13.732302],[100.486318,13.732586],[100.486419,13.732833],[100.486533,13.733322],[100.486685,13.733631],[100.486757,13.733741],[100.487017,13.734375],[100.487075,13.734759],[100.487189,13.735004],[100.487205,13.7351],[100.487271,13.735282],[100.487957,13.736547],[100.488107,13.736896],[100.488143,13.737045],[100.488394,13.737694],[100.488549,13.738212],[100.489085,13.739245],[100.48953,13.739809],[100.489537,13.739875],[100.489711,13.740102],[100.490228,13.740698],[100.490826,13.74132],[100.490844,13.741354],[100.490834,13.741368],[100.491882,13.742548],[100.490967,13.743461],[100.489638,13.745266],[100.488791,13.746817],[100.488147,13.748355],[100.487767,13.750011],[100.487641,13.750802],[100.487544,13.752349],[100.487719,13.755628],[100.488172,13.757706],[100.488571,13.758726],[100.489169,13.759777],[100.489459,13.760174]]]},"properties":{"fd_name":"พท.ถ.บางขุนนนท์ ถ.พรานนก ถ.อรุณอมรินทร์ ถ.อิสรภาพ ถ.เพชรเกษม (ท่าพระ)","district_t":"เขตบางกอกน้อย และเขตบางกอกใหญ่","year":"2567","owner":"สำนักการระบายน้ำ","name":"พท.ถ.บางขุนนนท์ ถ.พรานนก ถ.อรุณอมรินทร์ ถ.อิสรภาพ ถ.เพชรเกษม (ท่าพระ)","district":"เขตบางกอกน้อย และเขตบางกอกใหญ่"}},{"type":"Feature","id":32,"geometry":{"type":"Polygon","coordinates":[[[100.512315,13.728924],[100.511856,13.73095],[100.511414,13.731993],[100.511005,13.733049],[100.510581,13.733758],[100.509831,13.734714],[100.508953,13.735562],[100.508324,13.735963],[100.507583,13.736365],[100.506327,13.736962],[100.505474,13.737265],[100.502701,13.73804],[100.499997,13.738635],[100.497456,13.739328],[100.496213,13.739749],[100.49489,13.740246],[100.494096,13.740623],[100.493125,13.741314],[100.491882,13.742548],[100.490834,13.741368],[100.490844,13.741354],[100.490826,13.74132],[100.490228,13.740698],[100.489711,13.740102],[100.489537,13.739875],[100.48953,13.739809],[100.489085,13.739245],[100.488549,13.738212],[100.488394,13.737694],[100.488143,13.737045],[100.488107,13.736896],[100.487957,13.736547],[100.487271,13.735282],[100.487205,13.7351],[100.487189,13.735004],[100.487075,13.734759],[100.487017,13.734375],[100.486757,13.733741],[100.486685,13.733631],[100.486533,13.733322],[100.486419,13.732833],[100.486318,13.732586],[100.486227,13.732302],[100.48625,13.732292],[100.4862,13.731868],[100.486216,13.731517],[100.486176,13.731181],[100.486136,13.730889],[100.486117,13.730864],[100.486089,13.730569],[100.485965,13.729964],[100.485977,13.729914],[100.485943,13.729791],[100.485942,13.729527],[100.485834,13.729019],[100.485803,13.728628],[100.48574,13.728297],[100.485597,13.727898],[100.485504,13.727565],[100.485363,13.727262],[100.485297,13.727049],[100.485224,13.726948],[100.485219,13.726905],[100.485067,13.726605],[100.484875,13.726074],[100.48462,13.72549],[100.484582,13.725297],[100.484547,13.725199],[100.484509,13.725107],[100.484456,13.725054],[100.484432,13.724963],[100.484079,13.724694],[100.484007,13.724682],[100.483901,13.724603],[100.483445,13.724357],[100.481795,13.723723],[100.4813,13.723515],[100.480734,13.723316],[100.480178,13.723138],[100.479461,13.722965],[100.479296,13.722961],[100.478994,13.72287],[100.478475,13.722766],[100.478361,13.72273],[100.478181,13.722716],[100.477488,13.722598],[100.477187,13.722537],[100.477092,13.722497],[100.476549,13.72242],[100.47602,13.722369],[100.475418,13.722371],[100.47407,13.722484],[100.473073,13.722497],[100.473032,13.722514],[100.473021,13.72233],[100.473037,13.722199],[100.473068,13.722093],[100.473182,13.721909],[100.473351,13.721829],[100.473435,13.721722],[100.473895,13.720658],[100.474201,13.719902],[100.474229,13.719843],[100.474326,13.719723],[100.47439,13.719587],[100.474542,13.719134],[100.474635,13.71894],[100.474686,13.718793],[100.474789,13.718246],[100.474897,13.717532],[100.474972,13.717333],[100.47507,13.71693],[100.475207,13.716485],[100.475466,13.715724],[100.475628,13.71509],[100.475689,13.714798],[100.475865,13.713468],[100.47608,13.712721],[100.476195,13.712172],[100.47635,13.711754],[100.476355,13.711328],[100.476385,13.711119],[100.476627,13.710198],[100.476947,13.709377],[100.477013,13.709162],[100.477026,13.70901],[100.476958,13.708748],[100.476964,13.708651],[100.47704,13.70838],[100.477263,13.707731],[100.477393,13.70721],[100.477599,13.706195],[100.477942,13.704833],[100.478143,13.704127],[100.478306,13.70337],[100.478426,13.702902],[100.478513,13.702573],[100.478607,13.702326],[100.47873,13.701822],[100.47876,13.701652],[100.478738,13.701438],[100.478899,13.700847],[100.479033,13.700113],[100.479338,13.699056],[100.479347,13.698776],[100.479378,13.698653],[100.479456,13.698488],[100.479491,13.698138],[100.479519,13.69805],[100.479572,13.69796],[100.479786,13.697782],[100.479916,13.697578],[100.480155,13.696894],[100.480241,13.69656],[100.480336,13.696425],[100.48059,13.69625],[100.480884,13.695949],[100.480999,13.69587],[100.481518,13.69567],[100.482049,13.695488],[100.482581,13.695202],[100.482528,13.694825],[100.482518,13.694586],[100.482672,13.694662],[100.483144,13.694748],[100.4833,13.694805],[100.483498,13.694838],[100.484321,13.694807],[100.484785,13.694752],[100.484823,13.694762],[100.485033,13.69474],[100.485271,13.694762],[100.485454,13.694753],[100.4856,13.694788],[100.485813,13.694807],[100.485875,13.694821],[100.485978,13.694875],[100.486162,13.694904],[100.486323,13.694957],[100.486552,13.69497],[100.486829,13.694954],[100.486858,13.694965],[100.486962,13.694947],[100.487038,13.694903],[100.487125,13.69489],[100.487169,13.694868],[100.487676,13.694779],[100.488216,13.694839],[100.488874,13.694949],[100.48993,13.695056],[100.490112,13.696723],[100.490697,13.698836],[100.49248,13.701028],[100.494486,13.702709],[100.497784,13.704425],[100.5018,13.706602],[100.504528,13.708576],[100.506973,13.710932],[100.508034,13.712162],[100.509256,13.713795],[100.510149,13.715113],[100.510756,13.716174],[100.511247,13.717136],[100.511419,13.717547],[100.511933,13.718907],[100.512238,13.719824],[100.512676,13.722559],[100.51276,13.724945],[100.512702,13.726782],[100.512315,13.728924]]]},"properties":{"fd_name":"พท.ถ.กรุงธนบุรี ถ.สมเด็จพระเจ้าตากสิน ถ.เจริญนคร ถ.รัชดาภิเษก วงเวียนใหญ่","district_t":"เขตคลองสาน และเขตธนบุรี","year":"2567","owner":"สำนักการระบายน้ำ","name":"พท.ถ.กรุงธนบุรี ถ.สมเด็จพระเจ้าตากสิน ถ.เจริญนคร ถ.รัชดาภิเษก วงเวียนใหญ่","district":"เขตคลองสาน และเขตธนบุรี"}},{"type":"Feature","id":33,"geometry":{"type":"Polygon","coordinates":[[[100.331243,13.80405],[100.330595,13.804139],[100.329831,13.804212],[100.328006,13.804306],[100.327696,13.804298],[100.327811,13.80403],[100.328023,13.803406],[100.328058,13.803365],[100.328127,13.803328],[100.328423,13.802717],[100.328499,13.802666],[100.328589,13.802515],[100.328642,13.802477],[100.328651,13.802244],[100.3288,13.801836],[100.32943,13.800626],[100.329863,13.799694],[100.330106,13.799121],[100.330673,13.797935],[100.331063,13.793896],[100.331169,13.793052],[100.332435,13.788092],[100.333518,13.784318],[100.333513,13.78421],[100.333543,13.783949],[100.333494,13.783926],[100.333592,13.783361],[100.333159,13.783238],[100.333263,13.782761],[100.33334,13.782141],[100.333159,13.782114],[100.333176,13.78167],[100.333212,13.781366],[100.333131,13.781344],[100.333146,13.781276],[100.332377,13.781258],[100.332466,13.780116],[100.332601,13.780081],[100.332496,13.779719],[100.332318,13.7792],[100.331852,13.778404],[100.33151,13.777608],[100.331054,13.776619],[100.330768,13.775495],[100.330608,13.773254],[100.330573,13.77217],[100.330429,13.770607],[100.330402,13.769829],[100.330325,13.769098],[100.330115,13.768218],[100.330026,13.76689],[100.330026,13.766148],[100.330057,13.765666],[100.330178,13.764379],[100.330214,13.763773],[100.329915,13.761418],[100.331645,13.76128],[100.331902,13.760151],[100.333056,13.760193],[100.33299,13.759248],[100.332948,13.757584],[100.332753,13.755443],[100.334085,13.755236],[100.334123,13.754381],[100.33439,13.753307],[100.334995,13.753401],[100.335162,13.753457],[100.335321,13.753433],[100.335381,13.753399],[100.335427,13.753342],[100.335442,13.753276],[100.335457,13.752256],[100.335526,13.751371],[100.335539,13.750702],[100.335582,13.750313],[100.335588,13.750122],[100.33553,13.748011],[100.336005,13.748121],[100.336485,13.748207],[100.338779,13.748532],[100.339918,13.748835],[100.341245,13.749096],[100.341759,13.749138],[100.342446,13.749142],[100.343288,13.74922],[100.344184,13.749252],[100.34453,13.749307],[100.344862,13.749414],[100.345908,13.750028],[100.346695,13.750465],[100.34796,13.751125],[100.348171,13.751212],[100.351076,13.751772],[100.352738,13.752144],[100.353464,13.752238],[100.354537,13.752434],[100.35628,13.752708],[100.357418,13.752938],[100.357951,13.753006],[100.358753,13.753137],[100.360804,13.753508],[100.362938,13.753842],[100.363447,13.753878],[100.364639,13.753863],[100.365142,13.753878],[100.368158,13.753783],[100.368442,13.753781],[100.368512,13.753805],[100.368872,13.753818],[100.368969,13.753791],[100.369684,13.753759],[100.370358,13.753668],[100.373289,13.753596],[100.374201,13.753513],[100.37502,13.753472],[100.375779,13.753405],[100.377295,13.753332],[100.37738,13.753349],[100.377658,13.75334],[100.378139,13.753295],[100.378446,13.753243],[100.37959,13.753148],[100.38058,13.753034],[100.381145,13.753],[100.381178,13.752965],[100.382114,13.752858],[100.383618,13.752651],[100.38497,13.752503],[100.385678,13.752453],[100.387962,13.75215],[100.389187,13.752031],[100.391439,13.751701],[100.392636,13.75155],[100.394387,13.751268],[100.394763,13.751224],[100.395217,13.751203],[100.395784,13.751122],[100.397026,13.750998],[100.3976,13.750884],[100.398388,13.750763],[100.399408,13.750625],[100.3995,13.750629],[100.400357,13.750472],[100.401638,13.750308],[100.402357,13.750178],[100.402889,13.750041],[100.403246,13.749926],[100.403845,13.749797],[100.404658,13.749676],[100.405357,13.749516],[100.405636,13.749487],[100.40724,13.7492],[100.408095,13.749068],[100.409128,13.74881],[100.40969,13.748722],[100.410194,13.748611],[100.41081,13.748504],[100.411336,13.748367],[100.411586,13.748323],[100.412058,13.748207],[100.412533,13.748062],[100.41308,13.747935],[100.413743,13.747815],[100.414518,13.747623],[100.415601,13.747476],[100.416145,13.747374],[100.416198,13.747376],[100.416639,13.74724],[100.416962,13.747109],[100.417403,13.746894],[100.417737,13.746702],[100.418267,13.746349],[100.418859,13.745999],[100.41928,13.745805],[100.419467,13.745698],[100.419713,13.74553],[100.420188,13.745155],[100.4202,13.745124],[100.420424,13.7449],[100.42076,13.744624],[100.42119,13.744302],[100.421652,13.744137],[100.421987,13.744085],[100.422258,13.744022],[100.422843,13.743861],[100.422909,13.743824],[100.423753,13.743595],[100.424085,13.743542],[100.424565,13.743504],[100.424819,13.743461],[100.424951,13.743421],[100.425105,13.743336],[100.425343,13.743041],[100.425347,13.743012],[100.425413,13.742949],[100.425539,13.74287],[100.42576,13.742786],[100.426457,13.742599],[100.42679,13.742486],[100.426889,13.742447],[100.426955,13.742395],[100.427185,13.742276],[100.427354,13.742256],[100.427416,13.742303],[100.428026,13.742281],[100.428259,13.742292],[100.428724,13.742284],[100.429044,13.742243],[100.429252,13.7422],[100.429605,13.742196],[100.429971,13.742286],[100.430244,13.742332],[100.430544,13.742342],[100.430817,13.742299],[100.430945,13.74226],[100.431099,13.742163],[100.431204,13.74205],[100.431252,13.741945],[100.431478,13.741593],[100.43192,13.740806],[100.432001,13.740694],[100.432245,13.740437],[100.432414,13.74033],[100.432567,13.740278],[100.432725,13.740268],[100.43334,13.740297],[100.433736,13.740269],[100.434468,13.740162],[100.435115,13.740011],[100.435283,13.739998],[100.436328,13.740011],[100.437141,13.739953],[100.438323,13.740029],[100.438563,13.740033],[100.439146,13.739999],[100.439638,13.740067],[100.439818,13.740124],[100.439947,13.740169],[100.440367,13.740361],[100.440401,13.740398],[100.440486,13.740435],[100.440614,13.740464],[100.440767,13.740441],[100.441194,13.740328],[100.441446,13.740304],[100.442381,13.740301],[100.442512,13.740288],[100.443035,13.740166],[100.443173,13.740149],[100.443756,13.740356],[100.443832,13.7404],[100.444162,13.74052],[100.444446,13.74059],[100.444524,13.740603],[100.444902,13.740601],[100.445246,13.74062],[100.445432,13.740649],[100.446139,13.740695],[100.446296,13.740687],[100.446613,13.740633],[100.44681,13.740569],[100.44693,13.740501],[100.447201,13.740396],[100.447422,13.740327],[100.447464,13.740336],[100.447484,13.740317],[100.447632,13.740317],[100.4479,13.740285],[100.448099,13.740303],[100.448155,13.740376],[100.44839,13.740445],[100.448495,13.740569],[100.448684,13.740694],[100.44894,13.740834],[100.449125,13.740876],[100.449194,13.740856],[100.449351,13.740765],[100.449582,13.740533],[100.449704,13.740471],[100.449856,13.740431],[100.449982,13.740476],[100.450224,13.740701],[100.450271,13.740783],[100.450672,13.741143],[100.450717,13.741159],[100.450927,13.741173],[100.451155,13.741165],[100.451593,13.741086],[100.451776,13.74107],[100.452087,13.741063],[100.452234,13.741069],[100.452327,13.74109],[100.452596,13.741283],[100.452683,13.741373],[100.453438,13.741865],[100.453898,13.741974],[100.454069,13.742043],[100.454125,13.742093],[100.454194,13.742255],[100.454307,13.742435],[100.454378,13.742496],[100.454461,13.74253],[100.454587,13.742548],[100.454719,13.742543],[100.454826,13.742525],[100.454912,13.742486],[100.454981,13.742406],[100.455063,13.74222],[100.455219,13.741984],[100.455252,13.741952],[100.455315,13.741934],[100.45536,13.741947],[100.455379,13.741938],[100.455408,13.741963],[100.455573,13.741961],[100.455877,13.74201],[100.456182,13.742027],[100.456285,13.742055],[100.45642,13.742126],[100.456458,13.742168],[100.456543,13.742295],[100.456778,13.74254],[100.45688,13.74272],[100.456939,13.742885],[100.456948,13.743148],[100.456941,13.743186],[100.45682,13.743379],[100.456797,13.743468],[100.45686,13.743552],[100.45686,13.743665],[100.456842,13.74368],[100.456873,13.743745],[100.457054,13.743922],[100.45712,13.743955],[100.457371,13.743988],[100.457646,13.743998],[100.45774,13.743986],[100.45801,13.743929],[100.458646,13.743647],[100.459668,13.743655],[100.459815,13.743709],[100.459887,13.743762],[100.46031,13.743977],[100.460364,13.744056],[100.460445,13.744113],[100.460519,13.744131],[100.460627,13.744132],[100.460706,13.744113],[100.460872,13.744133],[100.460918,13.74416],[100.461267,13.744233],[100.461451,13.744297],[100.461688,13.744354],[100.46197,13.744383],[100.462128,13.744996],[100.462136,13.745296],[100.462117,13.745988],[100.462161,13.7466],[100.462148,13.746714],[100.462179,13.747054],[100.462224,13.747127],[100.462303,13.74799],[100.462387,13.748536],[100.462377,13.748547],[100.462412,13.748892],[100.46241,13.749017],[100.462347,13.749517],[100.462204,13.750066],[100.462107,13.750649],[100.461963,13.751332],[100.461904,13.751544],[100.461678,13.752139],[100.461421,13.752648],[100.461365,13.752714],[100.460888,13.753465],[100.460691,13.753835],[100.460647,13.753906],[100.460619,13.753921],[100.460349,13.754389],[100.460243,13.754692],[100.459952,13.755259],[100.459451,13.756032],[100.45851,13.757606],[100.458166,13.758107],[100.45791,13.758536],[100.457667,13.75903],[100.45746,13.759407],[100.457309,13.759497],[100.457155,13.759677],[100.457037,13.759786],[100.456575,13.76035],[100.456332,13.760599],[100.45547,13.761402],[100.455133,13.761688],[100.454982,13.761856],[100.454553,13.762248],[100.454309,13.762526],[100.454275,13.762579],[100.454278,13.762608],[100.454163,13.762752],[100.454074,13.762915],[100.453994,13.763115],[100.453904,13.763459],[100.453757,13.76415],[100.453713,13.764511],[100.453618,13.764844],[100.453508,13.765486],[100.453416,13.766365],[100.453428,13.766423],[100.453385,13.766533],[100.453387,13.766748],[100.453467,13.767854],[100.453579,13.768843],[100.453686,13.769361],[100.45381,13.769855],[100.453934,13.77047],[100.454011,13.770697],[100.454169,13.770931],[100.454099,13.770989],[100.454198,13.771362],[100.454485,13.772171],[100.454233,13.772244],[100.45377,13.772318],[100.45353,13.772281],[100.453157,13.77228],[100.452742,13.772203],[100.452008,13.772025],[100.451756,13.771991],[100.450824,13.771928],[100.450029,13.771842],[100.449864,13.771879],[100.449583,13.772006],[100.449176,13.772484],[100.449059,13.772594],[100.448968,13.772645],[100.448811,13.772693],[100.448625,13.772726],[100.448053,13.772929],[100.447833,13.773051],[100.447669,13.773118],[100.446933,13.773302],[100.446845,13.773297],[100.446655,13.773242],[100.446187,13.772968],[100.445952,13.772865],[100.445751,13.772842],[100.445437,13.77284],[100.444864,13.772856],[100.444663,13.77288],[100.444574,13.772913],[100.4445,13.772978],[100.444186,13.773163],[100.44413,13.77322],[100.443894,13.773346],[100.443818,13.773362],[100.443551,13.773348],[100.443078,13.773266],[100.442852,13.773256],[100.442679,13.7733],[100.442363,13.773476],[100.442266,13.773502],[100.44213,13.773513],[100.441954,13.773507],[100.441822,13.773484],[100.441764,13.773445],[100.441593,13.773465],[100.441234,13.773459],[100.441008,13.773435],[100.44055,13.773348],[100.440196,13.773352],[100.440074,13.773406],[100.439968,13.773481],[100.439267,13.773859],[100.439055,13.773935],[100.438448,13.774201],[100.438312,13.774223],[100.437927,13.774162],[100.437585,13.774162],[100.43726,13.77421],[100.436943,13.774285],[100.436515,13.774425],[100.436445,13.774422],[100.436322,13.774447],[100.435717,13.774728],[100.435366,13.774951],[100.434911,13.775111],[100.434506,13.775164],[100.434213,13.775181],[100.433709,13.775146],[100.433165,13.77524],[100.433009,13.775303],[100.432629,13.775529],[100.431933,13.776223],[100.431772,13.776291],[100.431232,13.776248],[100.43079,13.776416],[100.430427,13.776532],[100.430105,13.776593],[100.429784,13.776614],[100.429379,13.77674],[100.429224,13.776874],[100.42895,13.776954],[100.428553,13.777014],[100.428295,13.777088],[100.428118,13.777192],[100.428046,13.777257],[100.428025,13.777333],[100.428037,13.777466],[100.427962,13.777699],[100.427879,13.778215],[100.427858,13.778272],[100.427764,13.778356],[100.4275,13.778454],[100.427408,13.778529],[100.427225,13.779102],[100.427142,13.779267],[100.426907,13.779655],[100.426812,13.779743],[100.426472,13.779907],[100.42634,13.779984],[100.426292,13.780034],[100.426218,13.780948],[100.425861,13.781683],[100.425365,13.782491],[100.425053,13.783088],[100.424797,13.783537],[100.424344,13.78451],[100.42381,13.785401],[100.423348,13.786328],[100.423231,13.786517],[100.423092,13.786803],[100.422745,13.787278],[100.422615,13.787594],[100.422528,13.787733],[100.422309,13.788213],[100.42209,13.788597],[100.421795,13.78919],[100.421528,13.7896],[100.421187,13.790238],[100.420997,13.790543],[100.420778,13.791057],[100.420409,13.791692],[100.420335,13.791845],[100.420233,13.792],[100.419991,13.792528],[100.419758,13.792929],[100.419434,13.793567],[100.419019,13.794332],[100.418731,13.794797],[100.418628,13.795009],[100.418623,13.795079],[100.418549,13.795302],[100.418341,13.795636],[100.418119,13.795964],[100.418054,13.796037],[100.417899,13.796297],[100.41783,13.796382],[100.417714,13.796667],[100.417545,13.796974],[100.417358,13.797116],[100.417322,13.797165],[100.417252,13.797356],[100.4172,13.79766],[100.417007,13.798195],[100.41691,13.798404],[100.416878,13.798454],[100.416787,13.798515],[100.416441,13.799039],[100.416325,13.799316],[100.41636,13.799314],[100.416333,13.799383],[100.416176,13.799598],[100.415939,13.799984],[100.415896,13.800144],[100.415805,13.800385],[100.415772,13.800448],[100.415727,13.800476],[100.415602,13.80064],[100.415505,13.800811],[100.415461,13.800948],[100.415471,13.80106],[100.415508,13.801151],[100.415583,13.801216],[100.415273,13.801227],[100.414973,13.801317],[100.41473,13.801324],[100.414605,13.801379],[100.414281,13.801371],[100.414167,13.801331],[100.413883,13.80133],[100.413765,13.801349],[100.413621,13.801396],[100.413015,13.801349],[100.412777,13.801362],[100.412626,13.80134],[100.412188,13.801399],[100.411748,13.801395],[100.411367,13.801475],[100.411149,13.801469],[100.41042,13.801604],[100.410172,13.801576],[100.409398,13.801586],[100.409359,13.801571],[100.409345,13.801506],[100.409297,13.801492],[100.408805,13.801517],[100.406046,13.80179],[100.405871,13.801803],[100.405571,13.801764],[100.405238,13.801873],[100.404807,13.801812],[100.403916,13.801862],[100.403496,13.801851],[100.403215,13.801869],[100.402962,13.801853],[100.402402,13.801863],[100.402208,13.801905],[100.40119,13.801911],[100.40083,13.801929],[100.400344,13.801906],[100.399706,13.802002],[100.398935,13.801975],[100.398757,13.802008],[100.398554,13.801988],[100.397824,13.802041],[100.397205,13.80211],[100.396939,13.802056],[100.396653,13.802071],[100.395979,13.802046],[100.39548,13.802109],[100.395316,13.802015],[100.395265,13.802003],[100.395134,13.802026],[100.39507,13.802075],[100.394934,13.802084],[100.394854,13.802134],[100.394774,13.802146],[100.393543,13.802129],[100.39342,13.802075],[100.393073,13.802075],[100.392707,13.80213],[100.391749,13.802184],[100.391395,13.802239],[100.390722,13.802238],[100.390167,13.802268],[100.389817,13.802266],[100.388505,13.802342],[100.388165,13.802308],[100.388039,13.802363],[100.387927,13.802383],[100.387674,13.8024],[100.387545,13.80236],[100.387332,13.802409],[100.386427,13.802434],[100.386127,13.802467],[100.385702,13.802442],[100.385274,13.802451],[100.385027,13.802398],[100.38498,13.802412],[100.384977,13.802456],[100.384948,13.80247],[100.383632,13.802489],[100.383591,13.802476],[100.383549,13.802423],[100.383248,13.80242],[100.38321,13.802435],[100.383194,13.80249],[100.383164,13.80251],[100.381154,13.80257],[100.380665,13.802628],[100.380596,13.802612],[100.380578,13.802568],[100.380539,13.802557],[100.380505,13.802565],[100.380474,13.802623],[100.38043,13.802633],[100.380327,13.80264],[100.380246,13.802622],[100.380149,13.802623],[100.37994,13.802652],[100.379182,13.80267],[100.379149,13.80266],[100.379104,13.80259],[100.379013,13.802588],[100.378973,13.802598],[100.378886,13.802692],[100.378839,13.802707],[100.378156,13.802695],[100.377654,13.802728],[100.376864,13.802701],[100.375508,13.802625],[100.37426,13.802617],[100.374114,13.802627],[100.37376,13.802709],[100.373318,13.802733],[100.372073,13.802846],[100.372047,13.802839],[100.372022,13.8028],[100.371829,13.802797],[100.371807,13.802804],[100.371757,13.802876],[100.371682,13.802891],[100.371623,13.802888],[100.371477,13.80284],[100.371243,13.802891],[100.370357,13.802884],[100.370044,13.802913],[100.369265,13.802924],[100.36669,13.803027],[100.364598,13.80303],[100.363751,13.803084],[100.361632,13.803137],[100.35772,13.803265],[100.355956,13.803299],[100.354552,13.803366],[100.352892,13.803404],[100.351348,13.803417],[100.349659,13.803494],[100.349496,13.803491],[100.349126,13.803424],[100.348916,13.803418],[100.348734,13.803433],[100.348419,13.803495],[100.347712,13.803537],[100.346616,13.803536],[100.345542,13.803598],[100.34398,13.803635],[100.343628,13.803678],[100.343377,13.803657],[100.343038,13.803654],[100.34236,13.803697],[100.339818,13.803769],[100.339159,13.80382],[100.335971,13.80389],[100.335204,13.80396],[100.334752,13.803977],[100.334089,13.80397],[100.333542,13.804016],[100.331921,13.804021],[100.331243,13.80405]]]},"properties":{"fd_name":"พท.ถ.บรมราชชนนีถึงสุดเขตกทม. ถ.อุทยาน ถ.พุทธมณฑลสาย 1, 2, 3","district_t":"เขตตลิ่งชัน และเขตทวีวัฒนา","year":"2567","owner":"สำนักการระบายน้ำ","name":"พท.ถ.บรมราชชนนีถึงสุดเขตกทม. ถ.อุทยาน ถ.พุทธมณฑลสาย 1, 2, 3","district":"เขตตลิ่งชัน และเขตทวีวัฒนา"}},{"type":"Feature","id":34,"geometry":{"type":"Polygon","coordinates":[[[100.365216,13.753872],[100.36357,13.753866],[100.363447,13.753878],[100.362938,13.753842],[100.360804,13.753508],[100.358753,13.753137],[100.357951,13.753006],[100.357418,13.752938],[100.35628,13.752708],[100.354537,13.752434],[100.353464,13.752238],[100.353057,13.752192],[100.352552,13.752107],[100.351076,13.751772],[100.348171,13.751212],[100.34796,13.751125],[100.346695,13.750465],[100.345908,13.750028],[100.344862,13.749414],[100.34453,13.749307],[100.344184,13.749252],[100.343288,13.74922],[100.342446,13.749142],[100.341759,13.749138],[100.341245,13.749096],[100.339918,13.748835],[100.338779,13.748532],[100.336485,13.748207],[100.336005,13.748121],[100.335509,13.748005],[100.335554,13.747823],[100.335589,13.747356],[100.335723,13.746598],[100.336014,13.74582],[100.335761,13.745649],[100.335278,13.745544],[100.335458,13.744522],[100.33583,13.742799],[100.336111,13.741702],[100.335701,13.741564],[100.336062,13.740467],[100.33628,13.740469],[100.336339,13.740045],[100.336337,13.739695],[100.336598,13.738343],[100.336758,13.737215],[100.337073,13.73715],[100.337301,13.737073],[100.337447,13.736096],[100.337379,13.735805],[100.337309,13.735222],[100.337331,13.734886],[100.337396,13.734471],[100.33745,13.73392],[100.337519,13.732759],[100.336932,13.732599],[100.335557,13.732382],[100.334945,13.732181],[100.33494,13.732106],[100.335269,13.731279],[100.335514,13.730727],[100.334887,13.730395],[100.335377,13.729273],[100.335722,13.728688],[100.336023,13.72794],[100.335894,13.72789],[100.336228,13.727107],[100.336466,13.726632],[100.336173,13.726593],[100.336247,13.724357],[100.336362,13.722966],[100.335733,13.722953],[100.335953,13.722349],[100.335967,13.722259],[100.334606,13.721685],[100.332931,13.721125],[100.333089,13.72077],[100.333504,13.720091],[100.333958,13.719376],[100.334502,13.718629],[100.334776,13.718375],[100.335317,13.718051],[100.336082,13.717186],[100.336551,13.716788],[100.336777,13.716657],[100.336687,13.716469],[100.336442,13.71612],[100.336148,13.715603],[100.33601,13.715442],[100.336421,13.71518],[100.337514,13.714799],[100.338116,13.713998],[100.338422,13.71331],[100.338779,13.712775],[100.337327,13.711937],[100.336564,13.711261],[100.33529,13.710815],[100.334143,13.713083],[100.332266,13.712453],[100.332883,13.711459],[100.333053,13.710988],[100.333082,13.710566],[100.333358,13.70973],[100.333444,13.709199],[100.333463,13.708625],[100.333452,13.708355],[100.333328,13.707695],[100.333134,13.707066],[100.332949,13.706696],[100.331791,13.704786],[100.330927,13.704126],[100.330427,13.703556],[100.330131,13.703006],[100.330304,13.701637],[100.33036,13.699564],[100.330917,13.698327],[100.331214,13.697577],[100.331248,13.697421],[100.331321,13.696871],[100.331388,13.696538],[100.331414,13.696196],[100.331619,13.694427],[100.331784,13.69346],[100.331855,13.69316],[100.331938,13.692934],[100.332051,13.692717],[100.33206,13.692667],[100.332002,13.691684],[100.331994,13.69139],[100.332006,13.691168],[100.332053,13.690764],[100.332289,13.689394],[100.332386,13.688426],[100.332502,13.68787],[100.332767,13.686961],[100.332995,13.686383],[100.333155,13.685756],[100.333386,13.685081],[100.333488,13.684629],[100.333553,13.684493],[100.333662,13.684182],[100.333818,13.683562],[100.3338,13.683332],[100.333562,13.682359],[100.333517,13.682088],[100.33349,13.681784],[100.333506,13.681505],[100.333533,13.681371],[100.334056,13.680476],[100.334843,13.679216],[100.335408,13.678244],[100.335803,13.67762],[100.335887,13.677363],[100.335987,13.677151],[100.336056,13.676876],[100.337604,13.677287],[100.337583,13.677367],[100.339089,13.677789],[100.339548,13.677941],[100.341987,13.678663],[100.342558,13.67885],[100.343433,13.679083],[100.346348,13.68004],[100.347352,13.680353],[100.34793,13.680553],[100.348846,13.680821],[100.350161,13.681235],[100.350452,13.681346],[100.350513,13.681345],[100.351398,13.681622],[100.353282,13.682255],[100.354395,13.682582],[100.354562,13.682611],[100.354667,13.682669],[100.355441,13.6829],[100.35563,13.682979],[100.356521,13.683292],[100.357495,13.683586],[100.358799,13.684039],[100.36003,13.684431],[100.360621,13.684651],[100.361104,13.684791],[100.362201,13.685166],[100.363646,13.685598],[100.36463,13.685916],[100.367305,13.686832],[100.370514,13.687966],[100.37105,13.688129],[100.371825,13.688409],[100.373957,13.689131],[100.374495,13.689335],[100.37481,13.689418],[100.375697,13.689751],[100.377141,13.690231],[100.379118,13.690863],[100.380206,13.69126],[100.380787,13.69143],[100.381056,13.691523],[100.381167,13.69158],[100.381233,13.691589],[100.380954,13.692123],[100.379795,13.694517],[100.378466,13.69735],[100.378136,13.698114],[100.375512,13.703675],[100.373633,13.707609],[100.373445,13.708072],[100.373196,13.708554],[100.371993,13.711066],[100.37321,13.711273],[100.373502,13.711294],[100.3754,13.711546],[100.377673,13.71191],[100.378213,13.71202],[100.379713,13.712225],[100.380496,13.712372],[100.381458,13.71246],[100.381881,13.712549],[100.382977,13.712739],[100.38412,13.712885],[100.386243,13.713195],[100.388146,13.713498],[100.389457,13.713687],[100.390359,13.713875],[100.395809,13.714779],[100.396807,13.714964],[100.397123,13.714998],[100.398019,13.715137],[100.398948,13.715321],[100.40022,13.715477],[100.400851,13.715609],[100.403045,13.715965],[100.40352,13.71606],[100.40542,13.716351],[100.405693,13.716382],[100.406238,13.716413],[100.40688,13.716405],[100.409053,13.71626],[100.409158,13.716266],[100.409814,13.716209],[100.410801,13.716163],[100.411267,13.716122],[100.41208,13.716008],[100.413116,13.715993],[100.413573,13.715964],[100.414668,13.715844],[100.415423,13.715818],[100.41603,13.715758],[100.416092,13.715731],[100.416378,13.715748],[100.416677,13.715861],[100.416923,13.715904],[100.417483,13.715859],[100.418071,13.715731],[100.418456,13.715733],[100.418845,13.715709],[100.419681,13.715588],[100.420049,13.715555],[100.420683,13.715574],[100.421057,13.715616],[100.421838,13.715468],[100.422621,13.715515],[100.422893,13.715546],[100.423007,13.715541],[100.424011,13.715373],[100.424758,13.715327],[100.424858,13.715339],[100.424914,13.715363],[100.425073,13.715363],[100.425731,13.715264],[100.425765,13.713777],[100.425909,13.712004],[100.425987,13.711153],[100.426042,13.710738],[100.426068,13.709937],[100.426145,13.708672],[100.426168,13.707444],[100.426184,13.707313],[100.427531,13.707774],[100.428449,13.708123],[100.429337,13.708434],[100.429972,13.708643],[100.430542,13.708809],[100.431227,13.709068],[100.432037,13.709349],[100.432425,13.709525],[100.433702,13.709971],[100.434366,13.710225],[100.43458,13.710276],[100.435533,13.710614],[100.436646,13.710965],[100.437662,13.711322],[100.438126,13.711507],[100.439172,13.711872],[100.439723,13.712081],[100.440998,13.712516],[100.441698,13.712784],[100.44189,13.712845],[100.442058,13.712869],[100.442117,13.712912],[100.443903,13.713514],[100.44416,13.71362],[100.444223,13.713622],[100.44477,13.713866],[100.445022,13.713962],[100.445222,13.714005],[100.445952,13.714274],[100.446623,13.714457],[100.44728,13.714707],[100.447583,13.714849],[100.448113,13.715038],[100.449254,13.715404],[100.450194,13.715754],[100.45023,13.715779],[100.451355,13.71616],[100.452531,13.716593],[100.453233,13.716809],[100.453412,13.7169],[100.454084,13.717159],[100.454624,13.717323],[100.456019,13.717786],[100.456549,13.718017],[100.4575,13.718346],[100.457884,13.718461],[100.458545,13.718714],[100.458911,13.71883],[100.459987,13.719231],[100.460264,13.719304],[100.460735,13.719496],[100.460819,13.719493],[100.460914,13.719526],[100.461303,13.719697],[100.461771,13.719811],[100.462569,13.720101],[100.462972,13.720274],[100.46354,13.720459],[100.464193,13.720716],[100.464853,13.72092],[100.46691,13.721674],[100.467557,13.721883],[100.467598,13.721931],[100.467688,13.721969],[100.468098,13.722101],[100.468158,13.722135],[100.468306,13.72216],[100.468448,13.722149],[100.468631,13.722213],[100.46877,13.722307],[100.469141,13.722425],[100.469167,13.722444],[100.469198,13.722443],[100.469304,13.722499],[100.469598,13.722558],[100.469922,13.722686],[100.470454,13.723005],[100.469843,13.723406],[100.468734,13.723971],[100.468078,13.724378],[100.467945,13.724487],[100.467864,13.724533],[100.46755,13.724795],[100.467339,13.724999],[100.467241,13.725108],[100.467192,13.725189],[100.467058,13.725317],[100.467044,13.725361],[100.466603,13.725972],[100.466415,13.726306],[100.466253,13.726545],[100.466233,13.726613],[100.465976,13.726978],[100.465876,13.727081],[100.465583,13.727511],[100.465497,13.727593],[100.465124,13.72815],[100.464968,13.728444],[100.464937,13.728566],[100.464617,13.729245],[100.464082,13.730138],[100.463784,13.730728],[100.463636,13.730949],[100.463529,13.731148],[100.463429,13.731282],[100.463095,13.731854],[100.463064,13.731878],[100.462759,13.732442],[100.462673,13.732775],[100.462647,13.732963],[100.462625,13.73298],[100.462602,13.733061],[100.46259,13.733291],[100.462363,13.734297],[100.462301,13.734407],[100.462217,13.734716],[100.462194,13.734735],[100.46215,13.734885],[100.462144,13.735176],[100.462108,13.73536],[100.462104,13.735502],[100.46208,13.73558],[100.462117,13.735642],[100.462086,13.736202],[100.461974,13.736806],[100.461929,13.736982],[100.461887,13.737078],[100.46183,13.737368],[100.46181,13.737405],[100.461759,13.738046],[100.461687,13.738242],[100.461593,13.738846],[100.46158,13.739019],[100.461559,13.739071],[100.461554,13.739367],[100.461574,13.739566],[100.461566,13.739852],[100.4616,13.74018],[100.461599,13.7408],[100.46157,13.741001],[100.461599,13.741067],[100.461577,13.741407],[100.461591,13.742166],[100.461668,13.74293],[100.461744,13.743472],[100.461802,13.743715],[100.461838,13.743765],[100.46197,13.744383],[100.461688,13.744354],[100.461451,13.744297],[100.461267,13.744233],[100.460918,13.74416],[100.460872,13.744133],[100.460706,13.744113],[100.460627,13.744132],[100.460519,13.744131],[100.460445,13.744113],[100.460364,13.744056],[100.46031,13.743977],[100.459887,13.743762],[100.459815,13.743709],[100.459668,13.743655],[100.458646,13.743647],[100.45801,13.743929],[100.45774,13.743986],[100.457646,13.743998],[100.457371,13.743988],[100.45712,13.743955],[100.457054,13.743922],[100.456873,13.743745],[100.456842,13.74368],[100.45686,13.743665],[100.45686,13.743552],[100.456797,13.743468],[100.45682,13.743379],[100.456941,13.743186],[100.456948,13.743148],[100.456939,13.742885],[100.45688,13.74272],[100.456778,13.74254],[100.456543,13.742295],[100.456458,13.742168],[100.45642,13.742126],[100.456285,13.742055],[100.456182,13.742027],[100.455877,13.74201],[100.455573,13.741961],[100.455408,13.741963],[100.455379,13.741938],[100.45536,13.741947],[100.455315,13.741934],[100.455252,13.741952],[100.455219,13.741984],[100.455063,13.74222],[100.454981,13.742406],[100.454912,13.742486],[100.454826,13.742525],[100.454719,13.742543],[100.454587,13.742548],[100.454461,13.74253],[100.454378,13.742496],[100.454307,13.742435],[100.454194,13.742255],[100.454125,13.742093],[100.454069,13.742043],[100.453898,13.741974],[100.453438,13.741865],[100.452683,13.741373],[100.452596,13.741283],[100.452327,13.74109],[100.452234,13.741069],[100.452087,13.741063],[100.451776,13.74107],[100.451593,13.741086],[100.451155,13.741165],[100.450927,13.741173],[100.450717,13.741159],[100.450672,13.741143],[100.450271,13.740783],[100.450224,13.740701],[100.449982,13.740476],[100.449856,13.740431],[100.449704,13.740471],[100.449582,13.740533],[100.449351,13.740765],[100.449194,13.740856],[100.449125,13.740876],[100.44894,13.740834],[100.448684,13.740694],[100.448495,13.740569],[100.44839,13.740445],[100.448155,13.740376],[100.448099,13.740303],[100.4479,13.740285],[100.447632,13.740317],[100.447484,13.740317],[100.447464,13.740336],[100.447422,13.740327],[100.447201,13.740396],[100.44693,13.740501],[100.44681,13.740569],[100.446613,13.740633],[100.446296,13.740687],[100.446139,13.740695],[100.445432,13.740649],[100.445246,13.74062],[100.444902,13.740601],[100.444524,13.740603],[100.444446,13.74059],[100.444162,13.74052],[100.443832,13.7404],[100.443756,13.740356],[100.443173,13.740149],[100.443035,13.740166],[100.442512,13.740288],[100.442381,13.740301],[100.441446,13.740304],[100.441194,13.740328],[100.440767,13.740441],[100.440614,13.740464],[100.440486,13.740435],[100.440401,13.740398],[100.440367,13.740361],[100.439947,13.740169],[100.439818,13.740124],[100.439638,13.740067],[100.439146,13.739999],[100.438563,13.740033],[100.438323,13.740029],[100.437141,13.739953],[100.436328,13.740011],[100.435283,13.739998],[100.435115,13.740011],[100.434468,13.740162],[100.433736,13.740269],[100.43334,13.740297],[100.432725,13.740268],[100.432567,13.740278],[100.432414,13.74033],[100.432231,13.74045],[100.432001,13.740694],[100.43192,13.740806],[100.431478,13.741593],[100.431175,13.742088],[100.43108,13.742178],[100.430945,13.74226],[100.430817,13.742299],[100.430561,13.742342],[100.430244,13.742332],[100.429971,13.742286],[100.429605,13.742196],[100.42937,13.742192],[100.428724,13.742284],[100.428259,13.742292],[100.428026,13.742281],[100.427416,13.742303],[100.427354,13.742256],[100.427185,13.742276],[100.426955,13.742395],[100.426889,13.742447],[100.42679,13.742486],[100.426457,13.742599],[100.42576,13.742786],[100.425539,13.74287],[100.425413,13.742949],[100.425347,13.743012],[100.425343,13.743041],[100.425105,13.743336],[100.424951,13.743421],[100.424819,13.743461],[100.424565,13.743504],[100.424085,13.743542],[100.423753,13.743595],[100.422909,13.743824],[100.422843,13.743861],[100.422258,13.744022],[100.421987,13.744085],[100.421652,13.744137],[100.421251,13.744276],[100.421182,13.744308],[100.420671,13.744695],[100.420303,13.745014],[100.4202,13.745124],[100.420188,13.745155],[100.419713,13.74553],[100.419467,13.745698],[100.41928,13.745805],[100.418859,13.745999],[100.418267,13.746349],[100.417737,13.746702],[100.417403,13.746894],[100.416864,13.747153],[100.416476,13.747297],[100.416206,13.747375],[100.416145,13.747374],[100.415601,13.747476],[100.41457,13.747611],[100.413743,13.747815],[100.41308,13.747935],[100.412533,13.748062],[100.412058,13.748207],[100.411586,13.748323],[100.411336,13.748367],[100.41081,13.748504],[100.410194,13.748611],[100.40969,13.748722],[100.409128,13.74881],[100.408095,13.749068],[100.40724,13.7492],[100.405636,13.749487],[100.405357,13.749516],[100.404658,13.749676],[100.403845,13.749797],[100.403246,13.749926],[100.402889,13.750041],[100.402379,13.750173],[100.401832,13.750274],[100.4013,13.750356],[100.400357,13.750472],[100.3995,13.750629],[100.399408,13.750625],[100.398388,13.750763],[100.3976,13.750884],[100.397026,13.750998],[100.395784,13.751122],[100.395217,13.751203],[100.394637,13.751236],[100.392636,13.75155],[100.391347,13.751714],[100.38931,13.752015],[100.387962,13.75215],[100.385678,13.752453],[100.38497,13.752503],[100.383618,13.752651],[100.382114,13.752858],[100.381178,13.752965],[100.381145,13.753],[100.38058,13.753034],[100.37959,13.753148],[100.378446,13.753243],[100.378139,13.753295],[100.377658,13.75334],[100.37738,13.753349],[100.377295,13.753332],[100.375779,13.753405],[100.37502,13.753472],[100.374201,13.753513],[100.373289,13.753596],[100.370358,13.753668],[100.369684,13.753759],[100.368969,13.753791],[100.368872,13.753818],[100.368512,13.753805],[100.368442,13.753781],[100.368158,13.753783],[100.365216,13.753872]]]},"properties":{"fd_name":"พท.ถ.พุทธมณฑลสาย 1, 2, 3 ถ.เพชรเกษมถึงสุดเขตกทม. ถ.มาเจริญ ถ.เลียบคลองภาษีเจริญฝั่งเหนือ","district_t":"เขตบางแค เขตทวีวัฒนา เขตหนองแขม และเขตภาษีเจริญ","year":"2567","owner":"สำนักการระบายน้ำ","name":"พท.ถ.พุทธมณฑลสาย 1, 2, 3 ถ.เพชรเกษมถึงสุดเขตกทม. ถ.มาเจริญ ถ.เลียบคลองภาษีเจริญฝั่งเหนือ","district":"เขตบางแค เขตทวีวัฒนา เขตหนองแขม และเขตภาษีเจริญ"}},{"type":"Feature","id":35,"geometry":{"type":"Polygon","coordinates":[[[100.449461,13.623813],[100.44923,13.62563],[100.449171,13.625894],[100.449124,13.62602],[100.449078,13.626105],[100.448999,13.62618],[100.448907,13.62639],[100.448959,13.626485],[100.448959,13.626519],[100.439778,13.626825],[100.439883,13.626404],[100.440064,13.626144],[100.440202,13.625889],[100.440255,13.625661],[100.440264,13.625443],[100.440228,13.625192],[100.440125,13.624949],[100.440003,13.624748],[100.439722,13.624429],[100.439419,13.624226],[100.438965,13.623983],[100.438812,13.623917],[100.438567,13.623867],[100.438302,13.623879],[100.438108,13.623927],[100.437906,13.624028],[100.437554,13.624244],[100.43744,13.624293],[100.437202,13.624326],[100.437038,13.624321],[100.43689,13.624296],[100.436781,13.62426],[100.436628,13.624184],[100.436445,13.624039],[100.436352,13.623951],[100.436119,13.623595],[100.436088,13.623521],[100.436077,13.623398],[100.436086,13.623201],[100.436202,13.62292],[100.436329,13.622732],[100.436727,13.62239],[100.436801,13.622269],[100.436823,13.622143],[100.43676,13.621845],[100.436713,13.621767],[100.436575,13.621571],[100.436191,13.62109],[100.436046,13.620952],[100.435963,13.620892],[100.435892,13.62087],[100.435737,13.620872],[100.435558,13.620896],[100.435403,13.620986],[100.435285,13.621155],[100.435196,13.621447],[100.435165,13.621689],[100.435154,13.622059],[100.435087,13.622203],[100.434993,13.622278],[100.434879,13.622299],[100.434694,13.62228],[100.434501,13.622202],[100.434321,13.622],[100.434237,13.621843],[100.434157,13.621493],[100.434141,13.620776],[100.43401,13.620462],[100.433907,13.620355],[100.43376,13.620276],[100.433539,13.620188],[100.432903,13.620019],[100.432764,13.619967],[100.432374,13.619723],[100.431594,13.619173],[100.431178,13.618991],[100.430851,13.618888],[100.430579,13.61883],[100.430226,13.618642],[100.430054,13.61851],[100.429944,13.618376],[100.429815,13.618151],[100.4297,13.617882],[100.429399,13.617352],[100.429297,13.617248],[100.42909,13.617122],[100.428758,13.616963],[100.427757,13.616657],[100.427454,13.616544],[100.426774,13.61646],[100.426605,13.616414],[100.426468,13.616332],[100.426382,13.616256],[100.426266,13.616116],[100.426218,13.615995],[100.426222,13.615812],[100.426283,13.615265],[100.426272,13.615158],[100.426227,13.614998],[100.426189,13.614916],[100.426131,13.614845],[100.425829,13.614607],[100.425501,13.614412],[100.425215,13.614285],[100.42504,13.614151],[100.424731,13.614028],[100.424505,13.613901],[100.42399,13.613647],[100.423701,13.613527],[100.422909,13.613254],[100.422489,13.613051],[100.422129,13.61276],[100.42157,13.612201],[100.421411,13.612022],[100.420897,13.611324],[100.420493,13.610867],[100.420191,13.610582],[100.419786,13.610249],[100.419413,13.610026],[100.418047,13.609521],[100.417218,13.60917],[100.416791,13.608944],[100.41665,13.60883],[100.41624,13.608436],[100.415777,13.607928],[100.415405,13.607599],[100.415087,13.60738],[100.414092,13.606616],[100.413463,13.606091],[100.413078,13.605824],[100.412833,13.605697],[100.412247,13.605431],[100.410819,13.605016],[100.410642,13.604925],[100.410406,13.604737],[100.410255,13.604574],[100.410046,13.604173],[100.409944,13.603878],[100.409721,13.60338],[100.409546,13.603165],[100.409318,13.602962],[100.409185,13.602875],[100.409046,13.602811],[100.408733,13.602714],[100.408563,13.602679],[100.408057,13.602506],[100.407176,13.602104],[100.406976,13.601995],[100.406694,13.601809],[100.406433,13.601604],[100.406391,13.601537],[100.406122,13.601321],[100.405588,13.600838],[100.405035,13.600446],[100.40489,13.600362],[100.404447,13.600015],[100.403604,13.599427],[100.402972,13.598936],[100.40255,13.598672],[100.402311,13.598426],[100.401961,13.598134],[100.401641,13.597819],[100.401458,13.597611],[100.401161,13.597169],[100.400882,13.596862],[100.400701,13.596706],[100.400564,13.59664],[100.400441,13.596619],[100.399803,13.596614],[100.399696,13.596598],[100.399484,13.596533],[100.399353,13.596451],[100.399279,13.596315],[100.399241,13.596159],[100.399243,13.596086],[100.399283,13.595958],[100.399427,13.595645],[100.399891,13.594942],[100.399992,13.594732],[100.400032,13.594581],[100.400034,13.594423],[100.399995,13.594253],[100.399876,13.593974],[100.399823,13.593887],[100.399642,13.59378],[100.399415,13.593711],[100.399116,13.593731],[100.398856,13.593794],[100.39844,13.59399],[100.398108,13.594274],[100.39732,13.594852],[100.3972,13.594907],[100.397074,13.59493],[100.396976,13.594932],[100.396821,13.594899],[100.396736,13.594864],[100.396665,13.594802],[100.396586,13.594663],[100.396371,13.593496],[100.396248,13.593131],[100.396142,13.592962],[100.395983,13.592762],[100.395845,13.592678],[100.395632,13.592586],[100.395432,13.592527],[100.394752,13.592449],[100.394511,13.592441],[100.393916,13.592355],[100.393238,13.592195],[100.392518,13.591964],[100.392157,13.591868],[100.391703,13.591708],[100.390857,13.59145],[100.390488,13.591325],[100.388975,13.590729],[100.388825,13.590638],[100.388448,13.590513],[100.388286,13.590433],[100.38814,13.590308],[100.388057,13.590257],[100.387801,13.590165],[100.387132,13.589878],[100.384268,13.588868],[100.384277,13.588664],[100.384298,13.588648],[100.384371,13.588428],[100.384377,13.588283],[100.384337,13.58817],[100.384186,13.588016],[100.38413,13.587918],[100.384105,13.587828],[100.384123,13.587731],[100.384199,13.587621],[100.384444,13.587437],[100.38453,13.587399],[100.384615,13.5874],[100.384861,13.587516],[100.384986,13.587535],[100.385044,13.587509],[100.385068,13.587458],[100.385049,13.587408],[100.384837,13.587317],[100.38477,13.587255],[100.384732,13.587158],[100.384742,13.587031],[100.38479,13.586914],[100.38493,13.586751],[100.38523,13.586563],[100.385279,13.586496],[100.385272,13.586459],[100.385246,13.586446],[100.385044,13.586431],[100.384962,13.586399],[100.384874,13.586314],[100.384818,13.586234],[100.384797,13.586174],[100.38481,13.586121],[100.384844,13.586074],[100.384904,13.586042],[100.385418,13.586002],[100.385513,13.585977],[100.385623,13.585925],[100.385645,13.585886],[100.385627,13.585841],[100.385335,13.585743],[100.385181,13.585639],[100.385114,13.585534],[100.385114,13.585434],[100.385152,13.585373],[100.385206,13.585326],[100.385273,13.585299],[100.385364,13.585288],[100.385417,13.585302],[100.385511,13.585387],[100.385602,13.585444],[100.385703,13.585465],[100.385773,13.58546],[100.38579,13.58544],[100.385781,13.585414],[100.385691,13.58534],[100.385605,13.585221],[100.385608,13.585102],[100.385653,13.585058],[100.385873,13.585036],[100.385927,13.585001],[100.385715,13.584568],[100.385566,13.584413],[100.385503,13.584315],[100.385407,13.584032],[100.385365,13.583991],[100.385237,13.583946],[100.385183,13.583836],[100.385193,13.583656],[100.385331,13.583357],[100.385362,13.583048],[100.385346,13.582968],[100.385323,13.582928],[100.385193,13.582821],[100.38514,13.582757],[100.385116,13.582699],[100.385117,13.582649],[100.385147,13.58259],[100.385194,13.582552],[100.385468,13.582464],[100.385515,13.582417],[100.385579,13.582224],[100.385584,13.582091],[100.385562,13.582032],[100.385469,13.581933],[100.385454,13.581853],[100.385485,13.581797],[100.385595,13.581748],[100.385632,13.581715],[100.385691,13.581561],[100.385656,13.581508],[100.385484,13.581422],[100.385351,13.581164],[100.385272,13.581083],[100.385068,13.581009],[100.385017,13.580939],[100.385013,13.580879],[100.385098,13.580543],[100.385093,13.58037],[100.385107,13.580324],[100.385176,13.580275],[100.385467,13.580189],[100.385495,13.580171],[100.385502,13.580143],[100.385485,13.580106],[100.385338,13.58002],[100.385275,13.579945],[100.385226,13.579827],[100.385133,13.579505],[100.385096,13.579464],[100.384984,13.579408],[100.384933,13.579335],[100.384915,13.579282],[100.384938,13.579154],[100.385026,13.57894],[100.385157,13.578801],[100.385241,13.578652],[100.385457,13.578596],[100.385546,13.578439],[100.385596,13.578386],[100.385659,13.578369],[100.385892,13.578354],[100.386097,13.578175],[100.386314,13.578133],[100.386398,13.578095],[100.386508,13.578011],[100.386571,13.577914],[100.386697,13.577127],[100.386873,13.576733],[100.386851,13.576705],[100.386731,13.576653],[100.386703,13.57656],[100.386671,13.576524],[100.386311,13.576427],[100.386271,13.5764],[100.386203,13.57631],[100.386152,13.576189],[100.386156,13.576086],[100.3862,13.57596],[100.386388,13.575605],[100.386132,13.575509],[100.386102,13.575471],[100.386145,13.575462],[100.386423,13.575505],[100.386795,13.575503],[100.386952,13.575477],[100.387011,13.575414],[100.387026,13.575351],[100.387003,13.575286],[100.386683,13.575006],[100.386623,13.574933],[100.386596,13.57486],[100.386587,13.574726],[100.386623,13.574586],[100.386743,13.574419],[100.38681,13.574179],[100.386866,13.574115],[100.386954,13.574073],[100.387067,13.574062],[100.387122,13.574082],[100.387258,13.574195],[100.38737,13.574235],[100.38782,13.574252],[100.387891,13.574244],[100.387928,13.574219],[100.387938,13.57417],[100.387922,13.574134],[100.387711,13.573974],[100.387504,13.573782],[100.387434,13.573644],[100.387436,13.573483],[100.387533,13.573262],[100.387673,13.573066],[100.387722,13.572904],[100.3878,13.572724],[100.387873,13.572464],[100.38799,13.5723],[100.388035,13.572311],[100.388247,13.572431],[100.388426,13.57248],[100.388641,13.572464],[100.388681,13.572451],[100.388709,13.57242],[100.388748,13.571559],[100.389062,13.571493],[100.389102,13.571472],[100.389297,13.571279],[100.389427,13.571062],[100.389444,13.570914],[100.38943,13.570805],[100.389249,13.57052],[100.389236,13.570469],[100.38926,13.570291],[100.389426,13.569762],[100.38959,13.569563],[100.389705,13.569492],[100.389834,13.569452],[100.390127,13.569446],[100.390313,13.569425],[100.390459,13.569376],[100.390498,13.569315],[100.390568,13.569003],[100.390608,13.56895],[100.390659,13.568917],[100.390996,13.568889],[100.391277,13.568918],[100.391385,13.568898],[100.391425,13.568864],[100.391447,13.568738],[100.391444,13.568299],[100.39142,13.56819],[100.391359,13.568065],[100.391312,13.568014],[100.391252,13.56798],[100.390806,13.567844],[100.39061,13.567735],[100.390564,13.56756],[100.390612,13.567354],[100.39081,13.566737],[100.390894,13.566546],[100.390952,13.566311],[100.390941,13.566154],[100.390743,13.565466],[100.390809,13.565376],[100.391052,13.565256],[100.391154,13.56517],[100.3912,13.565033],[100.391232,13.564642],[100.391367,13.564266],[100.391358,13.564028],[100.391335,13.563892],[100.391292,13.563784],[100.391257,13.563471],[100.391277,13.563211],[100.391314,13.563144],[100.39143,13.563109],[100.392084,13.563095],[100.392157,13.563076],[100.392206,13.563044],[100.392251,13.562966],[100.392297,13.562727],[100.392372,13.562514],[100.392496,13.562303],[100.393014,13.561548],[100.393067,13.561448],[100.39308,13.561381],[100.393055,13.561331],[100.392614,13.561083],[100.392527,13.561019],[100.392494,13.560949],[100.3925,13.560855],[100.392675,13.560402],[100.392961,13.559449],[100.393118,13.559098],[100.393199,13.558872],[100.393224,13.558778],[100.393222,13.558723],[100.393954,13.558175],[100.393976,13.558008],[100.39397,13.55781],[100.393894,13.557226],[100.393917,13.557086],[100.394054,13.556664],[100.394123,13.556138],[100.394184,13.555931],[100.394224,13.555858],[100.394623,13.555632],[100.394661,13.555599],[100.394681,13.555554],[100.394664,13.555479],[100.394504,13.555175],[100.394488,13.555042],[100.394507,13.554904],[100.39455,13.554829],[100.394619,13.554769],[100.394889,13.554643],[100.394986,13.554583],[100.395039,13.554531],[100.395082,13.554384],[100.395051,13.554175],[100.395065,13.554089],[100.395228,13.553871],[100.395395,13.553606],[100.395577,13.553467],[100.395756,13.553411],[100.396015,13.553364],[100.39639,13.553366],[100.39662,13.553337],[100.396706,13.553287],[100.396931,13.553079],[100.397034,13.55302],[100.397184,13.552979],[100.39801,13.552924],[100.398339,13.552921],[100.398411,13.552948],[100.398528,13.553057],[100.398594,13.553096],[100.398687,13.553117],[100.398798,13.553112],[100.39886,13.553088],[100.398922,13.55303],[100.399043,13.552804],[100.399094,13.55274],[100.399191,13.552687],[100.399342,13.552645],[100.399523,13.55265],[100.399647,13.552681],[100.400266,13.552942],[100.400357,13.552963],[100.400476,13.552934],[100.400649,13.552843],[100.40086,13.552769],[100.401014,13.552754],[100.40119,13.552766],[100.401412,13.552839],[100.401546,13.552939],[100.401688,13.553079],[100.401791,13.553148],[100.401931,13.553143],[100.402269,13.553026],[100.402476,13.55302],[100.402589,13.553056],[100.403017,13.553279],[100.403325,13.553357],[100.403393,13.553391],[100.403467,13.553456],[100.403615,13.553632],[100.404,13.554196],[100.404128,13.554439],[100.404238,13.55486],[100.404293,13.554939],[100.404401,13.554999],[100.404803,13.555027],[100.404964,13.555011],[100.405049,13.554971],[100.405115,13.554915],[100.405242,13.554657],[100.405374,13.554547],[100.405518,13.554503],[100.406143,13.55446],[100.406378,13.55438],[100.406532,13.554348],[100.406681,13.554345],[100.406842,13.554371],[100.407071,13.554454],[100.407168,13.554526],[100.407281,13.554676],[100.407373,13.554713],[100.407551,13.55469],[100.408313,13.554492],[100.408538,13.554467],[100.409646,13.554951],[100.409813,13.554983],[100.410435,13.554949],[100.410704,13.554962],[100.410869,13.555031],[100.411245,13.555352],[100.411346,13.555402],[100.411437,13.555408],[100.411663,13.555343],[100.411876,13.555353],[100.412009,13.555389],[100.412076,13.555472],[100.412158,13.555724],[100.412244,13.555838],[100.412347,13.55594],[100.412372,13.555987],[100.412358,13.556281],[100.412327,13.556382],[100.412245,13.556546],[100.412236,13.556624],[100.412274,13.556728],[100.412432,13.557017],[100.412492,13.557105],[100.412548,13.55715],[100.412606,13.55716],[100.412687,13.557147],[100.412931,13.556979],[100.41299,13.556971],[100.413076,13.557],[100.413183,13.557071],[100.413515,13.557341],[100.413573,13.557366],[100.413631,13.557367],[100.413725,13.557307],[100.414014,13.556929],[100.414155,13.556836],[100.414347,13.556787],[100.414478,13.556815],[100.414749,13.557001],[100.414883,13.557039],[100.414952,13.557039],[100.41502,13.55698],[100.415084,13.556809],[100.415168,13.556698],[100.415205,13.556541],[100.415046,13.55609],[100.414982,13.55559],[100.41497,13.555192],[100.414987,13.554774],[100.414929,13.554565],[100.414871,13.554262],[100.414862,13.554066],[100.414788,13.553478],[100.41478,13.552761],[100.414758,13.55241],[100.414725,13.552318],[100.414574,13.552058],[100.414502,13.551854],[100.414514,13.551713],[100.414604,13.551386],[100.414779,13.551003],[100.414863,13.550919],[100.415835,13.550603],[100.41613,13.55049],[100.416301,13.550395],[100.416853,13.549834],[100.417125,13.549474],[100.417237,13.5493],[100.417272,13.5492],[100.41726,13.549151],[100.417818,13.54883],[100.418093,13.548286],[100.418421,13.547869],[100.419157,13.54719],[100.419237,13.547014],[100.419357,13.546808],[100.419876,13.545411],[100.419923,13.545181],[100.419935,13.545042],[100.419922,13.544768],[100.419889,13.544525],[100.419823,13.544294],[100.419589,13.543698],[100.419495,13.543014],[100.41947,13.542912],[100.419436,13.542819],[100.419158,13.542283],[100.418726,13.541682],[100.418668,13.541535],[100.418628,13.541273],[100.41849,13.541013],[100.418469,13.540871],[100.41843,13.540785],[100.418064,13.540396],[100.417885,13.540272],[100.417439,13.540162],[100.41652,13.539845],[100.41582,13.53963],[100.415528,13.539503],[100.415275,13.539354],[100.414905,13.539058],[100.414661,13.538736],[100.414567,13.538535],[100.414616,13.538271],[100.414683,13.53818],[100.414807,13.537942],[100.414824,13.537831],[100.4148,13.537683],[100.41466,13.537372],[100.414396,13.536697],[100.414355,13.536668],[100.414273,13.536735],[100.414232,13.536745],[100.41421,13.536734],[100.414147,13.536542],[100.414155,13.536357],[100.413858,13.53588],[100.413791,13.535857],[100.413684,13.535849],[100.412514,13.5359],[100.412019,13.535906],[100.410798,13.535908],[100.409738,13.53588],[100.409182,13.535912],[100.408706,13.535915],[100.408604,13.535934],[100.408571,13.535963],[100.408446,13.535983],[100.407065,13.535934],[100.406612,13.518353],[100.406603,13.51809],[100.40649,13.518023],[100.406527,13.51798],[100.406538,13.517877],[100.406499,13.514463],[100.406499,13.513392],[100.406554,13.512195],[100.406533,13.51004],[100.40659,13.509099],[100.406548,13.50889],[100.406436,13.508713],[100.406382,13.50867],[100.406226,13.508613],[100.406275,13.508355],[100.406491,13.507708],[100.4077,13.503168],[100.409797,13.494314],[100.410713,13.490101],[100.411046,13.485272],[100.437314,13.488307],[100.452985,13.490928],[100.456441,13.491388],[100.454153,13.499915],[100.45373,13.501765],[100.453975,13.502144],[100.453911,13.50225],[100.4538,13.502674],[100.45374,13.503282],[100.453615,13.503867],[100.453423,13.504954],[100.453343,13.505494],[100.453076,13.506853],[100.452739,13.509193],[100.452666,13.509553],[100.452573,13.509694],[100.452485,13.509978],[100.45213,13.512188],[100.451654,13.513768],[100.451606,13.514049],[100.451564,13.514499],[100.451581,13.51508],[100.451415,13.516103],[100.45128,13.5166],[100.451253,13.516784],[100.451102,13.517364],[100.451012,13.517862],[100.450944,13.518121],[100.450822,13.518484],[100.450789,13.518747],[100.450652,13.519329],[100.450634,13.519607],[100.450551,13.520199],[100.450371,13.520946],[100.45023,13.521344],[100.450203,13.521635],[100.450097,13.522233],[100.449974,13.522643],[100.449903,13.522966],[100.449842,13.523143],[100.449807,13.523668],[100.449755,13.523999],[100.449736,13.524291],[100.449748,13.524447],[100.449716,13.524876],[100.449686,13.52507],[100.449557,13.525627],[100.44952,13.525692],[100.449414,13.525798],[100.449343,13.525984],[100.449359,13.526308],[100.449325,13.526666],[100.449252,13.526914],[100.449146,13.52709],[100.449118,13.527165],[100.449081,13.527397],[100.449096,13.527559],[100.449074,13.527898],[100.448965,13.528281],[100.448962,13.528344],[100.448997,13.528551],[100.449008,13.528956],[100.448948,13.529159],[100.44892,13.52919],[100.448829,13.52922],[100.4488,13.529285],[100.448795,13.529348],[100.448822,13.529509],[100.448808,13.529663],[100.448675,13.529897],[100.448704,13.53005],[100.448679,13.530418],[100.448587,13.530826],[100.448457,13.531151],[100.44847,13.531304],[100.448458,13.531524],[100.448476,13.531669],[100.448465,13.531847],[100.448416,13.53201],[100.44839,13.532224],[100.448143,13.533051],[100.448149,13.533271],[100.448215,13.533423],[100.448196,13.533813],[100.448174,13.533893],[100.448086,13.533969],[100.448035,13.534295],[100.447936,13.534449],[100.447944,13.534625],[100.4479,13.53486],[100.447948,13.535019],[100.447864,13.535051],[100.447822,13.535101],[100.447726,13.535412],[100.447609,13.535581],[100.447583,13.535682],[100.447571,13.535888],[100.44768,13.536063],[100.447692,13.536114],[100.447676,13.53666],[100.447684,13.536912],[100.447639,13.537336],[100.447518,13.537881],[100.447423,13.538411],[100.447347,13.538667],[100.447284,13.539158],[100.447018,13.539653],[100.44697,13.539708],[100.44694,13.539877],[100.44696,13.540129],[100.446935,13.540251],[100.44691,13.540312],[100.446727,13.540591],[100.446743,13.540668],[100.446868,13.540736],[100.446657,13.541349],[100.446656,13.541752],[100.446532,13.542106],[100.446518,13.542467],[100.446412,13.543131],[100.446398,13.543344],[100.446367,13.543381],[100.446272,13.543409],[100.446253,13.543454],[100.446242,13.543637],[100.446255,13.543785],[100.446213,13.54405],[100.446207,13.544761],[100.446178,13.545043],[100.4461,13.545371],[100.446144,13.545454],[100.446148,13.545505],[100.446041,13.545979],[100.446021,13.546294],[100.445913,13.546834],[100.445847,13.547405],[100.445791,13.547667],[100.445781,13.547819],[100.445697,13.548198],[100.445686,13.548444],[100.445579,13.548656],[100.445543,13.548778],[100.445461,13.548857],[100.445423,13.548975],[100.445382,13.549178],[100.445375,13.549609],[100.445324,13.550198],[100.445244,13.550543],[100.445181,13.550944],[100.44515,13.551021],[100.445083,13.551054],[100.445068,13.551082],[100.444966,13.551678],[100.444855,13.552046],[100.444791,13.552699],[100.444787,13.552899],[100.444812,13.553011],[100.444793,13.553641],[100.444699,13.553998],[100.444721,13.554224],[100.44465,13.554802],[100.444708,13.555072],[100.44473,13.555288],[100.444699,13.555588],[100.444644,13.555777],[100.444639,13.555844],[100.444694,13.556152],[100.444736,13.556258],[100.444806,13.556756],[100.444792,13.556989],[100.444864,13.557509],[100.444903,13.557974],[100.444916,13.558505],[100.444943,13.558755],[100.444996,13.559884],[100.445116,13.560679],[100.445139,13.560926],[100.445158,13.561439],[100.445114,13.561856],[100.445152,13.562053],[100.44519,13.562419],[100.44519,13.562685],[100.445211,13.562857],[100.445227,13.562914],[100.445287,13.562932],[100.445297,13.562971],[100.445295,13.563049],[100.445266,13.563152],[100.445274,13.56348],[100.445343,13.564069],[100.445357,13.564441],[100.445422,13.56501],[100.445405,13.565202],[100.445418,13.565483],[100.44538,13.565634],[100.445444,13.566066],[100.4455,13.566721],[100.445544,13.566902],[100.4456,13.567416],[100.445593,13.567913],[100.445802,13.570453],[100.445788,13.5709],[100.445868,13.571524],[100.445917,13.571612],[100.445942,13.571956],[100.445939,13.572249],[100.445974,13.572568],[100.446004,13.573336],[100.446089,13.573742],[100.446091,13.574006],[100.446071,13.5743],[100.446138,13.574521],[100.446113,13.574764],[100.446176,13.575099],[100.446189,13.57605],[100.446308,13.576619],[100.446306,13.577259],[100.446359,13.577748],[100.446392,13.57834],[100.44646,13.579094],[100.446577,13.580071],[100.446596,13.580604],[100.446695,13.581006],[100.446891,13.582524],[100.446869,13.582999],[100.446836,13.583201],[100.446845,13.583233],[100.446765,13.58347],[100.446732,13.583496],[100.446666,13.583662],[100.446655,13.583821],[100.446594,13.584012],[100.446437,13.584312],[100.44639,13.584653],[100.446312,13.584873],[100.446327,13.585021],[100.446388,13.58518],[100.446474,13.585322],[100.446578,13.585451],[100.446716,13.585703],[100.44672,13.5858],[100.446693,13.585918],[100.446835,13.586405],[100.446828,13.58655],[100.446654,13.586975],[100.446648,13.587028],[100.446721,13.587159],[100.446831,13.587254],[100.447143,13.587389],[100.447335,13.58752],[100.447561,13.587795],[100.447603,13.587895],[100.447624,13.588047],[100.447613,13.588344],[100.447629,13.588391],[100.447647,13.588848],[100.447677,13.588958],[100.447816,13.589112],[100.448121,13.589357],[100.448303,13.58941],[100.448347,13.589436],[100.448428,13.58956],[100.448498,13.589762],[100.448491,13.589839],[100.448528,13.589917],[100.448583,13.589966],[100.448853,13.590122],[100.449003,13.590285],[100.44909,13.590406],[100.449328,13.590828],[100.449392,13.591026],[100.449397,13.591503],[100.449361,13.591597],[100.449247,13.591781],[100.449228,13.591838],[100.44928,13.59204],[100.449337,13.592125],[100.449412,13.59219],[100.449532,13.592266],[100.449815,13.5924],[100.44994,13.592514],[100.450001,13.592708],[100.450059,13.593107],[100.450136,13.593344],[100.450203,13.593482],[100.450625,13.594138],[100.450705,13.594183],[100.450839,13.594181],[100.45089,13.594227],[100.451012,13.594739],[100.450983,13.595159],[100.450993,13.595305],[100.451035,13.595438],[100.451119,13.595563],[100.451153,13.59566],[100.45112,13.596186],[100.450966,13.596422],[100.450973,13.596524],[100.451162,13.596952],[100.451721,13.597723],[100.452141,13.598156],[100.452202,13.598172],[100.452232,13.598209],[100.452246,13.598402],[100.452232,13.598635],[100.45224,13.5989],[100.452296,13.59928],[100.45225,13.599504],[100.452253,13.599888],[100.452287,13.600092],[100.452271,13.600365],[100.452295,13.600495],[100.45238,13.60068],[100.452416,13.600836],[100.452494,13.601548],[100.45254,13.601819],[100.452669,13.602117],[100.452862,13.602449],[100.452927,13.60252],[100.453133,13.602681],[100.453274,13.602839],[100.453332,13.602944],[100.453433,13.6032],[100.453486,13.603404],[100.453536,13.60347],[100.453574,13.603612],[100.453731,13.603903],[100.453869,13.604327],[100.453894,13.604481],[100.453891,13.604592],[100.453832,13.604951],[100.45375,13.605217],[100.453785,13.605399],[100.453982,13.605774],[100.453829,13.605831],[100.453797,13.605908],[100.45372,13.605964],[100.453643,13.60598],[100.453442,13.605954],[100.453306,13.605965],[100.453231,13.605994],[100.453165,13.606083],[100.453131,13.606226],[100.453136,13.606406],[100.453111,13.606628],[100.453056,13.60684],[100.452894,13.607101],[100.452453,13.607704],[100.452372,13.607863],[100.452327,13.608098],[100.452257,13.60823],[100.45224,13.608339],[100.452039,13.608848],[100.452002,13.609111],[100.451952,13.609292],[100.451893,13.609423],[100.451733,13.609662],[100.45168,13.609831],[100.451669,13.609956],[100.451698,13.610375],[100.451678,13.61052],[100.451574,13.610723],[100.451406,13.610917],[100.451362,13.611014],[100.451364,13.611129],[100.451442,13.61129],[100.451477,13.611409],[100.451303,13.61183],[100.451209,13.61252],[100.451201,13.613138],[100.451166,13.613528],[100.451173,13.613686],[100.451206,13.613861],[100.451208,13.614019],[100.451175,13.614345],[100.451173,13.614553],[100.451196,13.614636],[100.4514,13.614859],[100.451447,13.61493],[100.451475,13.615032],[100.451472,13.615136],[100.45144,13.615247],[100.451304,13.61555],[100.45122,13.615664],[100.451175,13.615685],[100.45102,13.61567],[100.450917,13.615694],[100.450652,13.615829],[100.450612,13.615864],[100.450524,13.61601],[100.450407,13.616334],[100.450257,13.616595],[100.450203,13.616737],[100.450203,13.616798],[100.450319,13.617096],[100.450337,13.617237],[100.450291,13.617535],[100.450081,13.618142],[100.450154,13.618911],[100.450142,13.619082],[100.450075,13.619439],[100.450061,13.619658],[100.45004,13.619709],[100.450037,13.620045],[100.449977,13.620182],[100.449943,13.620223],[100.44973,13.620328],[100.44966,13.620552],[100.449685,13.620631],[100.449761,13.62073],[100.450206,13.621166],[100.450273,13.621249],[100.450294,13.621312],[100.450273,13.621367],[100.45024,13.621403],[100.450119,13.621429],[100.449999,13.621424],[100.449561,13.621298],[100.449505,13.621306],[100.449471,13.621355],[100.449468,13.621503],[100.449486,13.621572],[100.449518,13.62162],[100.449689,13.621726],[100.450008,13.621886],[100.450219,13.621947],[100.450138,13.622053],[100.450047,13.622421],[100.449893,13.622755],[100.449737,13.623371],[100.449461,13.623813]]]},"properties":{"fd_name":"พท.ถ.บางขุนเทียนชายทะเล จากคลองสนามชัยถึงถ.เลียบคลองพิทยาลงกรณ์","district_t":"เขตบางขุนเทียน","year":"2567","owner":"สำนักการระบายน้ำ","name":"พท.ถ.บางขุนเทียนชายทะเล จากคลองสนามชัยถึงถ.เลียบคลองพิทยาลงกรณ์","district":"เขตบางขุนเทียน"}},{"type":"Feature","id":36,"geometry":{"type":"Polygon","coordinates":[[[100.415468,13.801027],[100.41547,13.800908],[100.415558,13.800704],[100.415727,13.800476],[100.415772,13.800448],[100.415896,13.800144],[100.415939,13.799984],[100.416176,13.799598],[100.416333,13.799383],[100.41636,13.799314],[100.422123,13.799093],[100.424478,13.799031],[100.425808,13.798971],[100.426786,13.798845],[100.427572,13.798605],[100.428518,13.798219],[100.429196,13.797834],[100.429752,13.79742],[100.435861,13.792534],[100.440167,13.789042],[100.443591,13.786369],[100.444384,13.785702],[100.444017,13.785185],[100.443666,13.784482],[100.443593,13.784306],[100.443561,13.784165],[100.44352,13.784103],[100.443476,13.783945],[100.443266,13.783449],[100.443088,13.782853],[100.442983,13.782323],[100.442943,13.782221],[100.4429,13.782008],[100.442858,13.78168],[100.442836,13.781295],[100.442856,13.78073],[100.442954,13.780087],[100.441967,13.779913],[100.441613,13.779868],[100.440991,13.77984],[100.439966,13.779843],[100.43481,13.78036],[100.429172,13.78096],[100.426087,13.781255],[100.425959,13.781483],[100.426218,13.780948],[100.426292,13.780034],[100.42634,13.779984],[100.426472,13.779907],[100.426812,13.779743],[100.426907,13.779655],[100.427142,13.779267],[100.427225,13.779102],[100.427408,13.778529],[100.4275,13.778454],[100.427764,13.778356],[100.427858,13.778272],[100.427879,13.778215],[100.427962,13.777699],[100.428037,13.777466],[100.428025,13.777333],[100.428046,13.777257],[100.428118,13.777192],[100.428295,13.777088],[100.428553,13.777014],[100.42895,13.776954],[100.429224,13.776874],[100.429379,13.77674],[100.429784,13.776614],[100.430105,13.776593],[100.430427,13.776532],[100.43079,13.776416],[100.431232,13.776248],[100.431772,13.776291],[100.431933,13.776223],[100.432629,13.775529],[100.433009,13.775303],[100.433165,13.77524],[100.433709,13.775146],[100.434213,13.775181],[100.434506,13.775164],[100.434911,13.775111],[100.435366,13.774951],[100.435717,13.774728],[100.436322,13.774447],[100.436445,13.774422],[100.436515,13.774425],[100.436943,13.774285],[100.43726,13.77421],[100.437585,13.774162],[100.437927,13.774162],[100.438312,13.774223],[100.438448,13.774201],[100.439055,13.773935],[100.439267,13.773859],[100.439968,13.773481],[100.440074,13.773406],[100.440196,13.773352],[100.44055,13.773348],[100.441008,13.773435],[100.441234,13.773459],[100.441593,13.773465],[100.441764,13.773445],[100.441822,13.773484],[100.441954,13.773507],[100.44213,13.773513],[100.442266,13.773502],[100.442363,13.773476],[100.442679,13.7733],[100.442852,13.773256],[100.443078,13.773266],[100.443551,13.773348],[100.443818,13.773362],[100.443894,13.773346],[100.44413,13.77322],[100.444186,13.773163],[100.4445,13.772978],[100.444574,13.772913],[100.444663,13.77288],[100.444864,13.772856],[100.445437,13.77284],[100.445751,13.772842],[100.445952,13.772865],[100.446187,13.772968],[100.446655,13.773242],[100.446845,13.773297],[100.446933,13.773302],[100.447669,13.773118],[100.447833,13.773051],[100.448053,13.772929],[100.448625,13.772726],[100.448811,13.772693],[100.448968,13.772645],[100.449059,13.772594],[100.449176,13.772484],[100.449583,13.772006],[100.449752,13.771921],[100.449918,13.771861],[100.450101,13.771842],[100.450824,13.771928],[100.451756,13.771991],[100.452008,13.772025],[100.452742,13.772203],[100.453157,13.77228],[100.45353,13.772281],[100.45377,13.772318],[100.454233,13.772244],[100.454485,13.772171],[100.454571,13.772414],[100.454574,13.772487],[100.45463,13.772613],[100.454777,13.7729],[100.45526,13.773726],[100.455582,13.774326],[100.455567,13.774397],[100.455992,13.774983],[100.45615,13.77529],[100.456282,13.7755],[100.456307,13.77559],[100.456447,13.775767],[100.456517,13.775784],[100.456622,13.775913],[100.456734,13.776244],[100.456969,13.776606],[100.457224,13.776938],[100.457225,13.777054],[100.457437,13.777295],[100.4576,13.777429],[100.457643,13.777408],[100.457787,13.777425],[100.458251,13.777698],[100.458392,13.777799],[100.458489,13.777833],[100.458859,13.778039],[100.458941,13.778116],[100.459272,13.778316],[100.459658,13.778509],[100.461177,13.779163],[100.461507,13.77925],[100.4616,13.779229],[100.462034,13.779294],[100.46226,13.779301],[100.462412,13.779323],[100.463062,13.779247],[100.463256,13.77921],[100.463824,13.779056],[100.464304,13.778954],[100.464953,13.778842],[100.465187,13.778822],[100.465635,13.778828],[100.465876,13.77886],[100.466182,13.77892],[100.466463,13.779022],[100.46661,13.779098],[100.467587,13.779735],[100.467736,13.779868],[100.467284,13.78035],[100.467058,13.780759],[100.466994,13.780901],[100.466737,13.78196],[100.466595,13.783127],[100.466486,13.784286],[100.466438,13.785143],[100.466341,13.785957],[100.466201,13.78635],[100.466192,13.787423],[100.466246,13.788313],[100.466484,13.789209],[100.466525,13.789223],[100.466576,13.789429],[100.467612,13.791263],[100.469456,13.793895],[100.469918,13.794859],[100.469584,13.795021],[100.469108,13.795084],[100.468442,13.79535],[100.468122,13.795574],[100.467717,13.795802],[100.467575,13.795899],[100.467165,13.796055],[100.467122,13.796042],[100.466247,13.796488],[100.466183,13.796496],[100.465503,13.796829],[100.465302,13.79687],[100.465074,13.79697],[100.464841,13.797177],[100.464021,13.797555],[100.463976,13.797558],[100.463833,13.79749],[100.463721,13.797478],[100.463619,13.797506],[100.46347,13.797598],[100.463439,13.797583],[100.463352,13.797479],[100.463315,13.797465],[100.462663,13.797624],[100.462522,13.797694],[100.462206,13.797775],[100.46211,13.797752],[100.46203,13.797752],[100.460705,13.798137],[100.460655,13.798142],[100.460576,13.798074],[100.460518,13.798076],[100.460337,13.798142],[100.459979,13.798316],[100.459933,13.79832],[100.45991,13.798304],[100.459871,13.79822],[100.459752,13.798229],[100.459713,13.798256],[100.459324,13.798332],[100.459297,13.798346],[100.459313,13.79845],[100.45926,13.798487],[100.459177,13.798482],[100.459044,13.798426],[100.458999,13.79845],[100.458474,13.798539],[100.458359,13.798591],[100.458295,13.798583],[100.45819,13.798475],[100.458148,13.79846],[100.458101,13.798473],[100.458036,13.798538],[100.457983,13.798559],[100.45776,13.798501],[100.45768,13.798504],[100.457576,13.798477],[100.457437,13.798483],[100.457289,13.798514],[100.456985,13.798707],[100.456856,13.798741],[100.456788,13.798732],[100.456656,13.798624],[100.456552,13.798622],[100.456481,13.798645],[100.456455,13.798706],[100.456413,13.798714],[100.456323,13.798662],[100.456241,13.798655],[100.456187,13.798576],[100.456167,13.798568],[100.455576,13.798597],[100.455529,13.798567],[100.45549,13.798564],[100.454762,13.798649],[100.454064,13.798708],[100.453799,13.798729],[100.453572,13.798724],[100.453312,13.798773],[100.452959,13.798872],[100.452676,13.798874],[100.452426,13.798927],[100.452188,13.799066],[100.452149,13.799052],[100.451965,13.798842],[100.451883,13.798876],[100.451749,13.798893],[100.451632,13.798975],[100.451602,13.798975],[100.451484,13.798883],[100.451026,13.798954],[100.450937,13.798895],[100.450462,13.798982],[100.450047,13.79897],[100.449965,13.799056],[100.449893,13.799076],[100.449745,13.799029],[100.449683,13.799034],[100.449471,13.7991],[100.44943,13.79907],[100.449195,13.799126],[100.449195,13.799147],[100.449176,13.799157],[100.449036,13.799204],[100.448702,13.799278],[100.44855,13.799287],[100.448458,13.799262],[100.448385,13.799222],[100.448229,13.799096],[100.448111,13.799149],[100.446241,13.799255],[100.443332,13.799345],[100.442334,13.799608],[100.442004,13.799676],[100.441582,13.799733],[100.441449,13.799736],[100.441238,13.799688],[100.441009,13.799727],[100.440846,13.799703],[100.440527,13.799689],[100.440235,13.79961],[100.440117,13.799615],[100.439891,13.799703],[100.439795,13.799723],[100.439577,13.799835],[100.439292,13.799822],[100.439113,13.799758],[100.4389,13.799784],[100.438519,13.799729],[100.438413,13.799739],[100.438167,13.799851],[100.437775,13.799912],[100.437722,13.799955],[100.437648,13.799987],[100.437544,13.800004],[100.437493,13.799983],[100.437456,13.799937],[100.437383,13.799919],[100.437188,13.799965],[100.437023,13.799969],[100.436824,13.799937],[100.436635,13.799937],[100.436056,13.800045],[100.435916,13.8],[100.435844,13.800031],[100.435681,13.800054],[100.435435,13.800058],[100.43489,13.800114],[100.434839,13.800095],[100.434708,13.800096],[100.434223,13.800143],[100.434054,13.800146],[100.433808,13.80017],[100.43353,13.800247],[100.433218,13.800272],[100.432994,13.800227],[100.432136,13.800276],[100.431257,13.800236],[100.430521,13.800293],[100.430272,13.800347],[100.430126,13.800361],[100.429578,13.800384],[100.429075,13.800446],[100.42875,13.800567],[100.428694,13.800554],[100.428645,13.800521],[100.428548,13.800515],[100.428375,13.800549],[100.42834,13.800543],[100.428312,13.80049],[100.427603,13.800523],[100.42723,13.800516],[100.426744,13.800628],[100.425435,13.800697],[100.425243,13.800731],[100.424483,13.800792],[100.423834,13.800799],[100.423226,13.800842],[100.422933,13.80089],[100.42201,13.800954],[100.421725,13.800991],[100.42139,13.800988],[100.421299,13.800946],[100.421211,13.800951],[100.421108,13.801004],[100.421052,13.801014],[100.420701,13.800962],[100.420641,13.800986],[100.420627,13.801109],[100.420563,13.801131],[100.420391,13.801125],[100.42037,13.801104],[100.42036,13.800962],[100.4192,13.800985],[100.419136,13.801067],[100.417876,13.801101],[100.417479,13.801242],[100.417348,13.80126],[100.417031,13.801254],[100.416099,13.801209],[100.415583,13.801216],[100.415508,13.801151],[100.415468,13.801027]]]},"properties":{"fd_name":"พท.ถ.สวนผัก ถ.บรมราชชนนี ถ.ชัยพฤกษ์ ถ.เลียบทางรถไฟสายใต้ ถ.ฉิมพลี","district_t":"เขตตลิ่งชัน","year":"2567","owner":"สำนักการระบายน้ำ","name":"พท.ถ.สวนผัก ถ.บรมราชชนนี ถ.ชัยพฤกษ์ ถ.เลียบทางรถไฟสายใต้ ถ.ฉิมพลี","district":"เขตตลิ่งชัน"}},{"type":"Feature","id":37,"geometry":{"type":"Polygon","coordinates":[[[100.51081,13.636163],[100.510967,13.636242],[100.511367,13.636369],[100.511801,13.636352],[100.51206,13.636301],[100.512299,13.636233],[100.512629,13.636069],[100.513074,13.635879],[100.513227,13.635746],[100.51334,13.635678],[100.513887,13.635548],[100.514171,13.635526],[100.514232,13.635535],[100.514686,13.635795],[100.514924,13.635941],[100.515165,13.636128],[100.515365,13.636242],[100.516496,13.636454],[100.516929,13.636345],[100.516903,13.636428],[100.516822,13.63696],[100.516811,13.637314],[100.51685,13.637456],[100.516996,13.637695],[100.516802,13.637838],[100.516536,13.638101],[100.516405,13.638253],[100.516275,13.638324],[100.516075,13.638357],[100.515763,13.638577],[100.515411,13.638883],[100.515339,13.639121],[100.515306,13.639323],[100.515326,13.63959],[100.515367,13.639765],[100.515459,13.640007],[100.515474,13.640185],[100.515445,13.640447],[100.515908,13.641435],[100.515931,13.641599],[100.515879,13.641873],[100.515876,13.642079],[100.515905,13.642202],[100.516058,13.642473],[100.516144,13.64269],[100.516157,13.642782],[100.516151,13.642857],[100.51609,13.643012],[100.516079,13.64309],[100.516125,13.643395],[100.516053,13.643509],[100.51604,13.643611],[100.516079,13.643813],[100.516082,13.643918],[100.516035,13.64414],[100.515924,13.644502],[100.515984,13.644796],[100.516071,13.645458],[100.51613,13.645557],[100.516893,13.645527],[100.517011,13.645587],[100.516952,13.646602],[100.516941,13.649717],[100.516865,13.650815],[100.516856,13.651514],[100.516793,13.65328],[100.516813,13.654293],[100.51693,13.655724],[100.517035,13.655818],[100.517102,13.655927],[100.517149,13.656506],[100.517144,13.656907],[100.517198,13.657639],[100.517217,13.658142],[100.517396,13.66062],[100.517431,13.660928],[100.517533,13.661524],[100.517554,13.661742],[100.517581,13.66252],[100.517586,13.662536],[100.517676,13.662575],[100.517577,13.663066],[100.517494,13.663703],[100.517538,13.663895],[100.517537,13.664073],[100.517587,13.664849],[100.51763,13.665169],[100.517665,13.665851],[100.517599,13.666539],[100.517624,13.66676],[100.517674,13.666956],[100.517602,13.66724],[100.517602,13.667294],[100.517606,13.667321],[100.517646,13.667334],[100.517866,13.667209],[100.517909,13.667204],[100.518091,13.66734],[100.518366,13.667465],[100.518484,13.667621],[100.518558,13.667657],[100.518598,13.667666],[100.518657,13.667647],[100.518777,13.66758],[100.51883,13.667589],[100.519075,13.667745],[100.519259,13.667812],[100.519647,13.668001],[100.51984,13.668079],[100.519934,13.668167],[100.520114,13.668241],[100.520399,13.668331],[100.520502,13.668398],[100.520531,13.668453],[100.520502,13.668675],[100.520414,13.668829],[100.520437,13.668884],[100.520499,13.668886],[100.520629,13.66877],[100.520729,13.668779],[100.520771,13.668808],[100.520799,13.668862],[100.520795,13.669004],[100.520813,13.669049],[100.520901,13.669086],[100.521096,13.669075],[100.521137,13.669113],[100.521178,13.669342],[100.521127,13.669431],[100.521027,13.669497],[100.520923,13.669497],[100.520795,13.669529],[100.520753,13.669555],[100.520728,13.6696],[100.520721,13.669669],[100.520757,13.669744],[100.52077,13.669873],[100.520771,13.670036],[100.520737,13.670141],[100.520634,13.670223],[100.520654,13.670332],[100.520738,13.67056],[100.520743,13.670658],[100.520471,13.670932],[100.520455,13.670987],[100.520513,13.671144],[100.520608,13.671255],[100.520935,13.671389],[100.521039,13.671499],[100.521068,13.671577],[100.521052,13.67168],[100.521058,13.67177],[100.521095,13.671861],[100.521148,13.671889],[100.521282,13.671892],[100.521501,13.671952],[100.521561,13.672005],[100.521612,13.672173],[100.521599,13.672348],[100.521546,13.672549],[100.521624,13.672722],[100.52163,13.673086],[100.521648,13.673184],[100.521707,13.673304],[100.52175,13.673341],[100.521921,13.673409],[100.521986,13.673494],[100.52202,13.673572],[100.522026,13.673647],[100.522002,13.673747],[100.521916,13.673851],[100.52191,13.673893],[100.522013,13.674274],[100.522015,13.67441],[100.522002,13.674477],[100.52192,13.674621],[100.521877,13.674741],[100.521848,13.674998],[100.521823,13.675044],[100.521625,13.675189],[100.521575,13.675206],[100.521523,13.675203],[100.521363,13.675067],[100.521257,13.675043],[100.521048,13.675068],[100.52069,13.675148],[100.520564,13.675225],[100.520506,13.675297],[100.520456,13.675487],[100.520452,13.675628],[100.5205,13.675727],[100.520552,13.67577],[100.520775,13.675876],[100.522779,13.678173],[100.52089,13.679652],[100.518175,13.681726],[100.517055,13.682396],[100.515684,13.68311],[100.512795,13.684231],[100.511332,13.684568],[100.509513,13.685017],[100.508043,13.685415],[100.506343,13.685652],[100.504527,13.68586],[100.502314,13.685983],[100.499407,13.686794],[100.49789,13.687381],[100.495519,13.68851],[100.494175,13.689278],[100.492419,13.690674],[100.491578,13.691607],[100.490584,13.692993],[100.49005,13.694239],[100.48993,13.695056],[100.488874,13.694949],[100.488216,13.694839],[100.487676,13.694779],[100.487169,13.694868],[100.487125,13.69489],[100.487038,13.694903],[100.486962,13.694947],[100.486858,13.694965],[100.486829,13.694954],[100.486552,13.69497],[100.486323,13.694957],[100.486162,13.694904],[100.485978,13.694875],[100.485875,13.694821],[100.485813,13.694807],[100.4856,13.694788],[100.485454,13.694753],[100.485271,13.694762],[100.485033,13.69474],[100.484823,13.694762],[100.484785,13.694752],[100.484321,13.694807],[100.483498,13.694838],[100.4833,13.694805],[100.483144,13.694748],[100.482672,13.694662],[100.482518,13.694586],[100.482528,13.694825],[100.482581,13.695202],[100.482049,13.695488],[100.481518,13.69567],[100.480999,13.69587],[100.480884,13.695949],[100.48059,13.69625],[100.480368,13.696394],[100.480295,13.696473],[100.480241,13.69656],[100.480155,13.696894],[100.479916,13.697578],[100.479786,13.697782],[100.479572,13.69796],[100.479519,13.69805],[100.479491,13.698138],[100.479456,13.698488],[100.479378,13.698653],[100.479347,13.698776],[100.479338,13.699056],[100.479033,13.700113],[100.478899,13.700847],[100.478738,13.701438],[100.47876,13.701652],[100.47873,13.701822],[100.478607,13.702326],[100.478513,13.702573],[100.478426,13.702902],[100.478306,13.70337],[100.478143,13.704127],[100.477942,13.704833],[100.477599,13.706195],[100.477393,13.70721],[100.477263,13.707731],[100.47704,13.70838],[100.476964,13.708651],[100.476958,13.708748],[100.477026,13.70901],[100.477013,13.709162],[100.476947,13.709377],[100.476627,13.710198],[100.476385,13.711119],[100.476355,13.711328],[100.47635,13.711754],[100.476195,13.712172],[100.47608,13.712721],[100.475865,13.713468],[100.475689,13.714798],[100.475628,13.71509],[100.475466,13.715724],[100.475207,13.716485],[100.47507,13.71693],[100.474972,13.717333],[100.474897,13.717532],[100.474789,13.718246],[100.474686,13.718793],[100.474635,13.71894],[100.474542,13.719134],[100.47439,13.719587],[100.474326,13.719723],[100.474229,13.719843],[100.474201,13.719902],[100.473895,13.720658],[100.473435,13.721722],[100.473351,13.721829],[100.473182,13.721909],[100.473068,13.722093],[100.473037,13.722199],[100.473021,13.72233],[100.473032,13.722514],[100.472714,13.722583],[100.471969,13.722646],[100.471748,13.722651],[100.471472,13.722558],[100.471342,13.722556],[100.471184,13.722595],[100.471057,13.722676],[100.470826,13.722772],[100.470454,13.723005],[100.469922,13.722686],[100.469598,13.722558],[100.469304,13.722499],[100.469198,13.722443],[100.469167,13.722444],[100.469141,13.722425],[100.46877,13.722307],[100.468631,13.722213],[100.468448,13.722149],[100.468306,13.72216],[100.468158,13.722135],[100.468098,13.722101],[100.467688,13.721969],[100.467598,13.721931],[100.467557,13.721883],[100.46691,13.721674],[100.464853,13.72092],[100.464193,13.720716],[100.46354,13.720459],[100.462972,13.720274],[100.462569,13.720101],[100.461771,13.719811],[100.461303,13.719697],[100.460914,13.719526],[100.460819,13.719493],[100.460735,13.719496],[100.460264,13.719304],[100.459987,13.719231],[100.458911,13.71883],[100.458545,13.718714],[100.457884,13.718461],[100.4575,13.718346],[100.456549,13.718017],[100.456019,13.717786],[100.454624,13.717323],[100.454084,13.717159],[100.453412,13.7169],[100.453233,13.716809],[100.452531,13.716593],[100.451355,13.71616],[100.45023,13.715779],[100.450194,13.715754],[100.449254,13.715404],[100.448113,13.715038],[100.447583,13.714849],[100.44728,13.714707],[100.446623,13.714457],[100.445952,13.714274],[100.445222,13.714005],[100.445022,13.713962],[100.44477,13.713866],[100.444223,13.713622],[100.44416,13.71362],[100.443903,13.713514],[100.442117,13.712912],[100.442058,13.712869],[100.44189,13.712845],[100.441698,13.712784],[100.440998,13.712516],[100.439723,13.712081],[100.439172,13.711872],[100.438126,13.711507],[100.437662,13.711322],[100.436646,13.710965],[100.435533,13.710614],[100.43458,13.710276],[100.434366,13.710225],[100.433702,13.709971],[100.432425,13.709525],[100.432037,13.709349],[100.431227,13.709068],[100.430542,13.708809],[100.429972,13.708643],[100.429337,13.708434],[100.428449,13.708123],[100.427531,13.707774],[100.426198,13.707318],[100.426237,13.707125],[100.426261,13.706769],[100.426288,13.706024],[100.426378,13.704614],[100.426395,13.70384],[100.426448,13.703152],[100.42647,13.702531],[100.426546,13.70154],[100.426568,13.700816],[100.426658,13.699865],[100.426667,13.699114],[100.42657,13.698657],[100.42653,13.698097],[100.426549,13.697396],[100.42657,13.697188],[100.426554,13.69677],[100.426576,13.696138],[100.426677,13.694613],[100.426686,13.694532],[100.426713,13.694479],[100.426704,13.69446],[100.426734,13.694256],[100.426725,13.694236],[100.426782,13.693853],[100.426826,13.693796],[100.426835,13.693431],[100.426822,13.693278],[100.426909,13.692797],[100.426912,13.692632],[100.42713,13.691351],[100.427131,13.691261],[100.427227,13.690958],[100.427234,13.69075],[100.42731,13.690526],[100.427355,13.690444],[100.427451,13.690093],[100.427589,13.689306],[100.427726,13.688267],[100.427779,13.68778],[100.427778,13.687672],[100.4278,13.687572],[100.4278,13.687418],[100.427893,13.686407],[100.42795,13.685596],[100.428193,13.683937],[100.428378,13.682256],[100.428442,13.68152],[100.428608,13.680193],[100.4287,13.679898],[100.428728,13.679627],[100.428715,13.67961],[100.428728,13.679618],[100.428741,13.679475],[100.428904,13.678919],[100.42904,13.677397],[100.429171,13.676463],[100.429212,13.676029],[100.429274,13.675672],[100.429327,13.675185],[100.429343,13.675154],[100.429405,13.674447],[100.429461,13.674226],[100.429475,13.674063],[100.429513,13.673966],[100.42958,13.67336],[100.429666,13.671969],[100.429629,13.671729],[100.429896,13.668941],[100.429936,13.668665],[100.429984,13.667686],[100.430004,13.667634],[100.430006,13.667494],[100.430032,13.667467],[100.430159,13.666432],[100.430261,13.665907],[100.430641,13.664571],[100.431023,13.663616],[100.431112,13.663438],[100.431556,13.662219],[100.432089,13.659803],[100.43241,13.658665],[100.432541,13.658047],[100.432745,13.657248],[100.433115,13.65539],[100.433353,13.654553],[100.433429,13.654172],[100.433472,13.654104],[100.43345,13.65412],[100.433462,13.653962],[100.433557,13.653486],[100.433739,13.652821],[100.433911,13.652057],[100.433928,13.651877],[100.434123,13.650923],[100.43414,13.650699],[100.434173,13.650527],[100.434369,13.649648],[100.434538,13.649031],[100.434592,13.648668],[100.434744,13.647872],[100.435193,13.646144],[100.43531,13.645614],[100.435418,13.64526],[100.435497,13.6448],[100.435985,13.642646],[100.436175,13.641751],[100.436244,13.641277],[100.436708,13.639239],[100.436853,13.638397],[100.437013,13.637724],[100.437147,13.636935],[100.437155,13.636739],[100.438699,13.629711],[100.438787,13.629258],[100.438816,13.629164],[100.438837,13.629168],[100.438854,13.629099],[100.43904,13.628161],[100.439083,13.628052],[100.43914,13.62799],[100.43916,13.627842],[100.439133,13.627825],[100.439147,13.627715],[100.439186,13.627505],[100.439239,13.627342],[100.439376,13.626541],[100.439627,13.625672],[100.439803,13.624849],[100.439801,13.624782],[100.439888,13.62461],[100.440062,13.624838],[100.44021,13.62514],[100.440258,13.625342],[100.440264,13.625535],[100.440252,13.625681],[100.440202,13.625889],[100.440064,13.626144],[100.439883,13.626404],[100.439778,13.626825],[100.470316,13.625818],[100.471783,13.625737],[100.473233,13.625466],[100.489108,13.620664],[100.491336,13.620249],[100.509501,13.621336],[100.509428,13.621517],[100.509146,13.62207],[100.508787,13.622647],[100.508602,13.622897],[100.508418,13.62309],[100.508226,13.623255],[100.508199,13.623211],[100.508134,13.623172],[100.507978,13.62297],[100.507855,13.622869],[100.507692,13.62279],[100.50754,13.622762],[100.507125,13.622751],[100.507018,13.622755],[100.506892,13.622797],[100.506817,13.622844],[100.506319,13.62327],[100.506183,13.62341],[100.505434,13.624286],[100.50496,13.624702],[100.504859,13.624735],[100.504627,13.625034],[100.504092,13.625819],[100.503922,13.626151],[100.503857,13.626249],[100.503691,13.626717],[100.503657,13.626864],[100.503582,13.626949],[100.503396,13.62735],[100.503203,13.627687],[100.503071,13.627854],[100.502849,13.628082],[100.502519,13.628271],[100.502402,13.628363],[100.502377,13.628465],[100.502385,13.628574],[100.502366,13.62867],[100.502158,13.629056],[100.50211,13.629191],[100.502102,13.629552],[100.502012,13.630063],[100.50193,13.630199],[100.501668,13.630361],[100.501558,13.630449],[100.501518,13.630502],[100.501472,13.63071],[100.501394,13.630909],[100.501229,13.631509],[100.501132,13.631792],[100.50112,13.632066],[100.50113,13.632174],[100.501112,13.632191],[100.501042,13.632196],[100.500702,13.632154],[100.50025,13.631847],[100.500063,13.631743],[100.499923,13.631602],[100.499832,13.631533],[100.499612,13.631455],[100.499307,13.631381],[100.499222,13.631362],[100.499096,13.631365],[100.498817,13.631662],[100.49861,13.631756],[100.498544,13.631756],[100.498375,13.631726],[100.498157,13.63163],[100.497951,13.631416],[100.497819,13.631351],[100.496707,13.631221],[100.496473,13.63131],[100.495888,13.631461],[100.495841,13.631457],[100.495794,13.631389],[100.495757,13.631368],[100.495652,13.631381],[100.495111,13.631626],[100.49426,13.631947],[100.49289,13.63263],[100.493099,13.632913],[100.493178,13.633063],[100.493667,13.634277],[100.493946,13.634889],[100.494458,13.635947],[100.494647,13.636451],[100.494863,13.637433],[100.494986,13.637779],[100.495065,13.638076],[100.49514,13.638285],[100.495226,13.63866],[100.495407,13.638927],[100.495649,13.639566],[100.495742,13.639731],[100.495856,13.639866],[100.495898,13.639892],[100.49597,13.639906],[100.49606,13.639879],[100.49618,13.639738],[100.496377,13.639415],[100.496463,13.639348],[100.496522,13.639317],[100.496615,13.639304],[100.496731,13.639334],[100.496811,13.639398],[100.497245,13.639928],[100.497457,13.640162],[100.497802,13.640454],[100.498114,13.640672],[100.498371,13.640878],[100.49862,13.641177],[100.498843,13.641347],[100.499649,13.641781],[100.501099,13.642734],[100.501734,13.643133],[100.503069,13.64403],[100.503731,13.644424],[100.50388,13.644489],[100.503838,13.643047],[100.503857,13.642654],[100.503878,13.642577],[100.504233,13.641758],[100.504445,13.641338],[100.50456,13.641166],[100.505017,13.640731],[100.505253,13.640456],[100.505307,13.640361],[100.505337,13.640115],[100.505391,13.639992],[100.505745,13.639537],[100.506002,13.639319],[100.506052,13.639222],[100.506151,13.638938],[100.506171,13.638769],[100.506147,13.638673],[100.506002,13.638426],[100.505966,13.638329],[100.506008,13.638146],[100.506344,13.63749],[100.506435,13.637276],[100.506544,13.636759],[100.50654,13.636597],[100.506495,13.636374],[100.506495,13.636289],[100.506539,13.636086],[100.506615,13.635939],[100.506764,13.635799],[100.506901,13.63564],[100.507473,13.635248],[100.507603,13.635198],[100.507859,13.635147],[100.507994,13.6351],[100.50821,13.634831],[100.508553,13.634652],[100.508674,13.634627],[100.508738,13.634637],[100.508788,13.63467],[100.508944,13.634829],[100.509108,13.635031],[100.510068,13.635919],[100.51029,13.636045],[100.51081,13.636163]]]},"properties":{"fd_name":"พท.ถ.เอกชัย ถ.ท่าข้าม ถ.ประชาอุทิศ ถ.สุขสวัสดิ์ ถ.ราษฎร์บูรณะ ถ.จอมทอง","district_t":"เขตจอมทอง เขตราษฎร์บูรณะ เขตทุ่งครุ เขตบางขุนเทียน และเขตบางบอน","year":"2567","owner":"สำนักการระบายน้ำ","name":"พท.ถ.เอกชัย ถ.ท่าข้าม ถ.ประชาอุทิศ ถ.สุขสวัสดิ์ ถ.ราษฎร์บูรณะ ถ.จอมทอง","district":"เขตจอมทอง เขตราษฎร์บูรณะ เขตทุ่งครุ เขตบางขุนเทียน และเขตบางบอน"}},{"type":"Feature","id":38,"geometry":{"type":"Polygon","coordinates":[[[100.5082,13.789112],[100.510192,13.790979],[100.512797,13.79386],[100.514303,13.795707],[100.515134,13.796943],[100.515445,13.79761],[100.516538,13.800374],[100.517066,13.802185],[100.517413,13.803916],[100.517548,13.805376],[100.51773,13.807901],[100.51767,13.808463],[100.51756,13.809165],[100.51742,13.809719],[100.517092,13.810658],[100.516725,13.811496],[100.516465,13.812033],[100.51627,13.812334],[100.516053,13.812592],[100.515639,13.81298],[100.515285,13.813286],[100.510303,13.808796],[100.509228,13.807799],[100.502716,13.801865],[100.5024,13.801594],[100.501868,13.801195],[100.50133,13.800853],[100.501047,13.800697],[100.500294,13.800328],[100.499463,13.800003],[100.495697,13.798647],[100.494812,13.798319],[100.494822,13.798315],[100.486888,13.795437],[100.473537,13.790636],[100.472873,13.790421],[100.471644,13.790096],[100.468303,13.78931],[100.466445,13.788893],[100.466525,13.789223],[100.466484,13.789209],[100.466246,13.788313],[100.466192,13.787423],[100.466201,13.78635],[100.466341,13.785957],[100.466438,13.785143],[100.466486,13.784286],[100.466595,13.783127],[100.466737,13.78196],[100.466994,13.780901],[100.467127,13.780619],[100.467284,13.78035],[100.46778,13.77982],[100.468399,13.779429],[100.468747,13.779168],[100.469079,13.778887],[100.469543,13.778432],[100.469858,13.777991],[100.470508,13.776547],[100.470721,13.775976],[100.470832,13.775586],[100.470918,13.775189],[100.470951,13.774989],[100.47096,13.774687],[100.470996,13.774386],[100.471197,13.77358],[100.471237,13.773439],[100.471353,13.773191],[100.471593,13.772142],[100.471873,13.771178],[100.472365,13.769932],[100.472522,13.769639],[100.472718,13.769162],[100.472883,13.769039],[100.473012,13.768835],[100.473269,13.768513],[100.473428,13.768364],[100.474273,13.767115],[100.474788,13.766457],[100.475328,13.765954],[100.475613,13.76579],[100.476046,13.765342],[100.476024,13.765321],[100.476679,13.764826],[100.47687,13.764726],[100.477129,13.764545],[100.477844,13.763922],[100.478176,13.763583],[100.47826,13.763515],[100.47978,13.762501],[100.480125,13.762325],[100.480245,13.762275],[100.480387,13.762269],[100.480468,13.762213],[100.481409,13.761863],[100.48198,13.761551],[100.482262,13.761492],[100.483619,13.761365],[100.4849,13.761343],[100.485778,13.761395],[100.486006,13.761484],[100.486827,13.76135],[100.487683,13.760978],[100.487986,13.76092],[100.488606,13.760585],[100.489459,13.760174],[100.490428,13.7615],[100.491956,13.762862],[100.492474,13.763251],[100.493148,13.763847],[100.494244,13.764974],[100.495818,13.766793],[100.496227,13.767363],[100.497552,13.769498],[100.498231,13.770845],[100.499786,13.774029],[100.500881,13.777229],[100.501945,13.779788],[100.502483,13.781],[100.502995,13.782457],[100.503701,13.783831],[100.504209,13.784592],[100.504788,13.785383],[100.50654,13.787339],[100.5082,13.789112]]]},"properties":{"fd_name":"พท.ถ.จรัญสนิทวงศ์ ถ.สิรินธร ถ.สมเด็จพระปิ่นเกล้า","district_t":"เขตบางพลัด และเขตบางกอกน้อย","year":"2567","owner":"สำนักการระบายน้ำ","name":"พท.ถ.จรัญสนิทวงศ์ ถ.สิรินธร ถ.สมเด็จพระปิ่นเกล้า","district":"เขตบางพลัด และเขตบางกอกน้อย"}}]}
