{"type":"FeatureCollection","features":[{"type":"Feature","id":1,"geometry":{"type":"Point","coordinates":[100.494286,13.747722]},"properties":{"name":"ถนน สนามไชย จากซอยเศรษฐการ ถึงถนนท้ายวัง","district":"พระนคร","problems":"น้ำฝน สนน.","status_detail":"อยู่ระหว่างดำเนินการแก้ไข"}},{"type":"Feature","id":2,"geometry":{"type":"Point","coordinates":[100.494034,13.75489]},"properties":{"name":"ถนนรอบสนามหลวง","district":"พระนคร","problems":"น้ำฝน สนน.","status_detail":"แก้ไขแล้วเสร็จ"}},{"type":"Feature","id":3,"geometry":{"type":"Point","coordinates":[100.5056,13.779584]},"properties":{"name":"ถนนราชวิถี บริเวณหน้าราชภัฏสวนดุสิตและเชิงสะพานกรุงธน","district":"ดุสิต","problems":"น้ำฝน สนน.","status_detail":"แก้ไขแล้วเสร็จ"}},{"type":"Feature","id":4,"geometry":{"type":"Point","coordinates":[100.517456,13.725593]},"properties":{"name":"ถนนสุรวงศ์ (บริเวณใต้ทางด่วน)","district":"บางรัก","problems":"น้ำฝน สนน.","status_detail":"แก้ไขแล้วเสร็จบางส่วน"}},{"type":"Feature","id":5,"geometry":{"type":"Point","coordinates":[100.596085,13.87626]},"properties":{"name":"ถนนแจ้งวัฒนะ บริเวณหน้ามหาวิทยาลัยราชภัฎพระนคร","district":"บางเขน","problems":"น้ำฝน สนน.","status_detail":"แก้ไขแล้วเสร็จ"}},{"type":"Feature","id":6,"geometry":{"type":"Point","coordinates":[100.596619,13.876357]},"properties":{"name":"วงเวียนบางเขน","district":"บางเขน","problems":"น้ำฝน สนน.","status_detail":"แก้ไขแล้วเสร็จบางส่วน"}},{"type":"Feature","id":7,"geometry":{"type":"Point","coordinates":[100.604218,13.870214]},"properties":{"name":"ถนนรามอินทรา ช่วงหน้าปากซอยรามอินทรา 5","district":"บางเขน","problems":"น้ำฝน สนน.","status_detail":"แก้ไขแล้วเสร็จ"}},{"type":"Feature","id":8,"geometry":{"type":"Point","coordinates":[100.591499,13.866659]},"properties":{"name":"ถนนพหลโยธินหน้ากรมทหารราบที่ 11","district":"บางเขน","problems":"น้ำฝน สนน.","status_detail":"แก้ไขแล้วเสร็จ"}},{"type":"Feature","id":9,"geometry":{"type":"Point","coordinates":[100.589271,13.862841]},"properties":{"name":"ถนนพหลโยธิน ช่วงหน้าราบ 11 ประตู 2","district":"บางเขน","problems":"น้ำฝน สนน.","status_detail":"แก้ไขแล้วเสร็จ"}},{"type":"Feature","id":10,"geometry":{"type":"Point","coordinates":[100.607239,13.889945]},"properties":{"name":"ถนนเทพรักษ์ จากหน้าบิ๊กซี (สาขาดอนเมือง) ถึงหน้าคอนโด Episode","district":"บางเขน","problems":"น้ำฝน สนน.","status_detail":"แก้ไขแล้วเสร็จ"}},{"type":"Feature","id":11,"geometry":{"type":"Point","coordinates":[100.642204,13.890195]},"properties":{"name":"ถนนวัชรพล จากถนนเพิ่มสิน ถึงถนนเทพรักษ์","district":"สายไหม","problems":"น้ำฝน สนน.","status_detail":"แก้ไขแล้วเสร็จ"}},{"type":"Feature","id":12,"geometry":{"type":"Point","coordinates":[100.616364,13.758056]},"properties":{"name":"ถนนรามคำแหง ช่วงหน้ามหาวิทยาลัยรามคำแหง (ฝั่งขาเข้า)","district":"บางกะปิ","problems":"น้ำฝน สนน.","status_detail":"แก้ไขแล้วเสร็จ"}},{"type":"Feature","id":13,"geometry":{"type":"Point","coordinates":[100.645691,13.757694]},"properties":{"name":"ถนนศรีนครินทร์ จากแยกลำสาลี ถึงถนนกรุงเทพกรีฑา","district":"บางกะปิ","problems":"น้ำฝน สนน.","status_detail":"แก้ไขแล้วเสร็จ"}},{"type":"Feature","id":14,"geometry":{"type":"Point","coordinates":[100.619637,13.753]},"properties":{"name":"ถนนหัวหมาก (รามคำแหง 24)","district":"บางกะปิ","problems":"น้ำฝน สนน.","status_detail":"แก้ไขแล้วเสร็จ"}},{"type":"Feature","id":15,"geometry":{"type":"Point","coordinates":[100.64772,13.767778]},"properties":{"name":"ถนนนวมินทร์ จากแยกบางกะปิ ถึงสถานีตำรวจนครบาลลาดพร้าว","district":"บางกะปิ","problems":"น้ำฝน สนน.","status_detail":"แก้ไขแล้วเสร็จ"}},{"type":"Feature","id":16,"geometry":{"type":"Point","coordinates":[100.612183,13.753833]},"properties":{"name":"ถนนรามคำแหง จากซอยรามคำแหง 12 ถึงซอยรามคำแหง 24 (ขาเข้า)","district":"บางกะปิ","problems":"น้ำฝน สนน.","status_detail":"แก้ไขแล้วเสร็จ"}},{"type":"Feature","id":17,"geometry":{"type":"Point","coordinates":[100.612663,13.754639]},"properties":{"name":"ถนนรามคำแหง จากซอยรามคำแหง 19 ถึงซอยรามคำแหง 39","district":"บางกะปิ","problems":"น้ำฝน สนน.","status_detail":"แก้ไขแล้วเสร็จ"}},{"type":"Feature","id":18,"geometry":{"type":"Point","coordinates":[100.529808,13.746325]},"properties":{"name":"ถนนพระรามที่ 1 หน้าห้างมาบุญครอง - หน้าสนามกีฬาแห่งชาติ","district":"ปทุมวัน","problems":"น้ำฝน สนน.","status_detail":"แก้ไขแล้วเสร็จบางส่วน"}},{"type":"Feature","id":19,"geometry":{"type":"Point","coordinates":[100.534119,13.745642]},"properties":{"name":"ถนนพระรามที่ 1 ใต้สถานีรถไฟฟ้าสยาม","district":"ปทุมวัน","problems":"น้ำฝน สนน.","status_detail":"แก้ไขแล้วเสร็จ"}},{"type":"Feature","id":20,"geometry":{"type":"Point","coordinates":[100.624512,13.684316]},"properties":{"name":"ถนนวชิรธรรมสาธิต จากถนนสุขุมวิท ถึงซอยวชิรธรรมสาธิต 34","district":"พระโขนง","problems":"น้ำฝน สนน.","status_detail":"แก้ไขแล้วเสร็จบางส่วน"}},{"type":"Feature","id":21,"geometry":{"type":"Point","coordinates":[100.62262,13.686466]},"properties":{"name":"ถนนวชิรธรรมสาธิต (สุขุมวิท 101/1) ช่วง 3 แยกตัดซอยวัดทุ่ง","district":"พระโขนง","problems":"น้ำฝน สนน.","status_detail":"แก้ไขแล้วเสร็จ"}},{"type":"Feature","id":22,"geometry":{"type":"Point","coordinates":[100.729538,13.812561]},"properties":{"name":"ถนนสีหบุรานุกิจ บริเวณจุดกลับรถใต้สะพานข้ามคลองสามวา","district":"มีนบุรี","problems":"น้ำฝน สนน.","status_detail":"แก้ไขแล้วเสร็จ"}},{"type":"Feature","id":23,"geometry":{"type":"Point","coordinates":[100.772026,13.753111]},"properties":{"name":"ถนนเจ้าคุณทหาร จากถนนฉลองกรุง ถึงคลองสาม","district":"ลาดกระบัง","problems":"น้ำฝน สนน.","status_detail":"แก้ไขแล้วเสร็จ"}},{"type":"Feature","id":24,"geometry":{"type":"Point","coordinates":[100.788582,13.736722]},"properties":{"name":"ถนนฉลองกรุง จากซอยฉลองกรุง 8 ถึงทางมอเตอร์เวย์","district":"ลาดกระบัง","problems":"น้ำฝน สนน.","status_detail":"แก้ไขแล้วเสร็จ"}},{"type":"Feature","id":25,"geometry":{"type":"Point","coordinates":[100.739365,13.722417]},"properties":{"name":"ถนนลาดกระบัง จากแยกกิ่งแก้ว ถึงซอยลาดกระบัง 26","district":"ลาดกระบัง","problems":"น้ำฝน สนน.","status_detail":"แก้ไขแล้วเสร็จบางส่วน"}},{"type":"Feature","id":26,"geometry":{"type":"Point","coordinates":[100.814919,13.712694]},"properties":{"name":"ถนนหลวงแพ่ง จากโรงเรียนแสงหิรัญวิทยา ถึงใต้สะพานมอเตอร์เวย์","district":"ลาดกระบัง","problems":"น้ำฝน สนน.","status_detail":"แก้ไขแล้วเสร็จ"}},{"type":"Feature","id":27,"geometry":{"type":"Point","coordinates":[100.792999,13.721]},"properties":{"name":"ถนนหลวงแพ่ง หน้าโลตัสลาดกระบัง","district":"ลาดกระบัง","problems":"น้ำฝน สนน.","status_detail":"แก้ไขแล้วเสร็จบางส่วน"}},{"type":"Feature","id":28,"geometry":{"type":"Point","coordinates":[100.81308,13.713389]},"properties":{"name":"ถนนหลวงแพ่ง จากโรงเรียนแสงหิรัญวิทยา ถึงทางเข้ามอเตอร์เวย์สาย 7","district":"ลาดกระบัง","problems":"น้ำฝน สนน.","status_detail":"แก้ไขแล้วเสร็จ"}},{"type":"Feature","id":29,"geometry":{"type":"Point","coordinates":[100.53064,13.700964]},"properties":{"name":"ถนนสาธุประดิษฐ์จากถนนจันทน์ถึงถนนรัชดาภิเษก","district":"ยานนาวา","problems":"น้ำฝน สนน.","status_detail":"แก้ไขแล้วเสร็จ"}},{"type":"Feature","id":30,"geometry":{"type":"Point","coordinates":[100.544998,13.780847]},"properties":{"name":"ถนนพหลโยธิน แยกสะพานควาย – ซอยอารีย์","district":"พญาไท","problems":"น้ำฝน สนน.","status_detail":"แก้ไขแล้วเสร็จบางส่วน"}},{"type":"Feature","id":31,"geometry":{"type":"Point","coordinates":[100.548286,13.789786]},"properties":{"name":"ถนนประดิพัทธ์ แยกสะพานควาย","district":"พญาไท","problems":"น้ำฝน สนน.","status_detail":"แก้ไขแล้วเสร็จบางส่วน"}},{"type":"Feature","id":32,"geometry":{"type":"Point","coordinates":[100.553535,13.774325]},"properties":{"name":"ถนนวิภาวดีรังสิต บริเวณหน้ากรมทหารราบที่ 1 มหาดเล็กรักษาพระองค์","district":"พญาไท","problems":"น้ำฝน สนน.","status_detail":"แก้ไขแล้วเสร็จบางส่วน"}},{"type":"Feature","id":33,"geometry":{"type":"Point","coordinates":[100.534859,13.784735]},"properties":{"name":"ถนนพระรามที่ 6 ช่วงลงทางด่วน","district":"พญาไท","problems":"น้ำฝน สนน.","status_detail":"แก้ไขแล้วเสร็จบางส่วน"}},{"type":"Feature","id":34,"geometry":{"type":"Point","coordinates":[100.545074,13.781184]},"properties":{"name":"ถนนพหลโยธิน จากคลองสามเสน ถึงคลองบางซื่อ","district":"พญาไท","problems":"น้ำฝน สนน.","status_detail":"แก้ไขแล้วเสร็จบางส่วน"}},{"type":"Feature","id":35,"geometry":{"type":"Point","coordinates":[100.485893,13.727385]},"properties":{"name":"ถนนอินทรพิทักษ์ จุดกลับรถใต้สะพานเนาวจำเนียร","district":"ธนบุรี","problems":"น้ำฝน สนน.","status_detail":"แก้ไขแล้วเสร็จ"}},{"type":"Feature","id":36,"geometry":{"type":"Point","coordinates":[100.485153,13.72776]},"properties":{"name":"ถนนเพชรเกษม จุดกลับรถใต้สะพานเนาวจำเนียร","district":"บางกอกใหญ่","problems":"น้ำฝน สนน.","status_detail":"แก้ไขแล้วเสร็จ"}},{"type":"Feature","id":37,"geometry":{"type":"Point","coordinates":[100.566208,13.748655]},"properties":{"name":"ถนนเพชรบุรี จากแยกอโศก ถึงคลองบางกะปิ","district":"ห้วยขวาง","problems":"น้ำฝน สนน.","status_detail":"แก้ไขแล้วเสร็จบางส่วน"}},{"type":"Feature","id":38,"geometry":{"type":"Point","coordinates":[100.579727,13.776728]},"properties":{"name":"ถนนประชาอุทิศ ช่วงหน้าสำนักงานเขตห้วยขวาง","district":"ห้วยขวาง","problems":"น้ำฝน สนน.","status_detail":"แก้ไขแล้วเสร็จ"}},{"type":"Feature","id":39,"geometry":{"type":"Point","coordinates":[100.577362,13.778422]},"properties":{"name":"ถนนประชาราษฏร์บำเพ็ญ จากถนนรัชดาภิเษก ถึงสามแยกตัดถนนประชาอุทิศ","district":"ห้วยขวาง","problems":"น้ำฝน สนน.","status_detail":"แก้ไขแล้วเสร็จ"}},{"type":"Feature","id":40,"geometry":{"type":"Point","coordinates":[100.577393,13.789692]},"properties":{"name":"ถนนสุทธิสารวินิจฉัย ช่วงหน้าโรงพยาบาลโกลเด้นเยียส์ ","district":"ห้วยขวาง","problems":"น้ำฝน สนน.","status_detail":"แก้ไขแล้วเสร็จ"}},{"type":"Feature","id":41,"geometry":{"type":"Point","coordinates":[100.494873,13.726789]},"properties":{"name":"ถนนลาดหญ้า ช่วงหน้า PLATFORM (โรบินสันเดิม)","district":"คลองสาน","problems":"น้ำฝน สนน.","status_detail":"แก้ไขแล้วเสร็จ"}},{"type":"Feature","id":42,"geometry":{"type":"Point","coordinates":[100.435776,13.784726]},"properties":{"name":"ถนนฉิมพลี จากอู่สง่า ถึงถนนบรมราชชนนี","district":"ตลิ่งชัน","problems":"น้ำฝน สนน.","status_detail":"แก้ไขแล้วเสร็จ"}},{"type":"Feature","id":43,"geometry":{"type":"Point","coordinates":[100.461395,13.787524]},"properties":{"name":"ถนนเลียบทางรถไฟสายใต้ฝั่งขาออก บริเวณวงเวียนชัยพฤกษ์","district":"ตลิ่งชัน","problems":"น้ำฝน สนน.","status_detail":"อยู่ระหว่างดำเนินการแก้ไข"}},{"type":"Feature","id":44,"geometry":{"type":"Point","coordinates":[100.478088,13.753883]},"properties":{"name":"ถนนอิสรภาพ จากหน้าตลาดพรานนก ถึงซอยอิสรภาพ 44","district":"บางกอกน้อย","problems":"น้ำฝน สนน.","status_detail":"แก้ไขแล้วเสร็จบางส่วน"}},{"type":"Feature","id":45,"geometry":{"type":"Point","coordinates":[100.430489,13.654164]},"properties":{"name":"ถนนบางขุนเทียน - ชายทะเล ช่วงจากถนนพระรามที่ 2 ถึงคลองกล้วย","district":"บางขุนเทียน","problems":"น้ำฝน สนน.","status_detail":"แก้ไขแล้วเสร็จ"}},{"type":"Feature","id":46,"geometry":{"type":"Point","coordinates":[100.44236,13.657611]},"properties":{"name":"ถนนท่าข้าม ช่วงจากคลองกล้วยถึงซอยท่าข้าม 6/1","district":"บางขุนเทียน","problems":"น้ำฝน สนน.","status_detail":"แก้ไขแล้วเสร็จ"}},{"type":"Feature","id":47,"geometry":{"type":"Point","coordinates":[100.400169,13.628361]},"properties":{"name":"ถนนบางกระดี่ ช่วงจากซอยบางกระดี่ 3 ถึง ตลาดกลางบางกระดี่","district":"บางขุนเทียน","problems":"น้ำฝน สนน.","status_detail":"แก้ไขแล้วเสร็จ"}},{"type":"Feature","id":48,"geometry":{"type":"Point","coordinates":[100.42839,13.66617]},"properties":{"name":"ถนนบางขุนเทียน จากช่วงตัดรางรถไฟสายมหาชัย 2 ฝั่ง","district":"บางขุนเทียน","problems":"น้ำฝน สนน.","status_detail":"แก้ไขแล้วเสร็จ"}},{"type":"Feature","id":49,"geometry":{"type":"Point","coordinates":[100.454781,13.718944]},"properties":{"name":"ถนนเพชรเกษม จาก BTS บางหว้า ถึงคลองโรงยาว","district":"ภาษีเจริญ","problems":"น้ำฝน สนน.","status_detail":"แก้ไขแล้วเสร็จบางส่วน"}},{"type":"Feature","id":50,"geometry":{"type":"Point","coordinates":[100.43367,13.71275]},"properties":{"name":"ถนนเพชรเกษม จากซอยเพชรเกษม 52 ถึงบ้านพักคนชรา บางแค","district":"ภาษีเจริญ","problems":"น้ำฝน สนน.","status_detail":"แก้ไขแล้วเสร็จบางส่วน"}},{"type":"Feature","id":51,"geometry":{"type":"Point","coordinates":[100.361969,13.687076]},"properties":{"name":"ถนนเลียบคลองภาษีเจริญฝั่งเหนือ จากเลียบเหนือซอย 8 เลียบเหนือซอย 20","district":"หนองแขม","problems":"น้ำฝน สนน.","status_detail":"แก้ไขแล้วเสร็จ"}},{"type":"Feature","id":52,"geometry":{"type":"Point","coordinates":[100.342918,13.687417]},"properties":{"name":"ถนนมาเจริญ (เพชรเกษม 81) จากหมู่บ้านพุฒตาล จากหมู่บ้านพฤกษาทาวน์","district":"หนองแขม","problems":"น้ำฝน สนน.","status_detail":"แก้ไขแล้วเสร็จ"}},{"type":"Feature","id":53,"geometry":{"type":"Point","coordinates":[100.567078,13.786049]},"properties":{"name":"ถนนประชาสุข ช่วงซอยอินทามระ 45 – 53","district":"ดินแดง","problems":"น้ำฝน สนน.","status_detail":"แก้ไขแล้วเสร็จบางส่วน"}},{"type":"Feature","id":54,"geometry":{"type":"Point","coordinates":[100.568138,13.778359]},"properties":{"name":"ถนนประชาสงเคราะห์ ตลาดห้วยขวาง","district":"ดินแดง","problems":"น้ำฝน สนน.","status_detail":"แก้ไขแล้วเสร็จบางส่วน"}},{"type":"Feature","id":55,"geometry":{"type":"Point","coordinates":[100.567894,13.775488]},"properties":{"name":"ถนนประชาสงเคราะห์ ช่วงวงเวียนหอนาฬิกา","district":"ดินแดง","problems":"น้ำฝน สนน.","status_detail":"แก้ไขแล้วเสร็จ"}},{"type":"Feature","id":56,"geometry":{"type":"Point","coordinates":[100.572655,13.769581]},"properties":{"name":"ถนนรัชดาภิเษก แยกเทียมร่วมมิตร","district":"ดินแดง","problems":"น้ำฝน สนน.","status_detail":"อยู่ระหว่างดำเนินการแก้ไข"}},{"type":"Feature","id":57,"geometry":{"type":"Point","coordinates":[100.5504,13.762793]},"properties":{"name":"ถนนดินแดง หน้าโรงเรียนพิบูลประชาสรรค์","district":"ดินแดง","problems":"น้ำฝน สนน.","status_detail":"แก้ไขแล้วเสร็จบางส่วน"}},{"type":"Feature","id":58,"geometry":{"type":"Point","coordinates":[100.556763,13.76508]},"properties":{"name":"ถนนประชาสงเคราะห์ ช่วงหน้าตลาดดินแดง","district":"ดินแดง","problems":"น้ำฝน สนน.","status_detail":"อยู่ระหว่างดำเนินการแก้ไข"}},{"type":"Feature","id":59,"geometry":{"type":"Point","coordinates":[100.651581,13.794806]},"properties":{"name":"ถนนนวมินทร์ จากซอยนวมินทร์ 40 ถึงซอยนวมินทร์ 36","district":"บึงกุ่ม","problems":"น้ำฝน สนน.","status_detail":"อยู่ระหว่างดำเนินการแก้ไข"}},{"type":"Feature","id":60,"geometry":{"type":"Point","coordinates":[100.647392,13.804167]},"properties":{"name":"ถนนนวมินทร์ จากซอยนวมินทร์ 97 ถึงซอยนวมินทร์ 111","district":"บึงกุ่ม","problems":"น้ำฝน สนน.","status_detail":"แก้ไขแล้วเสร็จ"}},{"type":"Feature","id":61,"geometry":{"type":"Point","coordinates":[100.649971,13.809778]},"properties":{"name":"ถนนนวมินทร์ จากถนนประเสริฐมนูกิจ ถึงคลองดอนอีกา","district":"บึงกุ่ม","problems":"น้ำฝน สนน.","status_detail":"แก้ไขแล้วเสร็จ"}},{"type":"Feature","id":62,"geometry":{"type":"Point","coordinates":[100.658272,13.829139]},"properties":{"name":"ถนนนวมินทร์ ช่วงปากซอยนวมินทร์ 155","district":"บึงกุ่ม","problems":"น้ำฝน สนน.","status_detail":"แก้ไขแล้วเสร็จ"}},{"type":"Feature","id":63,"geometry":{"type":"Point","coordinates":[100.533966,13.72284]},"properties":{"name":"ถนนสวนพลู ช่วงจากถนนสาทรใต้ - ถนนนางลิ้นจี่","district":"สาทร","problems":"น้ำฝน สนน.","status_detail":"แก้ไขแล้วเสร็จบางส่วน"}},{"type":"Feature","id":64,"geometry":{"type":"Point","coordinates":[100.528847,13.705423]},"properties":{"name":"ถนนสาธุประดิษฐ์ แยกตัดถนนจันทน์","district":"สาทร","problems":"น้ำฝน สนน.","status_detail":"แก้ไขแล้วเสร็จบางส่วน"}},{"type":"Feature","id":65,"geometry":{"type":"Point","coordinates":[100.52626,13.706396]},"properties":{"name":"ถนนจันทน์ ช่วงจากซอยบำเพ็ญกุศล - ที่ทำการไปรษณีย์ยานนาวา","district":"สาทร","problems":"น้ำฝน สนน.","status_detail":"แก้ไขแล้วเสร็จบางส่วน"}},{"type":"Feature","id":66,"geometry":{"type":"Point","coordinates":[100.530907,13.806427]},"properties":{"name":"ถนนประชาราษฎร์สาย 2 บริเวณแยกเตาปูน","district":"บางซื่อ","problems":"น้ำฝน สนน.","status_detail":"แก้ไขแล้วเสร็จบางส่วน"}},{"type":"Feature","id":67,"geometry":{"type":"Point","coordinates":[100.521606,13.806402]},"properties":{"name":"ถนนประชาราษฎร์สาย 1 ช่วงแยกบางโพ","district":"บางซื่อ","problems":"น้ำฝน สนน.","status_detail":"แก้ไขแล้วเสร็จ"}},{"type":"Feature","id":68,"geometry":{"type":"Point","coordinates":[100.515167,13.815543]},"properties":{"name":"ถนนประชาราษฎร์สาย 1 ช่วงใต้สะพานพระราม 7","district":"บางซื่อ","problems":"น้ำฝน สนน.","status_detail":"แก้ไขแล้วเสร็จ"}},{"type":"Feature","id":69,"geometry":{"type":"Point","coordinates":[100.575241,13.808651]},"properties":{"name":"ถนนรัชดาภิเษก ช่วงหน้าธนาคารกรุงเทพ","district":"จตุจักร","problems":"น้ำฝน สนน.","status_detail":"แก้ไขแล้วเสร็จบางส่วน"}},{"type":"Feature","id":70,"geometry":{"type":"Point","coordinates":[100.575569,13.818545]},"properties":{"name":"ถนนรัชดาภิเษก ช่วงหน้ามหาวิทยาลัยราชภัฏจันทรเกษม","district":"จตุจักร","problems":"น้ำฝน สนน.","status_detail":"แก้ไขแล้วเสร็จ"}},{"type":"Feature","id":71,"geometry":{"type":"Point","coordinates":[100.575401,13.816265]},"properties":{"name":"ถนนรัชดาภิเษก ช่วงหน้าศาลอาญา","district":"จตุจักร","problems":"น้ำฝน สนน.","status_detail":"แก้ไขแล้วเสร็จ"}},{"type":"Feature","id":72,"geometry":{"type":"Point","coordinates":[100.54882,13.823548]},"properties":{"name":"ถนนกำแพงเพชร 2 หน้าหมอชิตใหม่","district":"จตุจักร","problems":"น้ำฝน สนน.","status_detail":"แก้ไขแล้วเสร็จบางส่วน"}},{"type":"Feature","id":73,"geometry":{"type":"Point","coordinates":[100.54956,13.839922]},"properties":{"name":"ถนนเทศบาลสงเคราะห์ ช่วงหน้าตลาดประชานิเวศน์","district":"จตุจักร","problems":"น้ำฝน สนน.","status_detail":"อยู่ระหว่างดำเนินการแก้ไข"}},{"type":"Feature","id":74,"geometry":{"type":"Point","coordinates":[100.553124,13.805256]},"properties":{"name":"ถนนกำแพงเพชร 3 จากสวนสมเด็จพระนางเจ้าสิริกิติ์ ถึงถนนกำแพงเพชร","district":"จตุจักร","problems":"น้ำฝน สนน.","status_detail":"อยู่ระหว่างดำเนินการแก้ไข"}},{"type":"Feature","id":75,"geometry":{"type":"Point","coordinates":[100.552162,13.799885]},"properties":{"name":"ถนนพหลโยธิน บริเวณกรมการขนส่งทางบก","district":"จตุจักร","problems":"น้ำฝน สนน.","status_detail":"แก้ไขแล้วเสร็จ"}},{"type":"Feature","id":76,"geometry":{"type":"Point","coordinates":[100.575294,13.81981]},"properties":{"name":"ถนนรัชดาภิเษก จากแยกรัชโยธิน ถึงซอยอาภาภิรมย์","district":"จตุจักร","problems":"น้ำฝน สนน.","status_detail":"แก้ไขแล้วเสร็จ"}},{"type":"Feature","id":77,"geometry":{"type":"Point","coordinates":[100.57766,13.843446]},"properties":{"name":"ถนนพหลโยธิน หน้ามหาวิทยาลัยเกษตรศาสตร์","district":"จตุจักร","problems":"น้ำฝน สนน.","status_detail":"แก้ไขแล้วเสร็จบางส่วน"}},{"type":"Feature","id":78,"geometry":{"type":"Point","coordinates":[100.581322,13.834869]},"properties":{"name":"ถนนเสนานิคม 1 จากถนนพหลโยธิน ถึงคลองลาดพร้าว","district":"จตุจักร","problems":"น้ำฝน สนน.","status_detail":"แก้ไขแล้วเสร็จบางส่วน"}},{"type":"Feature","id":79,"geometry":{"type":"Point","coordinates":[100.500092,13.699936]},"properties":{"name":"ถนนเจริญกรุง จากแยกถนนตก ถึงวัดราชสิงขร","district":"บางคอแหลม","problems":"น้ำฝน สนน.","status_detail":"แก้ไขแล้วเสร็จ"}},{"type":"Feature","id":80,"geometry":{"type":"Point","coordinates":[100.673889,13.719611]},"properties":{"name":"ถนนอ่อนนุช จากลำรางสุเหร่าทางควาย ถึงซอยอ่อนนุช 59","district":"ประเวศ","problems":"น้ำฝน สนน.","status_detail":"แก้ไขแล้วเสร็จ"}},{"type":"Feature","id":81,"geometry":{"type":"Point","coordinates":[100.646942,13.677806]},"properties":{"name":"ถนนเฉลิมพระเกียรติ ร.9 แยกศรีอุดม","district":"ประเวศ","problems":"น้ำฝน สนน.","status_detail":"แก้ไขแล้วเสร็จบางส่วน"}},{"type":"Feature","id":82,"geometry":{"type":"Point","coordinates":[100.671608,13.693]},"properties":{"name":"ถนนเฉลิมพระเกียรติ ร.9 จากบึงหนองบอนถึงคลองปลัดเปรียง","district":"ประเวศ","problems":"น้ำฝน สนน.","status_detail":"แก้ไขแล้วเสร็จบางส่วน"}},{"type":"Feature","id":83,"geometry":{"type":"Point","coordinates":[100.569954,13.72439]},"properties":{"name":"สุขุมวิท 26 จากถนนสุขุมวิท ถึงถนนพระรามที่ 4","district":"คลองเตย","problems":"น้ำฝน สนน.","status_detail":"อยู่ระหว่างดำเนินการแก้ไข"}},{"type":"Feature","id":84,"geometry":{"type":"Point","coordinates":[100.563759,13.715343]},"properties":{"name":"ถนนสุนทรโกษา ช่วงแยก ณ ระนอง - กรมศุลกากร","district":"คลองเตย","problems":"น้ำฝน สนน.","status_detail":"แก้ไขแล้วเสร็จ"}},{"type":"Feature","id":85,"geometry":{"type":"Point","coordinates":[100.557671,13.717279]},"properties":{"name":"ถนนพระราม 3 บริเวณตลาดฮ่องกงปีนัง ถึงแยก ณ ระนอง","district":"คลองเตย","problems":"น้ำฝน สนน.","status_detail":"แก้ไขแล้วเสร็จบางส่วน"}},{"type":"Feature","id":86,"geometry":{"type":"Point","coordinates":[100.585785,13.712826]},"properties":{"name":"ถนนพระราม 4 จากแยกสุขุมวิท ถึงแยกถนนเกษมราษฎร์","district":"คลองเตย","problems":"น้ำฝน สนน.","status_detail":"แก้ไขแล้วเสร็จบางส่วน"}},{"type":"Feature","id":87,"geometry":{"type":"Point","coordinates":[100.578354,13.711412]},"properties":{"name":"ถนนอาจณรงค์ จากช่วงหน้าการท่าเรือฝั่งขาออกใต้สะพานทางด่วน (ชุมชนล็อค 7,8) ถึงสะพานข้ามคลองหัวลำโพง","district":"คลองเตย","problems":"น้ำฝน สนน.","status_detail":"แก้ไขแล้วเสร็จ"}},{"type":"Feature","id":88,"geometry":{"type":"Point","coordinates":[100.560967,13.734872]},"properties":{"name":"ถนนรัชดาภิเษก จากช่วงโค้งก่อนถึงอโศก-สุขุมวิท (ฝั่งขาเข้า)","district":"คลองเตย","problems":"น้ำฝน สนน.","status_detail":"แก้ไขแล้วเสร็จ"}},{"type":"Feature","id":89,"geometry":{"type":"Point","coordinates":[100.617088,13.736535]},"properties":{"name":"ถนนพัฒนาการ จากแยกศรีนครินทร์ - คลองบ้านป่า","district":"สวนหลวง","problems":"น้ำฝน สนน.","status_detail":"แก้ไขแล้วเสร็จบางส่วน"}},{"type":"Feature","id":90,"geometry":{"type":"Point","coordinates":[100.603188,13.745105]},"properties":{"name":"ถนนรามคำแหง ซอยรามคำแหง 1 - 5 (หน้าการไฟฟ้านครหลวงเขตบางกะปิ)","district":"สวนหลวง","problems":"น้ำฝน สนน.","status_detail":"แก้ไขแล้วเสร็จ"}},{"type":"Feature","id":91,"geometry":{"type":"Point","coordinates":[100.599411,13.739979]},"properties":{"name":"ถนนสุขุมวิท 71 จากสะพานข้ามคลองตัน ถึงทางรถไฟ (แยกคลองตัน)","district":"สวนหลวง","problems":"น้ำฝน สนน.","status_detail":"แก้ไขแล้วเสร็จ"}},{"type":"Feature","id":92,"geometry":{"type":"Point","coordinates":[100.609345,13.737574]},"properties":{"name":"ถนนพัฒนาการ หน้าธนาคารกรุงไทย","district":"สวนหลวง","problems":"น้ำฝน สนน.","status_detail":"แก้ไขแล้วเสร็จบางส่วน"}},{"type":"Feature","id":93,"geometry":{"type":"Point","coordinates":[100.641907,13.738985]},"properties":{"name":"ถนนศรีนครินทร์ จากใต้สะพานต่างระดับมอเตอร์เวย์ ถึงทางรถไฟ","district":"สวนหลวง","problems":"น้ำฝน สนน.","status_detail":"แก้ไขแล้วเสร็จ"}},{"type":"Feature","id":94,"geometry":{"type":"Point","coordinates":[100.64547,13.754418]},"properties":{"name":"ถนนศรีนครินทร์ หน้าบริษัท กรีนสปอต จำกัด","district":"บางกะปิ","problems":"น้ำฝน สนน.","status_detail":"แก้ไขแล้วเสร็จ"}},{"type":"Feature","id":95,"geometry":{"type":"Point","coordinates":[100.471641,13.698227]},"properties":{"name":"ถนนจอมทอง ช่วงจากซอยจอมทอง 14 ถึง ซอยจอมทอง 10","district":"จอมทอง","problems":"น้ำฝน สนน.","status_detail":"อยู่ระหว่างดำเนินการแก้ไข"}},{"type":"Feature","id":96,"geometry":{"type":"Point","coordinates":[100.608719,13.933227]},"properties":{"name":"ถนนวิภาวดี หน้าร้านก๋วยเตี๋ยวเรือนายใช้","district":"ดอนเมือง","problems":"น้ำฝน สนน.","status_detail":"แก้ไขแล้วเสร็จ"}},{"type":"Feature","id":97,"geometry":{"type":"Point","coordinates":[100.533218,13.7557]},"properties":{"name":"ถนนพญาไท หน้ากรมปศุสัตว์","district":"ราชเทวี","problems":"น้ำฝน สนน.","status_detail":"แก้ไขแล้วเสร็จบางส่วน"}},{"type":"Feature","id":98,"geometry":{"type":"Point","coordinates":[100.536484,13.757325]},"properties":{"name":"ถนนศรีอยุธยา หน้าวังสวนผักกาด","district":"ราชเทวี","problems":"น้ำฝน สนน.","status_detail":"แก้ไขแล้วเสร็จ"}},{"type":"Feature","id":99,"geometry":{"type":"Point","coordinates":[100.532272,13.758738]},"properties":{"name":"ถนนศรีอยุธยา หน้าโรงเรียนสันติราษฎร์ - สน.พญาไท","district":"ราชเทวี","problems":"น้ำฝน สนน.","status_detail":"แก้ไขแล้วเสร็จ"}},{"type":"Feature","id":100,"geometry":{"type":"Point","coordinates":[100.554459,13.749965]},"properties":{"name":"ถนนเพชรบุรี แยกมิตรสัมพันธ์ - แยกอโศก","district":"ราชเทวี","problems":"น้ำฝน สนน.","status_detail":"แก้ไขแล้วเสร็จ"}},{"type":"Feature","id":101,"geometry":{"type":"Point","coordinates":[100.526863,13.754901]},"properties":{"name":"ถนนเพชรบุรี แยกบรรทัดทอง","district":"ราชเทวี","problems":"น้ำฝน สนน.","status_detail":"แก้ไขแล้วเสร็จ"}},{"type":"Feature","id":102,"geometry":{"type":"Point","coordinates":[100.525406,13.76129]},"properties":{"name":"ถนนพระรามที่ 6 หน้ากรมทางหลวง","district":"ราชเทวี","problems":"น้ำฝน สนน.","status_detail":"แก้ไขแล้วเสร็จบางส่วน"}},{"type":"Feature","id":103,"geometry":{"type":"Point","coordinates":[100.523811,13.757293]},"properties":{"name":"ถนนพระรามที่ 6 หน้าตลาดประแจจีน","district":"ราชเทวี","problems":"น้ำฝน สนน.","status_detail":"แก้ไขแล้วเสร็จ"}},{"type":"Feature","id":104,"geometry":{"type":"Point","coordinates":[100.622849,13.827556]},"properties":{"name":"ถนนสุคนธสวัสดิ์ จากซอยสุคนธสวัสดิ์ 13 ถึงถนนประเสริฐมนูกิจ","district":"ลาดพร้าว","problems":"น้ำฝน สนน.","status_detail":"แก้ไขแล้วเสร็จบางส่วน"}},{"type":"Feature","id":105,"geometry":{"type":"Point","coordinates":[100.626701,13.83484]},"properties":{"name":"ถนนสุคนธสวัสดิ์ จากซอยสุคนธสวัสดิ์ 19 ถึงคลองขี้เสือใหญ่","district":"ลาดพร้าว","problems":"น้ำฝน สนน.","status_detail":"แก้ไขแล้วเสร็จบางส่วน"}},{"type":"Feature","id":106,"geometry":{"type":"Point","coordinates":[100.61068,13.813706]},"properties":{"name":"ถนนนาคนิวาส จากซอยนาคนิวาส 36 ถึงซอยนาคนิวาส 42","district":"ลาดพร้าว","problems":"น้ำฝน สนน.","status_detail":"แก้ไขแล้วเสร็จ"}},{"type":"Feature","id":107,"geometry":{"type":"Point","coordinates":[100.596245,13.810245]},"properties":{"name":"ถนนโชคชัย 4 จากโชคชัย 4 ซอย 20 ถึงโชคชัย 4 ซอย 56","district":"ลาดพร้าว","problems":"น้ำฝน สนน.","status_detail":"แก้ไขแล้วเสร็จ"}},{"type":"Feature","id":108,"geometry":{"type":"Point","coordinates":[100.608353,13.829962]},"properties":{"name":"ถนนเสนานิคม 1 (หมู่บ้านเสนานิเวศน์โครงการ 1)","district":"ลาดพร้าว","problems":"น้ำฝน สนน.","status_detail":"แก้ไขแล้วเสร็จ"}},{"type":"Feature","id":109,"geometry":{"type":"Point","coordinates":[100.591698,13.825594]},"properties":{"name":"ถนนลาดพร้าววังหิน จากซอยลาดพร้าววังหิน 77 ถึงซอยลาดพร้าววังหิน 91","district":"ลาดพร้าว","problems":"น้ำฝน สนน.","status_detail":"แก้ไขแล้วเสร็จ"}},{"type":"Feature","id":110,"geometry":{"type":"Point","coordinates":[100.57122,13.733319]},"properties":{"name":"ซอยสุขุมวิท 39 จากถนนสุขุมวิทถึงซอยพร้อมจิต","district":"วัฒนา","problems":"น้ำฝน สนน.","status_detail":"แก้ไขแล้วเสร็จ"}},{"type":"Feature","id":111,"geometry":{"type":"Point","coordinates":[100.596413,13.729991]},"properties":{"name":"ภายถนนสุขุมวิท 71 (ช่วงซอยปรีดีพนมยงค์ 14 - 20)","district":"วัฒนา","problems":"น้ำฝน สนน.","status_detail":"แก้ไขแล้วเสร็จบางส่วน"}},{"type":"Feature","id":112,"geometry":{"type":"Point","coordinates":[100.576401,13.725815]},"properties":{"name":"ถนนสุขุมวิท จากแยกอโศก ถึงสุขุมวิท 71","district":"วัฒนา","problems":"น้ำฝน สนน.","status_detail":"แก้ไขแล้วเสร็จบางส่วน"}},{"type":"Feature","id":113,"geometry":{"type":"Point","coordinates":[100.561859,13.739955]},"properties":{"name":"ถนนอโศกมนตรี หน้าตึกชิโนไทย","district":"วัฒนา","problems":"น้ำฝน สนน.","status_detail":"แก้ไขแล้วเสร็จบางส่วน"}},{"type":"Feature","id":114,"geometry":{"type":"Point","coordinates":[100.562187,13.743557]},"properties":{"name":"ถนนอโศกมนตรี บริเวณหน้าตึกแกรมมี่","district":"วัฒนา","problems":"น้ำฝน สนน.","status_detail":"แก้ไขแล้วเสร็จ"}},{"type":"Feature","id":115,"geometry":{"type":"Point","coordinates":[100.586487,13.732125]},"properties":{"name":"สุขุมวิท 63 (เอกมัย)","district":"วัฒนา","problems":"น้ำฝน สนน.","status_detail":"แก้ไขแล้วเสร็จ"}},{"type":"Feature","id":116,"geometry":{"type":"Point","coordinates":[100.571686,13.735201]},"properties":{"name":"สุขุมวิท 39 จากซอยพร้อมพันธ์ถึงแยกพร้อมศรี","district":"วัฒนา","problems":"น้ำฝน สนน.","status_detail":"แก้ไขแล้วเสร็จ"}},{"type":"Feature","id":117,"geometry":{"type":"Point","coordinates":[100.566261,13.740062]},"properties":{"name":"สุขุมวิท 31 ช่วงหน้าโรงเรียนสวัสดี","district":"วัฒนา","problems":"น้ำฝน สนน.","status_detail":"แก้ไขแล้วเสร็จ"}},{"type":"Feature","id":118,"geometry":{"type":"Point","coordinates":[100.421287,13.712084]},"properties":{"name":"ถนนเพชรเกษม จากหน้าตลาดบางแค ถึงถนนบางแค","district":"บางแค","problems":"น้ำฝน สนน.","status_detail":"แก้ไขแล้วเสร็จบางส่วน"}},{"type":"Feature","id":119,"geometry":{"type":"Point","coordinates":[100.408966,13.71092]},"properties":{"name":"ถนนเพชรเกษม จากห้างเดอะมอลล์บางแค ถึงถนนกาญจนาภิเษก","district":"บางแค","problems":"น้ำฝน สนน.","status_detail":"แก้ไขแล้วเสร็จบางส่วน"}},{"type":"Feature","id":120,"geometry":{"type":"Point","coordinates":[100.390503,13.70925]},"properties":{"name":"ถนนเพชรเกษม จากถนนพุทธมณฑลสาย 2 ถึงซอยเพชรเกษม 63/2","district":"บางแค","problems":"น้ำฝน สนน.","status_detail":"แก้ไขแล้วเสร็จ"}},{"type":"Feature","id":121,"geometry":{"type":"Point","coordinates":[100.377846,13.718557]},"properties":{"name":"ถนนหมู่บ้านเศรษฐกิจ จากคลองบางจาก ถึงวงเวียนที่ 3","district":"บางแค","problems":"น้ำฝน สนน.","status_detail":"แก้ไขแล้วเสร็จบางส่วน"}},{"type":"Feature","id":122,"geometry":{"type":"Point","coordinates":[100.556114,13.894584]},"properties":{"name":"ถนนแจ้งวัฒนะช่วงหน้า มทบ.11","district":"หลักสี่","problems":"น้ำฝน สนน.","status_detail":"แก้ไขแล้วเสร็จ"}},{"type":"Feature","id":123,"geometry":{"type":"Point","coordinates":[100.55603,13.894873]},"properties":{"name":"ถนนแจ้งวัฒนะช่วงหน้าโลตัสสาขาแจ้งวัฒนะ","district":"หลักสี่","problems":"น้ำฝน สนน.","status_detail":"แก้ไขแล้วเสร็จ"}},{"type":"Feature","id":124,"geometry":{"type":"Point","coordinates":[100.578102,13.886365]},"properties":{"name":"ถนนแจ้งวัฒนะช่วงหน้าซอยแจ้งวัฒนะ 10 (ซอยเข้าเขตหลักสี่)","district":"หลักสี่","problems":"น้ำฝน สนน.","status_detail":"แก้ไขแล้วเสร็จบางส่วน"}},{"type":"Feature","id":125,"geometry":{"type":"Point","coordinates":[100.568489,13.890202]},"properties":{"name":"ถนนแจ้งวัฒนะช่วงหน้าศาลปกครอง","district":"หลักสี่","problems":"น้ำฝน สนน.","status_detail":"แก้ไขแล้วเสร็จบางส่วน"}},{"type":"Feature","id":126,"geometry":{"type":"Point","coordinates":[100.5672,13.890713]},"properties":{"name":"ถนนแจ้งวัฒนะช่วงหน้ากรมการกงศุล","district":"หลักสี่","problems":"น้ำฝน สนน.","status_detail":"แก้ไขแล้วเสร็จบางส่วน"}},{"type":"Feature","id":127,"geometry":{"type":"Point","coordinates":[100.660767,13.896266]},"properties":{"name":"ถนนสุขาภิบาล 5 หน้าตลาดออเงิน","district":"สายไหม","problems":"น้ำฝน สนน.","status_detail":"แก้ไขแล้วเสร็จ"}},{"type":"Feature","id":128,"geometry":{"type":"Point","coordinates":[100.613426,13.783699]},"properties":{"name":"ถนนลาดพร้าว ช่วงคลองเจ้าคุณสิงห์ - ซอยลาดพร้าว 122","district":"วังทองหลาง","problems":"น้ำฝน สนน.","status_detail":"แก้ไขแล้วเสร็จบางส่วน"}},{"type":"Feature","id":129,"geometry":{"type":"Point","coordinates":[100.619469,13.780508]},"properties":{"name":"ถนนลาดพร้าว จากแยกประดิษฐ์มนูธรรม ถึงคลองจั่น (หน้าบิ๊กซี)","district":"วังทองหลาง","problems":"น้ำฝน สนน.","status_detail":"แก้ไขแล้วเสร็จ"}},{"type":"Feature","id":130,"geometry":{"type":"Point","coordinates":[100.597298,13.789053]},"properties":{"name":"ซอยลาดพร้าว 64 แยก 4","district":"วังทองหลาง","problems":"น้ำฝน สนน.","status_detail":"แก้ไขแล้วเสร็จบางส่วน"}},{"type":"Feature","id":131,"geometry":{"type":"Point","coordinates":[100.604569,13.780802]},"properties":{"name":"ซอยลาดพร้าว 80 จากช่วงซอยลาดพร้าว 80 แยก 22 - 26","district":"วังทองหลาง","problems":"น้ำฝน สนน.","status_detail":"แก้ไขแล้วเสร็จ"}},{"type":"Feature","id":132,"geometry":{"type":"Point","coordinates":[100.598755,13.763199]},"properties":{"name":"ถนนประดิษฐ์มนูธรรม ช่วงหน้าศูนย์แพทย์พัฒนา","district":"วังทองหลาง","problems":"น้ำฝน สนน.","status_detail":"แก้ไขแล้วเสร็จ"}},{"type":"Feature","id":133,"geometry":{"type":"Point","coordinates":[100.606735,13.673222]},"properties":{"name":"ถนนสุขุมวิท บริเวณแยกบางนา","district":"บางนา","problems":"น้ำฝน สนน.","status_detail":"แก้ไขแล้วเสร็จบางส่วน"}},{"type":"Feature","id":134,"geometry":{"type":"Point","coordinates":[100.60582,13.670831]},"properties":{"name":"สี่แยกบางนา-หน้าไบเทค","district":"บางนา","problems":"น้ำฝน สนน.","status_detail":"แก้ไขแล้วเสร็จบางส่วน"}},{"type":"Feature","id":135,"geometry":{"type":"Point","coordinates":[100.607742,13.6758]},"properties":{"name":"ถนนสุขุมวิท ช่วงทางลงทางด่วนฝั่งสุขุมวิท 70","district":"บางนา","problems":"น้ำฝน สนน.","status_detail":"แก้ไขแล้วเสร็จบางส่วน"}},{"type":"Feature","id":136,"geometry":{"type":"Point","coordinates":[100.607445,13.673746]},"properties":{"name":"ถนนสุขุมวิทหน้าธนาคารกรุงเทพ (สาขาสี่แยกบางนา)","district":"บางนา","problems":"น้ำฝน สนน.","status_detail":"แก้ไขแล้วเสร็จบางส่วน"}},{"type":"Feature","id":137,"geometry":{"type":"Point","coordinates":[100.61097,13.678733]},"properties":{"name":"ถนนอุดมสุข จากถนนสุขุมวิท ถึงซอยอุดมสุข 8","district":"บางนา","problems":"น้ำฝน สนน.","status_detail":"แก้ไขแล้วเสร็จบางส่วน"}},{"type":"Feature","id":138,"geometry":{"type":"Point","coordinates":[100.644516,13.66889]},"properties":{"name":"ถนนศรีนครินทร์ บริเวณหน้าวัดศรีเอี่ยม","district":"บางนา","problems":"น้ำฝน สนน.","status_detail":"แก้ไขแล้วเสร็จบางส่วน"}},{"type":"Feature","id":139,"geometry":{"type":"Point","coordinates":[100.591515,13.669184]},"properties":{"name":"ถนนทางรถไฟสายเก่า (หน้าโรงพยาบาลทหารเรือกรุงเทพ)","district":"บางนา","problems":"น้ำฝน สนน.","status_detail":"แก้ไขแล้วเสร็จ"}},{"type":"Feature","id":140,"geometry":{"type":"Point","coordinates":[100.601402,13.658565]},"properties":{"name":"ถนนแบริ่ง จากถนนสุขุมวิทถึงสุดเขตกรุงเทพมหานคร","district":"บางนา","problems":"น้ำฝน สนน.","status_detail":"แก้ไขแล้วเสร็จบางส่วน"}},{"type":"Feature","id":141,"geometry":{"type":"Point","coordinates":[100.504707,13.628269]},"properties":{"name":"ถนนประชาอุทิศ จากตลองรางตรง ถึงคลองรางจาก","district":"ทุ่งครุ","problems":"น้ำฝน สนน.","status_detail":"แก้ไขแล้วเสร็จ"}},{"type":"Feature","id":142,"geometry":{"type":"Point","coordinates":[100.435448,13.679351]},"properties":{"name":"ถนนเอกชัย หน้าห้างบิ๊กซีสาขาบางบอน (ช่วงซอยเอกชัย 58 - 60)","district":"บางบอน","problems":"น้ำฝน สนน.","status_detail":"แก้ไขแล้วเสร็จบางส่วน"}},{"type":"Feature","id":143,"geometry":{"type":"Point","coordinates":[100.426933,13.674976]},"properties":{"name":"ถนนบางบอน 1 จากช่วงหน้าตลาดบางบอน ขาเข้า ถึงทางเข้าตลาดบางบอน","district":"บางบอน","problems":"น้ำฝน สนน.","status_detail":"แก้ไขแล้วเสร็จ"}},{"type":"Feature","id":144,"geometry":{"type":"Point","coordinates":[100.43206,13.677503]},"properties":{"name":"ถนนเอกชัย จากช่วงหน้าปั้มน้ำมันเอสโซ่ (ซอยเอกชัย 62)","district":"บางบอน","problems":"น้ำฝน สนน.","status_detail":"อยู่ระหว่างดำเนินการแก้ไข"}},{"type":"Feature","id":145,"geometry":{"type":"Point","coordinates":[100.518822,13.804354]},"properties":{"name":"ซอยประชาราษฎร์ สาย 1 ซอย 1 ถึงซอย 11","district":"บางซื่อ","problems":"น้ำหนุน","status_detail":"แก้ไขแล้วเสร็จ"}},{"type":"Feature","id":146,"geometry":{"type":"Point","coordinates":[100.518692,13.808695]},"properties":{"name":"ซอยประชาราษฎร์ สาย 1 ซอย 19","district":"บางซื่อ","problems":"น้ำหนุน","status_detail":"แก้ไขแล้วเสร็จ"}},{"type":"Feature","id":147,"geometry":{"type":"Point","coordinates":[100.510963,13.790076]},"properties":{"name":"เขื่อนริมแม่น้ำเจ้าพระยาชำรุดบริเวณฯซอยสามเสน 21","district":"ดุสิต","problems":"น้ำหนุน","status_detail":"แก้ไขแล้วเสร็จ"}},{"type":"Feature","id":148,"geometry":{"type":"Point","coordinates":[100.50592,13.784516]},"properties":{"name":"เขื่อนริมแม่น้ำเจ้าพระยาชำรุดท้ายซอยดาวข่าง","district":"ดุสิต","problems":"น้ำหนุน","status_detail":"แก้ไขแล้วเสร็จ"}},{"type":"Feature","id":149,"geometry":{"type":"Point","coordinates":[100.502579,13.776828]},"properties":{"name":"เขื่อนริมแม่น้ำเจ้าพระยาชำรุด ท้ายซอย สามเสน 13","district":"ดุสิต","problems":"น้ำหนุน","status_detail":"แก้ไขแล้วเสร็จ"}},{"type":"Feature","id":150,"geometry":{"type":"Point","coordinates":[100.517425,13.812601]},"properties":{"name":"แนวเขื่อนหลังวัดสร้อยทอง","district":"บางซื่อ","problems":"น้ำหนุน","status_detail":"แก้ไขแล้วเสร็จ"}},{"type":"Feature","id":151,"geometry":{"type":"Point","coordinates":[100.488533,13.753732]},"properties":{"name":"เขื่อนริมแม่น้ำเจ้าพระยาชำรุดบริเวณชุมชนท่าวัง","district":"พระนคร","problems":"น้ำหนุน","status_detail":"มีมาตรการเร่งด่วน"}},{"type":"Feature","id":152,"geometry":{"type":"Point","coordinates":[100.492447,13.743272]},"properties":{"name":"เขื่อนริมแม่น้ำเจ้าพระยาชำรุดจากโรงเรียนราชินีถึงวังจักรพงษ์ (โรงเรียนราชินี)","district":"พระนคร","problems":"น้ำหนุน","status_detail":"แก้ไขแล้วเสร็จ"}},{"type":"Feature","id":153,"geometry":{"type":"Point","coordinates":[100.490158,13.745993]},"properties":{"name":"เขื่อนริมแม่น้ำเจ้าพระยาชำรุดบริเวณชุมชนท่าเตียน","district":"พระนคร","problems":"น้ำหนุน","status_detail":"อยู่ระหว่างดำเนินการแก้ไข"}},{"type":"Feature","id":154,"geometry":{"type":"Point","coordinates":[100.496788,13.766404]},"properties":{"name":"ปรับปรุงแนวป้องกันน้ำท่วมริมม้ำเจ้าพระยาบริเวณสำนักงานพัฒนาระบบข้าราชการ","district":"พระนคร","problems":"น้ำหนุน","status_detail":"แก้ไขแล้วเสร็จ"}},{"type":"Feature","id":155,"geometry":{"type":"Point","coordinates":[100.517105,13.68522]},"properties":{"name":"สวนสาธารณะเฉลิมพระเกียรติ 6 รอบ พระชนมพรรษา","district":"บางคอแหลม","problems":"น้ำหนุน","status_detail":"มีมาตรการเร่งด่วน"}},{"type":"Feature","id":156,"geometry":{"type":"Point","coordinates":[100.507446,13.737397]},"properties":{"name":"แนวเขื่อนฟันหลอ บริเวณริมแม่น้ำเจ้าพระยา เลียบถนน ทรงวาด","district":"สัมพันธวงศ์","problems":"น้ำหนุน","status_detail":"แก้ไขแล้วเสร็จ"}},{"type":"Feature","id":157,"geometry":{"type":"Point","coordinates":[100.515373,13.685928]},"properties":{"name":"ซอย พระรามที่ 3 ซอย 24","district":"บางคอแหลม","problems":"น้ำหนุน","status_detail":"แก้ไขแล้วเสร็จ"}},{"type":"Feature","id":158,"geometry":{"type":"Point","coordinates":[100.502045,13.688111]},"properties":{"name":"ถนนพระรามที่ 3 ซอย 16 (ร้านอาหารบ้านกลางน้ำ)","district":"บางคอแหลม","problems":"น้ำหนุน","status_detail":"แก้ไขแล้วเสร็จ"}},{"type":"Feature","id":159,"geometry":{"type":"Point","coordinates":[100.493866,13.700294]},"properties":{"name":"จุดกลับรถใต้สะพานกรุงเทพ","district":"บางคอแหลม","problems":"น้ำหนุน","status_detail":"มีมาตรการเร่งด่วน"}},{"type":"Feature","id":160,"geometry":{"type":"Point","coordinates":[100.495827,13.701394]},"properties":{"name":"ซอยเจริญกรุง 80 (โรงเลื่อยจักรแสงทอง)","district":"บางคอแหลม","problems":"น้ำหนุน","status_detail":"แก้ไขแล้วเสร็จ"}},{"type":"Feature","id":161,"geometry":{"type":"Point","coordinates":[100.494827,13.700777]},"properties":{"name":"ซอยเจริญกรุง 80 (โรงงานเจ - แฟค จำกัด)","district":"บางคอแหลม","problems":"น้ำหนุน","status_detail":"แก้ไขแล้วเสร็จ"}},{"type":"Feature","id":162,"geometry":{"type":"Point","coordinates":[100.513626,13.726249]},"properties":{"name":"ท่าเรือวัดม่วงแค","district":"บางรัก","problems":"น้ำหนุน","status_detail":"แก้ไขแล้วเสร็จ"}},{"type":"Feature","id":163,"geometry":{"type":"Point","coordinates":[100.504509,13.706965]},"properties":{"name":"สุสานโปรแตสแตน (ถนนเจริญกรุง)","district":"บางคอแหลม","problems":"น้ำหนุน","status_detail":"แก้ไขแล้วเสร็จ"}},{"type":"Feature","id":164,"geometry":{"type":"Point","coordinates":[100.513168,13.728593]},"properties":{"name":"ท่าเรือสี่พระยา","district":"บางรัก","problems":"น้ำหนุน","status_detail":"แก้ไขแล้วเสร็จ"}},{"type":"Feature","id":165,"geometry":{"type":"Point","coordinates":[100.58551,13.673963]},"properties":{"name":"ชุมชนโรงงานแบตเตอรี่ทหาร","district":"บางนา","problems":"น้ำหนุน","status_detail":"อยู่ระหว่างดำเนินการแก้ไข"}},{"type":"Feature","id":166,"geometry":{"type":"Point","coordinates":[100.587784,13.676868]},"properties":{"name":"ท่าน้ำวัดบางนานอก (ช่วงจากถนนสรรพาวุธถึงท่าน้ำวัดบางนานอก)","district":"บางนา","problems":"น้ำหนุน","status_detail":"อยู่ระหว่างดำเนินการแก้ไข"}},{"type":"Feature","id":167,"geometry":{"type":"Point","coordinates":[100.520645,13.683032]},"properties":{"name":"พระราม 3 ซอย 26","district":"ยานนาวา","problems":"น้ำหนุน","status_detail":"อยู่ระหว่างดำเนินการแก้ไข"}},{"type":"Feature","id":168,"geometry":{"type":"Point","coordinates":[100.594055,13.708938]},"properties":{"name":"บริเวณคอนโด เดอะ วอเตอร์ฟอร์ด สุขุมวิท 50 ถึงสถานีสูบน้ำคลองยายล้อม","district":"คลองเตย","problems":"น้ำหนุน","status_detail":"แก้ไขแล้วเสร็จ"}},{"type":"Feature","id":169,"geometry":{"type":"Point","coordinates":[100.550751,13.687802]},"properties":{"name":"พระราม 3 ซอย 52- 56","district":"ยานนาวา","problems":"น้ำหนุน","status_detail":"อยู่ระหว่างดำเนินการแก้ไข"}},{"type":"Feature","id":170,"geometry":{"type":"Point","coordinates":[100.490234,13.691315]},"properties":{"name":"บริเวณปลายซอยราษฎร์บูรณะ 11","district":"ราษฎร์บูรณะ","problems":"น้ำหนุน","status_detail":"แก้ไขแล้วเสร็จ"}},{"type":"Feature","id":171,"geometry":{"type":"Point","coordinates":[100.501656,13.684785]},"properties":{"name":"บริเวณโกดังบริษัท แสงทองค้าข้าว จำกัด","district":"ราษฎร์บูรณะ","problems":"น้ำหนุน","status_detail":"แก้ไขแล้วเสร็จ"}},{"type":"Feature","id":172,"geometry":{"type":"Point","coordinates":[100.503372,13.736845]},"properties":{"name":"บริเวณท่าดินแดง","district":"คลองสาน","problems":"น้ำหนุน","status_detail":"แก้ไขแล้วเสร็จ"}},{"type":"Feature","id":173,"geometry":{"type":"Point","coordinates":[100.510361,13.73229]},"properties":{"name":"ปลายลำกระโดงซอยสมเด็จเจ้าพระยา 17","district":"คลองสาน","problems":"น้ำหนุน","status_detail":"แก้ไขแล้วเสร็จ"}},{"type":"Feature","id":174,"geometry":{"type":"Point","coordinates":[100.511437,13.729201]},"properties":{"name":"บริเวณทางเดินท่าเรือปากคลองสาน และ ซอยเจริญนคร 3 (ท้ายคลองเทพา)","district":"คลองสาน","problems":"น้ำหนุน","status_detail":"อยู่ระหว่างดำเนินการแก้ไข"}},{"type":"Feature","id":175,"geometry":{"type":"Point","coordinates":[100.511749,13.723993]},"properties":{"name":"บริเวณท่าเรือวัดสุวรรณ เจริญนคร 9","district":"คลองสาน","problems":"น้ำหนุน","status_detail":"แก้ไขแล้วเสร็จ"}},{"type":"Feature","id":176,"geometry":{"type":"Point","coordinates":[100.511528,13.721684]},"properties":{"name":"บริเวณท่าเรือแกรด์เพิร์ล ซอยเจริญนคร 13","district":"คลองสาน","problems":"น้ำหนุน","status_detail":"แก้ไขแล้วเสร็จ"}},{"type":"Feature","id":177,"geometry":{"type":"Point","coordinates":[100.507042,13.712812]},"properties":{"name":"บริเวณท่าเรือเศวตฉัตร","district":"คลองสาน","problems":"น้ำหนุน","status_detail":"มีมาตรการเร่งด่วน"}},{"type":"Feature","id":178,"geometry":{"type":"Point","coordinates":[100.504051,13.710166]},"properties":{"name":"ท่าเรือกินซ่า ซอยเจริญนคร 35, 37 และบริเวณบ้านเลขที่ 1575/37 ซอยเจริญนคร 35-37","district":"คลองสาน","problems":"น้ำหนุน","status_detail":"แก้ไขแล้วเสร็จ"}},{"type":"Feature","id":179,"geometry":{"type":"Point","coordinates":[100.505516,13.711341]},"properties":{"name":"บริเวณปลายซอยเจริญนคร 29/2 อู่เรือระหิน","district":"คลองสาน","problems":"น้ำหนุน","status_detail":"แก้ไขแล้วเสร็จ"}},{"type":"Feature","id":180,"geometry":{"type":"Point","coordinates":[100.502342,13.708995]},"properties":{"name":"บริเวณโรงเหล็ก ซอยเจริญนคร 39","district":"คลองสาน","problems":"น้ำหนุน","status_detail":"แก้ไขแล้วเสร็จ"}},{"type":"Feature","id":181,"geometry":{"type":"Point","coordinates":[100.494125,13.739645]},"properties":{"name":"ศาลเจ้าเกียนอันเกง แขวงวัดกัลยาณ์ และ โบสถ์ซางตาครู้ส แขวงวัดกัลยาณ์","district":"ธนบุรี","problems":"น้ำหนุน","status_detail":"แก้ไขแล้วเสร็จ"}},{"type":"Feature","id":182,"geometry":{"type":"Point","coordinates":[100.49752,13.738386]},"properties":{"name":"ใต้สะพานพุทธยอดฟ้าจุฬาโลกมหาราช (แนวของ ทช.)","district":"คลองสาน","problems":"น้ำหนุน","status_detail":"อยู่ระหว่างดำเนินการแก้ไข"}},{"type":"Feature","id":183,"geometry":{"type":"Point","coordinates":[100.49054,13.701725]},"properties":{"name":"ทางกลับรถใต้สะพานกรุงเทพ","district":"ธนบุรี","problems":"น้ำหนุน","status_detail":"อยู่ระหว่างดำเนินการแก้ไข"}},{"type":"Feature","id":184,"geometry":{"type":"Point","coordinates":[100.486534,13.752075]},"properties":{"name":"บริเวณข้างวัดระฆังโฆสิตาราม","district":"บางกอกน้อย","problems":"น้ำหนุน","status_detail":"แก้ไขแล้วเสร็จ"}},{"type":"Feature","id":185,"geometry":{"type":"Point","coordinates":[100.488922,13.697614]},"properties":{"name":"คลังสินค้าธนบุรี อุงค์การคลังสินค้าแขวงบุคคโล","district":"ธนบุรี","problems":"น้ำหนุน","status_detail":"แก้ไขแล้วเสร็จ"}},{"type":"Feature","id":186,"geometry":{"type":"Point","coordinates":[100.48925,13.761851]},"properties":{"name":"อู่เรือกัปตัน (ท่าเรือเอกชน)","district":"บางกอกน้อย","problems":"น้ำหนุน","status_detail":"อยู่ระหว่างดำเนินการแก้ไข"}},{"type":"Feature","id":187,"geometry":{"type":"Point","coordinates":[100.478928,13.762642]},"properties":{"name":"วัดสุวรรณาราม (เขตเก่า) และชุมชนบ้านบุ","district":"บางกอกน้อย","problems":"น้ำหนุน","status_detail":"แก้ไขแล้วเสร็จ"}},{"type":"Feature","id":188,"geometry":{"type":"Point","coordinates":[100.467545,13.779446]},"properties":{"name":"บริเวณปากคลองชักพระ","district":"บางกอกน้อย","problems":"น้ำหนุน","status_detail":"แก้ไขแล้วเสร็จ"}},{"type":"Feature","id":189,"geometry":{"type":"Point","coordinates":[100.467598,13.779977]},"properties":{"name":"บริเวณชุมชนวัดสุวรรณคีรี","district":"บางกอกน้อย","problems":"น้ำหนุน","status_detail":"แก้ไขแล้วเสร็จ"}},{"type":"Feature","id":190,"geometry":{"type":"Point","coordinates":[100.486649,13.754567]},"properties":{"name":"ชุนวังหลัง","district":"บางกอกน้อย","problems":"น้ำหนุน","status_detail":"แก้ไขแล้วเสร็จ"}},{"type":"Feature","id":191,"geometry":{"type":"Point","coordinates":[100.515762,13.810359]},"properties":{"name":"โรงเลื่อยไทยยูเนี่ยน","district":"บางพลัด","problems":"น้ำหนุน","status_detail":"แก้ไขแล้วเสร็จ"}},{"type":"Feature","id":192,"geometry":{"type":"Point","coordinates":[100.515892,13.802893]},"properties":{"name":"มัสยิดดารุลอิหฺซาน - ท่าเรือวัดฉัตร","district":"บางพลัด","problems":"น้ำหนุน","status_detail":"แก้ไขแล้วเสร็จ"}},{"type":"Feature","id":193,"geometry":{"type":"Point","coordinates":[100.506859,13.789476]},"properties":{"name":"ท่าเรือวัดอาวุธวิกสิตารม","district":"บางพลัด","problems":"น้ำหนุน","status_detail":"อยู่ระหว่างดำเนินการแก้ไข"}},{"type":"Feature","id":194,"geometry":{"type":"Point","coordinates":[100.50338,13.785603]},"properties":{"name":"ท่าเรือวัดเทพากร","district":"บางพลัด","problems":"น้ำหนุน","status_detail":"อยู่ระหว่างดำเนินการแก้ไข"}},{"type":"Feature","id":195,"geometry":{"type":"Point","coordinates":[100.502327,13.78407]},"properties":{"name":"ท่าเรือวัดเทพนารี","district":"บางพลัด","problems":"น้ำหนุน","status_detail":"แก้ไขแล้วเสร็จ"}},{"type":"Feature","id":196,"geometry":{"type":"Point","coordinates":[100.501289,13.782248]},"properties":{"name":"ร้านอาหารริเวอร์ บาร์","district":"บางพลัด","problems":"น้ำหนุน","status_detail":"แก้ไขแล้วเสร็จ"}},{"type":"Feature","id":197,"geometry":{"type":"Point","coordinates":[100.498734,13.776245]},"properties":{"name":"อู่เรือ บ.สุภัทรา จรัญสนิทวงศ์ 46","district":"บางพลัด","problems":"น้ำหนุน","status_detail":"อยู่ระหว่างดำเนินการแก้ไข"}},{"type":"Feature","id":198,"geometry":{"type":"Point","coordinates":[100.492134,13.764335]},"properties":{"name":"อู่เรือธนาคารกรุงเทพ/อู่เรือธนาคารออมสิน","district":"บางพลัด","problems":"น้ำหนุน","status_detail":"มีมาตรการเร่งด่วน"}},{"type":"Feature","id":199,"geometry":{"type":"Point","coordinates":[100.514839,13.811731]},"properties":{"name":"วัดวิมุตยาราม","district":"บางพลัด","problems":"น้ำหนุน","status_detail":"แก้ไขแล้วเสร็จ"}},{"type":"Feature","id":540,"geometry":{"type":"Point","coordinates":[100.5803,13.89535]},"properties":{"name":"หมู่บ้านหลักสี่วิลล่า","district":"หลักสี่","problems":"น้ำฝน สนข.","status_detail":"แก้ไขแล้วเสร็จ"}},{"type":"Feature","id":200,"geometry":{"type":"Point","coordinates":[100.514877,13.799706]},"properties":{"name":"ซอยจรัญสนิทวงศ์ 92","district":"บางพลัด","problems":"น้ำหนุน","status_detail":"แก้ไขแล้วเสร็จ"}},{"type":"Feature","id":201,"geometry":{"type":"Point","coordinates":[100.490036,13.762822]},"properties":{"name":"ท่าเรือพระปิ่นเกล้า","district":"บางพลัด","problems":"น้ำหนุน","status_detail":"แก้ไขแล้วเสร็จ"}},{"type":"Feature","id":202,"geometry":{"type":"Point","coordinates":[100.466822,13.791643]},"properties":{"name":"วัดน้อยใน","district":"ตลิ่งชัน","problems":"น้ำหนุน","status_detail":"อยู่ระหว่างดำเนินการแก้ไข"}},{"type":"Feature","id":203,"geometry":{"type":"Point","coordinates":[100.493385,13.765473]},"properties":{"name":"ท่าเรือวัดดาวดึงษาราม","district":"บางพลัด","problems":"น้ำหนุน","status_detail":"มีมาตรการเร่งด่วน"}},{"type":"Feature","id":204,"geometry":{"type":"Point","coordinates":[100.464104,13.796965]},"properties":{"name":"ซอยชัยพฤกษ์ 33 โรงน้ำแข็ง","district":"บางกอกน้อย","problems":"น้ำหนุน","status_detail":"แก้ไขแล้วเสร็จ"}},{"type":"Feature","id":205,"geometry":{"type":"Point","coordinates":[100.466331,13.789818]},"properties":{"name":"ซอยชัยพฤกษ์ 16","district":"ตลิ่งชัน","problems":"น้ำหนุน","status_detail":"แก้ไขแล้วเสร็จ"}},{"type":"Feature","id":206,"geometry":{"type":"Point","coordinates":[100.457314,13.798171]},"properties":{"name":"สวนผัก 8 และ สวนผัก 6","district":"ตลิ่งชัน","problems":"น้ำหนุน","status_detail":"แก้ไขแล้วเสร็จ"}},{"type":"Feature","id":207,"geometry":{"type":"Point","coordinates":[100.466148,13.78311]},"properties":{"name":"วัดไก่เตี้ย โรงเรียนวัดไก่เตี้ย และ ศาลเจ้าแม่ทับทิมซอยชัยพฤกษ์ 2","district":"ตลิ่งชัน","problems":"น้ำหนุน","status_detail":"อยู่ระหว่างดำเนินการแก้ไข"}},{"type":"Feature","id":208,"geometry":{"type":"Point","coordinates":[100.509178,13.734229]},"properties":{"name":"บริเวณบ้านเคียงศิริ","district":"คลองสาน","problems":"น้ำหนุน","status_detail":"แก้ไขแล้วเสร็จ"}},{"type":"Feature","id":209,"geometry":{"type":"Point","coordinates":[100.509277,13.734031]},"properties":{"name":"ท่าเรือวัดทองนพคุณ","district":"คลองสาน","problems":"น้ำหนุน","status_detail":"แก้ไขแล้วเสร็จ"}},{"type":"Feature","id":210,"geometry":{"type":"Point","coordinates":[100.465668,13.787133]},"properties":{"name":"วัดเทพากร","district":"ตลิ่งชัน","problems":"น้ำหนุน","status_detail":"อยู่ระหว่างดำเนินการแก้ไข"}},{"type":"Feature","id":211,"geometry":{"type":"Point","coordinates":[100.508202,13.734929]},"properties":{"name":"ท่าเรือวัดทองธรรมชาติ และ ท่าน้ำสมาคม “เต็กก่า” จีจินเกาะ","district":"คลองสาน","problems":"น้ำหนุน","status_detail":"อยู่ระหว่างดำเนินการแก้ไข"}},{"type":"Feature","id":212,"geometry":{"type":"Point","coordinates":[100.511848,13.725696]},"properties":{"name":"บ้านพักตำรวจน้ำ ซอยเจริญนคร 53","district":"คลองสาน","problems":"น้ำหนุน","status_detail":"แก้ไขแล้วเสร็จ"}},{"type":"Feature","id":213,"geometry":{"type":"Point","coordinates":[100.496918,13.77169]},"properties":{"name":"ชุมชนบ้านปูน","district":"บางพลัด","problems":"น้ำหนุน","status_detail":"แก้ไขแล้วเสร็จ"}},{"type":"Feature","id":214,"geometry":{"type":"Point","coordinates":[100.512375,13.795444]},"properties":{"name":"โรงเลื่อย ซอยจรัญสนิทวงศ์ 86/1","district":"บางพลัด","problems":"น้ำหนุน","status_detail":"อยู่ระหว่างดำเนินการแก้ไข"}},{"type":"Feature","id":215,"geometry":{"type":"Point","coordinates":[100.514809,13.814937]},"properties":{"name":"บริเวณสวนสาธารณะใต้สะพานพระราม 7","district":"บางซื่อ","problems":"น้ำหนุน","status_detail":"มีมาตรการเร่งด่วน"}},{"type":"Feature","id":216,"geometry":{"type":"Point","coordinates":[100.511925,13.732877]},"properties":{"name":"ศาลเจ้าโรงเกือก (ฟันหลอ)","district":"สัมพันธวงศ์","problems":"น้ำหนุน","status_detail":"แก้ไขแล้วเสร็จ"}},{"type":"Feature","id":217,"geometry":{"type":"Point","coordinates":[100.510666,13.735387]},"properties":{"name":"วัดปทุมคงคาราชวรวิหาร สัมพันธวงศ์ (ฟันหลอ)","district":"สัมพันธวงศ์","problems":"น้ำหนุน","status_detail":"แก้ไขแล้วเสร็จ"}},{"type":"Feature","id":218,"geometry":{"type":"Point","coordinates":[100.511025,13.714497]},"properties":{"name":"บริเวณซอยเจริญกรุง 58 (องค์การสะพานปลา) (ฟันหลอ)","district":"สาทร","problems":"น้ำหนุน","status_detail":"แก้ไขแล้วเสร็จ"}},{"type":"Feature","id":219,"geometry":{"type":"Point","coordinates":[100.501442,13.737428]},"properties":{"name":"ศาลเจ้ากวนอู ซอยสมเด็จเจ้าพระยา 3 และ บ้านเลขที่ 380 (บ้านเสี่ยเสริฐ) ซอยสมเด็จเจ้าพระยา 3","district":"คลองสาน","problems":"น้ำหนุน","status_detail":"แก้ไขแล้วเสร็จ"}},{"type":"Feature","id":220,"geometry":{"type":"Point","coordinates":[100.512993,13.792259]},"properties":{"name":"ดจันทร์สโมสร (ฟันหลอ)","district":"ดุสิต","problems":"น้ำหนุน","status_detail":"มีมาตรการเร่งด่วน"}},{"type":"Feature","id":221,"geometry":{"type":"Point","coordinates":[100.517441,13.799463]},"properties":{"name":"วัดแก้วฟ้าจุฬามณี","district":"ดุสิต","problems":"น้ำหนุน","status_detail":"แก้ไขแล้วเสร็จ"}},{"type":"Feature","id":222,"geometry":{"type":"Point","coordinates":[100.503319,13.778875]},"properties":{"name":"ท้ายซอยสามเสน 11","district":"ดุสิต","problems":"น้ำหนุน","status_detail":"แก้ไขแล้วเสร็จ"}},{"type":"Feature","id":223,"geometry":{"type":"Point","coordinates":[100.500229,13.771945]},"properties":{"name":"ท่าเรือเทเวศร์ (ฟันหลอ)","district":"พระนคร","problems":"น้ำหนุน","status_detail":"แก้ไขแล้วเสร็จ"}},{"type":"Feature","id":224,"geometry":{"type":"Point","coordinates":[100.491692,13.74422]},"properties":{"name":"ร้านอาหารโรงรส (ฟันหลอ)","district":"พระนคร","problems":"น้ำหนุน","status_detail":"มีมาตรการเร่งด่วน"}},{"type":"Feature","id":225,"geometry":{"type":"Point","coordinates":[100.504974,13.738432]},"properties":{"name":"บริเวณถนท่าเรือราชวงศ์ถึงศาลเจ้าเผยอิง","district":"สัมพันธวงศ์","problems":"น้ำหนุน","status_detail":"แก้ไขแล้วเสร็จ"}},{"type":"Feature","id":226,"geometry":{"type":"Point","coordinates":[100.513504,13.727206]},"properties":{"name":"เจริญกรุง 32 (ฟันหลอ)","district":"บางรัก","problems":"น้ำหนุน","status_detail":"แก้ไขแล้วเสร็จ"}},{"type":"Feature","id":227,"geometry":{"type":"Point","coordinates":[100.547638,13.702969]},"properties":{"name":"บริเวณคลองขุดวัดช่องลม ช่วงจากสถานีสูบน้ำคลองขุดวัดช่องลมถึงแม่น้ำเจ้าพระยา ถนนพระรามที่ 3","district":"ยานนาวา","problems":"น้ำหนุน","status_detail":"แก้ไขแล้วเสร็จ"}},{"type":"Feature","id":228,"geometry":{"type":"Point","coordinates":[100.508225,13.687248]},"properties":{"name":"แยกเจริญราษฎร์ (ฟันหลอ)","district":"บางคอแหลม","problems":"น้ำหนุน","status_detail":"แก้ไขแล้วเสร็จ"}},{"type":"Feature","id":229,"geometry":{"type":"Point","coordinates":[100.545883,13.67309]},"properties":{"name":"บริเวณถนนพระรามที่ 3 ซอย 38 (ฟันหลอ)","district":"ยานนาวา","problems":"น้ำหนุน","status_detail":"แก้ไขแล้วเสร็จ"}},{"type":"Feature","id":230,"geometry":{"type":"Point","coordinates":[100.549538,13.699187]},"properties":{"name":"บริเวณชุมชนโรงสี ซอยพระรามที่สาม 64 (ฟันหลอ)","district":"ยานนาวา","problems":"น้ำหนุน","status_detail":"อยู่ระหว่างดำเนินการแก้ไข"}},{"type":"Feature","id":231,"geometry":{"type":"Point","coordinates":[100.589752,13.705415]},"properties":{"name":"ลานหิมะทองคำ","district":"คลองเตย","problems":"น้ำหนุน","status_detail":"แก้ไขแล้วเสร็จ"}},{"type":"Feature","id":232,"geometry":{"type":"Point","coordinates":[100.561577,13.708892]},"properties":{"name":"วัดคลองเตยนอก","district":"คลองเตย","problems":"น้ำหนุน","status_detail":"อยู่ระหว่างดำเนินการแก้ไข"}},{"type":"Feature","id":233,"geometry":{"type":"Point","coordinates":[100.588242,13.705537]},"properties":{"name":"ชุมชนโรงหมู ถนนทางรถไฟสายเก่า (ฟันหลอ)","district":"คลองเตย","problems":"น้ำหนุน","status_detail":"อยู่ระหว่างดำเนินการแก้ไข"}},{"type":"Feature","id":234,"geometry":{"type":"Point","coordinates":[100.59156,13.708323]},"properties":{"name":"หมู่บ้านมหาวงษ์ แยกซอยภูมิจิตร","district":"คลองเตย","problems":"น้ำหนุน","status_detail":"แก้ไขแล้วเสร็จ"}},{"type":"Feature","id":235,"geometry":{"type":"Point","coordinates":[100.591377,13.707623]},"properties":{"name":"หมู่บ้านเปรมฤทัย ซอยเริ่มเจริญ","district":"คลองเตย","problems":"น้ำหนุน","status_detail":"แก้ไขแล้วเสร็จ"}},{"type":"Feature","id":236,"geometry":{"type":"Point","coordinates":[100.588509,13.705012]},"properties":{"name":"บริเวณวัดสะพาน","district":"คลองเตย","problems":"น้ำหนุน","status_detail":"อยู่ระหว่างดำเนินการแก้ไข"}},{"type":"Feature","id":237,"geometry":{"type":"Point","coordinates":[100.497192,13.738509]},"properties":{"name":"ใต้สะพานพุทธฯ","district":"ธนบุรี","problems":"น้ำหนุน","status_detail":"อยู่ระหว่างดำเนินการแก้ไข"}},{"type":"Feature","id":238,"geometry":{"type":"Point","coordinates":[100.497879,13.738278]},"properties":{"name":"บริเวณใต้สะพานพระปกเกล้า (แนวป้องกันตนเอง)","district":"คลองสาน","problems":"น้ำหนุน","status_detail":"อยู่ระหว่างดำเนินการแก้ไข"}},{"type":"Feature","id":239,"geometry":{"type":"Point","coordinates":[100.498138,13.738153]},"properties":{"name":"สมาคมอุตสาหกรรมพลาสติกไทย ถนนพญาไม้","district":"คลองสาน","problems":"น้ำหนุน","status_detail":"อยู่ระหว่างดำเนินการแก้ไข"}},{"type":"Feature","id":240,"geometry":{"type":"Point","coordinates":[100.499489,13.737878]},"properties":{"name":"มัสยิดกูวติลอิสลาม","district":"คลองสาน","problems":"น้ำหนุน","status_detail":"แก้ไขแล้วเสร็จ"}},{"type":"Feature","id":241,"geometry":{"type":"Point","coordinates":[100.504463,13.73666]},"properties":{"name":"บริเวณสำเพ็งท่าดินแดง ซอยท่าดินแดง 20","district":"คลองสาน","problems":"น้ำหนุน","status_detail":"อยู่ระหว่างดำเนินการแก้ไข"}},{"type":"Feature","id":242,"geometry":{"type":"Point","coordinates":[100.506203,13.736022]},"properties":{"name":"บริเวณบ้านเลขที่ 200 (บ้านโปษ์กี่) ซอยท่าดินแดง 16 และ บริเวณท้ายคลองหลวงวารี ซอยท่าดินแดง 16","district":"คลองสาน","problems":"น้ำหนุน","status_detail":"แก้ไขแล้วเสร็จ"}},{"type":"Feature","id":243,"geometry":{"type":"Point","coordinates":[100.507599,13.735504]},"properties":{"name":"บริเวณหลังชุมชนสารพัดช่าง ซอยเชียงใหม่ 1","district":"คลองสาน","problems":"น้ำหนุน","status_detail":"อยู่ระหว่างดำเนินการแก้ไข"}},{"type":"Feature","id":244,"geometry":{"type":"Point","coordinates":[100.510826,13.731409]},"properties":{"name":"บริเวณบ้านเลขที่ 879 ซอยลาดหญ้า 21","district":"คลองสาน","problems":"น้ำหนุน","status_detail":"อยู่ระหว่างดำเนินการแก้ไข"}},{"type":"Feature","id":245,"geometry":{"type":"Point","coordinates":[100.511116,13.730791]},"properties":{"name":"บริเวณสำนักการศึกษา กทม.","district":"คลองสาน","problems":"น้ำหนุน","status_detail":"อยู่ระหว่างดำเนินการแก้ไข"}},{"type":"Feature","id":246,"geometry":{"type":"Point","coordinates":[100.511162,13.730523]},"properties":{"name":"สำนักงานเขตคลองสาน","district":"คลองสาน","problems":"น้ำหนุน","status_detail":"อยู่ระหว่างดำเนินการแก้ไข"}},{"type":"Feature","id":247,"geometry":{"type":"Point","coordinates":[100.511253,13.730208]},"properties":{"name":"สถานีสูบน้ำคลองสาน","district":"คลองสาน","problems":"น้ำหนุน","status_detail":"อยู่ระหว่างดำเนินการแก้ไข"}},{"type":"Feature","id":248,"geometry":{"type":"Point","coordinates":[100.511475,13.728997]},"properties":{"name":"บริเวณท่าเดินเรือคลองสาน","district":"คลองสาน","problems":"น้ำหนุน","status_detail":"อยู่ระหว่างดำเนินการแก้ไข"}},{"type":"Feature","id":249,"geometry":{"type":"Point","coordinates":[100.510101,13.717203]},"properties":{"name":"ซอยเจริญนคร 17, 19, 21","district":"คลองสาน","problems":"น้ำหนุน","status_detail":"แก้ไขแล้วเสร็จ"}},{"type":"Feature","id":250,"geometry":{"type":"Point","coordinates":[100.509705,13.716382]},"properties":{"name":"ท่าเรือใต้สะพานซังฮี้ (ฟันหลอ)","district":"คลองสาน","problems":"น้ำหนุน","status_detail":"แก้ไขแล้วเสร็จ"}},{"type":"Feature","id":251,"geometry":{"type":"Point","coordinates":[100.509331,13.715753]},"properties":{"name":"คลังเก็บเอกสารกรุงไทย (ฟันหลอ)","district":"คลองสาน","problems":"น้ำหนุน","status_detail":"มีมาตรการเร่งด่วน"}},{"type":"Feature","id":252,"geometry":{"type":"Point","coordinates":[100.484886,13.7615]},"properties":{"name":"คลองช่องหอม ฝั่งโรงแรมชาน","district":"คลองสาน","problems":"น้ำหนุน","status_detail":"อยู่ระหว่างดำเนินการแก้ไข"}},{"type":"Feature","id":253,"geometry":{"type":"Point","coordinates":[100.50351,13.709766]},"properties":{"name":"ศุภาลัย ริเวอร์เพลส","district":"คลองสาน","problems":"น้ำหนุน","status_detail":"แก้ไขแล้วเสร็จ"}},{"type":"Feature","id":254,"geometry":{"type":"Point","coordinates":[100.498871,13.707104]},"properties":{"name":"บริเวณบ้านเลขที่ 549 ซอยเจริญนคร 55","district":"คลองสาน","problems":"น้ำหนุน","status_detail":"แก้ไขแล้วเสร็จ"}},{"type":"Feature","id":255,"geometry":{"type":"Point","coordinates":[100.471207,13.773843]},"properties":{"name":"คลองบางกอกน้อย ช่วงคลองบางบำหรุถึงคลองพริกป่น","district":"บางกอกน้อย","problems":"น้ำหนุน","status_detail":"แก้ไขแล้วเสร็จ"}},{"type":"Feature","id":256,"geometry":{"type":"Point","coordinates":[100.476479,13.764537]},"properties":{"name":"วัดสุวรรณารามถึงถนนจรัญสนิทวงศ์","district":"บางกอกน้อย","problems":"น้ำหนุน","status_detail":"แก้ไขแล้วเสร็จ"}},{"type":"Feature","id":257,"geometry":{"type":"Point","coordinates":[100.486153,13.747606]},"properties":{"name":"ศูนย์สุขภาพโรงพยาบาลสมเด็จพระปิ่นเกล้าถึงแม่น้ำเจ้าพระยา (ฟันหลอ)","district":"บางกอกน้อย","problems":"น้ำหนุน","status_detail":"อยู่ระหว่างดำเนินการแก้ไข"}},{"type":"Feature","id":258,"geometry":{"type":"Point","coordinates":[100.491051,13.76342]},"properties":{"name":"ชุมชนบริเวณคลองเจ้าครุฑ","district":"บางพลัด","problems":"น้ำหนุน","status_detail":"แก้ไขแล้วเสร็จ"}},{"type":"Feature","id":259,"geometry":{"type":"Point","coordinates":[100.511635,13.794451]},"properties":{"name":"มัสยิดบางอ้อ","district":"บางพลัด","problems":"น้ำหนุน","status_detail":"แก้ไขแล้วเสร็จ"}},{"type":"Feature","id":260,"geometry":{"type":"Point","coordinates":[100.507347,13.789895]},"properties":{"name":"ปลายซอยจรัญฯ 74/1","district":"บางพลัด","problems":"น้ำหนุน","status_detail":"แก้ไขแล้วเสร็จ"}},{"type":"Feature","id":261,"geometry":{"type":"Point","coordinates":[100.497856,13.77398]},"properties":{"name":"วัดบวรมงคลราชวรวิหาร","district":"บางพลัด","problems":"น้ำหนุน","status_detail":"แก้ไขแล้วเสร็จ"}},{"type":"Feature","id":262,"geometry":{"type":"Point","coordinates":[100.498985,13.778683]},"properties":{"name":"ชุมชนภคินีนาท ซอยราชวิถี 21","district":"บางพลัด","problems":"น้ำหนุน","status_detail":"แก้ไขแล้วเสร็จ"}},{"type":"Feature","id":263,"geometry":{"type":"Point","coordinates":[100.509941,13.792595]},"properties":{"name":"ปลายซอยจรัญฯ 82 (ฟันหลอ)","district":"บางพลัด","problems":"น้ำหนุน","status_detail":"แก้ไขแล้วเสร็จ"}},{"type":"Feature","id":264,"geometry":{"type":"Point","coordinates":[100.51635,13.806724]},"properties":{"name":"ปากคลองสวนแดน (ฟันหลอ)","district":"บางพลัด","problems":"น้ำหนุน","status_detail":"อยู่ระหว่างดำเนินการแก้ไข"}},{"type":"Feature","id":265,"geometry":{"type":"Point","coordinates":[100.5919,13.70811]},"properties":{"name":"ชุมชนหมู่บ้านเปรมฤทัย ซอยเริ่มเจริญ (แนวเขื่อนของ สนน ดำเนินการเสร็จแล้ว เขตตั้งเครื่องสูบแล้ว)","district":"คลองเตย","problems":"น้ำฝน สนข.","status_detail":"แก้ไขแล้วเสร็จ"}},{"type":"Feature","id":266,"geometry":{"type":"Point","coordinates":[100.5618,13.77654]},"properties":{"name":"ประชาสงเคราะห์ 27","district":"ดินแดง","problems":"น้ำฝน สนข.","status_detail":"แก้ไขแล้วเสร็จ"}},{"type":"Feature","id":267,"geometry":{"type":"Point","coordinates":[100.5889,13.70513]},"properties":{"name":"ลานหิมะทองคำ","district":"คลองเตย","problems":"น้ำฝน สนข.","status_detail":"แก้ไขแล้วเสร็จ"}},{"type":"Feature","id":268,"geometry":{"type":"Point","coordinates":[100.568,13.71877]},"properties":{"name":"ซอยสุขุมวิท 26","district":"คลองเตย","problems":"น้ำฝน สนข.","status_detail":"แก้ไขแล้วเสร็จบางส่วน"}},{"type":"Feature","id":269,"geometry":{"type":"Point","coordinates":[100.5656,13.72069]},"properties":{"name":"ซอยสุขุมวิท 22","district":"คลองเตย","problems":"น้ำฝน สนข.","status_detail":"แก้ไขแล้วเสร็จ"}},{"type":"Feature","id":270,"geometry":{"type":"Point","coordinates":[100.5911,13.70777]},"properties":{"name":"หมู่บ้านมหาวงษ์ แยกซอยภูมิจิตร","district":"คลองเตย","problems":"น้ำฝน สนข.","status_detail":"แก้ไขแล้วเสร็จ"}},{"type":"Feature","id":271,"geometry":{"type":"Point","coordinates":[100.4917,13.69411]},"properties":{"name":"บริเวณประตูระบายน้ำลำกระโดงสาธารณะ 4 (บ้านทรงไทย)","district":"บางคอแหลม","problems":"น้ำฝน สนข.","status_detail":"อยู่ระหว่างดำเนินการแก้ไข"}},{"type":"Feature","id":272,"geometry":{"type":"Point","coordinates":[100.4833,13.70714]},"properties":{"name":"ซอยสมเด็จพระเจ้าตากสิน 28","district":"ธนบุรี","problems":"น้ำฝน สนข.","status_detail":"แก้ไขแล้วเสร็จ"}},{"type":"Feature","id":273,"geometry":{"type":"Point","coordinates":[100.5883,13.7055]},"properties":{"name":"ท่าทรายสุขสวัสดิ์","district":"คลองเตย","problems":"น้ำฝน สนข.","status_detail":"อยู่ระหว่างดำเนินการแก้ไข"}},{"type":"Feature","id":274,"geometry":{"type":"Point","coordinates":[100.5094,13.68945]},"properties":{"name":"สามแยกเจริญราษฎร์","district":"บางคอแหลม","problems":"น้ำฝน สนข.","status_detail":"แก้ไขแล้วเสร็จ"}},{"type":"Feature","id":275,"geometry":{"type":"Point","coordinates":[100.5997,13.78918]},"properties":{"name":"ซอยลาดพร้าว 64","district":"วังทองหลาง","problems":"น้ำฝน สนข.","status_detail":"แก้ไขแล้วเสร็จ"}},{"type":"Feature","id":276,"geometry":{"type":"Point","coordinates":[100.6062,13.76869]},"properties":{"name":"ถนนศรีวรา","district":"วังทองหลาง","problems":"น้ำฝน สนข.","status_detail":"แก้ไขแล้วเสร็จ"}},{"type":"Feature","id":277,"geometry":{"type":"Point","coordinates":[100.4433,13.69304]},"properties":{"name":"ปลายซอยกำนันแม้น 22","district":"จอมทอง","problems":"น้ำฝน สนข.","status_detail":"พื้นที่เอกชนหรือหน่วยงานราชการ"}},{"type":"Feature","id":278,"geometry":{"type":"Point","coordinates":[100.4824,13.68043]},"properties":{"name":"ถนนพระราม 2 ซอย 3 - 11","district":"จอมทอง","problems":"น้ำฝน สนข.","status_detail":"พื้นที่เอกชนหรือหน่วยงานราชการ"}},{"type":"Feature","id":279,"geometry":{"type":"Point","coordinates":[100.4655,13.70185]},"properties":{"name":"ประตูระบายน้ำคลองบางค้อ","district":"จอมทอง","problems":"น้ำฝน สนข.","status_detail":"แก้ไขแล้วเสร็จ"}},{"type":"Feature","id":280,"geometry":{"type":"Point","coordinates":[100.4485,13.68164]},"properties":{"name":"คลองวัดสิงห์ ตอนคลองสนามชัย","district":"จอมทอง","problems":"น้ำฝน สนข.","status_detail":"แก้ไขแล้วเสร็จ"}},{"type":"Feature","id":281,"geometry":{"type":"Point","coordinates":[100.5025,13.73486]},"properties":{"name":"ซอยท่าดินแดง 13 (เอกชน)","district":"คลองสาน","problems":"น้ำฝน สนข.","status_detail":"อยู่ระหว่างดำเนินการแก้ไข"}},{"type":"Feature","id":282,"geometry":{"type":"Point","coordinates":[100.4832,13.70605]},"properties":{"name":"ถนนรัชดาภิเษกช่วงเดอะมอลล แยกมไหสวรรค์","district":"ธนบุรี","problems":"น้ำฝน สนข.","status_detail":"แก้ไขแล้วเสร็จ"}},{"type":"Feature","id":283,"geometry":{"type":"Point","coordinates":[100.4873,13.70793]},"properties":{"name":"ซอยสมเด็จพระเจ้าตากสิน 25","district":"ธนบุรี","problems":"น้ำฝน สนข.","status_detail":"แก้ไขแล้วเสร็จ"}},{"type":"Feature","id":284,"geometry":{"type":"Point","coordinates":[100.4824,13.70079]},"properties":{"name":"ซอยสมเด็จพระเจ้าตากสิน 40","district":"ธนบุรี","problems":"น้ำฝน สนข.","status_detail":"แก้ไขแล้วเสร็จ"}},{"type":"Feature","id":285,"geometry":{"type":"Point","coordinates":[100.4709,13.71263]},"properties":{"name":"ทางกลับรถใต้สะพานวุฒากาศ","district":"ธนบุรี","problems":"น้ำฝน สนข.","status_detail":"แก้ไขแล้วเสร็จ"}},{"type":"Feature","id":286,"geometry":{"type":"Point","coordinates":[100.4876,13.74464]},"properties":{"name":"ชุมชนซอยวังเดิม 10 ถนนวังเดิม","district":"บางกอกใหญ่","problems":"น้ำฝน สนข.","status_detail":"มีมาตรการเร่งด่วน"}},{"type":"Feature","id":287,"geometry":{"type":"Point","coordinates":[100.5324,13.70788]},"properties":{"name":"ชุมชนจันทร์ทรานิเวศ ตลอดถนนทั้งชุมชน","district":"สาทร","problems":"น้ำฝน สนข.","status_detail":"แก้ไขแล้วเสร็จ"}},{"type":"Feature","id":288,"geometry":{"type":"Point","coordinates":[100.486,13.74729]},"properties":{"name":"ชุมชนวัดเครือวัลย์ ถนนอรุณอมรินทร์","district":"บางกอกใหญ่","problems":"น้ำฝน สนข.","status_detail":"แก้ไขแล้วเสร็จ"}},{"type":"Feature","id":289,"geometry":{"type":"Point","coordinates":[100.4889,13.74481]},"properties":{"name":"วัดอรุณราชวรมหาวิหาร","district":"บางกอกใหญ่","problems":"น้ำฝน สนข.","status_detail":"มีมาตรการเร่งด่วน"}},{"type":"Feature","id":290,"geometry":{"type":"Point","coordinates":[100.4658,13.74005]},"properties":{"name":"หมู่บ้านอิ่มอัมพร ซอยพาณิชการธนบุรี 9","district":"บางกอกใหญ่","problems":"น้ำฝน สนข.","status_detail":"พื้นที่เอกชนหรือหน่วยงานราชการ"}},{"type":"Feature","id":291,"geometry":{"type":"Point","coordinates":[100.4775,13.76806]},"properties":{"name":"ถนนจรัญสนิทวงศ์ช่วง ปากซอยจรัญ 36,34","district":"บางกอกน้อย","problems":"น้ำฝน สนข.","status_detail":"แก้ไขแล้วเสร็จ"}},{"type":"Feature","id":292,"geometry":{"type":"Point","coordinates":[100.4768,13.7792]},"properties":{"name":"หมู่บ้านบางกอกน้อยวิลเลจ","district":"บางกอกน้อย","problems":"น้ำฝน สนข.","status_detail":"แก้ไขแล้วเสร็จ"}},{"type":"Feature","id":293,"geometry":{"type":"Point","coordinates":[100.5009,13.78479]},"properties":{"name":"ซอยจนัญสนิทวงศ์ 68 (วัดเทพนารี)","district":"บางพลัด","problems":"น้ำฝน สนข.","status_detail":"แก้ไขแล้วเสร็จ"}},{"type":"Feature","id":294,"geometry":{"type":"Point","coordinates":[100.4994,13.77911]},"properties":{"name":"บริเวณชุมชนวัดภคินีนาถวรวิหาร","district":"บางพลัด","problems":"น้ำฝน สนข.","status_detail":"แก้ไขแล้วเสร็จ"}},{"type":"Feature","id":295,"geometry":{"type":"Point","coordinates":[100.4978,13.77442]},"properties":{"name":"บริเวณข้างสถานีตำรวจบวรมงคล","district":"บางพลัด","problems":"น้ำฝน สนข.","status_detail":"แก้ไขแล้วเสร็จ"}},{"type":"Feature","id":296,"geometry":{"type":"Point","coordinates":[100.4926,13.7651]},"properties":{"name":"บริเวณข้างสถานีตำรวจนครบาลบางยี่ขัน","district":"บางพลัด","problems":"น้ำฝน สนข.","status_detail":"มีมาตรการเร่งด่วน"}},{"type":"Feature","id":297,"geometry":{"type":"Point","coordinates":[100.4928,13.78963]},"properties":{"name":"ซอยจรัญสนิทวงศ์ 71","district":"บางพลัด","problems":"น้ำฝน สนข.","status_detail":"แก้ไขแล้วเสร็จบางส่วน"}},{"type":"Feature","id":298,"geometry":{"type":"Point","coordinates":[100.4852,13.78514]},"properties":{"name":"ซอยจรัญสนิทวงศ์ 65 แยก 14","district":"บางพลัด","problems":"น้ำฝน สนข.","status_detail":"พื้นที่เอกชนหรือหน่วยงานราชการ"}},{"type":"Feature","id":299,"geometry":{"type":"Point","coordinates":[100.4265,13.77867]},"properties":{"name":"ถนนพุทธมณฑลสาย 1 (ทางเข้าออกสายใต้ใหม่)","district":"ตลิ่งชัน","problems":"น้ำฝน สนข.","status_detail":"แก้ไขแล้วเสร็จบางส่วน"}},{"type":"Feature","id":300,"geometry":{"type":"Point","coordinates":[100.4337,13.78806]},"properties":{"name":"ซอยฉิมพลี 20 ท้ายซอย","district":"ตลิ่งชัน","problems":"น้ำฝน สนข.","status_detail":"พื้นที่เอกชนหรือหน่วยงานราชการ"}},{"type":"Feature","id":301,"geometry":{"type":"Point","coordinates":[100.4337,13.79647]},"properties":{"name":"ซอยสวนผัก 29","district":"ตลิ่งชัน","problems":"น้ำฝน สนข.","status_detail":"แก้ไขแล้วเสร็จ"}},{"type":"Feature","id":302,"geometry":{"type":"Point","coordinates":[100.4181,13.76412]},"properties":{"name":"หมู่บ้านมหาดไทย 2","district":"ตลิ่งชัน","problems":"น้ำฝน สนข.","status_detail":"แก้ไขแล้วเสร็จ"}},{"type":"Feature","id":303,"geometry":{"type":"Point","coordinates":[100.4319,13.79142]},"properties":{"name":"ซอยทุ่งมังกร 12","district":"ตลิ่งชัน","problems":"น้ำฝน สนข.","status_detail":"แก้ไขแล้วเสร็จ"}},{"type":"Feature","id":304,"geometry":{"type":"Point","coordinates":[100.3831,13.7727]},"properties":{"name":"หมู่บ้านกอบแก้ว 1","district":"ทวีวัฒนา","problems":"น้ำฝน สนข.","status_detail":"อยู่ระหว่างดำเนินการแก้ไข"}},{"type":"Feature","id":305,"geometry":{"type":"Point","coordinates":[100.3543,13.80102]},"properties":{"name":"ชุมชนหลังสถานีรถไฟศาลาธรรมสพย์","district":"ทวีวัฒนา","problems":"น้ำฝน สนข.","status_detail":"แก้ไขแล้วเสร็จ"}},{"type":"Feature","id":306,"geometry":{"type":"Point","coordinates":[100.3902,13.80075]},"properties":{"name":"ชุมชนประตูน้ำฉิมพลี","district":"ทวีวัฒนา","problems":"น้ำฝน สนข.","status_detail":"แก้ไขแล้วเสร็จ"}},{"type":"Feature","id":307,"geometry":{"type":"Point","coordinates":[100.3958,13.76021]},"properties":{"name":"หมู่บ้านธารแก้ว","district":"ทวีวัฒนา","problems":"น้ำฝน สนข.","status_detail":"อยู่ระหว่างดำเนินการแก้ไข"}},{"type":"Feature","id":308,"geometry":{"type":"Point","coordinates":[100.3927,13.78367]},"properties":{"name":"ซอยบรมราชชนนี 101","district":"ทวีวัฒนา","problems":"น้ำฝน สนข.","status_detail":"แก้ไขแล้วเสร็จ"}},{"type":"Feature","id":309,"geometry":{"type":"Point","coordinates":[100.3356,13.80305]},"properties":{"name":"วัดปุรณาวาส","district":"ทวีวัฒนา","problems":"น้ำฝน สนข.","status_detail":"แก้ไขแล้วเสร็จ"}},{"type":"Feature","id":310,"geometry":{"type":"Point","coordinates":[100.3867,13.65954]},"properties":{"name":"หมู่บ้านรางไผ่ ถนนบางบอน 3 ซอย 8","district":"บางบอน","problems":"น้ำฝน สนข.","status_detail":"แก้ไขแล้วเสร็จ"}},{"type":"Feature","id":311,"geometry":{"type":"Point","coordinates":[100.4389,13.69191]},"properties":{"name":"ซอยกำนันแม้น 13","district":"บางบอน","problems":"น้ำฝน สนข.","status_detail":"แก้ไขแล้วเสร็จ"}},{"type":"Feature","id":312,"geometry":{"type":"Point","coordinates":[100.3744,13.65971]},"properties":{"name":"ถนนบางบอน 4 ซอย 10","district":"บางบอน","problems":"น้ำฝน สนข.","status_detail":"แก้ไขแล้วเสร็จ"}},{"type":"Feature","id":313,"geometry":{"type":"Point","coordinates":[100.3942,13.65425]},"properties":{"name":"ซอยเอกชัย 101","district":"บางบอน","problems":"น้ำฝน สนข.","status_detail":"แก้ไขแล้วเสร็จ"}},{"type":"Feature","id":314,"geometry":{"type":"Point","coordinates":[100.3905,13.65706]},"properties":{"name":"ซอย เอกชัย 112","district":"บางบอน","problems":"น้ำฝน สนข.","status_detail":"อยู่ระหว่างดำเนินการแก้ไข"}},{"type":"Feature","id":315,"geometry":{"type":"Point","coordinates":[100.3668,13.64904]},"properties":{"name":"ถนนบางบอน 4 ซอย 3","district":"บางบอน","problems":"น้ำฝน สนข.","status_detail":"อยู่ระหว่างดำเนินการแก้ไข"}},{"type":"Feature","id":316,"geometry":{"type":"Point","coordinates":[100.3756,13.65579]},"properties":{"name":"บางบอน 4 ซอย 8","district":"บางบอน","problems":"น้ำฝน สนข.","status_detail":"แก้ไขแล้วเสร็จ"}},{"type":"Feature","id":317,"geometry":{"type":"Point","coordinates":[100.3775,13.62677]},"properties":{"name":"ซอย โคราช","district":"บางบอน","problems":"น้ำฝน สนข.","status_detail":"แก้ไขแล้วเสร็จ"}},{"type":"Feature","id":318,"geometry":{"type":"Point","coordinates":[100.4259,13.66786]},"properties":{"name":"ถนนพระยามนธาตุราชศรีพิจิตร์ จากหน้าโรงเรียนพระยามนธาตุฯ ถึงปากซอยพระยามนธาตุฯ 26","district":"บางบอน","problems":"น้ำฝน สนข.","status_detail":"แก้ไขแล้วเสร็จ"}},{"type":"Feature","id":319,"geometry":{"type":"Point","coordinates":[100.427,13.67159]},"properties":{"name":"ถนนบางขุนเทียน จากแยกบางบอนถึงทางรถไฟ สายมหาชัย-วงเวียนใหญ่","district":"บางบอน","problems":"น้ำฝน สนข.","status_detail":"อยู่ระหว่างดำเนินการแก้ไข"}},{"type":"Feature","id":320,"geometry":{"type":"Point","coordinates":[100.4229,13.67239]},"properties":{"name":"ถนนเอกชัย จากแยกบางบอนถึง ซอยเอกชัย 87/1","district":"บางบอน","problems":"น้ำฝน สนข.","status_detail":"อยู่ระหว่างดำเนินการแก้ไข"}},{"type":"Feature","id":321,"geometry":{"type":"Point","coordinates":[100.4173,13.67349]},"properties":{"name":"ซอย เอกชัย 72","district":"บางบอน","problems":"น้ำฝน สนข.","status_detail":"พื้นที่เอกชนหรือหน่วยงานราชการ"}},{"type":"Feature","id":322,"geometry":{"type":"Point","coordinates":[100.426,13.68261]},"properties":{"name":"หมู่บ้านบางบอนวิลล่า ถนนบางบอน 1 ซอย 16","district":"บางบอน","problems":"น้ำฝน สนข.","status_detail":"พื้นที่เอกชนหรือหน่วยงานราชการ"}},{"type":"Feature","id":323,"geometry":{"type":"Point","coordinates":[100.4217,13.67657]},"properties":{"name":"หมู่บ้านทองภูมิ ซอย เอกชัย 66","district":"บางบอน","problems":"น้ำฝน สนข.","status_detail":"พื้นที่เอกชนหรือหน่วยงานราชการ"}},{"type":"Feature","id":324,"geometry":{"type":"Point","coordinates":[100.3828,13.64169]},"properties":{"name":"หมู่บ้านเกศริน ซอยเอกชัย 119","district":"บางบอน","problems":"น้ำฝน สนข.","status_detail":"พื้นที่เอกชนหรือหน่วยงานราชการ"}},{"type":"Feature","id":325,"geometry":{"type":"Point","coordinates":[100.438,13.71647]},"properties":{"name":"ซอยเพชรเกษม 52 บริเวณเชิงสะพานข้ามคลองบางจาก","district":"ภาษีเจริญ","problems":"น้ำฝน สนข.","status_detail":"แก้ไขแล้วเสร็จ"}},{"type":"Feature","id":326,"geometry":{"type":"Point","coordinates":[100.4304,13.70108]},"properties":{"name":"ซอยศาลธนบุรี 29/1","district":"ภาษีเจริญ","problems":"น้ำฝน สนข.","status_detail":"แก้ไขแล้วเสร็จ"}},{"type":"Feature","id":327,"geometry":{"type":"Point","coordinates":[100.4312,13.7007]},"properties":{"name":"ถนนสายศาลธนบุรี บริเวณตรงข้ามหมู่บ้านกิจเจริญ","district":"ภาษีเจริญ","problems":"น้ำฝน สนข.","status_detail":"แก้ไขแล้วเสร็จ"}},{"type":"Feature","id":328,"geometry":{"type":"Point","coordinates":[100.4407,13.7139]},"properties":{"name":"ถนนเพชรเกษมฝั่งขาออก บริเวณลำกระโดงตรงข้ามซอยเพชรเกษม 50","district":"ภาษีเจริญ","problems":"น้ำฝน สนข.","status_detail":"อยู่ระหว่างดำเนินการแก้ไข"}},{"type":"Feature","id":329,"geometry":{"type":"Point","coordinates":[100.4339,13.69325]},"properties":{"name":"หมู่บ้านอินทราวิลล่า บริเวณซอยกัลปพฤกษ์ซอย 4","district":"ภาษีเจริญ","problems":"น้ำฝน สนข.","status_detail":"พื้นที่เอกชนหรือหน่วยงานราชการ"}},{"type":"Feature","id":330,"geometry":{"type":"Point","coordinates":[100.4379,13.7166]},"properties":{"name":"ซอยเพชรเกษม 52 บริเวณหน้าโรงเรียนอนุบาลบ้านสวน","district":"ภาษีเจริญ","problems":"น้ำฝน สนข.","status_detail":"พื้นที่เอกชนหรือหน่วยงานราชการ"}},{"type":"Feature","id":331,"geometry":{"type":"Point","coordinates":[100.4279,13.69561]},"properties":{"name":"ซอยยิ้มประยูร บริเวณเชิงสะพานคลองบางส่าย","district":"ภาษีเจริญ","problems":"น้ำฝน สนข.","status_detail":"แก้ไขแล้วเสร็จ"}},{"type":"Feature","id":332,"geometry":{"type":"Point","coordinates":[100.3375,13.70539]},"properties":{"name":"ซอยเพชรเกษม 116 ถนนเพชรเกษม","district":"หนองแขม","problems":"น้ำฝน สนข.","status_detail":"พื้นที่เอกชนหรือหน่วยงานราชการ"}},{"type":"Feature","id":333,"geometry":{"type":"Point","coordinates":[100.3614,13.68241]},"properties":{"name":"ซอยเลียบคลองภาษีเจริญฝั่งใต้ 5","district":"หนองแขม","problems":"น้ำฝน สนข.","status_detail":"พื้นที่เอกชนหรือหน่วยงานราชการ"}},{"type":"Feature","id":334,"geometry":{"type":"Point","coordinates":[100.3507,13.7062]},"properties":{"name":"ทางเดินเท้าถนนเพชรเกษมขาเข้า และ ขาออก พื้นที่เขตหนองแขม","district":"หนองแขม","problems":"น้ำฝน สนข.","status_detail":"แก้ไขแล้วเสร็จ"}},{"type":"Feature","id":335,"geometry":{"type":"Point","coordinates":[100.3704,13.68989]},"properties":{"name":"ถนนเลียบคลองภาษีเจริญฝั่งเหนือจาก คลองมหาศร ถึง ซ.เลียบคลองภาษีเจริญฝั่งเหนือ 8","district":"หนองแขม","problems":"น้ำฝน สนข.","status_detail":"แก้ไขแล้วเสร็จ"}},{"type":"Feature","id":336,"geometry":{"type":"Point","coordinates":[100.3445,13.6811]},"properties":{"name":"ถนนมาเจริญ จากถนนเพชรเกษม ถึงคลองภาษีเจริญ","district":"หนองแขม","problems":"น้ำฝน สนข.","status_detail":"แก้ไขแล้วเสร็จบางส่วน"}},{"type":"Feature","id":337,"geometry":{"type":"Point","coordinates":[100.3408,13.69764]},"properties":{"name":"หมู่บ้านพงษ์ศิริชัย 4","district":"หนองแขม","problems":"น้ำฝน สนข.","status_detail":"พื้นที่เอกชนหรือหน่วยงานราชการ"}},{"type":"Feature","id":338,"geometry":{"type":"Point","coordinates":[100.3422,13.68917]},"properties":{"name":"หมู่บ้านพุดตาน","district":"หนองแขม","problems":"น้ำฝน สนข.","status_detail":"พื้นที่เอกชนหรือหน่วยงานราชการ"}},{"type":"Feature","id":339,"geometry":{"type":"Point","coordinates":[100.3369,13.68703]},"properties":{"name":"ชุมชนประดิษฐ์เจริญ ถนนเลียบคลองภาษีเจริญฝั่งเหนือ แขวงหนองแขม","district":"หนองแขม","problems":"น้ำฝน สนข.","status_detail":"พื้นที่เอกชนหรือหน่วยงานราชการ"}},{"type":"Feature","id":340,"geometry":{"type":"Point","coordinates":[100.3431,13.67702]},"properties":{"name":"ชุมชนเอี่ยมวุฒิ ถนนเลียบคลองภาษีเจริญฝั่งใต้","district":"หนองแขม","problems":"น้ำฝน สนข.","status_detail":"พื้นที่เอกชนหรือหน่วยงานราชการ"}},{"type":"Feature","id":341,"geometry":{"type":"Point","coordinates":[100.3604,13.67831]},"properties":{"name":"หมู่บ้านพีเอสวิลล่า","district":"หนองแขม","problems":"น้ำฝน สนข.","status_detail":"พื้นที่เอกชนหรือหน่วยงานราชการ"}},{"type":"Feature","id":342,"geometry":{"type":"Point","coordinates":[100.3513,13.68312]},"properties":{"name":"หมู่บ้านพร้อมชัย","district":"หนองแขม","problems":"น้ำฝน สนข.","status_detail":"แก้ไขแล้วเสร็จ"}},{"type":"Feature","id":343,"geometry":{"type":"Point","coordinates":[100.3478,13.66767]},"properties":{"name":"หมู่บ้านตะวันฉาย","district":"หนองแขม","problems":"น้ำฝน สนข.","status_detail":"พื้นที่เอกชนหรือหน่วยงานราชการ"}},{"type":"Feature","id":344,"geometry":{"type":"Point","coordinates":[100.3688,13.74319]},"properties":{"name":"หมู่บ้านชัชฎาวิลล่า","district":"บางแค","problems":"น้ำฝน สนข.","status_detail":"แก้ไขแล้วเสร็จ"}},{"type":"Feature","id":345,"geometry":{"type":"Point","coordinates":[100.379,13.71873]},"properties":{"name":"หมู่บ้านเศรษฐกิจ","district":"บางแค","problems":"น้ำฝน สนข.","status_detail":"แก้ไขแล้วเสร็จ"}},{"type":"Feature","id":346,"geometry":{"type":"Point","coordinates":[100.4031,13.69747]},"properties":{"name":"ซอย หมู่บ้านสุขสันต์ 6","district":"บางแค","problems":"น้ำฝน สนข.","status_detail":"แก้ไขแล้วเสร็จ"}},{"type":"Feature","id":347,"geometry":{"type":"Point","coordinates":[100.4034,13.68495]},"properties":{"name":"ซอยหมู่บ้านสุขสันต์ 7","district":"บางแค","problems":"น้ำฝน สนข.","status_detail":"อยู่ระหว่างดำเนินการแก้ไข"}},{"type":"Feature","id":348,"geometry":{"type":"Point","coordinates":[100.3668,13.73092]},"properties":{"name":"หน้าโรงพยาบาลราชพิพัฒน์","district":"บางแค","problems":"น้ำฝน สนข.","status_detail":"แก้ไขแล้วเสร็จ"}},{"type":"Feature","id":349,"geometry":{"type":"Point","coordinates":[100.4079,13.71086]},"properties":{"name":"หน้าเดอะมอลล์บางแค","district":"บางแค","problems":"น้ำฝน สนข.","status_detail":"แก้ไขแล้วเสร็จ"}},{"type":"Feature","id":350,"geometry":{"type":"Point","coordinates":[100.4087,13.68939]},"properties":{"name":"หมู่บ้านชัยมงคล","district":"บางแค","problems":"น้ำฝน สนข.","status_detail":"อยู่ระหว่างดำเนินการแก้ไข"}},{"type":"Feature","id":351,"geometry":{"type":"Point","coordinates":[100.4242,13.71218]},"properties":{"name":"ถนนเพชรเกษมตรงข้ามตลาดบางแค","district":"บางแค","problems":"น้ำฝน สนข.","status_detail":"แก้ไขแล้วเสร็จบางส่วน"}},{"type":"Feature","id":352,"geometry":{"type":"Point","coordinates":[100.3868,13.6952]},"properties":{"name":"ซอย อินทาปัจ 13","district":"บางแค","problems":"น้ำฝน สนข.","status_detail":"อยู่ระหว่างดำเนินการแก้ไข"}},{"type":"Feature","id":353,"geometry":{"type":"Point","coordinates":[100.4211,13.7075]},"properties":{"name":"ถนนบางแคช่วงหน้าคอนโดลุมพินี","district":"บางแค","problems":"น้ำฝน สนข.","status_detail":"แก้ไขแล้วเสร็จบางส่วน"}},{"type":"Feature","id":354,"geometry":{"type":"Point","coordinates":[100.4252,13.68831]},"properties":{"name":"ถนนบางแคช่างซอยนาคเพชรภูถึง แยกบางพฤกษ์","district":"บางแค","problems":"น้ำฝน สนข.","status_detail":"แก้ไขแล้วเสร็จบางส่วน"}},{"type":"Feature","id":355,"geometry":{"type":"Point","coordinates":[100.3597,13.74652]},"properties":{"name":"หมู่บ้านโชคสำอางค์","district":"บางแค","problems":"น้ำฝน สนข.","status_detail":"แก้ไขแล้วเสร็จ"}},{"type":"Feature","id":356,"geometry":{"type":"Point","coordinates":[100.4095,13.69224]},"properties":{"name":"หมู่บ้านเศรษฐีวิลล์","district":"บางแค","problems":"น้ำฝน สนข.","status_detail":"แก้ไขแล้วเสร็จ"}},{"type":"Feature","id":357,"geometry":{"type":"Point","coordinates":[100.4114,13.69289]},"properties":{"name":"หมู่บ้านขุมทองเพชรเกษม","district":"บางแค","problems":"น้ำฝน สนข.","status_detail":"พื้นที่เอกชนหรือหน่วยงานราชการ"}},{"type":"Feature","id":358,"geometry":{"type":"Point","coordinates":[100.4231,13.68694]},"properties":{"name":"หมู่บ้านเพิ่มทรัพย์","district":"บางแค","problems":"น้ำฝน สนข.","status_detail":"แก้ไขแล้วเสร็จ"}},{"type":"Feature","id":359,"geometry":{"type":"Point","coordinates":[100.3991,13.67696]},"properties":{"name":"ซอยกาญจนาภิเษก 003 ช่วงสามแยก ร่วมไทรถึงคลองหนองใหญ่","district":"บางแค","problems":"น้ำฝน สนข.","status_detail":"แก้ไขแล้วเสร็จ"}},{"type":"Feature","id":360,"geometry":{"type":"Point","coordinates":[100.5085,13.65284]},"properties":{"name":"ซอยประชาอุทิศ 33 แยก 16 (จากบ้านเลขที่ 15/1 ถึงบ้านเลขที่ 35)","district":"ทุ่งครุ","problems":"น้ำฝน สนข.","status_detail":"แก้ไขแล้วเสร็จ"}},{"type":"Feature","id":361,"geometry":{"type":"Point","coordinates":[100.5107,13.65497]},"properties":{"name":"ซอย ประชาอุทิศ 33 แยก 25","district":"ทุ่งครุ","problems":"น้ำฝน สนข.","status_detail":"แก้ไขแล้วเสร็จ"}},{"type":"Feature","id":362,"geometry":{"type":"Point","coordinates":[100.4929,13.63787]},"properties":{"name":"ซอยประชาอุทิศ 54 แยก 13","district":"ทุ่งครุ","problems":"น้ำฝน สนข.","status_detail":"แก้ไขแล้วเสร็จ"}},{"type":"Feature","id":363,"geometry":{"type":"Point","coordinates":[100.4932,13.63621]},"properties":{"name":"ซอยประชาอุทิศ 54 แยก 17","district":"ทุ่งครุ","problems":"น้ำฝน สนข.","status_detail":"แก้ไขแล้วเสร็จ"}},{"type":"Feature","id":364,"geometry":{"type":"Point","coordinates":[100.4815,13.63863]},"properties":{"name":"ซอยประชาอุทิศ 54 แยก 6 – 2","district":"ทุ่งครุ","problems":"น้ำฝน สนข.","status_detail":"แก้ไขแล้วเสร็จ"}},{"type":"Feature","id":365,"geometry":{"type":"Point","coordinates":[100.4851,13.60949]},"properties":{"name":"ซอยประชาอุทิศ 76 (จากคลองรางเวกถึงถนนเลียบทางด่วนรอบนอกกรุงเทพมหานครและซอยประชาอุทิศ 76 แยก 4/2 จากซอยประประชาอุทิศ 76 ถึงหมู่บ้านสินทวีสวนธน 2)","district":"ทุ่งครุ","problems":"น้ำฝน สนข.","status_detail":"แก้ไขแล้วเสร็จ"}},{"type":"Feature","id":366,"geometry":{"type":"Point","coordinates":[100.501,13.62201]},"properties":{"name":"ซอยประชาอุทิศ 76 แยก 1(จากซอยประชาอุทิศ 76 ถึงคลองราวตันและซอยแยกจากซอยประชาอุทิศ 76 แยก 1 ถึงบ้านเลขที่ 14)","district":"ทุ่งครุ","problems":"น้ำฝน สนข.","status_detail":"แก้ไขแล้วเสร็จ"}},{"type":"Feature","id":367,"geometry":{"type":"Point","coordinates":[100.5004,13.62235]},"properties":{"name":"ซอยประชาอุทิศ 76 แยก 3 (จากซอยประชาอุทิศ 76 ถึงสุดทางสาธารณะ)","district":"ทุ่งครุ","problems":"น้ำฝน สนข.","status_detail":"แก้ไขแล้วเสร็จ"}},{"type":"Feature","id":368,"geometry":{"type":"Point","coordinates":[100.4849,13.61248]},"properties":{"name":"ซอยประชาอุทิศ 76 แยก 9 จากบริเวณที่ปรับปรุงไว้เดิม (หน้าบริษัทโบเบเกอรี่) ถึงสุดเขตกรุงเทพมหานคร","district":"ทุ่งครุ","problems":"น้ำฝน สนข.","status_detail":"แก้ไขแล้วเสร็จ"}},{"type":"Feature","id":369,"geometry":{"type":"Point","coordinates":[100.513,13.6115]},"properties":{"name":"ซอย ประชาอุทิศ 127","district":"ทุ่งครุ","problems":"น้ำฝน สนข.","status_detail":"แก้ไขแล้วเสร็จ"}},{"type":"Feature","id":370,"geometry":{"type":"Point","coordinates":[100.492635,13.619062]},"properties":{"name":"หมู่บ้านเพ็ญพร 2","district":"ทุ่งครุ","problems":"น้ำฝน สนข.","status_detail":"แก้ไขแล้วเสร็จ"}},{"type":"Feature","id":371,"geometry":{"type":"Point","coordinates":[100.5092,13.63425]},"properties":{"name":"ประชาอุทิศ 79 (ซอยแยกหมู่บ้านวิเศษสุขนคร ซอย 1 , ซอย 3 , ซอย 5 และ ซอย 7)","district":"ทุ่งครุ","problems":"น้ำฝน สนข.","status_detail":"แก้ไขแล้วเสร็จ"}},{"type":"Feature","id":372,"geometry":{"type":"Point","coordinates":[100.5051,13.64221]},"properties":{"name":"ซอยประชาอุทิศ 75 แยก 7(จากซอยประชาอุทิศ 75 ถึง ซอยประชาอุทิศ 69)","district":"ทุ่งครุ","problems":"น้ำฝน สนข.","status_detail":"แก้ไขแล้วเสร็จ"}},{"type":"Feature","id":373,"geometry":{"type":"Point","coordinates":[100.5002,13.62115]},"properties":{"name":"ซอยประชาอุทิศ 76 (จากถนนเลียบทางด่วนวงแหวนรอบนอกกรุงเทพมหานครถึงคลองรางขมิ้น)","district":"ทุ่งครุ","problems":"น้ำฝน สนข.","status_detail":"แก้ไขแล้วเสร็จ"}},{"type":"Feature","id":374,"geometry":{"type":"Point","coordinates":[100.4223,13.64556]},"properties":{"name":"ถนนพระรามที่ 2 ซอย 69 (ม.การเคหะโครงการ 1 ส่วน 1,2 และส่วน 3)","district":"บางขุนเทียน","problems":"น้ำฝน สนข.","status_detail":"อยู่ระหว่างดำเนินการแก้ไข"}},{"type":"Feature","id":375,"geometry":{"type":"Point","coordinates":[100.4185,13.64619]},"properties":{"name":"ถนนพระรามที่ 2 ซอย 69 (ม.การเคหะโครงการ 1 ส่วน 4,5)","district":"บางขุนเทียน","problems":"น้ำฝน สนข.","status_detail":"อยู่ระหว่างดำเนินการแก้ไข"}},{"type":"Feature","id":376,"geometry":{"type":"Point","coordinates":[100.43456,13.625693]},"properties":{"name":"ปากซอยเทียนทะเล 20","district":"บางขุนเทียน","problems":"น้ำฝน สนข.","status_detail":"แก้ไขแล้วเสร็จ"}},{"type":"Feature","id":377,"geometry":{"type":"Point","coordinates":[100.4359,13.61971]},"properties":{"name":"ถนนเทียนทะเล 22","district":"บางขุนเทียน","problems":"น้ำฝน สนข.","status_detail":"แก้ไขแล้วเสร็จ"}},{"type":"Feature","id":378,"geometry":{"type":"Point","coordinates":[100.4301,13.60471]},"properties":{"name":"ซอยเทียนทะเล 26 (หมู่บ้านวงแหวนแสงประทีป)","district":"บางขุนเทียน","problems":"น้ำฝน สนข.","status_detail":"พื้นที่เอกชนหรือหน่วยงานราชการ"}},{"type":"Feature","id":379,"geometry":{"type":"Point","coordinates":[100.4418,13.61812]},"properties":{"name":"ซอยเทียนทะเล 19 แยก 1(หมู่บ้านอิ่มอัมพร)","district":"บางขุนเทียน","problems":"น้ำฝน สนข.","status_detail":"แก้ไขแล้วเสร็จ"}},{"type":"Feature","id":380,"geometry":{"type":"Point","coordinates":[100.4498,13.61707]},"properties":{"name":"เทียนทะเล 19 แยก 2","district":"บางขุนเทียน","problems":"น้ำฝน สนข.","status_detail":"แก้ไขแล้วเสร็จ"}},{"type":"Feature","id":381,"geometry":{"type":"Point","coordinates":[100.4198,13.64814]},"properties":{"name":"ถนนพระรามที่ 2 ซอย 69 (หัวมุมโลตัส)","district":"บางขุนเทียน","problems":"น้ำฝน สนข.","status_detail":"แก้ไขแล้วเสร็จ"}},{"type":"Feature","id":382,"geometry":{"type":"Point","coordinates":[100.4199,13.64002]},"properties":{"name":"ซอย สะแกงาม 13","district":"บางขุนเทียน","problems":"น้ำฝน สนข.","status_detail":"แก้ไขแล้วเสร็จ"}},{"type":"Feature","id":383,"geometry":{"type":"Point","coordinates":[100.5313,13.70572]},"properties":{"name":"ไปรษณีย์ สาขายานนาวา","district":"สาทร","problems":"น้ำฝน สนข.","status_detail":"แก้ไขแล้วเสร็จ"}},{"type":"Feature","id":384,"geometry":{"type":"Point","coordinates":[100.5202,13.70759]},"properties":{"name":"ปากซอยบำเพ็ญกุศล","district":"สาทร","problems":"น้ำฝน สนข.","status_detail":"แก้ไขแล้วเสร็จ"}},{"type":"Feature","id":385,"geometry":{"type":"Point","coordinates":[100.4943,13.66743]},"properties":{"name":"ซอย สุขสวัสดิ์ 30","district":"ราษฎร์บูรณะ","problems":"น้ำฝน สนข.","status_detail":"แก้ไขแล้วเสร็จ"}},{"type":"Feature","id":386,"geometry":{"type":"Point","coordinates":[100.5374,13.72137]},"properties":{"name":"ถนนสวนพลู","district":"สาทร","problems":"น้ำฝน สนข.","status_detail":"แก้ไขแล้วเสร็จบางส่วน"}},{"type":"Feature","id":387,"geometry":{"type":"Point","coordinates":[100.5262,13.71204]},"properties":{"name":"ซอย จันทน์ 18/7 แยก 17","district":"สาทร","problems":"น้ำฝน สนข.","status_detail":"แก้ไขแล้วเสร็จ"}},{"type":"Feature","id":388,"geometry":{"type":"Point","coordinates":[100.5196,13.70711]},"properties":{"name":"ซอย จันทน์ 43","district":"สาทร","problems":"น้ำฝน สนข.","status_detail":"แก้ไขแล้วเสร็จ"}},{"type":"Feature","id":389,"geometry":{"type":"Point","coordinates":[100.542,13.71032]},"properties":{"name":"ถนน นางลิ้นจี่","district":"สาทร","problems":"น้ำฝน สนข.","status_detail":"แก้ไขแล้วเสร็จ"}},{"type":"Feature","id":390,"geometry":{"type":"Point","coordinates":[100.5431,13.71821]},"properties":{"name":"บริเวณถนนงามดูพลี","district":"สาทร","problems":"น้ำฝน สนข.","status_detail":"แก้ไขแล้วเสร็จ"}},{"type":"Feature","id":391,"geometry":{"type":"Point","coordinates":[100.5201,13.7031]},"properties":{"name":"ซอยเจริญราษฎร์ 5 (อยู่ดี 16)","district":"บางคอแหลม","problems":"น้ำฝน สนข.","status_detail":"แก้ไขแล้วเสร็จ"}},{"type":"Feature","id":392,"geometry":{"type":"Point","coordinates":[100.5032,13.69054]},"properties":{"name":"ถนนพระรามที่ 3 ซอย 16","district":"บางคอแหลม","problems":"น้ำฝน สนข.","status_detail":"พื้นที่เอกชนหรือหน่วยงานราชการ"}},{"type":"Feature","id":393,"geometry":{"type":"Point","coordinates":[100.497,13.69724]},"properties":{"name":"แยกถนนตก","district":"บางคอแหลม","problems":"น้ำฝน สนข.","status_detail":"อยู่ระหว่างดำเนินการแก้ไข"}},{"type":"Feature","id":394,"geometry":{"type":"Point","coordinates":[100.5963,13.66426]},"properties":{"name":"ซอยจ่าโสด แยก 24","district":"บางนา","problems":"น้ำฝน สนข.","status_detail":"แก้ไขแล้วเสร็จ"}},{"type":"Feature","id":395,"geometry":{"type":"Point","coordinates":[100.6146,13.66335]},"properties":{"name":"ซอยลาซาล 22 (หมู่บ้านลาซาลนิเวศน์)","district":"บางนา","problems":"น้ำฝน สนข.","status_detail":"แก้ไขแล้วเสร็จบางส่วน"}},{"type":"Feature","id":541,"geometry":{"type":"Point","coordinates":[100.6264,13.84234]},"properties":{"name":"หมู่บ้านทองสถิตย์","district":"ลาดพร้าว","problems":"น้ำฝน สนข.","status_detail":"พื้นที่เอกชนหรือหน่วยงานราชการ"}},{"type":"Feature","id":542,"geometry":{"type":"Point","coordinates":[100.6841,13.89105]},"properties":{"name":"ซอยจตุโชติ 20 (ชุมชนวัชรพล 3)","district":"สายไหม","problems":"น้ำฝน สนข.","status_detail":"อยู่ระหว่างดำเนินการแก้ไข"}},{"type":"Feature","id":543,"geometry":{"type":"Point","coordinates":[100.6105,13.81283]},"properties":{"name":"ถนนนาคนิวาส ช่วงซอยนาคนิวาส 36-42","district":"ลาดพร้าว","problems":"น้ำฝน สนข.","status_detail":"แก้ไขแล้วเสร็จบางส่วน"}},{"type":"Feature","id":544,"geometry":{"type":"Point","coordinates":[100.6238,13.83363]},"properties":{"name":"ถนนสุคนธสวัสดิ์ 19 ถึงคลองขี้เสือใหญ่","district":"ลาดพร้าว","problems":"น้ำฝน สนข.","status_detail":"แก้ไขแล้วเสร็จบางส่วน"}},{"type":"Feature","id":396,"geometry":{"type":"Point","coordinates":[100.6137,13.65881]},"properties":{"name":"ซอย ลาซาล 24","district":"บางนา","problems":"น้ำฝน สนข.","status_detail":"แก้ไขแล้วเสร็จบางส่วน"}},{"type":"Feature","id":397,"geometry":{"type":"Point","coordinates":[100.618,13.66158]},"properties":{"name":"ซอยลาซาล 32","district":"บางนา","problems":"น้ำฝน สนข.","status_detail":"แก้ไขแล้วเสร็จบางส่วน"}},{"type":"Feature","id":398,"geometry":{"type":"Point","coordinates":[100.6387,13.67569]},"properties":{"name":"หมู่บ้านรังสิยา (อุดมสุข 58)","district":"บางนา","problems":"น้ำฝน สนข.","status_detail":"แก้ไขแล้วเสร็จบางส่วน"}},{"type":"Feature","id":399,"geometry":{"type":"Point","coordinates":[100.6379,13.66588]},"properties":{"name":"หมู่บ้านธันธวัช (ซอยบางนา-ตราด 42),","district":"บางนา","problems":"น้ำฝน สนข.","status_detail":"แก้ไขแล้วเสร็จบางส่วน"}},{"type":"Feature","id":400,"geometry":{"type":"Point","coordinates":[100.6358,13.66572]},"properties":{"name":"หมู่บ้านศานติ (ซอยบางนา-ตราด 38)","district":"บางนา","problems":"น้ำฝน สนข.","status_detail":"แก้ไขแล้วเสร็จบางส่วน"}},{"type":"Feature","id":401,"geometry":{"type":"Point","coordinates":[100.6409,13.66966]},"properties":{"name":"หมู่บ้านไพโรจน์ (ซอยบางนา-ตราด 27)","district":"บางนา","problems":"น้ำฝน สนข.","status_detail":"แก้ไขแล้วเสร็จบางส่วน"}},{"type":"Feature","id":402,"geometry":{"type":"Point","coordinates":[100.6005,13.66575]},"properties":{"name":"หมู่บ้านนภาลัย (สุขุมวิท 70/3)","district":"บางนา","problems":"น้ำฝน สนข.","status_detail":"แก้ไขแล้วเสร็จ"}},{"type":"Feature","id":403,"geometry":{"type":"Point","coordinates":[100.623,13.65527]},"properties":{"name":"หมู่บ้านเครือวัลย์ (ซอยแบริ่ง 19)","district":"บางนา","problems":"น้ำฝน สนข.","status_detail":"แก้ไขแล้วเสร็จบางส่วน"}},{"type":"Feature","id":404,"geometry":{"type":"Point","coordinates":[100.6464,13.65517]},"properties":{"name":"ถนนลาซาลตัดใหม่ (หน้าโรงพยาบาลศิครินทร์)","district":"บางนา","problems":"น้ำฝน สนข.","status_detail":"แก้ไขแล้วเสร็จบางส่วน"}},{"type":"Feature","id":405,"geometry":{"type":"Point","coordinates":[100.6043,13.6723]},"properties":{"name":"ซอย สรรพาวุธ 1 แยก 2","district":"บางนา","problems":"น้ำฝน สนข.","status_detail":"แก้ไขแล้วเสร็จ"}},{"type":"Feature","id":406,"geometry":{"type":"Point","coordinates":[100.6275,13.66698]},"properties":{"name":"ซอย บางนา-ตราด 24","district":"บางนา","problems":"น้ำฝน สนข.","status_detail":"อยู่ระหว่างดำเนินการแก้ไข"}},{"type":"Feature","id":407,"geometry":{"type":"Point","coordinates":[100.6417,13.66421]},"properties":{"name":"ซอยบางนา – ตราด 46 (เคหะบางนา)","district":"บางนา","problems":"น้ำฝน สนข.","status_detail":"แก้ไขแล้วเสร็จ"}},{"type":"Feature","id":408,"geometry":{"type":"Point","coordinates":[100.6363,13.67242]},"properties":{"name":"ซอย บางนา-ตราด 23","district":"บางนา","problems":"น้ำฝน สนข.","status_detail":"แก้ไขแล้วเสร็จบางส่วน"}},{"type":"Feature","id":409,"geometry":{"type":"Point","coordinates":[100.6364,13.67634]},"properties":{"name":"ซอยอุดมสุข 56","district":"บางนา","problems":"น้ำฝน สนข.","status_detail":"แก้ไขแล้วเสร็จ"}},{"type":"Feature","id":410,"geometry":{"type":"Point","coordinates":[100.6383,13.71224]},"properties":{"name":"ซอยอ่อนนุช 39","district":"สวนหลวง","problems":"น้ำฝน สนข.","status_detail":"แก้ไขแล้วเสร็จ"}},{"type":"Feature","id":411,"geometry":{"type":"Point","coordinates":[100.6298,13.65892]},"properties":{"name":"ซอยลาซาล 46 (หมู่บ้านศรีพงษ์)","district":"บางนา","problems":"น้ำฝน สนข.","status_detail":"แก้ไขแล้วเสร็จ"}},{"type":"Feature","id":412,"geometry":{"type":"Point","coordinates":[100.6171,13.74091]},"properties":{"name":"ถนนกำแพงเพชร 7","district":"สวนหลวง","problems":"น้ำฝน สนข.","status_detail":"อยู่ระหว่างดำเนินการแก้ไข"}},{"type":"Feature","id":413,"geometry":{"type":"Point","coordinates":[100.6472,13.73212]},"properties":{"name":"ซอยพัฒนาการ 58 (หมู่บ้านเอื้อสุข)","district":"สวนหลวง","problems":"น้ำฝน สนข.","status_detail":"แก้ไขแล้วเสร็จ"}},{"type":"Feature","id":414,"geometry":{"type":"Point","coordinates":[100.6213,13.72653]},"properties":{"name":"ซอย พัฒนาการ 30","district":"สวนหลวง","problems":"น้ำฝน สนข.","status_detail":"มีมาตรการเร่งด่วน"}},{"type":"Feature","id":415,"geometry":{"type":"Point","coordinates":[100.6394,13.72902]},"properties":{"name":"ซอยพัฒนาการ 54 (หมู่บ้านพลเทพ)","district":"สวนหลวง","problems":"น้ำฝน สนข.","status_detail":"พื้นที่เอกชนหรือหน่วยงานราชการ"}},{"type":"Feature","id":416,"geometry":{"type":"Point","coordinates":[100.6313,13.73678]},"properties":{"name":"ซอยพัฒนาการ 46 หมู่บ้านศิรินเทพ","district":"สวนหลวง","problems":"น้ำฝน สนข.","status_detail":"พื้นที่เอกชนหรือหน่วยงานราชการ"}},{"type":"Feature","id":417,"geometry":{"type":"Point","coordinates":[100.6184,13.73945]},"properties":{"name":"ซอนพัฒนาการ 29 หมู่บ้านเกษรา","district":"สวนหลวง","problems":"น้ำฝน สนข.","status_detail":"พื้นที่เอกชนหรือหน่วยงานราชการ"}},{"type":"Feature","id":418,"geometry":{"type":"Point","coordinates":[100.6489,13.73258]},"properties":{"name":"ซอยพัฒนาการ 53 (หมู่บ้านเมืองทอง 2 โครงการ 3)","district":"สวนหลวง","problems":"น้ำฝน สนข.","status_detail":"พื้นที่เอกชนหรือหน่วยงานราชการ"}},{"type":"Feature","id":419,"geometry":{"type":"Point","coordinates":[100.6049,13.69166]},"properties":{"name":"ซอยสุขุมวิท 64 แยก 6 -5 -2 -2","district":"พระโขนง","problems":"น้ำฝน สนข.","status_detail":"แก้ไขแล้วเสร็จ"}},{"type":"Feature","id":420,"geometry":{"type":"Point","coordinates":[100.6019,13.69038]},"properties":{"name":"ซอยสุขุมวิท 64 แยก 6 -5 -2 -1","district":"พระโขนง","problems":"น้ำฝน สนข.","status_detail":"แก้ไขแล้วเสร็จ"}},{"type":"Feature","id":421,"geometry":{"type":"Point","coordinates":[100.6394,13.68079]},"properties":{"name":"หมู่บ้านรุ่งเจริญ ซอยอุดมสุข 51","district":"พระโขนง","problems":"น้ำฝน สนข.","status_detail":"แก้ไขแล้วเสร็จ"}},{"type":"Feature","id":422,"geometry":{"type":"Point","coordinates":[100.6243,13.68455]},"properties":{"name":"ซอยสุขุมวิท 101/1 ช่วงระหว่างซอยวชิรธรรมสาธิต 17 – 29","district":"พระโขนง","problems":"น้ำฝน สนข.","status_detail":"แก้ไขแล้วเสร็จบางส่วน"}},{"type":"Feature","id":423,"geometry":{"type":"Point","coordinates":[100.5263,13.68417]},"properties":{"name":"ซอยสาธุประดิษฐ์ 58 แยก 10","district":"ยานนาวา","problems":"น้ำฝน สนข.","status_detail":"แก้ไขแล้วเสร็จบางส่วน"}},{"type":"Feature","id":424,"geometry":{"type":"Point","coordinates":[100.5347,13.6753]},"properties":{"name":"พระราม 3 ซอย 41","district":"ยานนาวา","problems":"น้ำฝน สนข.","status_detail":"แก้ไขแล้วเสร็จ"}},{"type":"Feature","id":425,"geometry":{"type":"Point","coordinates":[100.5365,13.68899]},"properties":{"name":"ซอย สาธุประดิษฐ์ 45 แยก 3","district":"ยานนาวา","problems":"น้ำฝน สนข.","status_detail":"แก้ไขแล้วเสร็จบางส่วน"}},{"type":"Feature","id":426,"geometry":{"type":"Point","coordinates":[100.5351,13.6919]},"properties":{"name":"ซอย สาธุประดิษฐ์ 39","district":"ยานนาวา","problems":"น้ำฝน สนข.","status_detail":"พื้นที่เอกชนหรือหน่วยงานราชการ"}},{"type":"Feature","id":427,"geometry":{"type":"Point","coordinates":[100.5359,13.68814]},"properties":{"name":"ซอยสาธุประดิษฐ์ 45 แยก 5","district":"ยานนาวา","problems":"น้ำฝน สนข.","status_detail":"แก้ไขแล้วเสร็จบางส่วน"}},{"type":"Feature","id":428,"geometry":{"type":"Point","coordinates":[100.6257,13.70028]},"properties":{"name":"ซอยปุณณวิถี 53 (หมู่บ้านเมืองทอง 4)","district":"พระโขนง","problems":"น้ำฝน สนข.","status_detail":"พื้นที่เอกชนหรือหน่วยงานราชการ"}},{"type":"Feature","id":429,"geometry":{"type":"Point","coordinates":[100.5339,13.70212]},"properties":{"name":"ซอย สาธุประดิษฐ์ 15","district":"ยานนาวา","problems":"น้ำฝน สนข.","status_detail":"มีมาตรการเร่งด่วน"}},{"type":"Feature","id":430,"geometry":{"type":"Point","coordinates":[100.6008,13.73404]},"properties":{"name":"ซอย ปรีดี พนมยงค์ 42","district":"วัฒนา","problems":"น้ำฝน สนข.","status_detail":"แก้ไขแล้วเสร็จ"}},{"type":"Feature","id":431,"geometry":{"type":"Point","coordinates":[100.539,13.69172]},"properties":{"name":"บริเวณซอยนนทรี 14 ช่วงกลางซอยถึงท้ายซอย","district":"ยานนาวา","problems":"น้ำฝน สนข.","status_detail":"แก้ไขแล้วเสร็จบางส่วน"}},{"type":"Feature","id":432,"geometry":{"type":"Point","coordinates":[100.6016,13.74746]},"properties":{"name":"ซอย รามคำแหง 5 แยกไซหนับพัฒนา","district":"สวนหลวง","problems":"น้ำฝน สนข.","status_detail":"แก้ไขแล้วเสร็จ"}},{"type":"Feature","id":433,"geometry":{"type":"Point","coordinates":[100.5928,13.72991]},"properties":{"name":"ซอย ปรีดี พนมยงค์ 31","district":"วัฒนา","problems":"น้ำฝน สนข.","status_detail":"แก้ไขแล้วเสร็จ"}},{"type":"Feature","id":434,"geometry":{"type":"Point","coordinates":[100.5918,13.7317]},"properties":{"name":"ซอย ปรีดี พนมยงค์ 37","district":"วัฒนา","problems":"น้ำฝน สนข.","status_detail":"แก้ไขแล้วเสร็จ"}},{"type":"Feature","id":435,"geometry":{"type":"Point","coordinates":[100.5933,13.72701]},"properties":{"name":"ซอย ปรีดี พนมยงค์ 25","district":"วัฒนา","problems":"น้ำฝน สนข.","status_detail":"แก้ไขแล้วเสร็จ"}},{"type":"Feature","id":436,"geometry":{"type":"Point","coordinates":[100.6005,13.72603]},"properties":{"name":"ซอย ปรีดี พนมยงค์ 26","district":"วัฒนา","problems":"น้ำฝน สนข.","status_detail":"แก้ไขแล้วเสร็จบางส่วน"}},{"type":"Feature","id":437,"geometry":{"type":"Point","coordinates":[100.6014,13.72038]},"properties":{"name":"ซอย ปรีดี พนมยงค์ 14","district":"วัฒนา","problems":"น้ำฝน สนข.","status_detail":"แก้ไขแล้วเสร็จบางส่วน"}},{"type":"Feature","id":438,"geometry":{"type":"Point","coordinates":[100.5942,13.71983]},"properties":{"name":"ซอย ปรีดี พนมยงค์ 13","district":"วัฒนา","problems":"น้ำฝน สนข.","status_detail":"แก้ไขแล้วเสร็จ"}},{"type":"Feature","id":439,"geometry":{"type":"Point","coordinates":[100.5958,13.72193]},"properties":{"name":"ถนน สุขุมวิท 71","district":"วัฒนา","problems":"น้ำฝน สนข.","status_detail":"แก้ไขแล้วเสร็จบางส่วน"}},{"type":"Feature","id":440,"geometry":{"type":"Point","coordinates":[100.5888,13.72033]},"properties":{"name":"สุขุมวิท 65","district":"วัฒนา","problems":"น้ำฝน สนข.","status_detail":"แก้ไขแล้วเสร็จบางส่วน"}},{"type":"Feature","id":441,"geometry":{"type":"Point","coordinates":[100.6227,13.66844]},"properties":{"name":"หมู่บ้านถาวรนิเวศน์ (ซอยบางนา-ตราด 14)","district":"บางนา","problems":"น้ำฝน สนข.","status_detail":"แก้ไขแล้วเสร็จบางส่วน"}},{"type":"Feature","id":442,"geometry":{"type":"Point","coordinates":[100.526,13.70788]},"properties":{"name":"ซอย จันทน์ 18/7 แยก 1","district":"สาทร","problems":"น้ำฝน สนข.","status_detail":"แก้ไขแล้วเสร็จ"}},{"type":"Feature","id":443,"geometry":{"type":"Point","coordinates":[100.5934,13.73522]},"properties":{"name":"เอกมัย 22","district":"วัฒนา","problems":"น้ำฝน สนข.","status_detail":"แก้ไขแล้วเสร็จ"}},{"type":"Feature","id":444,"geometry":{"type":"Point","coordinates":[100.5932,13.72176]},"properties":{"name":"ซอย ปรีดี พนมยงค์ 15","district":"วัฒนา","problems":"น้ำฝน สนข.","status_detail":"แก้ไขแล้วเสร็จ"}},{"type":"Feature","id":445,"geometry":{"type":"Point","coordinates":[100.583,13.91416]},"properties":{"name":"ถนนประชาอุทิศ","district":"ดอนเมือง","problems":"น้ำฝน สนข.","status_detail":"อยู่ระหว่างดำเนินการแก้ไข"}},{"type":"Feature","id":446,"geometry":{"type":"Point","coordinates":[100.5668,13.92043]},"properties":{"name":"ซอยวัดเวฬุวนาราม 30","district":"ดอนเมือง","problems":"น้ำฝน สนข.","status_detail":"แก้ไขแล้วเสร็จ"}},{"type":"Feature","id":447,"geometry":{"type":"Point","coordinates":[100.5825,13.9281]},"properties":{"name":"คูนายกิม 3","district":"ดอนเมือง","problems":"น้ำฝน สนข.","status_detail":"แก้ไขแล้วเสร็จบางส่วน"}},{"type":"Feature","id":448,"geometry":{"type":"Point","coordinates":[100.6099,13.94868]},"properties":{"name":"ลำรางเลียบโรงเรียนพหลโยธิน","district":"ดอนเมือง","problems":"น้ำฝน สนข.","status_detail":"อยู่ระหว่างดำเนินการแก้ไข"}},{"type":"Feature","id":449,"geometry":{"type":"Point","coordinates":[100.5849,13.91564]},"properties":{"name":"ถนนช่างอากาศอุทิศ","district":"ดอนเมือง","problems":"น้ำฝน สนข.","status_detail":"แก้ไขแล้วเสร็จบางส่วน"}},{"type":"Feature","id":450,"geometry":{"type":"Point","coordinates":[100.5684,13.92967]},"properties":{"name":"ลำรางหน้าวัดพุทธสยาม","district":"ดอนเมือง","problems":"น้ำฝน สนข.","status_detail":"แก้ไขแล้วเสร็จ"}},{"type":"Feature","id":451,"geometry":{"type":"Point","coordinates":[100.5675,13.92873]},"properties":{"name":"ลำรางข้างหมู่บ้านเทพประทาน","district":"ดอนเมือง","problems":"น้ำฝน สนข.","status_detail":"อยู่ระหว่างดำเนินการแก้ไข"}},{"type":"Feature","id":452,"geometry":{"type":"Point","coordinates":[100.5559,13.82483]},"properties":{"name":"ซอยวิภาวดีรังสิต 17","district":"จตุจักร","problems":"น้ำฝน สนข.","status_detail":"แก้ไขแล้วเสร็จ"}},{"type":"Feature","id":453,"geometry":{"type":"Point","coordinates":[100.5779,13.82587]},"properties":{"name":"ซอยรัชดาภิเษก 42","district":"จตุจักร","problems":"น้ำฝน สนข.","status_detail":"แก้ไขแล้วเสร็จ"}},{"type":"Feature","id":454,"geometry":{"type":"Point","coordinates":[100.5779,13.82222]},"properties":{"name":"ซอยรัชดาภิเษก 36","district":"จตุจักร","problems":"น้ำฝน สนข.","status_detail":"แก้ไขแล้วเสร็จบางส่วน"}},{"type":"Feature","id":455,"geometry":{"type":"Point","coordinates":[100.5822,13.85973]},"properties":{"name":"ซอยพหลโยธิน 49/1","district":"หลักสี่","problems":"น้ำฝน สนข.","status_detail":"แก้ไขแล้วเสร็จ"}},{"type":"Feature","id":456,"geometry":{"type":"Point","coordinates":[100.5829,13.85457]},"properties":{"name":"ซอยพลโยธิน 49","district":"จตุจักร","problems":"น้ำฝน สนข.","status_detail":"แก้ไขแล้วเสร็จ"}},{"type":"Feature","id":457,"geometry":{"type":"Point","coordinates":[100.5901,13.84079]},"properties":{"name":"ซอยพหลโยธิน 34","district":"จตุจักร","problems":"น้ำฝน สนข.","status_detail":"อยู่ระหว่างดำเนินการแก้ไข"}},{"type":"Feature","id":458,"geometry":{"type":"Point","coordinates":[100.5469,13.83166]},"properties":{"name":"หมู่บ้านปูนซีเมนต์ไทย","district":"จตุจักร","problems":"น้ำฝน สนข.","status_detail":"แก้ไขแล้วเสร็จ"}},{"type":"Feature","id":459,"geometry":{"type":"Point","coordinates":[100.6517,13.87594]},"properties":{"name":"ถนนเทพรักษ์ช่วงระหว่างเวนคืนที่ดิน ซอยครูเพี้ยน","district":"บางเขน","problems":"น้ำฝน สนข.","status_detail":"อยู่ระหว่างดำเนินการแก้ไข"}},{"type":"Feature","id":460,"geometry":{"type":"Point","coordinates":[100.5962,13.87567]},"properties":{"name":"วงเวียนบางเขน","district":"บางเขน","problems":"น้ำฝน สนข.","status_detail":"แก้ไขแล้วเสร็จ"}},{"type":"Feature","id":461,"geometry":{"type":"Point","coordinates":[100.6057,13.89047]},"properties":{"name":"ถนนเทพรักษ์ตัดกับถนนพหลโยธิน","district":"บางเขน","problems":"น้ำฝน สนข.","status_detail":"แก้ไขแล้วเสร็จ"}},{"type":"Feature","id":462,"geometry":{"type":"Point","coordinates":[100.6447,13.8697]},"properties":{"name":"ถนนวัชรพล","district":"บางเขน","problems":"น้ำฝน สนข.","status_detail":"แก้ไขแล้วเสร็จ"}},{"type":"Feature","id":463,"geometry":{"type":"Point","coordinates":[100.6467,13.86753]},"properties":{"name":"ถนนสุขาภิบาล 5 ถึงแยกวัชรพล","district":"บางเขน","problems":"น้ำฝน สนข.","status_detail":"แก้ไขแล้วเสร็จ"}},{"type":"Feature","id":464,"geometry":{"type":"Point","coordinates":[100.6059,13.87081]},"properties":{"name":"ซอยรามอินทรา 5","district":"บางเขน","problems":"น้ำฝน สนข.","status_detail":"แก้ไขแล้วเสร็จบางส่วน"}},{"type":"Feature","id":465,"geometry":{"type":"Point","coordinates":[100.6185,13.86929]},"properties":{"name":"ซอยรามอินทรา 19","district":"บางเขน","problems":"น้ำฝน สนข.","status_detail":"แก้ไขแล้วเสร็จบางส่วน"}},{"type":"Feature","id":466,"geometry":{"type":"Point","coordinates":[100.62,13.86871]},"properties":{"name":"ซอยรามอินทรา 21","district":"บางเขน","problems":"น้ำฝน สนข.","status_detail":"แก้ไขแล้วเสร็จบางส่วน"}},{"type":"Feature","id":467,"geometry":{"type":"Point","coordinates":[100.6252,13.86492]},"properties":{"name":"ซอยรามอินทรา 31","district":"บางเขน","problems":"น้ำฝน สนข.","status_detail":"แก้ไขแล้วเสร็จบางส่วน"}},{"type":"Feature","id":468,"geometry":{"type":"Point","coordinates":[100.621,13.86736]},"properties":{"name":"ซอยรามอินทรา 23","district":"บางเขน","problems":"น้ำฝน สนข.","status_detail":"แก้ไขแล้วเสร็จบางส่วน"}},{"type":"Feature","id":469,"geometry":{"type":"Point","coordinates":[100.6273,13.86276]},"properties":{"name":"ซอยรามอินทรา 39","district":"บางเขน","problems":"น้ำฝน สนข.","status_detail":"แก้ไขแล้วเสร็จบางส่วน"}},{"type":"Feature","id":470,"geometry":{"type":"Point","coordinates":[100.5786,13.84745]},"properties":{"name":"ซอยพหลโยธิน 43","district":"จตุจักร","problems":"น้ำฝน สนข.","status_detail":"แก้ไขแล้วเสร็จ"}},{"type":"Feature","id":471,"geometry":{"type":"Point","coordinates":[100.5971,13.84319]},"properties":{"name":"ถนนลาดปลาเค้า","district":"ลาดพร้าว","problems":"น้ำฝน สนข.","status_detail":"แก้ไขแล้วเสร็จ"}},{"type":"Feature","id":472,"geometry":{"type":"Point","coordinates":[100.6269,13.85773]},"properties":{"name":"แฟลตการเคหะรามอินทรา กม.4","district":"บางเขน","problems":"น้ำฝน สนข.","status_detail":"แก้ไขแล้วเสร็จ"}},{"type":"Feature","id":473,"geometry":{"type":"Point","coordinates":[100.6698,13.86729]},"properties":{"name":"ซอยคู้บอน 27 แยก 42","district":"บางเขน","problems":"น้ำฝน สนข.","status_detail":"แก้ไขแล้วเสร็จ"}},{"type":"Feature","id":474,"geometry":{"type":"Point","coordinates":[100.6696,13.86817]},"properties":{"name":"ซอยคู้บอน 27 แยก 46","district":"บางเขน","problems":"น้ำฝน สนข.","status_detail":"แก้ไขแล้วเสร็จ"}},{"type":"Feature","id":475,"geometry":{"type":"Point","coordinates":[100.6697,13.86774]},"properties":{"name":"ซอยคู้บอน 27 แยก 44","district":"บางเขน","problems":"น้ำฝน สนข.","status_detail":"แก้ไขแล้วเสร็จ"}},{"type":"Feature","id":476,"geometry":{"type":"Point","coordinates":[100.6693,13.86848]},"properties":{"name":"ซอยคู้บอน 27 แยก 48","district":"บางเขน","problems":"น้ำฝน สนข.","status_detail":"แก้ไขแล้วเสร็จ"}},{"type":"Feature","id":477,"geometry":{"type":"Point","coordinates":[100.6689,13.86981]},"properties":{"name":"ซอยคู้บอน 27 แยก 54","district":"บางเขน","problems":"น้ำฝน สนข.","status_detail":"แก้ไขแล้วเสร็จ"}},{"type":"Feature","id":478,"geometry":{"type":"Point","coordinates":[100.669,13.86942]},"properties":{"name":"ซอยคู้บอน 27 แยก 52","district":"บางเขน","problems":"น้ำฝน สนข.","status_detail":"แก้ไขแล้วเสร็จ"}},{"type":"Feature","id":479,"geometry":{"type":"Point","coordinates":[100.6007,13.87457]},"properties":{"name":"หมู่บ้านอัมรินทร์นิเวศน์","district":"บางเขน","problems":"น้ำฝน สนข.","status_detail":"แก้ไขแล้วเสร็จ"}},{"type":"Feature","id":480,"geometry":{"type":"Point","coordinates":[100.6688,13.87104]},"properties":{"name":"ซอยคู้บอน 27 แยก 56","district":"บางเขน","problems":"น้ำฝน สนข.","status_detail":"แก้ไขแล้วเสร็จ"}},{"type":"Feature","id":481,"geometry":{"type":"Point","coordinates":[100.6517,13.87589]},"properties":{"name":"ชุมชนวัดอาวุธ","district":"บางเขน","problems":"น้ำฝน สนข.","status_detail":"พื้นที่เอกชนหรือหน่วยงานราชการ"}},{"type":"Feature","id":482,"geometry":{"type":"Point","coordinates":[100.6493,13.86715]},"properties":{"name":"ชุมชนวัชรปราณี","district":"บางเขน","problems":"น้ำฝน สนข.","status_detail":"พื้นที่เอกชนหรือหน่วยงานราชการ"}},{"type":"Feature","id":483,"geometry":{"type":"Point","coordinates":[100.5313,13.82325]},"properties":{"name":"ซอยกรุงเทพ - นนทบุรี 31","district":"บางซื่อ","problems":"น้ำฝน สนข.","status_detail":"อยู่ระหว่างดำเนินการแก้ไข"}},{"type":"Feature","id":484,"geometry":{"type":"Point","coordinates":[100.6071,13.82723]},"properties":{"name":"หมู่บ้านเสนานิเวศน์ โครงการ 1","district":"ลาดพร้าว","problems":"น้ำฝน สนข.","status_detail":"แก้ไขแล้วเสร็จบางส่วน"}},{"type":"Feature","id":485,"geometry":{"type":"Point","coordinates":[100.624,13.84105]},"properties":{"name":"ชุมชนเนียมกล่ำสามัคคี","district":"ลาดพร้าว","problems":"น้ำฝน สนข.","status_detail":"แก้ไขแล้วเสร็จบางส่วน"}},{"type":"Feature","id":486,"geometry":{"type":"Point","coordinates":[100.5114,13.82603]},"properties":{"name":"บริเวณแนวคลองบางเขน","district":"บางซื่อ","problems":"น้ำฝน สนข.","status_detail":"แก้ไขแล้วเสร็จ"}},{"type":"Feature","id":487,"geometry":{"type":"Point","coordinates":[100.6072,13.83958]},"properties":{"name":"หมู่บ้านเสนานิเวศน์ โครงการ 2","district":"ลาดพร้าว","problems":"น้ำฝน สนข.","status_detail":"พื้นที่เอกชนหรือหน่วยงานราชการ"}},{"type":"Feature","id":488,"geometry":{"type":"Point","coordinates":[100.6249,13.84031]},"properties":{"name":"ซอยประเสริฐมนูกิจ 29 แยก 4","district":"ลาดพร้าว","problems":"น้ำฝน สนข.","status_detail":"แก้ไขแล้วเสร็จบางส่วน"}},{"type":"Feature","id":489,"geometry":{"type":"Point","coordinates":[100.622,13.82646]},"properties":{"name":"ถนนสุคนธสวัสดิ์ 13 ถึงถนนประเสริฐมนูกิจ","district":"ลาดพร้าว","problems":"น้ำฝน สนข.","status_detail":"แก้ไขแล้วเสร็จบางส่วน"}},{"type":"Feature","id":490,"geometry":{"type":"Point","coordinates":[100.6104,13.81476]},"properties":{"name":"หมู่บ้านลาดพร้าววิลเลจ","district":"ลาดพร้าว","problems":"น้ำฝน สนข.","status_detail":"พื้นที่เอกชนหรือหน่วยงานราชการ"}},{"type":"Feature","id":491,"geometry":{"type":"Point","coordinates":[100.6159,13.81381]},"properties":{"name":"ซอยนาคนิวาส 48 แยก 14","district":"ลาดพร้าว","problems":"น้ำฝน สนข.","status_detail":"แก้ไขแล้วเสร็จ"}},{"type":"Feature","id":492,"geometry":{"type":"Point","coordinates":[100.5973,13.80913]},"properties":{"name":"ถนนโชคชัย 4 ซอย 30","district":"ลาดพร้าว","problems":"น้ำฝน สนข.","status_detail":"แก้ไขแล้วเสร็จ"}},{"type":"Feature","id":493,"geometry":{"type":"Point","coordinates":[100.5975,13.81044]},"properties":{"name":"ถนนโชคชัย 4 ซอย 34","district":"ลาดพร้าว","problems":"น้ำฝน สนข.","status_detail":"แก้ไขแล้วเสร็จ"}},{"type":"Feature","id":494,"geometry":{"type":"Point","coordinates":[100.5975,13.81081]},"properties":{"name":"ถนนโชคชัย 4 ซอย 36","district":"ลาดพร้าว","problems":"น้ำฝน สนข.","status_detail":"แก้ไขแล้วเสร็จ"}},{"type":"Feature","id":495,"geometry":{"type":"Point","coordinates":[100.5972,13.80966]},"properties":{"name":"ถนนโชคชัย 4 ซอย 32","district":"ลาดพร้าว","problems":"น้ำฝน สนข.","status_detail":"แก้ไขแล้วเสร็จ"}},{"type":"Feature","id":496,"geometry":{"type":"Point","coordinates":[100.5971,13.8111]},"properties":{"name":"ถนนโชคชัย 4 ซอย 38","district":"ลาดพร้าว","problems":"น้ำฝน สนข.","status_detail":"แก้ไขแล้วเสร็จ"}},{"type":"Feature","id":497,"geometry":{"type":"Point","coordinates":[100.5973,13.81194]},"properties":{"name":"ถนนโชคชัย 4 ซอย 42","district":"ลาดพร้าว","problems":"น้ำฝน สนข.","status_detail":"แก้ไขแล้วเสร็จ"}},{"type":"Feature","id":498,"geometry":{"type":"Point","coordinates":[100.5972,13.81153]},"properties":{"name":"ถนนโชคชัย 4 ซอย 40","district":"ลาดพร้าว","problems":"น้ำฝน สนข.","status_detail":"แก้ไขแล้วเสร็จ"}},{"type":"Feature","id":499,"geometry":{"type":"Point","coordinates":[100.5972,13.81234]},"properties":{"name":"ถนนโชคชัย 4 ซอย 44","district":"ลาดพร้าว","problems":"น้ำฝน สนข.","status_detail":"แก้ไขแล้วเสร็จ"}},{"type":"Feature","id":500,"geometry":{"type":"Point","coordinates":[100.5915,13.82878]},"properties":{"name":"หมู่บ้านอมรพันธ์ 9","district":"ลาดพร้าว","problems":"น้ำฝน สนข.","status_detail":"อยู่ระหว่างดำเนินการแก้ไข"}},{"type":"Feature","id":501,"geometry":{"type":"Point","coordinates":[100.5895,13.80396]},"properties":{"name":"วัดลาดพร้าว","district":"ลาดพร้าว","problems":"น้ำฝน สนข.","status_detail":"แก้ไขแล้วเสร็จ"}},{"type":"Feature","id":502,"geometry":{"type":"Point","coordinates":[100.6267,13.8252]},"properties":{"name":"ซอยประดิษฐ์มนูธรรม 27","district":"ลาดพร้าว","problems":"น้ำฝน สนข.","status_detail":"แก้ไขแล้วเสร็จ"}},{"type":"Feature","id":503,"geometry":{"type":"Point","coordinates":[100.6176,13.81791]},"properties":{"name":"คอนโดเอื้อประชา ซอยนาคนิวาส 48 แยก 18","district":"ลาดพร้าว","problems":"น้ำฝน สนข.","status_detail":"พื้นที่เอกชนหรือหน่วยงานราชการ"}},{"type":"Feature","id":504,"geometry":{"type":"Point","coordinates":[100.6068,13.81288]},"properties":{"name":"ซอยโชคชัย 4 ซอย 54 แยก 4 ซอย 24","district":"ลาดพร้าว","problems":"น้ำฝน สนข.","status_detail":"แก้ไขแล้วเสร็จ"}},{"type":"Feature","id":505,"geometry":{"type":"Point","coordinates":[100.6068,13.81326]},"properties":{"name":"ซอยโชคชัย 4 ซอย 54 แยก 4 ซอย 23","district":"ลาดพร้าว","problems":"น้ำฝน สนข.","status_detail":"แก้ไขแล้วเสร็จ"}},{"type":"Feature","id":506,"geometry":{"type":"Point","coordinates":[100.5981,13.80591]},"properties":{"name":"ถนนโชคชัย 4 ซอย 20","district":"ลาดพร้าว","problems":"น้ำฝน สนข.","status_detail":"แก้ไขแล้วเสร็จ"}},{"type":"Feature","id":507,"geometry":{"type":"Point","coordinates":[100.6206,13.83527]},"properties":{"name":"หมู่บ้ำนเฟรนชิพ","district":"ลาดพร้าว","problems":"น้ำฝน สนข.","status_detail":"แก้ไขแล้วเสร็จ"}},{"type":"Feature","id":508,"geometry":{"type":"Point","coordinates":[100.6068,13.81244]},"properties":{"name":"ซอยโชคชัย 4 ซอย 54 แยก 4 ซอย 25","district":"ลาดพร้าว","problems":"น้ำฝน สนข.","status_detail":"แก้ไขแล้วเสร็จ"}},{"type":"Feature","id":509,"geometry":{"type":"Point","coordinates":[100.5929,13.81399]},"properties":{"name":"ซอยโชคชัย 4 ซอย 49 แยก 7","district":"ลาดพร้าว","problems":"น้ำฝน สนข.","status_detail":"แก้ไขแล้วเสร็จ"}},{"type":"Feature","id":510,"geometry":{"type":"Point","coordinates":[100.5935,13.81876]},"properties":{"name":"ซอยลาดพร้าววังหิน 48","district":"ลาดพร้าว","problems":"น้ำฝน สนข.","status_detail":"แก้ไขแล้วเสร็จ"}},{"type":"Feature","id":511,"geometry":{"type":"Point","coordinates":[100.6019,13.81059]},"properties":{"name":"ซอยโชคชัย 4 บริเวณท้ายซอย 36","district":"ลาดพร้าว","problems":"น้ำฝน สนข.","status_detail":"แก้ไขแล้วเสร็จบางส่วน"}},{"type":"Feature","id":512,"geometry":{"type":"Point","coordinates":[100.6214,13.89125]},"properties":{"name":"ซอยพหลโยธิน 52 แยก 27 (ซอยทิมเรืองเวช)","district":"สายไหม","problems":"น้ำฝน สนข.","status_detail":"แก้ไขแล้วเสร็จ"}},{"type":"Feature","id":513,"geometry":{"type":"Point","coordinates":[100.6203,13.89459]},"properties":{"name":"ซอยพหลโยธิน 52 แยก 11 (หมู่บ้านณัฐกานต์ 3-5,วัดอมราวราม)","district":"สายไหม","problems":"น้ำฝน สนข.","status_detail":"แก้ไขแล้วเสร็จบางส่วน"}},{"type":"Feature","id":514,"geometry":{"type":"Point","coordinates":[100.6114,13.88874]},"properties":{"name":"ซอยพหลโยธิน 50 (ชุมชนเสนาวัฒนา)","district":"สายไหม","problems":"น้ำฝน สนข.","status_detail":"อยู่ระหว่างดำเนินการแก้ไข"}},{"type":"Feature","id":515,"geometry":{"type":"Point","coordinates":[100.6269,13.89478]},"properties":{"name":"ซอยเพิ่มสิน 20","district":"สายไหม","problems":"น้ำฝน สนข.","status_detail":"แก้ไขแล้วเสร็จ"}},{"type":"Feature","id":516,"geometry":{"type":"Point","coordinates":[100.642,13.90821]},"properties":{"name":"ซอยพหลโยธิน 54/1 (ซอยวัดเกาะ)","district":"สายไหม","problems":"น้ำฝน สนข.","status_detail":"แก้ไขแล้วเสร็จบางส่วน"}},{"type":"Feature","id":517,"geometry":{"type":"Point","coordinates":[100.5974,13.82043]},"properties":{"name":"ซอยสตรีวิทยา 2 ซอย 29","district":"ลาดพร้าว","problems":"น้ำฝน สนข.","status_detail":"แก้ไขแล้วเสร็จ"}},{"type":"Feature","id":518,"geometry":{"type":"Point","coordinates":[100.6837,13.92144]},"properties":{"name":"ถนนสายไหม (สามแยกตลาดวงศกร)","district":"สายไหม","problems":"น้ำฝน สนข.","status_detail":"แก้ไขแล้วเสร็จ"}},{"type":"Feature","id":519,"geometry":{"type":"Point","coordinates":[100.6459,13.93033]},"properties":{"name":"ท้ายซอยสายไหม 17","district":"สายไหม","problems":"น้ำฝน สนข.","status_detail":"แก้ไขแล้วเสร็จ"}},{"type":"Feature","id":520,"geometry":{"type":"Point","coordinates":[100.6444,13.92532]},"properties":{"name":"ซอยสายไหม 15 (หมู่บ้านอัมรินทร์3 ผัง 4)","district":"สายไหม","problems":"น้ำฝน สนข.","status_detail":"พื้นที่เอกชนหรือหน่วยงานราชการ"}},{"type":"Feature","id":521,"geometry":{"type":"Point","coordinates":[100.6427,13.922]},"properties":{"name":"หน้าตลาดเอซี","district":"สายไหม","problems":"น้ำฝน สนข.","status_detail":"แก้ไขแล้วเสร็จ"}},{"type":"Feature","id":522,"geometry":{"type":"Point","coordinates":[100.629,13.92996]},"properties":{"name":"ซอยพหลโยธิน 54/4","district":"สายไหม","problems":"น้ำฝน สนข.","status_detail":"อยู่ระหว่างดำเนินการแก้ไข"}},{"type":"Feature","id":523,"geometry":{"type":"Point","coordinates":[100.6377,13.92976]},"properties":{"name":"ซอยพหลโยธิน 54/1 แยก 3","district":"สายไหม","problems":"น้ำฝน สนข.","status_detail":"แก้ไขแล้วเสร็จ"}},{"type":"Feature","id":524,"geometry":{"type":"Point","coordinates":[100.6294,13.93437]},"properties":{"name":"ซอยพหลโยธิน 56","district":"สายไหม","problems":"น้ำฝน สนข.","status_detail":"อยู่ระหว่างดำเนินการแก้ไข"}},{"type":"Feature","id":525,"geometry":{"type":"Point","coordinates":[100.6705,13.91257]},"properties":{"name":"ซอยสุขาภิบาล 5 ซอย 65 (ชุมชนหนองใหญ่)","district":"สายไหม","problems":"น้ำฝน สนข.","status_detail":"พื้นที่เอกชนหรือหน่วยงานราชการ"}},{"type":"Feature","id":526,"geometry":{"type":"Point","coordinates":[100.642,13.89252]},"properties":{"name":"ซอยวัชรพล 8","district":"สายไหม","problems":"น้ำฝน สนข.","status_detail":"แก้ไขแล้วเสร็จบางส่วน"}},{"type":"Feature","id":527,"geometry":{"type":"Point","coordinates":[100.6416,13.89378]},"properties":{"name":"ซอยวัชรพล 10","district":"สายไหม","problems":"น้ำฝน สนข.","status_detail":"แก้ไขแล้วเสร็จบางส่วน"}},{"type":"Feature","id":528,"geometry":{"type":"Point","coordinates":[100.6385,13.89539]},"properties":{"name":"ซอยวัชรพล 12","district":"สายไหม","problems":"น้ำฝน สนข.","status_detail":"แก้ไขแล้วเสร็จบางส่วน"}},{"type":"Feature","id":529,"geometry":{"type":"Point","coordinates":[100.5558,13.87272]},"properties":{"name":"หมู่บ้านท่าทราย ซอยประชาชื่น 12","district":"หลักสี่","problems":"น้ำฝน สนข.","status_detail":"แก้ไขแล้วเสร็จ"}},{"type":"Feature","id":530,"geometry":{"type":"Point","coordinates":[100.5533,13.87663]},"properties":{"name":"หมู่บ้านการไฟฟ้า ซอยประชาชื่น 14","district":"หลักสี่","problems":"น้ำฝน สนข.","status_detail":"แก้ไขแล้วเสร็จ"}},{"type":"Feature","id":531,"geometry":{"type":"Point","coordinates":[100.6652,13.88443]},"properties":{"name":"ซอยสุขาภิบาล 5 ซอย 32 แยก 7 (ชุมชนพรพระร่วง)","district":"สายไหม","problems":"น้ำฝน สนข.","status_detail":"แก้ไขแล้วเสร็จบางส่วน"}},{"type":"Feature","id":532,"geometry":{"type":"Point","coordinates":[100.5559,13.86985]},"properties":{"name":"ซอยงามวงศ์วาน 47 แยกภาสยา","district":"หลักสี่","problems":"น้ำฝน สนข.","status_detail":"แก้ไขแล้วเสร็จ"}},{"type":"Feature","id":533,"geometry":{"type":"Point","coordinates":[100.5565,13.86027]},"properties":{"name":"ซอยงามวงศ์วาน 47 แยกตลาดชินมณี","district":"หลักสี่","problems":"น้ำฝน สนข.","status_detail":"แก้ไขแล้วเสร็จบางส่วน"}},{"type":"Feature","id":534,"geometry":{"type":"Point","coordinates":[100.5582,13.86997]},"properties":{"name":"ซอยงามวงศ์วาน 47 แยก 42 (หน้าแฟมิล)","district":"หลักสี่","problems":"น้ำฝน สนข.","status_detail":"แก้ไขแล้วเสร็จ"}},{"type":"Feature","id":535,"geometry":{"type":"Point","coordinates":[100.5754,13.89818]},"properties":{"name":"ซอยธนาลักษณ์","district":"หลักสี่","problems":"น้ำฝน สนข.","status_detail":"แก้ไขแล้วเสร็จ"}},{"type":"Feature","id":536,"geometry":{"type":"Point","coordinates":[100.5747,13.89682]},"properties":{"name":"ชุมชนมีสุข","district":"หลักสี่","problems":"น้ำฝน สนข.","status_detail":"แก้ไขแล้วเสร็จ"}},{"type":"Feature","id":537,"geometry":{"type":"Point","coordinates":[100.5782,13.89373]},"properties":{"name":"หมู่บ้านสุขนิรันดร์","district":"หลักสี่","problems":"น้ำฝน สนข.","status_detail":"แก้ไขแล้วเสร็จ"}},{"type":"Feature","id":538,"geometry":{"type":"Point","coordinates":[100.5628,13.90356]},"properties":{"name":"ซอยแจ้งวัฒนะ 14 (บริเวณรอบบึงสีกันหมู่บ้านเมืองทองนิเวศน์)","district":"หลักสี่","problems":"น้ำฝน สนข.","status_detail":"แก้ไขแล้วเสร็จ"}},{"type":"Feature","id":539,"geometry":{"type":"Point","coordinates":[100.5798,13.84391]},"properties":{"name":"ซอยพหลโยธิน 40","district":"จตุจักร","problems":"น้ำฝน สนข.","status_detail":"แก้ไขแล้วเสร็จ"}},{"type":"Feature","id":545,"geometry":{"type":"Point","coordinates":[100.6441,13.82825]},"properties":{"name":"ซอยนวลจันทร์ 36","district":"บึงกุ่ม","problems":"น้ำฝน สนข.","status_detail":"อยู่ระหว่างดำเนินการแก้ไข"}},{"type":"Feature","id":546,"geometry":{"type":"Point","coordinates":[100.6366,13.84324]},"properties":{"name":"หมู่บ้านมณียา ถนนประดิษฐ์มนูธรรม","district":"บึงกุ่ม","problems":"น้ำฝน สนข.","status_detail":"แก้ไขแล้วเสร็จ"}},{"type":"Feature","id":547,"geometry":{"type":"Point","coordinates":[100.6616,13.79903]},"properties":{"name":"หมู่บ้านสุวรรณนิเวศน์ ซอยนวมินทร์ 42","district":"บึงกุ่ม","problems":"น้ำฝน สนข.","status_detail":"แก้ไขแล้วเสร็จ"}},{"type":"Feature","id":548,"geometry":{"type":"Point","coordinates":[100.6644,13.77899]},"properties":{"name":"หมู่บ้านทวีสุข ซอยเสรีไทย 29","district":"บึงกุ่ม","problems":"น้ำฝน สนข.","status_detail":"อยู่ระหว่างดำเนินการแก้ไข"}},{"type":"Feature","id":549,"geometry":{"type":"Point","coordinates":[100.6837,13.818]},"properties":{"name":"ซอยรามอินทรา 68 (หมู่บ้านแสงอรุณ)","district":"คันนายาว","problems":"น้ำฝน สนข.","status_detail":"พื้นที่เอกชนหรือหน่วยงานราชการ"}},{"type":"Feature","id":550,"geometry":{"type":"Point","coordinates":[100.674,13.84176]},"properties":{"name":"ซอยกาญจนาภิเษก 7/1 (หมู่บ้านเพชรอนันต์)","district":"คันนายาว","problems":"น้ำฝน สนข.","status_detail":"พื้นที่เอกชนหรือหน่วยงานราชการ"}},{"type":"Feature","id":551,"geometry":{"type":"Point","coordinates":[100.6697,13.81971]},"properties":{"name":"วัดราษฎร์ศรัทธาธรรม","district":"คันนายาว","problems":"น้ำฝน สนข.","status_detail":"พื้นที่เอกชนหรือหน่วยงานราชการ"}},{"type":"Feature","id":552,"geometry":{"type":"Point","coordinates":[100.7027,13.80036]},"properties":{"name":"ถนนเสรีไทยบริเวณนิคมอุตสาหกรรมบางชัน","district":"คันนายาว","problems":"น้ำฝน สนข.","status_detail":"แก้ไขแล้วเสร็จ"}},{"type":"Feature","id":553,"geometry":{"type":"Point","coordinates":[100.6732,13.83449]},"properties":{"name":"ซอยรามอินทรา 87, 89, 91, 91/1","district":"คันนายาว","problems":"น้ำฝน สนข.","status_detail":"แก้ไขแล้วเสร็จบางส่วน"}},{"type":"Feature","id":554,"geometry":{"type":"Point","coordinates":[100.7296,13.81251]},"properties":{"name":"จุดกลับรถใต้สะพานข้ามคลองสามวาถนนสีหบุรานุกิจ","district":"มีนบุรี","problems":"น้ำฝน สนข.","status_detail":"แก้ไขแล้วเสร็จ"}},{"type":"Feature","id":555,"geometry":{"type":"Point","coordinates":[100.6835,13.74481]},"properties":{"name":"ซอยกรุงเทพกรีฑา 37","district":"สะพานสูง","problems":"น้ำฝน สนข.","status_detail":"แก้ไขแล้วเสร็จ"}},{"type":"Feature","id":556,"geometry":{"type":"Point","coordinates":[100.686,13.74163]},"properties":{"name":"ซอยกรุงเทพกรีฑา 39","district":"สะพานสูง","problems":"น้ำฝน สนข.","status_detail":"แก้ไขแล้วเสร็จ"}},{"type":"Feature","id":557,"geometry":{"type":"Point","coordinates":[100.7017,13.74538]},"properties":{"name":"หมู่บ้านนักกีฬาแหลมทอง","district":"สะพานสูง","problems":"น้ำฝน สนข.","status_detail":"แก้ไขแล้วเสร็จบางส่วน"}},{"type":"Feature","id":558,"geometry":{"type":"Point","coordinates":[100.7087,13.78266]},"properties":{"name":"หมู่บ้านเคหะธานี 4","district":"สะพานสูง","problems":"น้ำฝน สนข.","status_detail":"แก้ไขแล้วเสร็จ"}},{"type":"Feature","id":559,"geometry":{"type":"Point","coordinates":[100.7046,13.76202]},"properties":{"name":"ซอยราษฎร์พัฒนา 15","district":"สะพานสูง","problems":"น้ำฝน สนข.","status_detail":"แก้ไขแล้วเสร็จ"}},{"type":"Feature","id":560,"geometry":{"type":"Point","coordinates":[100.7048,13.7544]},"properties":{"name":"ซอยราษฎร์พัฒนา 15 แยก 4","district":"สะพานสูง","problems":"น้ำฝน สนข.","status_detail":"แก้ไขแล้วเสร็จ"}},{"type":"Feature","id":561,"geometry":{"type":"Point","coordinates":[100.6849,13.76826]},"properties":{"name":"ซอยรามคำแหง 118 แยก 42-2","district":"สะพานสูง","problems":"น้ำฝน สนข.","status_detail":"แก้ไขแล้วเสร็จ"}},{"type":"Feature","id":562,"geometry":{"type":"Point","coordinates":[100.6862,13.76289]},"properties":{"name":"ซอยรามคำแหง 118 แยก 44","district":"สะพานสูง","problems":"น้ำฝน สนข.","status_detail":"แก้ไขแล้วเสร็จ"}},{"type":"Feature","id":563,"geometry":{"type":"Point","coordinates":[100.6852,13.76141]},"properties":{"name":"ซอยรามคำแหง 118 แยก 46","district":"สะพานสูง","problems":"น้ำฝน สนข.","status_detail":"แก้ไขแล้วเสร็จ"}},{"type":"Feature","id":564,"geometry":{"type":"Point","coordinates":[100.6287,13.79147]},"properties":{"name":"หมู่บ้านเสรี ซอยลาดพร้าว 101 แยก 44","district":"บางกะปิ","problems":"น้ำฝน สนข.","status_detail":"พื้นที่เอกชนหรือหน่วยงานราชการ"}},{"type":"Feature","id":565,"geometry":{"type":"Point","coordinates":[100.6827,13.76272]},"properties":{"name":"ซอยรามคำแหง 118 แยก 48","district":"สะพานสูง","problems":"น้ำฝน สนข.","status_detail":"แก้ไขแล้วเสร็จ"}},{"type":"Feature","id":566,"geometry":{"type":"Point","coordinates":[100.6931,13.73605]},"properties":{"name":"ซอยกรุงเทพกรีฑา 32","district":"สะพานสูง","problems":"น้ำฝน สนข.","status_detail":"แก้ไขแล้วเสร็จ"}},{"type":"Feature","id":567,"geometry":{"type":"Point","coordinates":[100.6296,13.78932]},"properties":{"name":"ชุมชนร่วมกันสร้าง ซอยลาดพร้าว 101 แยก 40","district":"บางกะปิ","problems":"น้ำฝน สนข.","status_detail":"พื้นที่เอกชนหรือหน่วยงานราชการ"}},{"type":"Feature","id":568,"geometry":{"type":"Point","coordinates":[100.6486,13.77117]},"properties":{"name":"เสรีไทยซอย 5 (แฟลต 21)","district":"บางกะปิ","problems":"น้ำฝน สนข.","status_detail":"แก้ไขแล้วเสร็จ"}},{"type":"Feature","id":569,"geometry":{"type":"Point","coordinates":[100.6529,13.76383]},"properties":{"name":"หมู่บ้านธารทิพย์ ซอยรามคำแหง 64","district":"บางกะปิ","problems":"น้ำฝน สนข.","status_detail":"แก้ไขแล้วเสร็จ"}},{"type":"Feature","id":570,"geometry":{"type":"Point","coordinates":[100.6502,13.76859]},"properties":{"name":"เสรีไทยซอย 5","district":"บางกะปิ","problems":"น้ำฝน สนข.","status_detail":"แก้ไขแล้วเสร็จ"}},{"type":"Feature","id":571,"geometry":{"type":"Point","coordinates":[100.6521,13.75677]},"properties":{"name":"หมู่บ้านสวนสน ซอยรามคำแหง 60 แยก 9","district":"บางกะปิ","problems":"น้ำฝน สนข.","status_detail":"แก้ไขแล้วเสร็จ"}},{"type":"Feature","id":572,"geometry":{"type":"Point","coordinates":[100.6272,13.79616]},"properties":{"name":"ชุมชนวัดบึง ซอยลาดพร้าว 101 ซอย 50","district":"บางกะปิ","problems":"น้ำฝน สนข.","status_detail":"แก้ไขแล้วเสร็จ"}},{"type":"Feature","id":573,"geometry":{"type":"Point","coordinates":[100.6586,13.74052]},"properties":{"name":"ซอยกรุงเทพกรีฑา 8 แยก 3 (หมู่บ้านอยู่สบาย)","district":"บางกะปิ","problems":"น้ำฝน สนข.","status_detail":"แก้ไขแล้วเสร็จ"}},{"type":"Feature","id":574,"geometry":{"type":"Point","coordinates":[100.6376,13.78819]},"properties":{"name":"ซอยลาดพร้าว 101 ซอย 42 (เทพทวี 8)","district":"บางกะปิ","problems":"น้ำฝน สนข.","status_detail":"แก้ไขแล้วเสร็จ"}},{"type":"Feature","id":575,"geometry":{"type":"Point","coordinates":[100.6216,13.75344]},"properties":{"name":"ซอยรามคำแหง 24","district":"บางกะปิ","problems":"น้ำฝน สนข.","status_detail":"แก้ไขแล้วเสร็จ"}},{"type":"Feature","id":576,"geometry":{"type":"Point","coordinates":[100.638,13.75888]},"properties":{"name":"ซอยรามคำแหง 36/1","district":"บางกะปิ","problems":"น้ำฝน สนข.","status_detail":"แก้ไขแล้วเสร็จ"}},{"type":"Feature","id":577,"geometry":{"type":"Point","coordinates":[100.6118,13.7536]},"properties":{"name":"ถนนรามคำแหง ช่วง ซอยรามคำแหง 8- ซอยรามคำแหง 24","district":"บางกะปิ","problems":"น้ำฝน สนข.","status_detail":"แก้ไขแล้วเสร็จ"}},{"type":"Feature","id":578,"geometry":{"type":"Point","coordinates":[100.6978,13.9072]},"properties":{"name":"จุดกลับรถใต้สะพานหนองระแหง","district":"คลองสามวา","problems":"น้ำฝน สนข.","status_detail":"แก้ไขแล้วเสร็จ"}},{"type":"Feature","id":579,"geometry":{"type":"Point","coordinates":[100.6873,13.87459]},"properties":{"name":"หน้าโรงเรียนวัดพระยาสุเรนทร์ (ที่พักสงฆ์หลวงปู่ชอบ)","district":"คลองสามวา","problems":"น้ำฝน สนข.","status_detail":"แก้ไขแล้วเสร็จ"}},{"type":"Feature","id":580,"geometry":{"type":"Point","coordinates":[100.6882,13.87214]},"properties":{"name":"ซอยพระยาสุเรนทร์ 45 (หมู่บ้าน เค.ซี 6)","district":"คลองสามวา","problems":"น้ำฝน สนข.","status_detail":"แก้ไขแล้วเสร็จ"}},{"type":"Feature","id":581,"geometry":{"type":"Point","coordinates":[100.6952,13.86262]},"properties":{"name":"ซอยพระยาสุเรนทร์ 40 (หมู่บ้าน เค.ซี วิลล่า 5)","district":"คลองสามวา","problems":"น้ำฝน สนข.","status_detail":"แก้ไขแล้วเสร็จ"}},{"type":"Feature","id":582,"geometry":{"type":"Point","coordinates":[100.6963,13.82141]},"properties":{"name":"ซอยพระยาสุเรนทร์ 3","district":"คลองสามวา","problems":"น้ำฝน สนข.","status_detail":"แก้ไขแล้วเสร็จ"}},{"type":"Feature","id":583,"geometry":{"type":"Point","coordinates":[100.693,13.8336]},"properties":{"name":"ซอยพระยาสุเรนทร์ 23 (หมู่บ้านพฤกษาวิลล์ 6)","district":"คลองสามวา","problems":"น้ำฝน สนข.","status_detail":"แก้ไขแล้วเสร็จ"}},{"type":"Feature","id":584,"geometry":{"type":"Point","coordinates":[100.6957,13.83039]},"properties":{"name":"ซอยพระยาสุเรนทร์ 19","district":"คลองสามวา","problems":"น้ำฝน สนข.","status_detail":"แก้ไขแล้วเสร็จ"}},{"type":"Feature","id":585,"geometry":{"type":"Point","coordinates":[100.7146,13.83841]},"properties":{"name":"ซอยเจริญพัฒนา 12","district":"คลองสามวา","problems":"น้ำฝน สนข.","status_detail":"แก้ไขแล้วเสร็จ"}},{"type":"Feature","id":586,"geometry":{"type":"Point","coordinates":[100.6951,13.84138]},"properties":{"name":"ซอยพระยาสุเรนทร์ 27","district":"คลองสามวา","problems":"น้ำฝน สนข.","status_detail":"แก้ไขแล้วเสร็จ"}},{"type":"Feature","id":587,"geometry":{"type":"Point","coordinates":[100.7151,13.83491]},"properties":{"name":"ซอยเจริญพัฒนา 4 (หมู่บ้านเจริญทรัพย์)","district":"คลองสามวา","problems":"น้ำฝน สนข.","status_detail":"แก้ไขแล้วเสร็จ"}},{"type":"Feature","id":588,"geometry":{"type":"Point","coordinates":[100.7079,13.8223]},"properties":{"name":"ซอยเจริญพัฒนา 1 แยก 1 (ศูนย์พัฒนาเด็กเล็ก)","district":"คลองสามวา","problems":"น้ำฝน สนข.","status_detail":"แก้ไขแล้วเสร็จ"}},{"type":"Feature","id":589,"geometry":{"type":"Point","coordinates":[100.6998,13.82129]},"properties":{"name":"ซอยพระยาสุเรนทร์ 2,4,6 (หมู่บ้านธีรวรรณ)","district":"คลองสามวา","problems":"น้ำฝน สนข.","status_detail":"แก้ไขแล้วเสร็จ"}},{"type":"Feature","id":590,"geometry":{"type":"Point","coordinates":[100.6905,13.85253]},"properties":{"name":"ซอยพระยาสุเรนทร์ 35 (หมู่บ้านเพชรไพลิน)","district":"คลองสามวา","problems":"น้ำฝน สนข.","status_detail":"แก้ไขแล้วเสร็จ"}},{"type":"Feature","id":591,"geometry":{"type":"Point","coordinates":[100.689,13.85294]},"properties":{"name":"ซอยพระยาสุเรนทร์ 35 (หน้าโรงเรียนโสมาภา)","district":"คลองสามวา","problems":"น้ำฝน สนข.","status_detail":"แก้ไขแล้วเสร็จ"}},{"type":"Feature","id":592,"geometry":{"type":"Point","coordinates":[100.6892,13.85079]},"properties":{"name":"ซอยพระยาสุเรนทร์ 35 (หมู่บ้านดวงกมล)","district":"คลองสามวา","problems":"น้ำฝน สนข.","status_detail":"แก้ไขแล้วเสร็จ"}},{"type":"Feature","id":593,"geometry":{"type":"Point","coordinates":[100.705,13.83401]},"properties":{"name":"ซอยพระยาสุเรนทร์ 30 แยก 4","district":"คลองสามวา","problems":"น้ำฝน สนข.","status_detail":"แก้ไขแล้วเสร็จ"}},{"type":"Feature","id":594,"geometry":{"type":"Point","coordinates":[100.7198,13.84951]},"properties":{"name":"ซอยหทัยราษฎร์ 33","district":"คลองสามวา","problems":"น้ำฝน สนข.","status_detail":"แก้ไขแล้วเสร็จ"}},{"type":"Feature","id":595,"geometry":{"type":"Point","coordinates":[100.7118,13.85987]},"properties":{"name":"ซอยเลียบคลองสอง 22","district":"คลองสามวา","problems":"น้ำฝน สนข.","status_detail":"แก้ไขแล้วเสร็จ"}},{"type":"Feature","id":596,"geometry":{"type":"Point","coordinates":[100.6803,13.85392]},"properties":{"name":"ซอยคู้บอน 30","district":"คลองสามวา","problems":"น้ำฝน สนข.","status_detail":"แก้ไขแล้วเสร็จ"}},{"type":"Feature","id":597,"geometry":{"type":"Point","coordinates":[100.7104,13.87049]},"properties":{"name":"ซอยเลียบคลองสอง 19","district":"คลองสามวา","problems":"น้ำฝน สนข.","status_detail":"แก้ไขแล้วเสร็จ"}},{"type":"Feature","id":598,"geometry":{"type":"Point","coordinates":[100.7021,13.83058]},"properties":{"name":"ซอยพระยาสุเรนทร์ 28 (หมู่บ้านทหารกองหนุน)","district":"คลองสามวา","problems":"น้ำฝน สนข.","status_detail":"แก้ไขแล้วเสร็จ"}},{"type":"Feature","id":599,"geometry":{"type":"Point","coordinates":[100.6967,13.86011]},"properties":{"name":"ซอยเลียบคลองสอง 7","district":"คลองสามวา","problems":"น้ำฝน สนข.","status_detail":"แก้ไขแล้วเสร็จ"}},{"type":"Feature","id":600,"geometry":{"type":"Point","coordinates":[100.7304,13.88775]},"properties":{"name":"ซอยนิมิตใหม่ 37","district":"คลองสามวา","problems":"น้ำฝน สนข.","status_detail":"แก้ไขแล้วเสร็จ"}},{"type":"Feature","id":601,"geometry":{"type":"Point","coordinates":[100.7302,13.88688]},"properties":{"name":"ซอยนิมิตใหม่ 35/1","district":"คลองสามวา","problems":"น้ำฝน สนข.","status_detail":"แก้ไขแล้วเสร็จ"}},{"type":"Feature","id":602,"geometry":{"type":"Point","coordinates":[100.7321,13.90454]},"properties":{"name":"ซอยนิมิตใหม่ 55/1","district":"คลองสามวา","problems":"น้ำฝน สนข.","status_detail":"แก้ไขแล้วเสร็จ"}},{"type":"Feature","id":603,"geometry":{"type":"Point","coordinates":[100.7301,13.91567]},"properties":{"name":"ซอยราฎร์นิมิตรมิตร 2 แยก 4","district":"คลองสามวา","problems":"น้ำฝน สนข.","status_detail":"แก้ไขแล้วเสร็จ"}},{"type":"Feature","id":604,"geometry":{"type":"Point","coordinates":[100.6874,13.87548]},"properties":{"name":"ซอยพระยาสุเรนทร์ 48","district":"คลองสามวา","problems":"น้ำฝน สนข.","status_detail":"แก้ไขแล้วเสร็จ"}},{"type":"Feature","id":605,"geometry":{"type":"Point","coordinates":[100.7274,13.8348]},"properties":{"name":"ซอยสามวา 12","district":"คลองสามวา","problems":"น้ำฝน สนข.","status_detail":"แก้ไขแล้วเสร็จ"}},{"type":"Feature","id":606,"geometry":{"type":"Point","coordinates":[100.6906,13.85104]},"properties":{"name":"ซอยพระยาสุเรนทร์ 35 (หมู่บ้านเดอะธารา)","district":"คลองสามวา","problems":"น้ำฝน สนข.","status_detail":"แก้ไขแล้วเสร็จ"}},{"type":"Feature","id":607,"geometry":{"type":"Point","coordinates":[100.6907,13.66986]},"properties":{"name":"หมู่บ้านทุ่งเศรษฐี","district":"ประเวศ","problems":"น้ำฝน สนข.","status_detail":"อยู่ระหว่างดำเนินการแก้ไข"}},{"type":"Feature","id":608,"geometry":{"type":"Point","coordinates":[100.7083,13.69615]},"properties":{"name":"ชุมชน 14 ไร่,19 ไร่","district":"ประเวศ","problems":"น้ำฝน สนข.","status_detail":"อยู่ระหว่างดำเนินการแก้ไข"}},{"type":"Feature","id":609,"geometry":{"type":"Point","coordinates":[100.6588,13.70747]},"properties":{"name":"หมู่บ้านเสรีอ่อนนุช","district":"ประเวศ","problems":"น้ำฝน สนข.","status_detail":"อยู่ระหว่างดำเนินการแก้ไข"}},{"type":"Feature","id":610,"geometry":{"type":"Point","coordinates":[100.7092,13.70298]},"properties":{"name":"ชุมชน 40 ไร่","district":"ประเวศ","problems":"น้ำฝน สนข.","status_detail":"อยู่ระหว่างดำเนินการแก้ไข"}},{"type":"Feature","id":611,"geometry":{"type":"Point","coordinates":[100.6639,13.72627]},"properties":{"name":"ซอยพัฒนาการ 65 (หมู่บ้านผาสุข)","district":"ประเวศ","problems":"น้ำฝน สนข.","status_detail":"อยู่ระหว่างดำเนินการแก้ไข"}},{"type":"Feature","id":612,"geometry":{"type":"Point","coordinates":[100.6654,13.67553]},"properties":{"name":"หมู่บ้านเคหะนครแปลง 1 และแปลง 2","district":"ประเวศ","problems":"น้ำฝน สนข.","status_detail":"อยู่ระหว่างดำเนินการแก้ไข"}},{"type":"Feature","id":613,"geometry":{"type":"Point","coordinates":[100.6795,13.68399]},"properties":{"name":"หมู่บ้านสมใจวิลเลจ","district":"ประเวศ","problems":"น้ำฝน สนข.","status_detail":"พื้นที่เอกชนหรือหน่วยงานราชการ"}},{"type":"Feature","id":614,"geometry":{"type":"Point","coordinates":[100.6642,13.67767]},"properties":{"name":"หมู่บ้านเคหะนครแปลง 3 (ซอยเฉลิมพระเกียรติ ร.๙ ซอย 26)","district":"ประเวศ","problems":"น้ำฝน สนข.","status_detail":"อยู่ระหว่างดำเนินการแก้ไข"}},{"type":"Feature","id":615,"geometry":{"type":"Point","coordinates":[100.6986,13.7294]},"properties":{"name":"หมู่บ้านสุธาทิพย์","district":"ประเวศ","problems":"น้ำฝน สนข.","status_detail":"อยู่ระหว่างดำเนินการแก้ไข"}},{"type":"Feature","id":616,"geometry":{"type":"Point","coordinates":[100.6771,13.72032]},"properties":{"name":"ซอยอ่อนนุช 59/1 (หมู่บ้านชมเดือน)","district":"ประเวศ","problems":"น้ำฝน สนข.","status_detail":"พื้นที่เอกชนหรือหน่วยงานราชการ"}},{"type":"Feature","id":617,"geometry":{"type":"Point","coordinates":[100.6705,13.72592]},"properties":{"name":"หมู่บ้านเมืองทองการ์เด้น","district":"ประเวศ","problems":"น้ำฝน สนข.","status_detail":"พื้นที่เอกชนหรือหน่วยงานราชการ"}},{"type":"Feature","id":618,"geometry":{"type":"Point","coordinates":[100.7222,13.81651]},"properties":{"name":"ถนนสุวินทวงศ์ ช่วงสี่แยกมีนบุรี - คลองเจ๊ก (มีนบุรี)","district":"มีนบุรี","problems":"น้ำฝน สนข.","status_detail":"แก้ไขแล้วเสร็จ"}},{"type":"Feature","id":619,"geometry":{"type":"Point","coordinates":[100.6725,13.7439]},"properties":{"name":"ถนนกรุงเทพกรีฑา","district":"สะพานสูง","problems":"น้ำฝน สนข.","status_detail":"อยู่ระหว่างดำเนินการแก้ไข"}},{"type":"Feature","id":620,"geometry":{"type":"Point","coordinates":[100.7244,13.81246]},"properties":{"name":"ถนนสีหบุรานุกิจ ช่วงสี่แยกมีนบุรี - ซอยสีหบุรานุกิจ 18","district":"มีนบุรี","problems":"น้ำฝน สนข.","status_detail":"แก้ไขแล้วเสร็จ"}},{"type":"Feature","id":621,"geometry":{"type":"Point","coordinates":[100.685,13.75984]},"properties":{"name":"ซอยรามคำแหง 118 แยก 61","district":"สะพานสูง","problems":"น้ำฝน สนข.","status_detail":"แก้ไขแล้วเสร็จ"}},{"type":"Feature","id":622,"geometry":{"type":"Point","coordinates":[100.6511,13.75487]},"properties":{"name":"หมู่บ้านสวนสน ซอยรามคำแหง 60 แยก 12","district":"บางกะปิ","problems":"น้ำฝน สนข.","status_detail":"แก้ไขแล้วเสร็จ"}},{"type":"Feature","id":623,"geometry":{"type":"Point","coordinates":[100.7081,13.82366]},"properties":{"name":"ซอยเจริญพัฒนา 5","district":"คลองสามวา","problems":"น้ำฝน สนข.","status_detail":"แก้ไขแล้วเสร็จ"}},{"type":"Feature","id":624,"geometry":{"type":"Point","coordinates":[100.7111,13.83286]},"properties":{"name":"ซอยเจริญพัฒนา 19","district":"คลองสามวา","problems":"น้ำฝน สนข.","status_detail":"แก้ไขแล้วเสร็จ"}},{"type":"Feature","id":625,"geometry":{"type":"Point","coordinates":[100.6882,13.87613]},"properties":{"name":"ซอยพระยาสุเรนทร์ 46","district":"คลองสามวา","problems":"น้ำฝน สนข.","status_detail":"แก้ไขแล้วเสร็จ"}},{"type":"Feature","id":626,"geometry":{"type":"Point","coordinates":[100.7228,13.85094]},"properties":{"name":"ซอยหทัยราษฎร์ 8 (หมู่บ้านหทัยราษฎร์)","district":"คลองสามวา","problems":"น้ำฝน สนข.","status_detail":"แก้ไขแล้วเสร็จ"}},{"type":"Feature","id":627,"geometry":{"type":"Point","coordinates":[100.5757,13.81839]},"properties":{"name":"ถนนรัชดาภิเษกช่วงหน้ามหาวิทยาลัยราชภัฏจันทรเกษมถึงหน้าธนาคารกรุงเทพ","district":"จตุจักร","problems":"น้ำฝน สนข.","status_detail":"แก้ไขแล้วเสร็จ"}},{"type":"Feature","id":628,"geometry":{"type":"Point","coordinates":[100.559,13.81933]},"properties":{"name":"ถนนวิภาวดี ช่วงบริเวณโรงเรียนหอวัง","district":"จตุจักร","problems":"น้ำฝน สนข.","status_detail":"แก้ไขแล้วเสร็จบางส่วน"}},{"type":"Feature","id":629,"geometry":{"type":"Point","coordinates":[100.8035,13.79378]},"properties":{"name":"หมู่บ้านฟลอร่าวิลล์ พาร์คซิตี้","district":"หนองจอก","problems":"น้ำฝน สนข.","status_detail":"แก้ไขแล้วเสร็จ"}},{"type":"Feature","id":630,"geometry":{"type":"Point","coordinates":[100.8158,13.7913]},"properties":{"name":"ถนนทางเข้าวัดอู่คลองอู่ตะเภา","district":"หนองจอก","problems":"น้ำฝน สนข.","status_detail":"แก้ไขแล้วเสร็จ"}},{"type":"Feature","id":631,"geometry":{"type":"Point","coordinates":[100.8084,13.7817]},"properties":{"name":"ถนนเลียบคลองลำมะขาม","district":"หนองจอก","problems":"น้ำฝน สนข.","status_detail":"แก้ไขแล้วเสร็จ"}},{"type":"Feature","id":632,"geometry":{"type":"Point","coordinates":[100.8234,13.77677]},"properties":{"name":"หมู่บ้านคาริเบียนโฮม","district":"หนองจอก","problems":"น้ำฝน สนข.","status_detail":"แก้ไขแล้วเสร็จ"}},{"type":"Feature","id":633,"geometry":{"type":"Point","coordinates":[100.8423,13.77709]},"properties":{"name":"ชุมชนการเคหะฉลองกรุง","district":"หนองจอก","problems":"น้ำฝน สนข.","status_detail":"แก้ไขแล้วเสร็จ"}},{"type":"Feature","id":634,"geometry":{"type":"Point","coordinates":[100.8934,13.77652]},"properties":{"name":"ถนนเลียบคลองลำตามีร้องไห้","district":"หนองจอก","problems":"น้ำฝน สนข.","status_detail":"แก้ไขแล้วเสร็จ"}},{"type":"Feature","id":635,"geometry":{"type":"Point","coordinates":[100.8174,13.81691]},"properties":{"name":"ถนนเลียบคลองลำนกแขวก","district":"หนองจอก","problems":"น้ำฝน สนข.","status_detail":"แก้ไขแล้วเสร็จ"}},{"type":"Feature","id":636,"geometry":{"type":"Point","coordinates":[100.5877,13.89942]},"properties":{"name":"สถานีสูบน้ำคลองตาอูฐ","district":"หลักสี่","problems":"น้ำฝน สนข.","status_detail":"แก้ไขแล้วเสร็จ"}},{"type":"Feature","id":637,"geometry":{"type":"Point","coordinates":[100.7957,13.78763]},"properties":{"name":"ถนนเลียบคลองลำกอไผ่","district":"หนองจอก","problems":"น้ำฝน สนข.","status_detail":"แก้ไขแล้วเสร็จ"}},{"type":"Feature","id":638,"geometry":{"type":"Point","coordinates":[100.5124,13.81891]},"properties":{"name":"คลองบางเขน","district":"บางซื่อ","problems":"น้ำฝน สนข.","status_detail":"แก้ไขแล้วเสร็จ"}},{"type":"Feature","id":639,"geometry":{"type":"Point","coordinates":[100.8254,13.77472]},"properties":{"name":"หมู่บ้านฉลองกรุงริเวอร์วิลล์","district":"หนองจอก","problems":"น้ำฝน สนข.","status_detail":"แก้ไขแล้วเสร็จ"}},{"type":"Feature","id":640,"geometry":{"type":"Point","coordinates":[100.5887,13.80926]},"properties":{"name":"คลองลาดพร้าว","district":"ลาดพร้าว","problems":"น้ำฝน สนข.","status_detail":"แก้ไขแล้วเสร็จ"}},{"type":"Feature","id":641,"geometry":{"type":"Point","coordinates":[100.7541,13.82581]},"properties":{"name":"ซอยประชาร่วมใจ 2","district":"คลองสามวา","problems":"น้ำฝน สนข.","status_detail":"แก้ไขแล้วเสร็จ"}},{"type":"Feature","id":642,"geometry":{"type":"Point","coordinates":[100.7591,13.82871]},"properties":{"name":"ซอยประชาร่วมใจ 10/3","district":"คลองสามวา","problems":"น้ำฝน สนข.","status_detail":"แก้ไขแล้วเสร็จ"}},{"type":"Feature","id":643,"geometry":{"type":"Point","coordinates":[100.7602,13.82954]},"properties":{"name":"ซอยประชาร่วมใจ 14","district":"คลองสามวา","problems":"น้ำฝน สนข.","status_detail":"แก้ไขแล้วเสร็จ"}},{"type":"Feature","id":644,"geometry":{"type":"Point","coordinates":[100.7594,13.8311]},"properties":{"name":"ซอยประชาร่วมใจ 21","district":"คลองสามวา","problems":"น้ำฝน สนข.","status_detail":"แก้ไขแล้วเสร็จ"}},{"type":"Feature","id":645,"geometry":{"type":"Point","coordinates":[100.7604,13.83236]},"properties":{"name":"ซอยประชาร่วมใจ 23","district":"คลองสามวา","problems":"น้ำฝน สนข.","status_detail":"แก้ไขแล้วเสร็จ"}},{"type":"Feature","id":646,"geometry":{"type":"Point","coordinates":[100.7607,13.83022]},"properties":{"name":"ซอยประชาร่วมใจ 16","district":"คลองสามวา","problems":"น้ำฝน สนข.","status_detail":"แก้ไขแล้วเสร็จ"}},{"type":"Feature","id":647,"geometry":{"type":"Point","coordinates":[100.7668,13.83374]},"properties":{"name":"ซอยประชาร่วมใจ 38","district":"คลองสามวา","problems":"น้ำฝน สนข.","status_detail":"แก้ไขแล้วเสร็จ"}},{"type":"Feature","id":648,"geometry":{"type":"Point","coordinates":[100.7638,13.83998]},"properties":{"name":"ประชาร่วมใจ 31 (ม.กฤษดานคร 25)","district":"คลองสามวา","problems":"น้ำฝน สนข.","status_detail":"แก้ไขแล้วเสร็จ"}},{"type":"Feature","id":649,"geometry":{"type":"Point","coordinates":[100.7867,13.84837]},"properties":{"name":"ซอยประชาร่วมใจ 59","district":"คลองสามวา","problems":"น้ำฝน สนข.","status_detail":"แก้ไขแล้วเสร็จ"}},{"type":"Feature","id":650,"geometry":{"type":"Point","coordinates":[100.5867,13.88953]},"properties":{"name":"คลองวัดหลักสี่และคลองบางเขน","district":"หลักสี่","problems":"น้ำฝน สนข.","status_detail":"แก้ไขแล้วเสร็จ"}},{"type":"Feature","id":651,"geometry":{"type":"Point","coordinates":[100.7917,13.83544]},"properties":{"name":"หมู่บ้านประภาวรรณแลนด์ซอยราษฎร์อุทิศ 88","district":"มีนบุรี","problems":"น้ำฝน สนข.","status_detail":"แก้ไขแล้วเสร็จ"}},{"type":"Feature","id":652,"geometry":{"type":"Point","coordinates":[100.7865,13.83209]},"properties":{"name":"หมู่บ้านมีนบุรีการ์เด้นโฮมซอยราษฎร์อุทิศ 48","district":"มีนบุรี","problems":"น้ำฝน สนข.","status_detail":"แก้ไขแล้วเสร็จ"}},{"type":"Feature","id":653,"geometry":{"type":"Point","coordinates":[100.692,13.89518]},"properties":{"name":"คลองพระยาสุเรนทร์","district":"สายไหม","problems":"น้ำฝน สนข.","status_detail":"แก้ไขแล้วเสร็จ"}},{"type":"Feature","id":654,"geometry":{"type":"Point","coordinates":[100.7609,13.83235]},"properties":{"name":"ซอยประชาร่วมใจ 25","district":"คลองสามวา","problems":"น้ำฝน สนข.","status_detail":"แก้ไขแล้วเสร็จ"}},{"type":"Feature","id":655,"geometry":{"type":"Point","coordinates":[100.759,13.72158]},"properties":{"name":"ถนนลาดกระบัง ช่วงหน้าสำนักงานเขตลาดกระบัง","district":"ลาดกระบัง","problems":"น้ำฝน สนข.","status_detail":"แก้ไขแล้วเสร็จ"}},{"type":"Feature","id":656,"geometry":{"type":"Point","coordinates":[100.7697,13.83768]},"properties":{"name":"ซอยประชาร่วมใจ 35 แยก 1,4","district":"คลองสามวา","problems":"น้ำฝน สนข.","status_detail":"แก้ไขแล้วเสร็จ"}},{"type":"Feature","id":657,"geometry":{"type":"Point","coordinates":[100.7552,13.7913]},"properties":{"name":"ถนนบึงขวาง","district":"มีนบุรี","problems":"น้ำฝน สนข.","status_detail":"แก้ไขแล้วเสร็จ"}},{"type":"Feature","id":658,"geometry":{"type":"Point","coordinates":[100.7394,13.72237]},"properties":{"name":"ถนนอ่อนนุช-ลาดกระบัง (แยกกิ่งแก้ว)","district":"ลาดกระบัง","problems":"น้ำฝน สนข.","status_detail":"แก้ไขแล้วเสร็จบางส่วน"}},{"type":"Feature","id":659,"geometry":{"type":"Point","coordinates":[100.5304,13.71029]},"properties":{"name":"บริเวณซอยจันทน์ 16 ตลอดทั้งซอยถึงซอยนราฯ14","district":"สาทร","problems":"น้ำฝน สนข.","status_detail":"แก้ไขแล้วเสร็จ"}},{"type":"Feature","id":660,"geometry":{"type":"Point","coordinates":[100.5181,13.7094]},"properties":{"name":"ชุมชนวรพจน์ร่วมใจ ช่วงติดคลอง","district":"สาทร","problems":"น้ำฝน สนข.","status_detail":"แก้ไขแล้วเสร็จ"}},{"type":"Feature","id":661,"geometry":{"type":"Point","coordinates":[100.517,13.70962]},"properties":{"name":"ชุมชนมิตรสามัคคี ช่วงติดคลอง","district":"สาทร","problems":"น้ำฝน สนข.","status_detail":"แก้ไขแล้วเสร็จ"}},{"type":"Feature","id":662,"geometry":{"type":"Point","coordinates":[100.5375,13.72525]},"properties":{"name":"ถนนศาลาแดง","district":"บางรัก","problems":"น้ำฝน สนข.","status_detail":"แก้ไขแล้วเสร็จ"}},{"type":"Feature","id":663,"geometry":{"type":"Point","coordinates":[100.563,13.70745]},"properties":{"name":"วัดคลองเตยนอก","district":"คลองเตย","problems":"น้ำฝน สนข.","status_detail":"แก้ไขแล้วเสร็จ"}},{"type":"Feature","id":664,"geometry":{"type":"Point","coordinates":[100.5615,13.70824]},"properties":{"name":"วัดคลองเตยใน","district":"คลองเตย","problems":"น้ำฝน สนข.","status_detail":"อยู่ระหว่างดำเนินการแก้ไข"}},{"type":"Feature","id":665,"geometry":{"type":"Point","coordinates":[100.585,13.70736]},"properties":{"name":"ชุมชนโรงหมู","district":"คลองเตย","problems":"น้ำฝน สนข.","status_detail":"แก้ไขแล้วเสร็จ"}},{"type":"Feature","id":666,"geometry":{"type":"Point","coordinates":[100.5517,13.74726]},"properties":{"name":"บริเวณท้ายซอยสุขุมวิท 1","district":"วัฒนา","problems":"น้ำฝน สนข.","status_detail":"แก้ไขแล้วเสร็จ"}},{"type":"Feature","id":667,"geometry":{"type":"Point","coordinates":[100.5621,13.74041]},"properties":{"name":"บริเวณแยกชิโนทัย ซอยสุขุมวิท 21 (ถนนอโศกมนตรี)","district":"วัฒนา","problems":"น้ำฝน สนข.","status_detail":"แก้ไขแล้วเสร็จ"}},{"type":"Feature","id":668,"geometry":{"type":"Point","coordinates":[100.5917,13.73306]},"properties":{"name":"ซอยปรีดีพนมยงค์ 41","district":"วัฒนา","problems":"น้ำฝน สนข.","status_detail":"แก้ไขแล้วเสร็จ"}},{"type":"Feature","id":669,"geometry":{"type":"Point","coordinates":[100.5256,13.74937]},"properties":{"name":"บ่อสูบน้ำบริเวณช่างกลปทุมวัน","district":"ปทุมวัน","problems":"น้ำฝน สนข.","status_detail":"แก้ไขแล้วเสร็จ"}},{"type":"Feature","id":670,"geometry":{"type":"Point","coordinates":[100.4115,13.62473]},"properties":{"name":"ซอย บางกระดี่ 19 แยก 6","district":"บางขุนเทียน","problems":"น้ำฝน สนข.","status_detail":"แก้ไขแล้วเสร็จ"}},{"type":"Feature","id":671,"geometry":{"type":"Point","coordinates":[100.4225,13.52847]},"properties":{"name":"ถนนบางขุนเทียน - ชายทะเล บริเวณจากคลองสนามชัยถึงสามแยกคลองพิทยาลงกรณ์","district":"บางขุนเทียน","problems":"น้ำฝน สนข.","status_detail":"แก้ไขแล้วเสร็จบางส่วน"}},{"type":"Feature","id":672,"geometry":{"type":"Point","coordinates":[100.4487,13.62682]},"properties":{"name":"ถนนอนามัยงามเจริญ บริเวณสี่แยกคุณกะลา ถึงสุดเขตลอยต่อสมุทรปราการ","district":"บางขุนเทียน","problems":"น้ำฝน สนข.","status_detail":"อยู่ระหว่างดำเนินการแก้ไข"}},{"type":"Feature","id":673,"geometry":{"type":"Point","coordinates":[100.4205,13.65107]},"properties":{"name":"บิ๊กซี ซูเปอร์เซ็นเตอร์ พระราม 2 กม.8 (ขาเข้า)","district":"บางขุนเทียน","problems":"น้ำฝน สนข.","status_detail":"พื้นที่เอกชนหรือหน่วยงานราชการ"}},{"type":"Feature","id":674,"geometry":{"type":"Point","coordinates":[100.4377,13.66393]},"properties":{"name":"หน้าเซ็นทรัล พระราม 2","district":"บางขุนเทียน","problems":"น้ำฝน สนข.","status_detail":"พื้นที่เอกชนหรือหน่วยงานราชการ"}},{"type":"Feature","id":675,"geometry":{"type":"Point","coordinates":[100.4434,13.65172]},"properties":{"name":"ซอย ท่าข้าม","district":"บางขุนเทียน","problems":"น้ำฝน สนข.","status_detail":"แก้ไขแล้วเสร็จ"}},{"type":"Feature","id":676,"geometry":{"type":"Point","coordinates":[100.4015,13.61911]},"properties":{"name":"ถนนบางกระดี่","district":"บางขุนเทียน","problems":"น้ำฝน สนข.","status_detail":"แก้ไขแล้วเสร็จบางส่วน"}},{"type":"Feature","id":677,"geometry":{"type":"Point","coordinates":[100.4894,13.69037]},"properties":{"name":"ซอย ราษฎร์บูรณะ 11","district":"ราษฎร์บูรณะ","problems":"น้ำฝน สนข.","status_detail":"แก้ไขแล้วเสร็จ"}},{"type":"Feature","id":678,"geometry":{"type":"Point","coordinates":[100.5076,13.68115]},"properties":{"name":"คลังสินค้า 2 ราษฎร์บูรณะ","district":"ราษฎร์บูรณะ","problems":"น้ำฝน สนข.","status_detail":"มีมาตรการเร่งด่วน"}},{"type":"Feature","id":679,"geometry":{"type":"Point","coordinates":[100.4882,13.69275]},"properties":{"name":"ซอย ราษฎร์บูรณะ 3","district":"ราษฎร์บูรณะ","problems":"น้ำฝน สนข.","status_detail":"แก้ไขแล้วเสร็จ"}},{"type":"Feature","id":680,"geometry":{"type":"Point","coordinates":[100.4912,13.68859]},"properties":{"name":"หน้าโกดังไทยฟ้า (ท่าเรือ 41)","district":"ราษฎร์บูรณะ","problems":"น้ำฝน สนข.","status_detail":"มีมาตรการเร่งด่วน"}},{"type":"Feature","id":681,"geometry":{"type":"Point","coordinates":[100.4941,13.68586]},"properties":{"name":"ปั๊ม ซัสโก้ สาขา บางปะกอก","district":"ราษฎร์บูรณะ","problems":"น้ำฝน สนข.","status_detail":"มีมาตรการเร่งด่วน"}},{"type":"Feature","id":682,"geometry":{"type":"Point","coordinates":[100.5122,13.68201]},"properties":{"name":"ท่าเรือข้างโรงแก้ว","district":"ราษฎร์บูรณะ","problems":"น้ำฝน สนข.","status_detail":"มีมาตรการเร่งด่วน"}},{"type":"Feature","id":683,"geometry":{"type":"Point","coordinates":[100.5168,13.68089]},"properties":{"name":"ใต้สะพานพระราม 9","district":"ราษฎร์บูรณะ","problems":"น้ำฝน สนข.","status_detail":"มีมาตรการเร่งด่วน"}},{"type":"Feature","id":684,"geometry":{"type":"Point","coordinates":[100.5047,13.68253]},"properties":{"name":"หน้าวัดราษฎร์บูรณะ บางปะกอก กรุงเทพ","district":"ราษฎร์บูรณะ","problems":"น้ำฝน สนข.","status_detail":"มีมาตรการเร่งด่วน"}},{"type":"Feature","id":685,"geometry":{"type":"Point","coordinates":[100.4936,13.68629]},"properties":{"name":"หน้าโกดัง ซุปเปอร์ เจ อินเตอร์","district":"ราษฎร์บูรณะ","problems":"น้ำฝน สนข.","status_detail":"มีมาตรการเร่งด่วน"}},{"type":"Feature","id":686,"geometry":{"type":"Point","coordinates":[100.5001,13.68499]},"properties":{"name":"บิ๊กซีราษฎร์บูรณะ","district":"ราษฎร์บูรณะ","problems":"น้ำฝน สนข.","status_detail":"มีมาตรการเร่งด่วน"}},{"type":"Feature","id":687,"geometry":{"type":"Point","coordinates":[100.5009,13.6825]},"properties":{"name":"หน้าโกดังแสงทองค้าข้าว","district":"ราษฎร์บูรณะ","problems":"น้ำฝน สนข.","status_detail":"แก้ไขแล้วเสร็จ"}},{"type":"Feature","id":688,"geometry":{"type":"Point","coordinates":[100.4986,13.68518]},"properties":{"name":"สน.ราษฎร์บูรณะ","district":"ราษฎร์บูรณะ","problems":"น้ำฝน สนข.","status_detail":"มีมาตรการเร่งด่วน"}},{"type":"Feature","id":689,"geometry":{"type":"Point","coordinates":[100.6307,13.81726]},"properties":{"name":"ซอยโยธินพัฒนา 3 แยก 9","district":"บางกะปิ","problems":"น้ำฝน สนข.","status_detail":"แก้ไขแล้วเสร็จ"}},{"type":"Feature","id":690,"geometry":{"type":"Point","coordinates":[100.6297,13.81113]},"properties":{"name":"ซอย โพธิ์แก้ว 3 แยก 19-2","district":"บางกะปิ","problems":"น้ำฝน สนข.","status_detail":"แก้ไขแล้วเสร็จ"}},{"type":"Feature","id":691,"geometry":{"type":"Point","coordinates":[100.6331,13.81027]},"properties":{"name":"ซอยโพธิ์แก้ว 3 แยก 25, 27","district":"บางกะปิ","problems":"น้ำฝน สนข.","status_detail":"แก้ไขแล้วเสร็จ"}},{"type":"Feature","id":692,"geometry":{"type":"Point","coordinates":[100.6341,13.79124]},"properties":{"name":"ซอยลาดพร้าว 101 ซอย 42 แยก 1","district":"บางกะปิ","problems":"น้ำฝน สนข.","status_detail":"แก้ไขแล้วเสร็จ"}},{"type":"Feature","id":693,"geometry":{"type":"Point","coordinates":[100.6509,13.75788]},"properties":{"name":"ซอยรามคำแหง 60 (สวนสนซอย 3)","district":"บางกะปิ","problems":"น้ำฝน สนข.","status_detail":"แก้ไขแล้วเสร็จ"}},{"type":"Feature","id":694,"geometry":{"type":"Point","coordinates":[100.6661,13.76786]},"properties":{"name":"ซอย รามคำแหง 76 แยก 1","district":"บางกะปิ","problems":"น้ำฝน สนข.","status_detail":"แก้ไขแล้วเสร็จ"}},{"type":"Feature","id":695,"geometry":{"type":"Point","coordinates":[100.7811,13.75211]},"properties":{"name":"ถนน เจ้าคุณทหาร","district":"ลาดกระบัง","problems":"น้ำฝน สนข.","status_detail":"แก้ไขแล้วเสร็จ"}},{"type":"Feature","id":696,"geometry":{"type":"Point","coordinates":[100.7341,13.77329]},"properties":{"name":"เคหะชุมชนร่มเกล้า","district":"ลาดกระบัง","problems":"น้ำฝน สนข.","status_detail":"แก้ไขแล้วเสร็จบางส่วน"}},{"type":"Feature","id":697,"geometry":{"type":"Point","coordinates":[100.8526,13.7008]},"properties":{"name":"ใต้สะพานข้ามคลองประเวศบุรีรมย์ (วัดราชโกษา)","district":"ลาดกระบัง","problems":"น้ำฝน สนข.","status_detail":"อยู่ระหว่างดำเนินการแก้ไข"}},{"type":"Feature","id":698,"geometry":{"type":"Point","coordinates":[100.8498,13.69779]},"properties":{"name":"ลาดกระบัง ซอยพระยาเพชร","district":"ลาดกระบัง","problems":"น้ำฝน สนข.","status_detail":"แก้ไขแล้วเสร็จ"}},{"type":"Feature","id":699,"geometry":{"type":"Point","coordinates":[100.8065,13.71482]},"properties":{"name":"ซอยหลวงแพ่ง 10","district":"ลาดกระบัง","problems":"น้ำฝน สนข.","status_detail":"แก้ไขแล้วเสร็จ"}},{"type":"Feature","id":700,"geometry":{"type":"Point","coordinates":[100.8489,13.70305]},"properties":{"name":"บริเวณมัสยิดซีรอตุ้ลญันนะห์ และซอยใกล้เคียง","district":"ลาดกระบัง","problems":"น้ำฝน สนข.","status_detail":"อยู่ระหว่างดำเนินการแก้ไข"}},{"type":"Feature","id":701,"geometry":{"type":"Point","coordinates":[100.8533,13.70059]},"properties":{"name":"ศูนย์บริการสาธารณสุข 46 สาขาขุมทอง","district":"ลาดกระบัง","problems":"น้ำฝน สนข.","status_detail":"อยู่ระหว่างดำเนินการแก้ไข"}},{"type":"Feature","id":702,"geometry":{"type":"Point","coordinates":[100.8548,13.72175]},"properties":{"name":"ทางเข้าวัดขุมทอง","district":"ลาดกระบัง","problems":"น้ำฝน สนข.","status_detail":"แก้ไขแล้วเสร็จ"}},{"type":"Feature","id":703,"geometry":{"type":"Point","coordinates":[100.8546,13.72272]},"properties":{"name":"ลาดกระบัง ทางเข้า รร.วัดขุมทอง","district":"ลาดกระบัง","problems":"น้ำฝน สนข.","status_detail":"อยู่ระหว่างดำเนินการแก้ไข"}},{"type":"Feature","id":704,"geometry":{"type":"Point","coordinates":[100.8019,13.72214]},"properties":{"name":"หน้ามหาวิทยาลัยกรุงเทพสุวรรณภูมิ","district":"ลาดกระบัง","problems":"น้ำฝน สนข.","status_detail":"แก้ไขแล้วเสร็จ"}},{"type":"Feature","id":705,"geometry":{"type":"Point","coordinates":[100.8047,13.72185]},"properties":{"name":"ถนนประชาพัฒนา ซ.บริสุทธิ์","district":"ลาดกระบัง","problems":"น้ำฝน สนข.","status_detail":"อยู่ระหว่างดำเนินการแก้ไข"}},{"type":"Feature","id":706,"geometry":{"type":"Point","coordinates":[100.8054,13.72092]},"properties":{"name":"ถนนประชาพัฒนา ซ.บิลยาธร","district":"ลาดกระบัง","problems":"น้ำฝน สนข.","status_detail":"อยู่ระหว่างดำเนินการแก้ไข"}},{"type":"Feature","id":707,"geometry":{"type":"Point","coordinates":[100.8134,13.74135]},"properties":{"name":"ลาดกระบัง ถนนสารีบุตร","district":"ลาดกระบัง","problems":"น้ำฝน สนข.","status_detail":"แก้ไขแล้วเสร็จ"}},{"type":"Feature","id":708,"geometry":{"type":"Point","coordinates":[100.7942,13.73561]},"properties":{"name":"หมู่บ้านรุ่งอรุณ 1 ซอยฉลองกรุง 2","district":"ลาดกระบัง","problems":"น้ำฝน สนข.","status_detail":"มีมาตรการเร่งด่วน"}},{"type":"Feature","id":709,"geometry":{"type":"Point","coordinates":[100.7857,13.74385]},"properties":{"name":"หมู่บ้านรุ่งอรุณ 2 ซอยฉลองกรุง 7 (เอกชน)","district":"ลาดกระบัง","problems":"น้ำฝน สนข.","status_detail":"พื้นที่เอกชนหรือหน่วยงานราชการ"}},{"type":"Feature","id":710,"geometry":{"type":"Point","coordinates":[100.7866,13.75257]},"properties":{"name":"หมู่บ้านเจ้าคุณ ซอยฉลองกรุง 19 (เอกชน)","district":"ลาดกระบัง","problems":"น้ำฝน สนข.","status_detail":"พื้นที่เอกชนหรือหน่วยงานราชการ"}},{"type":"Feature","id":711,"geometry":{"type":"Point","coordinates":[100.7917,13.7446]},"properties":{"name":"ซอยฉลองกรุง 9","district":"ลาดกระบัง","problems":"น้ำฝน สนข.","status_detail":"มีมาตรการเร่งด่วน"}},{"type":"Feature","id":712,"geometry":{"type":"Point","coordinates":[100.7925,13.74795]},"properties":{"name":"ซอยฉลองกรุง 15","district":"ลาดกระบัง","problems":"น้ำฝน สนข.","status_detail":"มีมาตรการเร่งด่วน"}},{"type":"Feature","id":713,"geometry":{"type":"Point","coordinates":[100.7982,13.75746]},"properties":{"name":"ซอยฉลองกรุง 35","district":"ลาดกระบัง","problems":"น้ำฝน สนข.","status_detail":"พื้นที่เอกชนหรือหน่วยงานราชการ"}},{"type":"Feature","id":714,"geometry":{"type":"Point","coordinates":[100.8035,13.77897]},"properties":{"name":"ซอยฉลองกรุง 53","district":"ลาดกระบัง","problems":"น้ำฝน สนข.","status_detail":"แก้ไขแล้วเสร็จ"}},{"type":"Feature","id":715,"geometry":{"type":"Point","coordinates":[100.7713,13.74503]},"properties":{"name":"ซอยคุ้มเกล้า 50","district":"ลาดกระบัง","problems":"น้ำฝน สนข.","status_detail":"แก้ไขแล้วเสร็จ"}},{"type":"Feature","id":716,"geometry":{"type":"Point","coordinates":[100.7746,13.74234]},"properties":{"name":"ซอยคุ้มเกล้า 54","district":"ลาดกระบัง","problems":"น้ำฝน สนข.","status_detail":"มีมาตรการเร่งด่วน"}},{"type":"Feature","id":717,"geometry":{"type":"Point","coordinates":[100.7535,13.74501]},"properties":{"name":"ซอยร่มเกล้า 23 (ซอยเทพศิรินทร์)","district":"ลาดกระบัง","problems":"น้ำฝน สนข.","status_detail":"แก้ไขแล้วเสร็จ"}},{"type":"Feature","id":718,"geometry":{"type":"Point","coordinates":[100.7531,13.74337]},"properties":{"name":"ซอยร่มเกล้า 25 (ซอยวัดบำรุงรื่น)","district":"ลาดกระบัง","problems":"น้ำฝน สนข.","status_detail":"แก้ไขแล้วเสร็จ"}},{"type":"Feature","id":719,"geometry":{"type":"Point","coordinates":[100.8372,13.7318]},"properties":{"name":"โรงเรียนประสานสามัคคี","district":"ลาดกระบัง","problems":"น้ำฝน สนข.","status_detail":"แก้ไขแล้วเสร็จ"}},{"type":"Feature","id":720,"geometry":{"type":"Point","coordinates":[100.7506,13.72176]},"properties":{"name":"ซอยลาดกระบัง 34/6 (หมู่บ้านลาดกระบังการ์เด้นโฮม) เอกชน","district":"ลาดกระบัง","problems":"น้ำฝน สนข.","status_detail":"พื้นที่เอกชนหรือหน่วยงานราชการ"}},{"type":"Feature","id":721,"geometry":{"type":"Point","coordinates":[100.7838,13.72023]},"properties":{"name":"ซอยลาดกระบัง 52 (ซอยจินดา) แยกซอยย่อย","district":"ลาดกระบัง","problems":"น้ำฝน สนข.","status_detail":"มีมาตรการเร่งด่วน"}},{"type":"Feature","id":722,"geometry":{"type":"Point","coordinates":[100.7307,13.71889]},"properties":{"name":"ซอยลาดกระบัง 22","district":"ลาดกระบัง","problems":"น้ำฝน สนข.","status_detail":"มีมาตรการเร่งด่วน"}},{"type":"Feature","id":723,"geometry":{"type":"Point","coordinates":[100.8202,13.76011]},"properties":{"name":"ซอยฉลองกรุง 54","district":"ลาดกระบัง","problems":"น้ำฝน สนข.","status_detail":"แก้ไขแล้วเสร็จ"}},{"type":"Feature","id":724,"geometry":{"type":"Point","coordinates":[100.8163,13.71238]},"properties":{"name":"ถนนหลวงแพ่ง (ตลอดทั้งสาย)","district":"ลาดกระบัง","problems":"น้ำฝน สนข.","status_detail":"แก้ไขแล้วเสร็จ"}},{"type":"Feature","id":725,"geometry":{"type":"Point","coordinates":[100.567,13.79666]},"properties":{"name":"คลองน้ำแก้ว จากคลองพญาเวิกถึงคลองลาดพร้าว","district":"จตุจักร","problems":"น้ำฝน สนข.","status_detail":"แก้ไขแล้วเสร็จ"}},{"type":"Feature","id":726,"geometry":{"type":"Point","coordinates":[100.5658,13.77089]},"properties":{"name":"ซอยชานเมือง","district":"ดินแดง","problems":"น้ำฝน สนข.","status_detail":"แก้ไขแล้วเสร็จบางส่วน"}},{"type":"Feature","id":727,"geometry":{"type":"Point","coordinates":[100.6158,13.76394]},"properties":{"name":"ซอย รามคำแหง 43/1","district":"วังทองหลาง","problems":"น้ำฝน สนข.","status_detail":"มีมาตรการเร่งด่วน"}},{"type":"Feature","id":728,"geometry":{"type":"Point","coordinates":[100.6113,13.77437]},"properties":{"name":"ถนน อินทราภรณ์","district":"วังทองหลาง","problems":"น้ำฝน สนข.","status_detail":"แก้ไขแล้วเสร็จ"}},{"type":"Feature","id":729,"geometry":{"type":"Point","coordinates":[100.6058,13.75905]},"properties":{"name":"ซอย รามคำแหง 21","district":"วังทองหลาง","problems":"น้ำฝน สนข.","status_detail":"แก้ไขแล้วเสร็จ"}},{"type":"Feature","id":730,"geometry":{"type":"Point","coordinates":[100.6196,13.79378]},"properties":{"name":"ซอย ลาดพร้าว 87 แยก 12","district":"วังทองหลาง","problems":"น้ำฝน สนข.","status_detail":"แก้ไขแล้วเสร็จ"}},{"type":"Feature","id":731,"geometry":{"type":"Point","coordinates":[100.599,13.77912]},"properties":{"name":"ซอย ลาดพร้าว 80 แยก 26","district":"วังทองหลาง","problems":"น้ำฝน สนข.","status_detail":"แก้ไขแล้วเสร็จ"}},{"type":"Feature","id":732,"geometry":{"type":"Point","coordinates":[100.595,13.78898]},"properties":{"name":"ถนน ลาดพร้าว 64 แยก 4","district":"วังทองหลาง","problems":"น้ำฝน สนข.","status_detail":"แก้ไขแล้วเสร็จ"}},{"type":"Feature","id":733,"geometry":{"type":"Point","coordinates":[100.5955,13.79035]},"properties":{"name":"ซอย ลาดพร้าว 64 แยก 2","district":"วังทองหลาง","problems":"น้ำฝน สนข.","status_detail":"มีมาตรการเร่งด่วน"}},{"type":"Feature","id":734,"geometry":{"type":"Point","coordinates":[100.5862,13.77748]},"properties":{"name":"ซอยประชาอุทิศ 19 เชื่อมซอยประชาราษฎร์บำเพ็ญ 24","district":"ห้วยขวาง","problems":"น้ำฝน สนข.","status_detail":"แก้ไขแล้วเสร็จ"}},{"type":"Feature","id":735,"geometry":{"type":"Point","coordinates":[100.586,13.7935]},"properties":{"name":"ซอย ลาดพร้าว 48 แยก 3-2","district":"ห้วยขวาง","problems":"น้ำฝน สนข.","status_detail":"แก้ไขแล้วเสร็จ"}},{"type":"Feature","id":736,"geometry":{"type":"Point","coordinates":[100.4998,13.74504]},"properties":{"name":"ถนน พาหุรัด","district":"พระนคร","problems":"น้ำฝน สนข.","status_detail":"แก้ไขแล้วเสร็จ"}},{"type":"Feature","id":737,"geometry":{"type":"Point","coordinates":[100.4189,13.6498]},"properties":{"name":"ถนนพระรามที่ 2 ซอย 62 (ม.การเคหะโครงการ 3)","district":"บางขุนเทียน","problems":"น้ำฝน สนข.","status_detail":"แก้ไขแล้วเสร็จบางส่วน"}}]}
