{
  "type": "FeatureCollection",
  "name": "KLX rivers",
  "attribution": "© OpenStreetMap contributors, ODbL 1.0",
  "retrieved_at": "2026-09-08",
  "features": [
    {
      "type": "Feature",
      "geometry": {
        "type": "LineString",
        "coordinates": [
          [
            101.6930661,
            3.1601818
          ],
          [
            101.6932887,
            3.1597131
          ],
          [
            101.6935408,
            3.1591347
          ],
          [
            101.6937071,
            3.158741
          ],
          [
            101.6939163,
            3.1581786
          ],
          [
            101.6941631,
            3.1575144
          ],
          [
            101.6942516,
            3.157268
          ],
          [
            101.6943079,
            3.1570725
          ],
          [
            101.6944018,
            3.1566842
          ],
          [
            101.6944178,
            3.1564887
          ],
          [
            101.6944152,
            3.1562476
          ],
          [
            101.6943911,
            3.1560709
          ],
          [
            101.6941845,
            3.15508
          ],
          [
            101.6940397,
            3.1545166
          ],
          [
            101.6938466,
            3.1539096
          ],
          [
            101.69375,
            3.1535989
          ],
          [
            101.6936776,
            3.1532695
          ],
          [
            101.6936508,
            3.1530954
          ],
          [
            101.6936323,
            3.1528971
          ],
          [
            101.6935703,
            3.1522518
          ],
          [
            101.6935623,
            3.1517805
          ],
          [
            101.6935703,
            3.1515582
          ],
          [
            101.6935918,
            3.1514082
          ],
          [
            101.6936937,
            3.1510467
          ],
          [
            101.6937608,
            3.1508378
          ],
          [
            101.6938439,
            3.1506583
          ],
          [
            101.694001,
            3.1504148
          ],
          [
            101.6941516,
            3.1502243
          ],
          [
            101.6942784,
            3.1500949
          ],
          [
            101.6946745,
            3.149846
          ],
          [
            101.6947854,
            3.1497451
          ],
          [
            101.6948765,
            3.1495978
          ],
          [
            101.6949597,
            3.1494612
          ],
          [
            101.6950924,
            3.1492188
          ],
          [
            101.6952239,
            3.148797
          ],
          [
            101.6952628,
            3.1486229
          ],
          [
            101.6952937,
            3.1483845
          ],
          [
            101.6953164,
            3.1480217
          ],
          [
            101.6952979,
            3.1477188
          ],
          [
            101.6952865,
            3.147602
          ]
        ]
      },
      "properties": {
        "id": "river-23069192",
        "name": "Sungai Gombak",
        "name_en": "Gombak River",
        "name_ms": "Sungai Gombak",
        "name_zh": "鹅麦河",
        "osm_id": 23069192,
        "waterway": "river",
        "source": "OpenStreetMap waterway",
        "source_url": "https://www.openstreetmap.org/way/23069192"
      }
    },
    {
      "type": "Feature",
      "geometry": {
        "type": "LineString",
        "coordinates": [
          [
            101.6708223,
            3.0865844
          ],
          [
            101.6698766,
            3.0856703
          ],
          [
            101.6690631,
            3.0850431
          ],
          [
            101.6680833,
            3.0845462
          ],
          [
            101.6668052,
            3.0841362
          ],
          [
            101.6661369,
            3.0839104
          ],
          [
            101.6656202,
            3.0837358
          ],
          [
            101.6651945,
            3.0834671
          ],
          [
            101.6648603,
            3.0831575
          ],
          [
            101.6646802,
            3.0829738
          ],
          [
            101.6644969,
            3.0827143
          ],
          [
            101.6643745,
            3.0824569
          ],
          [
            101.6642718,
            3.0821876
          ],
          [
            101.6642511,
            3.0819373
          ],
          [
            101.6642629,
            3.0815229
          ],
          [
            101.6642092,
            3.0811262
          ],
          [
            101.6640568,
            3.0803558
          ],
          [
            101.6637687,
            3.079503
          ],
          [
            101.6635071,
            3.0790682
          ],
          [
            101.6628939,
            3.0784662
          ],
          [
            101.662191,
            3.0777939
          ],
          [
            101.661521,
            3.077118
          ],
          [
            101.661077,
            3.076888
          ],
          [
            101.6598362,
            3.0765003
          ],
          [
            101.6591978,
            3.0762967
          ],
          [
            101.6583762,
            3.0760438
          ],
          [
            101.6580882,
            3.075913
          ],
          [
            101.6576421,
            3.0756646
          ],
          [
            101.6570795,
            3.0752856
          ],
          [
            101.656431,
            3.0748482
          ],
          [
            101.6561546,
            3.0745696
          ],
          [
            101.6554112,
            3.073632
          ],
          [
            101.6551369,
            3.0732461
          ],
          [
            101.6548009,
            3.0727626
          ],
          [
            101.6546644,
            3.072493
          ],
          [
            101.654301,
            3.0715268
          ],
          [
            101.6540306,
            3.0711197
          ],
          [
            101.6536242,
            3.0707418
          ],
          [
            101.6531348,
            3.0703406
          ],
          [
            101.6526123,
            3.0700899
          ],
          [
            101.652079,
            3.0699267
          ],
          [
            101.6509756,
            3.0698572
          ],
          [
            101.6503796,
            3.0699066
          ],
          [
            101.648682,
            3.0701912
          ],
          [
            101.648038,
            3.0704396
          ],
          [
            101.6474522,
            3.0708433
          ],
          [
            101.6468704,
            3.0711104
          ],
          [
            101.6461024,
            3.0712799
          ],
          [
            101.64577,
            3.0712845
          ],
          [
            101.6429064,
            3.071038
          ],
          [
            101.6423969,
            3.0709686
          ],
          [
            101.6418965,
            3.0708464
          ],
          [
            101.6387851,
            3.0698923
          ],
          [
            101.6381376,
            3.0697582
          ],
          [
            101.6373733,
            3.0697358
          ],
          [
            101.6361277,
            3.0698735
          ],
          [
            101.634672,
            3.0700532
          ],
          [
            101.6330916,
            3.0702518
          ]
        ]
      },
      "properties": {
        "id": "river-25385820",
        "name": "Sungai Klang",
        "name_en": "Klang River",
        "name_ms": "Sungai Klang",
        "name_zh": "巴生河",
        "osm_id": 25385820,
        "waterway": "river",
        "source": "OpenStreetMap waterway",
        "source_url": "https://www.openstreetmap.org/way/25385820"
      }
    },
    {
      "type": "Feature",
      "geometry": {
        "type": "LineString",
        "coordinates": [
          [
            101.6880995,
            3.127311
          ],
          [
            101.6873675,
            3.1268131
          ],
          [
            101.6865817,
            3.1264625
          ],
          [
            101.6858026,
            3.1261261
          ],
          [
            101.6849095,
            3.1257807
          ],
          [
            101.6840619,
            3.1254164
          ],
          [
            101.6837052,
            3.1252771
          ],
          [
            101.6834316,
            3.1251057
          ],
          [
            101.683217,
            3.1249665
          ],
          [
            101.6825572,
            3.1244496
          ],
          [
            101.681959,
            3.1239943
          ],
          [
            101.681731,
            3.1238261
          ],
          [
            101.6812885,
            3.1234667
          ],
          [
            101.6810046,
            3.123251
          ],
          [
            101.6802907,
            3.1226337
          ],
          [
            101.6797677,
            3.1221758
          ],
          [
            101.6795719,
            3.1220365
          ],
          [
            101.6794424,
            3.1219782
          ],
          [
            101.6793519,
            3.1219374
          ],
          [
            101.6789293,
            3.1217723
          ],
          [
            101.6781557,
            3.1215946
          ],
          [
            101.6777669,
            3.1214753
          ],
          [
            101.6774154,
            3.1213321
          ],
          [
            101.6766819,
            3.1209734
          ],
          [
            101.6753655,
            3.1201583
          ],
          [
            101.6751309,
            3.1199528
          ],
          [
            101.6748802,
            3.1195378
          ],
          [
            101.6747324,
            3.1191976
          ],
          [
            101.6745836,
            3.1184035
          ],
          [
            101.6745508,
            3.1180513
          ],
          [
            101.6745347,
            3.1177567
          ],
          [
            101.6745239,
            3.1174621
          ],
          [
            101.674572,
            3.1169768
          ],
          [
            101.6746339,
            3.1166827
          ],
          [
            101.6748438,
            3.115977
          ],
          [
            101.6749812,
            3.1154483
          ],
          [
            101.6752106,
            3.1140339
          ],
          [
            101.6753393,
            3.1135572
          ],
          [
            101.6755325,
            3.1128341
          ],
          [
            101.6757524,
            3.1118056
          ],
          [
            101.6759241,
            3.1108897
          ],
          [
            101.676058,
            3.1101511
          ],
          [
            101.6761594,
            3.1094067
          ],
          [
            101.6761884,
            3.1087726
          ],
          [
            101.676214,
            3.1086654
          ],
          [
            101.6761494,
            3.1080025
          ],
          [
            101.6759884,
            3.1073276
          ],
          [
            101.6758329,
            3.1066044
          ],
          [
            101.6756666,
            3.105817
          ],
          [
            101.6755162,
            3.1049602
          ],
          [
            101.6754091,
            3.1041511
          ],
          [
            101.6753501,
            3.1035351
          ],
          [
            101.6753662,
            3.1030691
          ],
          [
            101.6754091,
            3.1021264
          ],
          [
            101.6753769,
            3.1016764
          ],
          [
            101.6752964,
            3.1012372
          ],
          [
            101.6750872,
            3.1006105
          ],
          [
            101.6749155,
            3.0999516
          ],
          [
            101.6747332,
            3.0993892
          ],
          [
            101.6746366,
            3.0991588
          ],
          [
            101.6745454,
            3.0989821
          ],
          [
            101.6742665,
            3.0986714
          ],
          [
            101.6738183,
            3.0982698
          ],
          [
            101.6732859,
            3.0978124
          ],
          [
            101.6728288,
            3.0973162
          ],
          [
            101.6724844,
            3.0969473
          ],
          [
            101.672174,
            3.0964668
          ],
          [
            101.6720341,
            3.0961315
          ],
          [
            101.6719756,
            3.0959123
          ],
          [
            101.6719878,
            3.0957001
          ],
          [
            101.6720706,
            3.0951111
          ],
          [
            101.6721198,
            3.0946744
          ],
          [
            101.6721958,
            3.0935987
          ],
          [
            101.6721851,
            3.0929559
          ],
          [
            101.6721644,
            3.0920417
          ],
          [
            101.6721368,
            3.0912043
          ],
          [
            101.6720977,
            3.0904882
          ],
          [
            101.6720456,
            3.0900633
          ],
          [
            101.6719705,
            3.0896181
          ],
          [
            101.67189,
            3.0890938
          ],
          [
            101.6717935,
            3.0886224
          ],
          [
            101.6716003,
            3.0878993
          ],
          [
            101.6714072,
            3.0874975
          ],
          [
            101.6711926,
            3.0870958
          ],
          [
            101.6708223,
            3.0865844
          ]
        ]
      },
      "properties": {
        "id": "river-139216938",
        "name": "Sungai Klang",
        "name_en": "Klang River",
        "name_ms": "Sungai Klang",
        "name_zh": "巴生河",
        "osm_id": 139216938,
        "waterway": "river",
        "source": "OpenStreetMap waterway",
        "source_url": "https://www.openstreetmap.org/way/139216938"
      }
    },
    {
      "type": "Feature",
      "geometry": {
        "type": "LineString",
        "coordinates": [
          [
            101.6330916,
            3.0702518
          ],
          [
            101.6290818,
            3.0708081
          ],
          [
            101.6267558,
            3.0719366
          ],
          [
            101.6246602,
            3.073257
          ],
          [
            101.6241133,
            3.0734251
          ],
          [
            101.6234445,
            3.0735435
          ],
          [
            101.6229056,
            3.0735254
          ],
          [
            101.6223927,
            3.0733681
          ],
          [
            101.6218417,
            3.073061
          ],
          [
            101.6215394,
            3.0728076
          ],
          [
            101.6210706,
            3.072252
          ],
          [
            101.6202577,
            3.0709385
          ],
          [
            101.6200067,
            3.0702691
          ],
          [
            101.6192138,
            3.0675155
          ],
          [
            101.6190339,
            3.0667895
          ],
          [
            101.618631,
            3.0628931
          ],
          [
            101.6184301,
            3.0608474
          ],
          [
            101.6183763,
            3.0602997
          ],
          [
            101.618254,
            3.0599334
          ],
          [
            101.6179934,
            3.059551
          ],
          [
            101.6177052,
            3.0592286
          ],
          [
            101.6112855,
            3.055234
          ],
          [
            101.610792,
            3.0549099
          ],
          [
            101.6103816,
            3.0545966
          ],
          [
            101.6097432,
            3.05401
          ],
          [
            101.6095635,
            3.0538546
          ],
          [
            101.6093785,
            3.0535761
          ],
          [
            101.6091612,
            3.0531234
          ],
          [
            101.6089305,
            3.0524431
          ],
          [
            101.6085362,
            3.0514066
          ],
          [
            101.6083378,
            3.0509138
          ],
          [
            101.6081876,
            3.050279
          ],
          [
            101.6080561,
            3.049687
          ],
          [
            101.6079193,
            3.0491192
          ],
          [
            101.6077343,
            3.0482916
          ],
          [
            101.6075814,
            3.0477104
          ],
          [
            101.6073614,
            3.0471988
          ],
          [
            101.607171,
            3.0466979
          ],
          [
            101.6068974,
            3.0460498
          ],
          [
            101.6065997,
            3.0454498
          ],
          [
            101.6062269,
            3.0449061
          ],
          [
            101.6059667,
            3.0445606
          ],
          [
            101.6056421,
            3.0441588
          ],
          [
            101.6042796,
            3.0427312
          ],
          [
            101.6032885,
            3.0415996
          ],
          [
            101.6028982,
            3.0412473
          ],
          [
            101.6024879,
            3.0409125
          ],
          [
            101.6020372,
            3.0405456
          ],
          [
            101.601769,
            3.0402858
          ],
          [
            101.6011173,
            3.0395305
          ],
          [
            101.6005969,
            3.0388743
          ],
          [
            101.600318,
            3.0384618
          ],
          [
            101.5999371,
            3.0375538
          ],
          [
            101.5998601,
            3.0373294
          ],
          [
            101.5996689,
            3.0367717
          ],
          [
            101.5994114,
            3.0359762
          ],
          [
            101.5992692,
            3.0354298
          ],
          [
            101.5991834,
            3.0347093
          ],
          [
            101.5990198,
            3.033445
          ],
          [
            101.5988991,
            3.0323897
          ],
          [
            101.5987515,
            3.0310478
          ],
          [
            101.598671,
            3.0303679
          ],
          [
            101.5983708,
            3.0277937
          ],
          [
            101.5981716,
            3.0255582
          ],
          [
            101.5980901,
            3.0250854
          ],
          [
            101.5977715,
            3.0235118
          ],
          [
            101.5974696,
            3.0220068
          ],
          [
            101.5971458,
            3.0207555
          ],
          [
            101.5969249,
            3.0196973
          ],
          [
            101.5966006,
            3.0184397
          ],
          [
            101.5958881,
            3.0162399
          ],
          [
            101.5956517,
            3.0154856
          ]
        ]
      },
      "properties": {
        "id": "river-163932066",
        "name": "Sungai Klang",
        "name_en": "Klang River",
        "name_ms": "Sungai Klang",
        "name_zh": "巴生河",
        "osm_id": 163932066,
        "waterway": "river",
        "source": "OpenStreetMap waterway",
        "source_url": "https://www.openstreetmap.org/way/163932066"
      }
    },
    {
      "type": "Feature",
      "geometry": {
        "type": "LineString",
        "coordinates": [
          [
            101.6861756,
            3.2706028
          ],
          [
            101.6860619,
            3.2703584
          ],
          [
            101.6858678,
            3.2700843
          ],
          [
            101.6853601,
            3.2689108
          ],
          [
            101.6852677,
            3.2688174
          ],
          [
            101.684251,
            3.2686511
          ],
          [
            101.6840096,
            3.2684931
          ],
          [
            101.6837279,
            3.2683645
          ],
          [
            101.6833886,
            3.2683485
          ],
          [
            101.6831887,
            3.2682858
          ],
          [
            101.6829993,
            3.2680785
          ],
          [
            101.6822079,
            3.267941
          ],
          [
            101.6819255,
            3.2678745
          ],
          [
            101.6815501,
            3.2678928
          ],
          [
            101.6811478,
            3.2681491
          ],
          [
            101.6810323,
            3.2682641
          ],
          [
            101.6808034,
            3.2682919
          ],
          [
            101.6796444,
            3.2679611
          ],
          [
            101.6794701,
            3.2679447
          ],
          [
            101.6793278,
            3.2678718
          ],
          [
            101.6792473,
            3.2677138
          ],
          [
            101.679314,
            3.2675396
          ],
          [
            101.6793975,
            3.2674581
          ],
          [
            101.6797094,
            3.2671627
          ],
          [
            101.6803813,
            3.2662764
          ],
          [
            101.6809727,
            3.2658253
          ],
          [
            101.6813506,
            3.2653394
          ],
          [
            101.6814447,
            3.2650961
          ],
          [
            101.6814759,
            3.2647181
          ],
          [
            101.6814184,
            3.2644849
          ],
          [
            101.6814307,
            3.2639738
          ],
          [
            101.6814052,
            3.2637251
          ],
          [
            101.6812019,
            3.2631178
          ],
          [
            101.6812082,
            3.2628192
          ],
          [
            101.6811473,
            3.2624709
          ],
          [
            101.6810294,
            3.2621688
          ],
          [
            101.6810345,
            3.2620369
          ],
          [
            101.6810716,
            3.2619262
          ],
          [
            101.6811619,
            3.2618307
          ],
          [
            101.6813113,
            3.2618158
          ],
          [
            101.6814819,
            3.2618545
          ],
          [
            101.681903,
            3.2621125
          ],
          [
            101.6823592,
            3.2621713
          ],
          [
            101.6825556,
            3.2621624
          ],
          [
            101.6826738,
            3.2621224
          ],
          [
            101.68271,
            3.2620214
          ],
          [
            101.6826987,
            3.2617661
          ],
          [
            101.6826316,
            3.2615109
          ],
          [
            101.6825969,
            3.2601278
          ],
          [
            101.6828773,
            3.2592181
          ],
          [
            101.6829152,
            3.2588755
          ],
          [
            101.6828765,
            3.2585453
          ],
          [
            101.6829741,
            3.2578162
          ],
          [
            101.6831017,
            3.257384
          ],
          [
            101.6831996,
            3.2569528
          ],
          [
            101.6834034,
            3.2564534
          ],
          [
            101.6835543,
            3.2558296
          ],
          [
            101.683638,
            3.2553572
          ],
          [
            101.6837588,
            3.2552537
          ],
          [
            101.6840617,
            3.2550279
          ],
          [
            101.6848685,
            3.2541543
          ],
          [
            101.6849826,
            3.2540757
          ],
          [
            101.6858365,
            3.2538447
          ],
          [
            101.6859816,
            3.2536614
          ],
          [
            101.6860254,
            3.2535312
          ]
        ]
      },
      "properties": {
        "id": "river-188429198",
        "name": "Sungai Batu",
        "name_en": "Batu River",
        "name_ms": "Sungai Batu",
        "name_zh": "batu河",
        "osm_id": 188429198,
        "waterway": "river",
        "source": "OpenStreetMap waterway",
        "source_url": "https://www.openstreetmap.org/way/188429198"
      }
    },
    {
      "type": "Feature",
      "geometry": {
        "type": "LineString",
        "coordinates": [
          [
            101.7085531,
            3.2261876
          ],
          [
            101.7084965,
            3.2260572
          ],
          [
            101.7079821,
            3.2248732
          ],
          [
            101.7079156,
            3.2247574
          ],
          [
            101.7078119,
            3.2245536
          ],
          [
            101.7073566,
            3.2241701
          ],
          [
            101.7072084,
            3.2241482
          ],
          [
            101.7067434,
            3.2237958
          ],
          [
            101.7066003,
            3.2237515
          ],
          [
            101.7054574,
            3.2235677
          ],
          [
            101.7042095,
            3.2235197
          ],
          [
            101.7033467,
            3.2236059
          ],
          [
            101.7030436,
            3.223605
          ],
          [
            101.7027471,
            3.2235585
          ],
          [
            101.7025439,
            3.2235486
          ],
          [
            101.7023276,
            3.2235973
          ],
          [
            101.701964,
            3.2235969
          ],
          [
            101.7018561,
            3.2235636
          ]
        ]
      },
      "properties": {
        "id": "river-188552434",
        "name": "Terusan Lencongan Sungai Gombak",
        "name_en": "Gombak River diversion canal",
        "name_ms": "Terusan Lencongan Sungai Gombak",
        "name_zh": "鹅麦河分流渠",
        "osm_id": 188552434,
        "waterway": "river",
        "source": "OpenStreetMap waterway",
        "source_url": "https://www.openstreetmap.org/way/188552434"
      }
    },
    {
      "type": "Feature",
      "geometry": {
        "type": "LineString",
        "coordinates": [
          [
            101.6964608,
            3.2235208
          ],
          [
            101.6963899,
            3.2235317
          ],
          [
            101.6960567,
            3.2235371
          ],
          [
            101.6957641,
            3.2235628
          ],
          [
            101.6955249,
            3.2236787
          ],
          [
            101.6951219,
            3.2240232
          ],
          [
            101.6939238,
            3.2250494
          ],
          [
            101.6937321,
            3.2251117
          ],
          [
            101.690887,
            3.2249973
          ],
          [
            101.6897043,
            3.2249602
          ],
          [
            101.6890578,
            3.2249586
          ],
          [
            101.6886789,
            3.2249352
          ]
        ]
      },
      "properties": {
        "id": "river-188552435",
        "name": "Terusan Lencongan Sungai Gombak",
        "name_en": "Gombak River diversion canal",
        "name_ms": "Terusan Lencongan Sungai Gombak",
        "name_zh": "鹅麦河分流渠",
        "osm_id": 188552435,
        "waterway": "river",
        "source": "OpenStreetMap waterway",
        "source_url": "https://www.openstreetmap.org/way/188552435"
      }
    },
    {
      "type": "Feature",
      "geometry": {
        "type": "LineString",
        "coordinates": [
          [
            101.6860254,
            3.2535312
          ],
          [
            101.6859013,
            3.2532946
          ],
          [
            101.6858464,
            3.2532459
          ],
          [
            101.6858122,
            3.2532085
          ],
          [
            101.6857682,
            3.2531569
          ],
          [
            101.685703,
            3.2531389
          ],
          [
            101.6856091,
            3.2531436
          ],
          [
            101.6855146,
            3.2531428
          ],
          [
            101.6854149,
            3.2531164
          ],
          [
            101.6852558,
            3.2530726
          ],
          [
            101.6851696,
            3.253038
          ],
          [
            101.6851093,
            3.2529851
          ],
          [
            101.685048,
            3.2529133
          ],
          [
            101.6849809,
            3.2528067
          ],
          [
            101.6847055,
            3.2523943
          ],
          [
            101.6843656,
            3.2515149
          ],
          [
            101.6841585,
            3.2513083
          ],
          [
            101.6838054,
            3.2510482
          ],
          [
            101.6834909,
            3.2507068
          ],
          [
            101.6830538,
            3.249888
          ],
          [
            101.6830161,
            3.2498094
          ],
          [
            101.6829769,
            3.249709
          ],
          [
            101.6829453,
            3.2496133
          ],
          [
            101.6829177,
            3.2495234
          ],
          [
            101.6829115,
            3.2494747
          ],
          [
            101.6829018,
            3.2494058
          ],
          [
            101.6829038,
            3.249347
          ],
          [
            101.6829288,
            3.2492619
          ],
          [
            101.682982,
            3.2491459
          ],
          [
            101.6830762,
            3.248979
          ],
          [
            101.683095,
            3.2489169
          ],
          [
            101.6831278,
            3.2487964
          ],
          [
            101.6831252,
            3.2487069
          ],
          [
            101.6831041,
            3.2486112
          ],
          [
            101.6830913,
            3.2483839
          ],
          [
            101.6829988,
            3.2480959
          ],
          [
            101.6825481,
            3.2478361
          ],
          [
            101.6820759,
            3.2472274
          ],
          [
            101.6819926,
            3.2471207
          ],
          [
            101.6818956,
            3.2468415
          ],
          [
            101.6816644,
            3.2466705
          ],
          [
            101.6812102,
            3.2463546
          ],
          [
            101.6809818,
            3.246198
          ],
          [
            101.6796649,
            3.2448639
          ],
          [
            101.6794297,
            3.2445498
          ],
          [
            101.6788447,
            3.2438623
          ],
          [
            101.6787833,
            3.2436554
          ],
          [
            101.6788236,
            3.2435137
          ],
          [
            101.6791524,
            3.2432899
          ],
          [
            101.6792872,
            3.24302
          ],
          [
            101.679326,
            3.2427196
          ],
          [
            101.6794397,
            3.2425253
          ],
          [
            101.6794409,
            3.2420429
          ],
          [
            101.6795395,
            3.2415194
          ],
          [
            101.6797148,
            3.2407659
          ],
          [
            101.6802367,
            3.2398616
          ],
          [
            101.6802924,
            3.239647
          ],
          [
            101.6801926,
            3.2393462
          ],
          [
            101.6801773,
            3.2387044
          ],
          [
            101.6802559,
            3.238258
          ],
          [
            101.6802847,
            3.2374553
          ],
          [
            101.6803197,
            3.2370066
          ],
          [
            101.6802119,
            3.2365069
          ],
          [
            101.6800875,
            3.2362601
          ],
          [
            101.6799024,
            3.2355734
          ],
          [
            101.6796228,
            3.234952
          ],
          [
            101.6794385,
            3.234785
          ],
          [
            101.6791566,
            3.2347885
          ],
          [
            101.6790135,
            3.2346144
          ],
          [
            101.6788604,
            3.2345365
          ],
          [
            101.6784178,
            3.2343729
          ],
          [
            101.678348,
            3.2343478
          ],
          [
            101.6783121,
            3.2343088
          ],
          [
            101.6782737,
            3.234254
          ],
          [
            101.6782709,
            3.2342113
          ],
          [
            101.678294,
            3.2340966
          ],
          [
            101.6784437,
            3.2337132
          ],
          [
            101.6784959,
            3.2335341
          ],
          [
            101.6785117,
            3.2334541
          ],
          [
            101.6785267,
            3.233339
          ],
          [
            101.6785278,
            3.2332238
          ],
          [
            101.6785072,
            3.2331587
          ],
          [
            101.6784886,
            3.2331086
          ],
          [
            101.678458,
            3.2330584
          ],
          [
            101.6782758,
            3.2329213
          ],
          [
            101.6781283,
            3.2328615
          ],
          [
            101.6778088,
            3.2326049
          ],
          [
            101.6776722,
            3.2324699
          ],
          [
            101.6770162,
            3.231966
          ],
          [
            101.676452,
            3.2315432
          ],
          [
            101.6760288,
            3.231102
          ],
          [
            101.6759515,
            3.2310153
          ],
          [
            101.6759283,
            3.2309042
          ],
          [
            101.6758859,
            3.2295395
          ],
          [
            101.6758625,
            3.2289518
          ],
          [
            101.6758461,
            3.2285432
          ],
          [
            101.6759652,
            3.2281153
          ],
          [
            101.676034,
            3.2278955
          ],
          [
            101.6760608,
            3.2278385
          ],
          [
            101.6760876,
            3.2278066
          ],
          [
            101.6761284,
            3.2277859
          ],
          [
            101.6761683,
            3.2277753
          ],
          [
            101.6762446,
            3.2277516
          ],
          [
            101.6763175,
            3.2277514
          ],
          [
            101.6763927,
            3.227768
          ],
          [
            101.6764722,
            3.2277871
          ],
          [
            101.6765967,
            3.227792
          ],
          [
            101.6766973,
            3.2277891
          ],
          [
            101.6767941,
            3.2277748
          ],
          [
            101.6794153,
            3.2273449
          ],
          [
            101.6797929,
            3.2271749
          ],
          [
            101.6802034,
            3.2266061
          ],
          [
            101.6804718,
            3.2260751
          ],
          [
            101.68066,
            3.2256696
          ],
          [
            101.6807298,
            3.2252633
          ],
          [
            101.6806828,
            3.2248226
          ],
          [
            101.6806866,
            3.2246733
          ],
          [
            101.6807203,
            3.2238189
          ],
          [
            101.6807359,
            3.2226488
          ],
          [
            101.6807124,
            3.2219923
          ],
          [
            101.6806942,
            3.221743
          ],
          [
            101.6806131,
            3.2215543
          ],
          [
            101.6805731,
            3.2210724
          ],
          [
            101.6807396,
            3.2206763
          ],
          [
            101.680886,
            3.2205937
          ],
          [
            101.6809549,
            3.2205451
          ],
          [
            101.6809589,
            3.2203027
          ],
          [
            101.6810188,
            3.2202192
          ],
          [
            101.6811634,
            3.2201968
          ],
          [
            101.6812846,
            3.2201194
          ],
          [
            101.6815353,
            3.2195668
          ],
          [
            101.6817426,
            3.2193846
          ],
          [
            101.6817399,
            3.2193162
          ],
          [
            101.6817131,
            3.2190121
          ],
          [
            101.6817033,
            3.2183406
          ],
          [
            101.6818212,
            3.2169227
          ],
          [
            101.6820871,
            3.2139289
          ],
          [
            101.680096,
            3.2079671
          ],
          [
            101.6800268,
            3.2078311
          ],
          [
            101.6775147,
            3.2053866
          ],
          [
            101.6764003,
            3.2042545
          ],
          [
            101.6761702,
            3.2040071
          ],
          [
            101.6761557,
            3.2039793
          ],
          [
            101.6761456,
            3.2039367
          ],
          [
            101.6761334,
            3.2038685
          ],
          [
            101.6761208,
            3.2037826
          ],
          [
            101.6761022,
            3.2036627
          ],
          [
            101.6760698,
            3.203544
          ],
          [
            101.676026,
            3.2033941
          ],
          [
            101.6759546,
            3.2030859
          ],
          [
            101.6758873,
            3.2027277
          ],
          [
            101.6757991,
            3.2025097
          ],
          [
            101.6756291,
            3.2021969
          ],
          [
            101.6756022,
            3.2021023
          ],
          [
            101.6755869,
            3.2020268
          ],
          [
            101.6755808,
            3.2019303
          ],
          [
            101.6755907,
            3.2018447
          ],
          [
            101.6755991,
            3.2017999
          ],
          [
            101.6756178,
            3.2017493
          ],
          [
            101.675636,
            3.2017105
          ],
          [
            101.6759328,
            3.2012321
          ],
          [
            101.6760239,
            3.2010728
          ],
          [
            101.6762125,
            3.2007859
          ],
          [
            101.6772619,
            3.1995798
          ],
          [
            101.6773593,
            3.1993982
          ],
          [
            101.6774152,
            3.1992691
          ],
          [
            101.6774709,
            3.1991122
          ],
          [
            101.6775117,
            3.198913
          ],
          [
            101.6775437,
            3.1987006
          ],
          [
            101.677552,
            3.1985607
          ],
          [
            101.6775879,
            3.1984017
          ],
          [
            101.677621,
            3.1982987
          ],
          [
            101.6777153,
            3.198102
          ],
          [
            101.6782616,
            3.1972558
          ],
          [
            101.6782958,
            3.1971887
          ],
          [
            101.6783211,
            3.1971226
          ],
          [
            101.6783348,
            3.1970616
          ],
          [
            101.6783435,
            3.1969874
          ],
          [
            101.6783486,
            3.1969058
          ],
          [
            101.6783543,
            3.1967446
          ],
          [
            101.6783419,
            3.1965292
          ],
          [
            101.6783285,
            3.1964431
          ],
          [
            101.6783121,
            3.1963557
          ],
          [
            101.6782888,
            3.1962292
          ],
          [
            101.6782818,
            3.1961526
          ],
          [
            101.678282,
            3.1960856
          ],
          [
            101.6782901,
            3.1960011
          ],
          [
            101.6783826,
            3.1957007
          ],
          [
            101.6789795,
            3.1937328
          ],
          [
            101.6792301,
            3.1927497
          ],
          [
            101.6793738,
            3.1922163
          ],
          [
            101.6797305,
            3.1907048
          ],
          [
            101.6798165,
            3.1902724
          ],
          [
            101.6798318,
            3.1897756
          ],
          [
            101.6798389,
            3.1893667
          ],
          [
            101.6797669,
            3.1888235
          ],
          [
            101.6797458,
            3.187359
          ],
          [
            101.6794233,
            3.1844886
          ],
          [
            101.6794049,
            3.1842096
          ],
          [
            101.6796939,
            3.1825977
          ],
          [
            101.6796844,
            3.1824861
          ],
          [
            101.679466,
            3.181866
          ],
          [
            101.6794633,
            3.1814925
          ],
          [
            101.6795738,
            3.1810693
          ],
          [
            101.6799188,
            3.1800891
          ],
          [
            101.6799793,
            3.1799684
          ],
          [
            101.6800576,
            3.179867
          ],
          [
            101.6801529,
            3.179778
          ],
          [
            101.6802662,
            3.1796936
          ],
          [
            101.6803937,
            3.1796139
          ],
          [
            101.6805431,
            3.1795528
          ],
          [
            101.6806788,
            3.1795176
          ],
          [
            101.6808286,
            3.1794965
          ],
          [
            101.6809782,
            3.179488
          ],
          [
            101.6811423,
            3.1795019
          ],
          [
            101.6813065,
            3.1795001
          ],
          [
            101.6814505,
            3.1794808
          ],
          [
            101.6815929,
            3.1794159
          ],
          [
            101.681785,
            3.179284
          ],
          [
            101.68189,
            3.1791884
          ],
          [
            101.6821782,
            3.1789216
          ],
          [
            101.6830568,
            3.1781069
          ],
          [
            101.6846754,
            3.1769691
          ],
          [
            101.6858568,
            3.1763398
          ],
          [
            101.6861298,
            3.17618
          ],
          [
            101.6861886,
            3.1761285
          ],
          [
            101.6862416,
            3.1760536
          ],
          [
            101.6862717,
            3.1759981
          ],
          [
            101.6862965,
            3.1759284
          ],
          [
            101.6863165,
            3.1758476
          ],
          [
            101.6863348,
            3.1757632
          ],
          [
            101.6863394,
            3.1756474
          ],
          [
            101.6862986,
            3.1754664
          ],
          [
            101.6860037,
            3.1737655
          ],
          [
            101.6860045,
            3.1736859
          ],
          [
            101.6860258,
            3.1735724
          ],
          [
            101.6860632,
            3.1734549
          ],
          [
            101.686896,
            3.1716633
          ],
          [
            101.6869509,
            3.1713066
          ],
          [
            101.6868569,
            3.1702905
          ],
          [
            101.6868812,
            3.1701426
          ],
          [
            101.686923,
            3.1700142
          ],
          [
            101.686975,
            3.1698704
          ],
          [
            101.6870397,
            3.1697339
          ],
          [
            101.6871191,
            3.1696141
          ],
          [
            101.6872432,
            3.1694961
          ],
          [
            101.6873848,
            3.1693787
          ],
          [
            101.6876916,
            3.1691899
          ],
          [
            101.6880587,
            3.1689541
          ],
          [
            101.6885418,
            3.1687942
          ],
          [
            101.6888001,
            3.1687485
          ],
          [
            101.6890139,
            3.1687843
          ],
          [
            101.6891767,
            3.1688498
          ],
          [
            101.6893611,
            3.1689506
          ],
          [
            101.6895272,
            3.1690803
          ],
          [
            101.6897063,
            3.1692753
          ],
          [
            101.6899487,
            3.1695588
          ],
          [
            101.6900596,
            3.169632
          ],
          [
            101.6902442,
            3.169737
          ],
          [
            101.6904273,
            3.1698156
          ],
          [
            101.6905559,
            3.1698345
          ]
        ]
      },
      "properties": {
        "id": "river-206371703",
        "name": "Sungai Batu",
        "name_en": "Batu River",
        "name_ms": "Sungai Batu",
        "name_zh": "batu河",
        "osm_id": 206371703,
        "waterway": "river",
        "source": "OpenStreetMap waterway",
        "source_url": "https://www.openstreetmap.org/way/206371703"
      }
    },
    {
      "type": "Feature",
      "geometry": {
        "type": "LineString",
        "coordinates": [
          [
            101.7328579,
            3.29728
          ],
          [
            101.7325702,
            3.2971032
          ],
          [
            101.7324677,
            3.2970224
          ],
          [
            101.7323604,
            3.2968912
          ],
          [
            101.7322719,
            3.2967064
          ],
          [
            101.7322263,
            3.2966047
          ],
          [
            101.7321566,
            3.2965003
          ],
          [
            101.7321056,
            3.2964293
          ],
          [
            101.731992,
            3.2963793
          ],
          [
            101.7318911,
            3.2963757
          ],
          [
            101.7318106,
            3.2964186
          ],
          [
            101.7317797,
            3.2965083
          ],
          [
            101.7317006,
            3.2965993
          ],
          [
            101.7315786,
            3.2966984
          ],
          [
            101.7314753,
            3.2967372
          ],
          [
            101.7313546,
            3.2967265
          ],
          [
            101.7312688,
            3.2966783
          ],
          [
            101.7312259,
            3.2966141
          ],
          [
            101.7312071,
            3.2964494
          ],
          [
            101.7312527,
            3.2962124
          ],
          [
            101.7312921,
            3.2956424
          ],
          [
            101.7313009,
            3.295464
          ],
          [
            101.7312714,
            3.2952926
          ],
          [
            101.7311615,
            3.2951507
          ],
          [
            101.7310381,
            3.2950221
          ],
          [
            101.7309067,
            3.2948722
          ],
          [
            101.7308423,
            3.2947677
          ],
          [
            101.7307967,
            3.2946365
          ],
          [
            101.7307377,
            3.2944384
          ],
          [
            101.7306304,
            3.2941358
          ],
          [
            101.7305132,
            3.2938298
          ],
          [
            101.7304024,
            3.293394
          ],
          [
            101.730338,
            3.293153
          ],
          [
            101.7303029,
            3.2929116
          ],
          [
            101.7302442,
            3.2925854
          ],
          [
            101.730215,
            3.2922003
          ],
          [
            101.73022,
            3.29194
          ],
          [
            101.7302214,
            3.2917218
          ],
          [
            101.7302348,
            3.2915859
          ],
          [
            101.730279,
            3.2914547
          ],
          [
            101.730332,
            3.2914071
          ],
          [
            101.730391,
            3.2914085
          ],
          [
            101.730562,
            3.291535
          ],
          [
            101.730623,
            3.2915497
          ],
          [
            101.7308208,
            3.2915357
          ],
          [
            101.730963,
            3.2914875
          ],
          [
            101.7310649,
            3.2914098
          ],
          [
            101.7312071,
            3.2912384
          ],
          [
            101.7313063,
            3.2911099
          ],
          [
            101.7313251,
            3.2910055
          ],
          [
            101.7313117,
            3.290885
          ],
          [
            101.73125,
            3.2907645
          ],
          [
            101.7311409,
            3.2905803
          ],
          [
            101.7310622,
            3.290403
          ],
          [
            101.730967,
            3.2901981
          ],
          [
            101.7308423,
            3.2899959
          ],
          [
            101.730676,
            3.2898005
          ],
          [
            101.7305365,
            3.2896237
          ],
          [
            101.7303944,
            3.2894363
          ],
          [
            101.7303005,
            3.2892006
          ],
          [
            101.7302415,
            3.2890185
          ],
          [
            101.7302147,
            3.288799
          ],
          [
            101.7302173,
            3.2885955
          ],
          [
            101.7302558,
            3.2883712
          ],
          [
            101.7302844,
            3.2881349
          ],
          [
            101.7302903,
            3.2878573
          ],
          [
            101.7302871,
            3.2876475
          ],
          [
            101.7302683,
            3.2875157
          ],
          [
            101.7302066,
            3.2871843
          ],
          [
            101.7300957,
            3.2868827
          ],
          [
            101.7298791,
            3.2863751
          ],
          [
            101.7298284,
            3.2862899
          ],
          [
            101.7297989,
            3.2861961
          ],
          [
            101.7297694,
            3.2861051
          ],
          [
            101.729764,
            3.28599
          ],
          [
            101.7297855,
            3.2857864
          ],
          [
            101.7298432,
            3.2854503
          ],
          [
            101.7299009,
            3.2849992
          ],
          [
            101.7299889,
            3.2846401
          ],
          [
            101.7300313,
            3.2844137
          ],
          [
            101.7300913,
            3.2841664
          ],
          [
            101.7299964,
            3.2838939
          ],
          [
            101.7299062,
            3.2836388
          ],
          [
            101.7298391,
            3.2834782
          ],
          [
            101.7297801,
            3.283355
          ],
          [
            101.7297399,
            3.2832988
          ],
          [
            101.7296299,
            3.2832238
          ],
          [
            101.7294449,
            3.2831461
          ],
          [
            101.7293134,
            3.2830685
          ],
          [
            101.7292142,
            3.2829587
          ],
          [
            101.7291498,
            3.2828409
          ],
          [
            101.7290801,
            3.2826989
          ],
          [
            101.7290559,
            3.2825704
          ],
          [
            101.7290506,
            3.2824445
          ],
          [
            101.7289942,
            3.2819143
          ],
          [
            101.7289513,
            3.2815689
          ],
          [
            101.7289111,
            3.2812851
          ],
          [
            101.7288682,
            3.2810146
          ],
          [
            101.7288183,
            3.2807974
          ],
          [
            101.7287769,
            3.2806685
          ],
          [
            101.7287142,
            3.2805239
          ],
          [
            101.7285973,
            3.2803237
          ],
          [
            101.7285544,
            3.2802353
          ],
          [
            101.7285463,
            3.2801202
          ],
          [
            101.7285678,
            3.2800051
          ],
          [
            101.7286134,
            3.2798337
          ],
          [
            101.7286927,
            3.279638
          ],
          [
            101.7287448,
            3.2795498
          ],
          [
            101.7288779,
            3.2794688
          ],
          [
            101.7291698,
            3.2792619
          ],
          [
            101.7292625,
            3.2791321
          ],
          [
            101.7293,
            3.2790491
          ],
          [
            101.7293299,
            3.2789204
          ],
          [
            101.7293429,
            3.2787224
          ],
          [
            101.7293429,
            3.2785456
          ],
          [
            101.7293267,
            3.2783563
          ],
          [
            101.7293309,
            3.277986
          ],
          [
            101.7292846,
            3.2779056
          ],
          [
            101.7292115,
            3.2778802
          ],
          [
            101.7291015,
            3.2777918
          ],
          [
            101.7290868,
            3.2776746
          ],
          [
            101.7290277,
            3.2775026
          ],
          [
            101.7289245,
            3.277362
          ],
          [
            101.7287837,
            3.2771157
          ],
          [
            101.7287394,
            3.276888
          ],
          [
            101.7286938,
            3.276714
          ],
          [
            101.7286832,
            3.276556
          ],
          [
            101.7286832,
            3.2763311
          ],
          [
            101.7286912,
            3.2762133
          ],
          [
            101.7286778,
            3.2761303
          ],
          [
            101.7286402,
            3.2760553
          ],
          [
            101.7285437,
            3.2758973
          ],
          [
            101.7284981,
            3.2757554
          ],
          [
            101.7284679,
            3.2756056
          ],
          [
            101.7284498,
            3.2754822
          ],
          [
            101.7284498,
            3.2752948
          ],
          [
            101.7284874,
            3.2751582
          ],
          [
            101.7285651,
            3.2750083
          ],
          [
            101.728651,
            3.2748476
          ],
          [
            101.7286939,
            3.2746749
          ],
          [
            101.7286348,
            3.2745289
          ],
          [
            101.7286348,
            3.2742611
          ],
          [
            101.7286563,
            3.2739461
          ],
          [
            101.7286616,
            3.2735354
          ],
          [
            101.7285257,
            3.2731683
          ],
          [
            101.7283612,
            3.272799
          ],
          [
            101.7283237,
            3.2726196
          ],
          [
            101.7282499,
            3.2719461
          ],
          [
            101.7281375,
            3.2715803
          ],
          [
            101.7280903,
            3.271337
          ],
          [
            101.7280514,
            3.2710464
          ],
          [
            101.727975,
            3.2707665
          ],
          [
            101.727923,
            3.2705208
          ],
          [
            101.7278959,
            3.270393
          ],
          [
            101.7277711,
            3.2700546
          ],
          [
            101.727633,
            3.2698641
          ],
          [
            101.7275629,
            3.2696183
          ],
          [
            101.7275405,
            3.2694664
          ],
          [
            101.7275137,
            3.2692924
          ],
          [
            101.7274845,
            3.2691086
          ],
          [
            101.7274506,
            3.2688854
          ],
          [
            101.7273598,
            3.268673
          ],
          [
            101.7272441,
            3.2684716
          ],
          [
            101.7271395,
            3.268323
          ],
          [
            101.7270711,
            3.2682212
          ],
          [
            101.7269947,
            3.2680713
          ],
          [
            101.7269571,
            3.2679522
          ],
          [
            101.7269156,
            3.2678316
          ],
          [
            101.7268981,
            3.2675866
          ],
          [
            101.7268444,
            3.2673429
          ],
          [
            101.7268047,
            3.2671929
          ],
          [
            101.7267774,
            3.2670697
          ],
          [
            101.7267238,
            3.2669124
          ],
          [
            101.7266097,
            3.2667109
          ],
          [
            101.7264568,
            3.2665127
          ],
          [
            101.7263362,
            3.2663588
          ],
          [
            101.726135,
            3.2661004
          ],
          [
            101.7259413,
            3.2658499
          ],
          [
            101.7258373,
            3.2656732
          ],
          [
            101.7257675,
            3.265518
          ],
          [
            101.7256979,
            3.2653492
          ],
          [
            101.72562,
            3.2651672
          ],
          [
            101.7256039,
            3.265044
          ],
          [
            101.7256066,
            3.264894
          ],
          [
            101.7256656,
            3.2645057
          ],
          [
            101.7257756,
            3.263998
          ],
          [
            101.7258296,
            3.2637284
          ],
          [
            101.7259351,
            3.2634536
          ],
          [
            101.7261023,
            3.2630941
          ],
          [
            101.7263286,
            3.2627757
          ],
          [
            101.7265138,
            3.2625651
          ],
          [
            101.7265848,
            3.2623021
          ],
          [
            101.726416,
            3.2617531
          ],
          [
            101.7263308,
            3.2611884
          ],
          [
            101.7264067,
            3.2607671
          ],
          [
            101.7266915,
            3.2601064
          ],
          [
            101.7267856,
            3.2597011
          ],
          [
            101.7267466,
            3.2595316
          ],
          [
            101.7266645,
            3.2593904
          ],
          [
            101.7264334,
            3.2592551
          ],
          [
            101.7260645,
            3.259085
          ],
          [
            101.7259151,
            3.2590108
          ],
          [
            101.7258158,
            3.2589331
          ],
          [
            101.7257125,
            3.2588095
          ],
          [
            101.7256656,
            3.2587269
          ],
          [
            101.7256361,
            3.2586439
          ],
          [
            101.7255895,
            3.2584756
          ],
          [
            101.7255717,
            3.2582502
          ],
          [
            101.7255756,
            3.2580857
          ],
          [
            101.7256138,
            3.2578168
          ],
          [
            101.7257104,
            3.2574443
          ],
          [
            101.7257193,
            3.2572782
          ],
          [
            101.7256818,
            3.2570854
          ],
          [
            101.7256254,
            3.2569542
          ],
          [
            101.7255518,
            3.2568107
          ],
          [
            101.7254886,
            3.256689
          ],
          [
            101.7254108,
            3.2565016
          ],
          [
            101.7253035,
            3.256191
          ],
          [
            101.7252311,
            3.2559392
          ],
          [
            101.7251641,
            3.2557263
          ],
          [
            101.725105,
            3.2555657
          ],
          [
            101.7250729,
            3.2554947
          ],
          [
            101.7250299,
            3.2554465
          ],
          [
            101.7249602,
            3.2554117
          ],
          [
            101.7248476,
            3.255409
          ],
          [
            101.7246974,
            3.2554144
          ],
          [
            101.7245512,
            3.2554104
          ],
          [
            101.72446,
            3.2553956
          ],
          [
            101.7242038,
            3.2553367
          ],
          [
            101.7239732,
            3.2552858
          ],
          [
            101.7237344,
            3.2552135
          ],
          [
            101.7234126,
            3.2551118
          ],
          [
            101.723206,
            3.2550716
          ],
          [
            101.7230666,
            3.2550341
          ],
          [
            101.7230156,
            3.2549966
          ],
          [
            101.7229432,
            3.254919
          ],
          [
            101.7228976,
            3.254836
          ],
          [
            101.7228265,
            3.2546639
          ],
          [
            101.7227983,
            3.2545414
          ],
          [
            101.7227983,
            3.2544236
          ],
          [
            101.722793,
            3.2543164
          ],
          [
            101.7227742,
            3.2542013
          ],
          [
            101.7227152,
            3.2540701
          ],
          [
            101.7226401,
            3.2539041
          ],
          [
            101.7225248,
            3.2535774
          ],
          [
            101.7224523,
            3.2533578
          ],
          [
            101.7223853,
            3.2530337
          ],
          [
            101.7223346,
            3.2528681
          ],
          [
            101.7223021,
            3.2527285
          ],
          [
            101.7222244,
            3.252616
          ],
          [
            101.722168,
            3.252541
          ],
          [
            101.7221305,
            3.2524232
          ],
          [
            101.7220956,
            3.2522732
          ],
          [
            101.7219776,
            3.251893
          ],
          [
            101.7219347,
            3.2517376
          ],
          [
            101.7218739,
            3.2515752
          ],
          [
            101.721822,
            3.2514725
          ],
          [
            101.7217496,
            3.2514083
          ],
          [
            101.7216772,
            3.2513226
          ],
          [
            101.7216262,
            3.2512288
          ],
          [
            101.7216101,
            3.2511057
          ],
          [
            101.7216101,
            3.2509316
          ],
          [
            101.7216289,
            3.2506102
          ],
          [
            101.721645,
            3.2504978
          ],
          [
            101.7216369,
            3.2504041
          ],
          [
            101.7216128,
            3.2502702
          ],
          [
            101.7215538,
            3.2501282
          ],
          [
            101.7214891,
            3.2499171
          ],
          [
            101.721434,
            3.2496594
          ],
          [
            101.7213365,
            3.2493597
          ],
          [
            101.7212641,
            3.2491053
          ],
          [
            101.7212132,
            3.2489018
          ],
          [
            101.7211917,
            3.248792
          ],
          [
            101.7212078,
            3.2486554
          ],
          [
            101.7212749,
            3.2485429
          ],
          [
            101.721358,
            3.2484653
          ],
          [
            101.7215726,
            3.2482992
          ],
          [
            101.7216155,
            3.2482403
          ],
          [
            101.7216825,
            3.2481011
          ],
          [
            101.7217523,
            3.2479511
          ],
          [
            101.7217952,
            3.2477583
          ],
          [
            101.7218006,
            3.2476485
          ],
          [
            101.7217845,
            3.2475467
          ],
          [
            101.7217255,
            3.2473914
          ],
          [
            101.7216369,
            3.2472334
          ],
          [
            101.7215377,
            3.2471183
          ],
          [
            101.721468,
            3.246979
          ],
          [
            101.7213902,
            3.2468157
          ],
          [
            101.7213673,
            3.2466878
          ],
          [
            101.7213741,
            3.2465666
          ],
          [
            101.7214599,
            3.2464327
          ],
          [
            101.7216021,
            3.2462854
          ],
          [
            101.7217121,
            3.2461971
          ],
          [
            101.7217711,
            3.2461167
          ],
          [
            101.7217952,
            3.246031
          ],
          [
            101.7217764,
            3.2458757
          ],
          [
            101.7217576,
            3.2457793
          ],
          [
            101.7217281,
            3.2456829
          ],
          [
            101.7216638,
            3.2455651
          ],
          [
            101.7215861,
            3.2454314
          ],
          [
            101.7215082,
            3.2453348
          ],
          [
            101.7214465,
            3.2452598
          ],
          [
            101.7212829,
            3.2451527
          ],
          [
            101.7211327,
            3.2450884
          ],
          [
            101.7210147,
            3.2450991
          ],
          [
            101.7209074,
            3.2451554
          ],
          [
            101.7207867,
            3.245308
          ],
          [
            101.7206365,
            3.2454955
          ],
          [
            101.7205292,
            3.2456079
          ],
          [
            101.7203441,
            3.2456749
          ],
          [
            101.7201878,
            3.2456976
          ],
          [
            101.7199713,
            3.2457177
          ],
          [
            101.7198184,
            3.245715
          ],
          [
            101.719636,
            3.2456963
          ],
          [
            101.7194563,
            3.2456695
          ],
          [
            101.7192525,
            3.2456535
          ],
          [
            101.7189091,
            3.2456776
          ],
          [
            101.7186758,
            3.2457124
          ],
          [
            101.7184699,
            3.2457354
          ],
          [
            101.718362,
            3.2457231
          ],
          [
            101.7182694,
            3.2456729
          ],
          [
            101.7180884,
            3.2455571
          ],
          [
            101.7179584,
            3.2454044
          ],
          [
            101.717847,
            3.245308
          ],
          [
            101.7177451,
            3.2452544
          ],
          [
            101.7176111,
            3.2452088
          ],
          [
            101.7175063,
            3.2451607
          ],
          [
            101.7173481,
            3.2451447
          ],
          [
            101.7171979,
            3.2451607
          ],
          [
            101.7170852,
            3.2451982
          ],
          [
            101.7165354,
            3.2453562
          ],
          [
            101.7163964,
            3.2454341
          ],
          [
            101.7162276,
            3.2455691
          ],
          [
            101.7161739,
            3.2455999
          ],
          [
            101.7160258,
            3.2456695
          ],
          [
            101.7158541,
            3.2456722
          ],
          [
            101.7155671,
            3.2456829
          ],
          [
            101.715256,
            3.2456695
          ],
          [
            101.7150924,
            3.2456454
          ],
          [
            101.7149341,
            3.2456106
          ],
          [
            101.714749,
            3.2455437
          ],
          [
            101.7146391,
            3.245474
          ],
          [
            101.7145593,
            3.2453963
          ],
          [
            101.7144379,
            3.2452839
          ],
          [
            101.7143145,
            3.24515
          ],
          [
            101.7140409,
            3.2449144
          ],
          [
            101.7139524,
            3.2448501
          ],
          [
            101.7138424,
            3.2447724
          ],
          [
            101.7137727,
            3.2446948
          ],
          [
            101.7137003,
            3.2445903
          ],
          [
            101.7136181,
            3.2444495
          ],
          [
            101.7135072,
            3.2441645
          ],
          [
            101.7134294,
            3.2439503
          ],
          [
            101.7133609,
            3.2436813
          ],
          [
            101.7133533,
            3.2436515
          ],
          [
            101.713226,
            3.2431642
          ],
          [
            101.7130834,
            3.2426328
          ],
          [
            101.7129815,
            3.2423034
          ],
          [
            101.7129493,
            3.2421856
          ],
          [
            101.7128929,
            3.2420945
          ],
          [
            101.7127669,
            3.2419017
          ],
          [
            101.712614,
            3.2417276
          ],
          [
            101.712484,
            3.2415967
          ],
          [
            101.7124128,
            3.2414973
          ],
          [
            101.7122841,
            3.241334
          ],
          [
            101.7121661,
            3.2411412
          ],
          [
            101.7120963,
            3.2409618
          ],
          [
            101.712032,
            3.2407984
          ],
          [
            101.7118909,
            3.2401697
          ],
          [
            101.7118489,
            3.2398815
          ],
          [
            101.7118067,
            3.2395558
          ],
          [
            101.7117906,
            3.2394059
          ],
          [
            101.7117932,
            3.2392639
          ],
          [
            101.7118201,
            3.2390524
          ],
          [
            101.7118871,
            3.2388167
          ],
          [
            101.7119609,
            3.2385749
          ],
          [
            101.71204,
            3.2383454
          ],
          [
            101.7121178,
            3.2380776
          ],
          [
            101.7121822,
            3.2377563
          ],
          [
            101.7122492,
            3.2374028
          ],
          [
            101.7122465,
            3.2372421
          ],
          [
            101.7122412,
            3.2371243
          ],
          [
            101.712209,
            3.2370198
          ],
          [
            101.7121527,
            3.236886
          ],
          [
            101.7120856,
            3.2367226
          ],
          [
            101.7120249,
            3.2365422
          ],
          [
            101.7120051,
            3.2364307
          ],
          [
            101.7119998,
            3.2363182
          ],
          [
            101.71204,
            3.2361468
          ],
          [
            101.7120963,
            3.2359862
          ],
          [
            101.7121553,
            3.2358523
          ],
          [
            101.7122009,
            3.2357237
          ],
          [
            101.7122197,
            3.2355818
          ],
          [
            101.7122143,
            3.235389
          ],
          [
            101.7121902,
            3.2351908
          ],
          [
            101.7121312,
            3.2349712
          ],
          [
            101.7120695,
            3.2346124
          ],
          [
            101.7119622,
            3.2341571
          ],
          [
            101.71193,
            3.233975
          ],
          [
            101.7118603,
            3.2337956
          ],
          [
            101.7117637,
            3.2336537
          ],
          [
            101.7116457,
            3.2335412
          ],
          [
            101.7114285,
            3.2333752
          ],
          [
            101.7112564,
            3.2332131
          ],
          [
            101.7109812,
            3.2328527
          ],
          [
            101.7109054,
            3.2327191
          ],
          [
            101.7108169,
            3.232545
          ],
          [
            101.7105585,
            3.2319728
          ],
          [
            101.7104495,
            3.2317523
          ],
          [
            101.7103148,
            3.2314863
          ],
          [
            101.7101973,
            3.231273
          ],
          [
            101.7100552,
            3.2310855
          ],
          [
            101.7099211,
            3.2309516
          ],
          [
            101.7097628,
            3.2308258
          ],
          [
            101.7095509,
            3.2306651
          ],
          [
            101.7093256,
            3.230491
          ],
          [
            101.7090976,
            3.2303063
          ],
          [
            101.7089581,
            3.2301616
          ],
          [
            101.7088374,
            3.2300277
          ],
          [
            101.7087355,
            3.2298858
          ],
          [
            101.7086282,
            3.2297118
          ],
          [
            101.7085236,
            3.2295082
          ],
          [
            101.7084388,
            3.2293228
          ],
          [
            101.7083627,
            3.2291012
          ],
          [
            101.7083278,
            3.2289003
          ],
          [
            101.7082769,
            3.2286325
          ],
          [
            101.7082608,
            3.2284986
          ],
          [
            101.7082581,
            3.228338
          ],
          [
            101.7082688,
            3.2280461
          ],
          [
            101.7082769,
            3.2277649
          ],
          [
            101.7082983,
            3.227398
          ],
          [
            101.7083416,
            3.2270407
          ],
          [
            101.7083842,
            3.2267151
          ],
          [
            101.7084343,
            3.2264874
          ],
          [
            101.7084673,
            3.2263456
          ],
          [
            101.7085022,
            3.2262545
          ],
          [
            101.7085531,
            3.2261876
          ],
          [
            101.7090691,
            3.2256891
          ],
          [
            101.709221,
            3.2255288
          ],
          [
            101.7094463,
            3.2252958
          ],
          [
            101.7096298,
            3.2250701
          ],
          [
            101.7096931,
            3.2249584
          ],
          [
            101.7097307,
            3.2248413
          ],
          [
            101.7097601,
            3.2247441
          ],
          [
            101.7097739,
            3.2246183
          ],
          [
            101.7097923,
            3.224388
          ],
          [
            101.7098004,
            3.2241496
          ],
          [
            101.7097682,
            3.2239515
          ],
          [
            101.7097118,
            3.2238015
          ],
          [
            101.7096016,
            3.223601
          ],
          [
            101.7094812,
            3.2234052
          ],
          [
            101.7093323,
            3.2231928
          ],
          [
            101.7091967,
            3.2230691
          ],
          [
            101.7091164,
            3.2229954
          ],
          [
            101.7090172,
            3.2229205
          ],
          [
            101.7083444,
            3.2225415
          ],
          [
            101.7082447,
            3.2224893
          ],
          [
            101.708122,
            3.2223998
          ],
          [
            101.7079952,
            3.2222402
          ],
          [
            101.7078872,
            3.2221005
          ],
          [
            101.7076761,
            3.2217984
          ],
          [
            101.7074507,
            3.2214717
          ],
          [
            101.7073352,
            3.2212727
          ],
          [
            101.707267,
            3.2211456
          ],
          [
            101.7072127,
            3.2209883
          ],
          [
            101.7071792,
            3.2207627
          ],
          [
            101.7071711,
            3.2205451
          ],
          [
            101.7072174,
            3.2201354
          ],
          [
            101.7072415,
            3.2199613
          ],
          [
            101.7072335,
            3.2198435
          ],
          [
            101.7071718,
            3.2196801
          ],
          [
            101.7069787,
            3.2192972
          ],
          [
            101.7066555,
            3.2187308
          ],
          [
            101.7063415,
            3.218124
          ],
          [
            101.7061694,
            3.2178854
          ],
          [
            101.7060701,
            3.2177628
          ],
          [
            101.7059251,
            3.2176362
          ],
          [
            101.7058555,
            3.2175725
          ],
          [
            101.705765,
            3.217521
          ],
          [
            101.705596,
            3.2174614
          ],
          [
            101.7053942,
            3.2174259
          ],
          [
            101.7051259,
            3.2174112
          ],
          [
            101.704955,
            3.2174085
          ],
          [
            101.7045721,
            3.2174279
          ],
          [
            101.7043997,
            3.2174165
          ],
          [
            101.7040926,
            3.2173369
          ],
          [
            101.7038512,
            3.2172431
          ],
          [
            101.7035642,
            3.2170905
          ],
          [
            101.7033577,
            3.2169539
          ],
          [
            101.7031592,
            3.2168013
          ],
          [
            101.7030339,
            3.2166897
          ],
          [
            101.702891,
            3.2165201
          ],
          [
            101.7027676,
            3.2163487
          ],
          [
            101.7026523,
            3.2161505
          ],
          [
            101.7025517,
            3.2159376
          ],
          [
            101.7024833,
            3.2157301
          ],
          [
            101.7024457,
            3.2155373
          ],
          [
            101.7024618,
            3.2153471
          ],
          [
            101.7025164,
            3.2151708
          ],
          [
            101.7026872,
            3.2147901
          ],
          [
            101.7027998,
            3.2146027
          ],
          [
            101.7028776,
            3.2144259
          ],
          [
            101.7029272,
            3.2143255
          ],
          [
            101.7029782,
            3.2142076
          ],
          [
            101.7030063,
            3.2141179
          ],
          [
            101.7030117,
            3.2140028
          ],
          [
            101.7029983,
            3.2138662
          ],
          [
            101.7029676,
            3.2130833
          ],
          [
            101.702958,
            3.2127843
          ],
          [
            101.7029366,
            3.2125593
          ],
          [
            101.7028937,
            3.2123826
          ],
          [
            101.7028052,
            3.2121523
          ],
          [
            101.7026952,
            3.211997
          ],
          [
            101.7025546,
            3.2118636
          ],
          [
            101.7023572,
            3.211764
          ],
          [
            101.7019612,
            3.2115987
          ],
          [
            101.7017055,
            3.2114855
          ],
          [
            101.7015345,
            3.2113784
          ],
          [
            101.7014292,
            3.2112927
          ],
          [
            101.7013434,
            3.2111748
          ],
          [
            101.7011977,
            3.21098
          ],
          [
            101.7011207,
            3.2108079
          ],
          [
            101.7010862,
            3.210653
          ],
          [
            101.7010796,
            3.2103494
          ],
          [
            101.7011158,
            3.2096974
          ],
          [
            101.701104,
            3.2093832
          ],
          [
            101.7011241,
            3.2092152
          ],
          [
            101.7011536,
            3.2091228
          ],
          [
            101.7013112,
            3.2087111
          ],
          [
            101.701405,
            3.2083763
          ],
          [
            101.7014131,
            3.2082585
          ],
          [
            101.7013878,
            3.2080976
          ],
          [
            101.701346,
            3.2080282
          ],
          [
            101.7012362,
            3.2079027
          ],
          [
            101.7009866,
            3.2077031
          ],
          [
            101.7007051,
            3.2074851
          ],
          [
            101.7005387,
            3.2073051
          ],
          [
            101.7003992,
            3.2071685
          ],
          [
            101.7003148,
            3.2070457
          ],
          [
            101.700249,
            3.2069382
          ],
          [
            101.7001927,
            3.2068124
          ],
          [
            101.7000666,
            3.2064776
          ],
          [
            101.6999474,
            3.2061181
          ],
          [
            101.6995626,
            3.205204
          ],
          [
            101.6995225,
            3.2050682
          ],
          [
            101.6994953,
            3.204994
          ],
          [
            101.699413,
            3.2049125
          ],
          [
            101.6991761,
            3.2048038
          ],
          [
            101.6989991,
            3.2047235
          ],
          [
            101.69884,
            3.2046069
          ],
          [
            101.6987818,
            3.2045253
          ],
          [
            101.6987498,
            3.2044266
          ],
          [
            101.6987094,
            3.2042415
          ],
          [
            101.6986953,
            3.2040442
          ],
          [
            101.6986451,
            3.2034836
          ],
          [
            101.6986042,
            3.2031328
          ],
          [
            101.69858,
            3.2028904
          ],
          [
            101.6984748,
            3.2023796
          ],
          [
            101.6984385,
            3.2022196
          ],
          [
            101.6984251,
            3.2020375
          ],
          [
            101.6984224,
            3.2018794
          ],
          [
            101.6984286,
            3.2016854
          ],
          [
            101.6985156,
            3.2009942
          ],
          [
            101.6985658,
            3.2006658
          ],
          [
            101.6986209,
            3.2003476
          ],
          [
            101.6987056,
            3.2000304
          ],
          [
            101.6988381,
            3.1996479
          ],
          [
            101.6989095,
            3.1994594
          ],
          [
            101.6989858,
            3.1993547
          ],
          [
            101.6990957,
            3.199263
          ],
          [
            101.6992137,
            3.1991613
          ],
          [
            101.6995168,
            3.1989524
          ],
          [
            101.6996831,
            3.1988292
          ],
          [
            101.6998762,
            3.1986337
          ],
          [
            101.7001846,
            3.1982748
          ],
          [
            101.7005163,
            3.1978181
          ],
          [
            101.7006218,
            3.1976388
          ],
          [
            101.7008471,
            3.1973014
          ],
          [
            101.7008793,
            3.1972331
          ],
          [
            101.7009129,
            3.1970844
          ],
          [
            101.7009436,
            3.1968693
          ],
          [
            101.700941,
            3.1967403
          ],
          [
            101.7009233,
            3.1966065
          ],
          [
            101.7008525,
            3.1962583
          ],
          [
            101.7007372,
            3.1958485
          ],
          [
            101.7006057,
            3.1954388
          ],
          [
            101.700536,
            3.1951817
          ],
          [
            101.7005011,
            3.1949675
          ],
          [
            101.7004884,
            3.1947487
          ],
          [
            101.7005146,
            3.1945577
          ],
          [
            101.700677,
            3.1939867
          ],
          [
            101.7009062,
            3.1933981
          ],
          [
            101.700988,
            3.193145
          ],
          [
            101.7010376,
            3.1929696
          ],
          [
            101.7010795,
            3.1927841
          ],
          [
            101.7010993,
            3.1926617
          ],
          [
            101.7010832,
            3.1925117
          ],
          [
            101.7009581,
            3.1918061
          ],
          [
            101.700882,
            3.1914726
          ],
          [
            101.7008661,
            3.191288
          ],
          [
            101.7008391,
            3.1905487
          ],
          [
            101.7007908,
            3.1895471
          ],
          [
            101.7007747,
            3.1893087
          ]
        ]
      },
      "properties": {
        "id": "river-502518502",
        "name": "Sungai Gombak",
        "name_en": "Gombak River",
        "name_ms": "Sungai Gombak",
        "name_zh": "鹅麦河",
        "osm_id": 502518502,
        "waterway": "river",
        "source": "OpenStreetMap waterway",
        "source_url": "https://www.openstreetmap.org/way/502518502"
      }
    },
    {
      "type": "Feature",
      "geometry": {
        "type": "LineString",
        "coordinates": [
          [
            101.7006775,
            3.1883795
          ],
          [
            101.7006379,
            3.1877153
          ],
          [
            101.7006165,
            3.1875171
          ],
          [
            101.7005789,
            3.1872386
          ],
          [
            101.7005011,
            3.1869735
          ],
          [
            101.700426,
            3.1867271
          ],
          [
            101.7003429,
            3.18647
          ],
          [
            101.7002812,
            3.1862638
          ],
          [
            101.7002181,
            3.185994
          ],
          [
            101.7001712,
            3.1857442
          ],
          [
            101.7001477,
            3.1854669
          ],
          [
            101.7001444,
            3.1852301
          ],
          [
            101.7001712,
            3.1848498
          ],
          [
            101.7002007,
            3.1845659
          ],
          [
            101.7002517,
            3.1837303
          ],
          [
            101.7002892,
            3.1832643
          ],
          [
            101.7003295,
            3.1828626
          ],
          [
            101.7003429,
            3.182643
          ],
          [
            101.7003563,
            3.1822333
          ],
          [
            101.7003697,
            3.1819655
          ],
          [
            101.7003429,
            3.1817861
          ],
          [
            101.7003055,
            3.1815973
          ],
          [
            101.7002525,
            3.1814647
          ],
          [
            101.7001694,
            3.1812953
          ],
          [
            101.7000199,
            3.1810971
          ],
          [
            101.6998952,
            3.180923
          ],
          [
            101.6997501,
            3.1807684
          ],
          [
            101.6995731,
            3.1804497
          ],
          [
            101.6994497,
            3.1801899
          ],
          [
            101.6992743,
            3.179776
          ],
          [
            101.6992137,
            3.1796088
          ],
          [
            101.69916,
            3.179416
          ],
          [
            101.6991064,
            3.1791615
          ],
          [
            101.6990501,
            3.1789393
          ],
          [
            101.6989267,
            3.1786152
          ],
          [
            101.698806,
            3.178334
          ],
          [
            101.6986719,
            3.178101
          ],
          [
            101.6985404,
            3.1779189
          ],
          [
            101.6984278,
            3.177785
          ],
          [
            101.6982025,
            3.1775761
          ],
          [
            101.6979986,
            3.1773913
          ],
          [
            101.6978323,
            3.1772681
          ],
          [
            101.6975105,
            3.1770592
          ],
          [
            101.697363,
            3.1769923
          ],
          [
            101.6972047,
            3.1769441
          ],
          [
            101.6970223,
            3.1769227
          ],
          [
            101.6967407,
            3.1768905
          ],
          [
            101.6964912,
            3.176837
          ],
          [
            101.6961962,
            3.1767673
          ],
          [
            101.6959494,
            3.1767111
          ],
          [
            101.6957302,
            3.1766965
          ],
          [
            101.6956341,
            3.1766645
          ],
          [
            101.695527,
            3.1765919
          ],
          [
            101.695425,
            3.1765009
          ],
          [
            101.6951877,
            3.1763228
          ],
          [
            101.6948122,
            3.1761192
          ],
          [
            101.6946673,
            3.1760041
          ],
          [
            101.6945468,
            3.1758528
          ],
          [
            101.6944237,
            3.1756682
          ],
          [
            101.694383,
            3.1754818
          ],
          [
            101.6943803,
            3.1753479
          ],
          [
            101.6944048,
            3.1752435
          ],
          [
            101.6944367,
            3.1751391
          ],
          [
            101.6945828,
            3.1748204
          ],
          [
            101.6947022,
            3.1745552
          ],
          [
            101.6948095,
            3.1742901
          ],
          [
            101.6948846,
            3.1741374
          ],
          [
            101.6949758,
            3.173883
          ],
          [
            101.6950198,
            3.1737127
          ],
          [
            101.6950422,
            3.1735999
          ],
          [
            101.6950741,
            3.17344
          ],
          [
            101.6951157,
            3.1731592
          ],
          [
            101.6951815,
            3.1725674
          ],
          [
            101.6952091,
            3.1722521
          ],
          [
            101.6952038,
            3.1719976
          ],
          [
            101.6951904,
            3.1718048
          ],
          [
            101.6951662,
            3.1715772
          ],
          [
            101.6951394,
            3.1713817
          ],
          [
            101.6950724,
            3.1711299
          ],
          [
            101.6950241,
            3.1709612
          ],
          [
            101.6949517,
            3.1707952
          ],
          [
            101.6947907,
            3.1705408
          ],
          [
            101.6946673,
            3.1703774
          ],
          [
            101.6942489,
            3.1698873
          ],
          [
            101.6938772,
            3.1694632
          ],
          [
            101.6935918,
            3.1691562
          ],
          [
            101.6934013,
            3.1689259
          ],
          [
            101.6932565,
            3.1687437
          ],
          [
            101.6931948,
            3.1686339
          ],
          [
            101.6931438,
            3.1685081
          ],
          [
            101.6930956,
            3.1682938
          ],
          [
            101.6930634,
            3.1681144
          ],
          [
            101.6930416,
            3.1678555
          ],
          [
            101.6930627,
            3.1676862
          ],
          [
            101.6931599,
            3.1675038
          ],
          [
            101.6933096,
            3.1672551
          ],
          [
            101.6934095,
            3.1669871
          ],
          [
            101.6934121,
            3.1669816
          ]
        ]
      },
      "properties": {
        "id": "river-681058052",
        "name": "Sungai Gombak",
        "name_en": "Gombak River",
        "name_ms": "Sungai Gombak",
        "name_zh": "鹅麦河",
        "osm_id": 681058052,
        "waterway": "river",
        "source": "OpenStreetMap waterway",
        "source_url": "https://www.openstreetmap.org/way/681058052"
      }
    },
    {
      "type": "Feature",
      "geometry": {
        "type": "LineString",
        "coordinates": [
          [
            101.72194,
            3.3753977
          ],
          [
            101.7209314,
            3.3742624
          ],
          [
            101.7199659,
            3.3727522
          ],
          [
            101.7187213,
            3.3712849
          ],
          [
            101.7174339,
            3.3699997
          ],
          [
            101.7169618,
            3.3683289
          ],
          [
            101.7163181,
            3.3662297
          ],
          [
            101.7157602,
            3.3643018
          ],
          [
            101.7151594,
            3.3623311
          ],
          [
            101.7143011,
            3.3602747
          ],
          [
            101.7129278,
            3.358561
          ],
          [
            101.7120695,
            3.3564618
          ],
          [
            101.7109537,
            3.3546625
          ],
          [
            101.7098808,
            3.3532058
          ],
          [
            101.7085075,
            3.3511066
          ],
          [
            101.7078208,
            3.3493072
          ],
          [
            101.7071338,
            3.3479254
          ],
          [
            101.7067905,
            3.3476469
          ],
          [
            101.7065961,
            3.3475159
          ],
          [
            101.7063614,
            3.3473578
          ],
          [
            101.7059698,
            3.347053
          ],
          [
            101.7057284,
            3.3468651
          ],
          [
            101.7056318,
            3.3464259
          ],
          [
            101.705718,
            3.3455157
          ],
          [
            101.705718,
            3.3443161
          ],
          [
            101.7051601,
            3.3432664
          ],
          [
            101.7049876,
            3.3424055
          ],
          [
            101.7049241,
            3.3420883
          ],
          [
            101.7046666,
            3.3414456
          ],
          [
            101.7043447,
            3.3406959
          ],
          [
            101.7036366,
            3.3399033
          ],
          [
            101.7032289,
            3.3392821
          ],
          [
            101.7025637,
            3.3381039
          ],
          [
            101.7023706,
            3.3372257
          ],
          [
            101.7023063,
            3.3364223
          ],
          [
            101.7028427,
            3.3358118
          ],
          [
            101.7033523,
            3.3354102
          ],
          [
            101.7033577,
            3.3347408
          ],
          [
            101.7036779,
            3.3342613
          ],
          [
            101.7040014,
            3.3337768
          ],
          [
            101.7042589,
            3.3331556
          ],
          [
            101.7043045,
            3.332272
          ],
          [
            101.7038351,
            3.332031
          ],
          [
            101.7034838,
            3.3318542
          ],
          [
            101.7031324,
            3.3315999
          ],
          [
            101.7029138,
            3.3313106
          ],
          [
            101.7028819,
            3.3312174
          ],
          [
            101.7030225,
            3.3307966
          ],
          [
            101.7030304,
            3.3303762
          ],
          [
            101.7030626,
            3.3300655
          ],
          [
            101.7032182,
            3.329779
          ],
          [
            101.7033496,
            3.3295247
          ],
          [
            101.7034543,
            3.3293479
          ],
          [
            101.7032397,
            3.3285286
          ],
          [
            101.702671,
            3.3277199
          ],
          [
            101.7025047,
            3.3271897
          ],
          [
            101.7022473,
            3.326606
          ],
          [
            101.7020863,
            3.3261079
          ],
          [
            101.7018235,
            3.3253742
          ],
          [
            101.7018771,
            3.3244692
          ],
          [
            101.7017537,
            3.3238694
          ],
          [
            101.7015284,
            3.3232482
          ],
          [
            101.7012709,
            3.3226376
          ],
          [
            101.7009008,
            3.3214595
          ],
          [
            101.7008257,
            3.3204848
          ],
          [
            101.7006433,
            3.3197457
          ],
          [
            101.7005678,
            3.3192922
          ],
          [
            101.7005249,
            3.3190352
          ],
          [
            101.7003962,
            3.3188103
          ],
          [
            101.7002728,
            3.3184729
          ],
          [
            101.7002299,
            3.3181355
          ],
          [
            101.700305,
            3.3178034
          ],
          [
            101.7002889,
            3.3174018
          ],
          [
            101.7002084,
            3.3170644
          ],
          [
            101.7000206,
            3.3166467
          ],
          [
            101.6998275,
            3.3163682
          ],
          [
            101.6997846,
            3.3158862
          ],
          [
            101.6995677,
            3.3156676
          ],
          [
            101.6995459,
            3.3155649
          ],
          [
            101.6996241,
            3.3152846
          ],
          [
            101.6997045,
            3.3151882
          ],
          [
            101.6997014,
            3.3150106
          ],
          [
            101.69964,
            3.31476
          ],
          [
            101.699608,
            3.3147102
          ],
          [
            101.6992991,
            3.3147187
          ],
          [
            101.6992459,
            3.31465
          ],
          [
            101.6992482,
            3.3143117
          ],
          [
            101.6987523,
            3.312054
          ],
          [
            101.6988281,
            3.3118358
          ],
          [
            101.6988757,
            3.3115586
          ],
          [
            101.6988368,
            3.311248
          ],
          [
            101.6986598,
            3.3110766
          ],
          [
            101.6984237,
            3.3109615
          ],
          [
            101.6980053,
            3.310707
          ],
          [
            101.6976795,
            3.3104433
          ],
          [
            101.6974093,
            3.3099488
          ],
          [
            101.6973308,
            3.3096213
          ],
          [
            101.6975105,
            3.3088313
          ],
          [
            101.6975105,
            3.3084163
          ],
          [
            101.6972315,
            3.3077442
          ],
          [
            101.6969284,
            3.3066677
          ],
          [
            101.6969043,
            3.3065499
          ],
          [
            101.697079,
            3.3061812
          ],
          [
            101.697261,
            3.3052954
          ],
          [
            101.6972825,
            3.3050691
          ],
          [
            101.6971564,
            3.3047692
          ],
          [
            101.6968989,
            3.3046219
          ],
          [
            101.6965955,
            3.3043846
          ],
          [
            101.6961984,
            3.303625
          ],
          [
            101.6958623,
            3.3030501
          ],
          [
            101.695708,
            3.3029282
          ],
          [
            101.6955712,
            3.3028506
          ],
          [
            101.6954117,
            3.30288
          ],
          [
            101.6951555,
            3.3027756
          ],
          [
            101.6950677,
            3.3025533
          ],
          [
            101.6950716,
            3.3021228
          ],
          [
            101.6950474,
            3.3016966
          ],
          [
            101.695119,
            3.3010581
          ],
          [
            101.6951797,
            3.3004473
          ],
          [
            101.6952778,
            3.300137
          ],
          [
            101.6953955,
            3.2994259
          ],
          [
            101.6953913,
            3.2991293
          ],
          [
            101.6951588,
            3.2985287
          ],
          [
            101.6949776,
            3.2982646
          ],
          [
            101.6948916,
            3.2981185
          ],
          [
            101.694801,
            3.2980396
          ],
          [
            101.6946938,
            3.2979409
          ],
          [
            101.6944069,
            3.2976915
          ],
          [
            101.6940406,
            3.2968776
          ],
          [
            101.6940406,
            3.2963367
          ],
          [
            101.6941855,
            3.2959029
          ],
          [
            101.6944862,
            3.2954826
          ],
          [
            101.6946419,
            3.2951279
          ],
          [
            101.6946378,
            3.2950302
          ],
          [
            101.6946284,
            3.2948997
          ],
          [
            101.6945708,
            3.2947878
          ],
          [
            101.6944997,
            3.2946807
          ],
          [
            101.6943884,
            3.2946312
          ],
          [
            101.6941416,
            3.2945401
          ],
          [
            101.6937447,
            3.2945589
          ],
          [
            101.693404,
            3.2945642
          ],
          [
            101.6930687,
            3.2945482
          ],
          [
            101.6927925,
            3.2944732
          ],
          [
            101.6925618,
            3.2943072
          ],
          [
            101.692366,
            3.2940447
          ],
          [
            101.6922212,
            3.2936859
          ],
          [
            101.6920924,
            3.2932521
          ],
          [
            101.6920012,
            3.2926951
          ],
          [
            101.6919261,
            3.2920043
          ],
          [
            101.6918993,
            3.2910028
          ],
          [
            101.6916632,
            3.2890694
          ],
          [
            101.6911912,
            3.2877413
          ],
          [
            101.6895604,
            3.2855347
          ],
          [
            101.6887665,
            3.2835425
          ],
          [
            101.687994,
            3.281593
          ],
          [
            101.6875219,
            3.279515
          ],
          [
            101.6872215,
            3.2767944
          ],
          [
            101.6871464,
            3.2745557
          ],
          [
            101.6876699,
            3.2723659
          ]
        ]
      },
      "properties": {
        "id": "river-842852597",
        "name": "Sungai Batu",
        "name_en": "Batu River",
        "name_ms": "Sungai Batu",
        "name_zh": "batu河",
        "osm_id": 842852597,
        "waterway": "river",
        "source": "OpenStreetMap waterway",
        "source_url": "https://www.openstreetmap.org/way/842852597"
      }
    }
  ],
  "featureCount": 11
}
