{
  "type": "FeatureCollection",
  "name": "KLX interpretive drainage corridors",
  "modelStatus": "interpretive drainage corridor, not official JPS zon banjir",
  "sourceNote": "JPS / MyGDI flood-area datasets for WP Kuala Lumpur (2002/2003) are catalogued as awaiting-ingest. Until they are fetched, this layer is a labelled schematic around OSM river geometry only.",
  "features": [
    {
      "type": "Feature",
      "geometry": {
        "type": "Polygon",
        "coordinates": [
          [
            [
              101.6937977,
              3.1605282
            ],
            [
              101.6940264,
              3.1600465
            ],
            [
              101.6942847,
              3.1594539
            ],
            [
              101.6944609,
              3.1590362
            ],
            [
              101.6946754,
              3.1584599
            ],
            [
              101.6949231,
              3.1577934
            ],
            [
              101.6950212,
              3.1575194
            ],
            [
              101.6950921,
              3.1572737
            ],
            [
              101.6951976,
              3.1568335
            ],
            [
              101.6952271,
              3.1565135
            ],
            [
              101.6952233,
              3.1561961
            ],
            [
              101.6951855,
              3.1559144
            ],
            [
              101.6949743,
              3.154902
            ],
            [
              101.6948177,
              3.1542927
            ],
            [
              101.6946189,
              3.1536666
            ],
            [
              101.694533,
              3.1533928
            ],
            [
              101.6944721,
              3.1531134
            ],
            [
              101.6944546,
              3.1529979
            ],
            [
              101.6944384,
              3.1528204
            ],
            [
              101.6943784,
              3.1522013
            ],
            [
              101.694372,
              3.1517805
            ],
            [
              101.6943775,
              3.151622
            ],
            [
              101.694379,
              3.1515975
            ],
            [
              101.6944701,
              3.1512761
            ],
            [
              101.6945161,
              3.151129
            ],
            [
              101.6945483,
              3.1510571
            ],
            [
              101.6946619,
              3.1508819
            ],
            [
              101.6947637,
              3.1507535
            ],
            [
              101.6947535,
              3.1507496
            ],
            [
              101.6951348,
              3.1505111
            ],
            [
              101.6954138,
              3.150255
            ],
            [
              101.6955668,
              3.1500203
            ],
            [
              101.6956635,
              3.1498609
            ],
            [
              101.6958449,
              3.1495172
            ],
            [
              101.6960025,
              3.149019
            ],
            [
              101.6960612,
              3.1487576
            ],
            [
              101.6961002,
              3.1484562
            ],
            [
              101.6961261,
              3.1480268
            ],
            [
              101.6961056,
              3.1476614
            ],
            [
              101.6960924,
              3.1475236
            ],
            [
              101.6944806,
              3.1476804
            ],
            [
              101.6944902,
              3.1477762
            ],
            [
              101.6945067,
              3.1480166
            ],
            [
              101.6944872,
              3.1483128
            ],
            [
              101.6944644,
              3.1484882
            ],
            [
              101.6944453,
              3.148575
            ],
            [
              101.6943399,
              3.1489204
            ],
            [
              101.6942559,
              3.1490615
            ],
            [
              101.6941862,
              3.1491753
            ],
            [
              101.694157,
              3.1492352
            ],
            [
              101.6942142,
              3.1491809
            ],
            [
              101.6938033,
              3.1494402
            ],
            [
              101.6935395,
              3.1496951
            ],
            [
              101.6933401,
              3.1499477
            ],
            [
              101.6931395,
              3.1502595
            ],
            [
              101.6930055,
              3.1505466
            ],
            [
              101.6929173,
              3.1508173
            ],
            [
              101.6928046,
              3.1512189
            ],
            [
              101.6927631,
              3.1514944
            ],
            [
              101.6927526,
              3.1517805
            ],
            [
              101.6927622,
              3.1523023
            ],
            [
              101.6928262,
              3.1529738
            ],
            [
              101.692847,
              3.1531929
            ],
            [
              101.6928831,
              3.1534256
            ],
            [
              101.692967,
              3.153805
            ],
            [
              101.6930743,
              3.1541526
            ],
            [
              101.6932617,
              3.1547405
            ],
            [
              101.6933947,
              3.155258
            ],
            [
              101.6935967,
              3.1562274
            ],
            [
              101.6936071,
              3.1562991
            ],
            [
              101.6936085,
              3.1564639
            ],
            [
              101.693606,
              3.1565349
            ],
            [
              101.6935237,
              3.1568713
            ],
            [
              101.693482,
              3.1570166
            ],
            [
              101.6934031,
              3.1572354
            ],
            [
              101.6931572,
              3.1578973
            ],
            [
              101.6929533,
              3.1584458
            ],
            [
              101.6927969,
              3.1588155
            ],
            [
              101.692551,
              3.1593797
            ],
            [
              101.6923345,
              3.1598354
            ],
            [
              101.6937977,
              3.1605282
            ]
          ]
        ]
      },
      "properties": {
        "id": "flood-corridor-23069192",
        "name": "Sungai Gombak drainage corridor",
        "kind": "interpretive-drainage-corridor",
        "width_m": 180,
        "source_note": "Interpretive 90 m buffer either side of the OSM river centreline. This is NOT Jabatan Pengairan dan Saliran zon banjir, NOT MyGDI DATA BANJIR 2002/2003, and must not be read as an official floodplain.",
        "osm_id": 23069192
      }
    },
    {
      "type": "Feature",
      "geometry": {
        "type": "Polygon",
        "coordinates": [
          [
            [
              101.6713854,
              3.0860035
            ],
            [
              101.6704106,
              3.0850626
            ],
            [
              101.6694936,
              3.0843584
            ],
            [
              101.6683854,
              3.0837961
            ],
            [
              101.6670569,
              3.0833678
            ],
            [
              101.6663964,
              3.0831446
            ],
            [
              101.6659652,
              3.0830044
            ],
            [
              101.6656853,
              3.0828241
            ],
            [
              101.6654212,
              3.0825744
            ],
            [
              101.6653067,
              3.0824616
            ],
            [
              101.6651941,
              3.0823032
            ],
            [
              101.6651192,
              3.0821396
            ],
            [
              101.6650596,
              3.082001
            ],
            [
              101.6650607,
              3.0819265
            ],
            [
              101.6650715,
              3.0814813
            ],
            [
              101.6650065,
              3.0809858
            ],
            [
              101.6648383,
              3.0801443
            ],
            [
              101.6645135,
              3.079186
            ],
            [
              101.6641263,
              3.0785473
            ],
            [
              101.6634575,
              3.0778858
            ],
            [
              101.6627587,
              3.0772175
            ],
            [
              101.6620323,
              3.0764911
            ],
            [
              101.6613561,
              3.0761291
            ],
            [
              101.6600795,
              3.0757292
            ],
            [
              101.6594397,
              3.0755252
            ],
            [
              101.6586411,
              3.0752798
            ],
            [
              101.6584602,
              3.0751949
            ],
            [
              101.6580702,
              3.0749784
            ],
            [
              101.6575325,
              3.0746155
            ],
            [
              101.6569271,
              3.0742092
            ],
            [
              101.6567754,
              3.0740506
            ],
            [
              101.6560534,
              3.0731396
            ],
            [
              101.6557999,
              3.072782
            ],
            [
              101.655487,
              3.0723334
            ],
            [
              101.6554151,
              3.0721902
            ],
            [
              101.6550363,
              3.0711884
            ],
            [
              101.6546442,
              3.0705922
            ],
            [
              101.654156,
              3.0701321
            ],
            [
              101.6535737,
              3.0696612
            ],
            [
              101.6529082,
              3.0693373
            ],
            [
              101.6521931,
              3.0691263
            ],
            [
              101.6509852,
              3.0690488
            ],
            [
              101.6502628,
              3.0691066
            ],
            [
              101.6485021,
              3.0694029
            ],
            [
              101.6476583,
              3.0697255
            ],
            [
              101.6470484,
              3.0701425
            ],
            [
              101.6466209,
              3.0703413
            ],
            [
              101.6459757,
              3.0704814
            ],
            [
              101.6458312,
              3.0704783
            ],
            [
              101.642982,
              3.0702331
            ],
            [
              101.642548,
              3.0701743
            ],
            [
              101.642128,
              3.0700717
            ],
            [
              101.6390105,
              3.0691158
            ],
            [
              101.6382269,
              3.0689547
            ],
            [
              101.6373269,
              3.0689287
            ],
            [
              101.6360331,
              3.0690706
            ],
            [
              101.6345718,
              3.0692509
            ],
            [
              101.6329905,
              3.0694496
            ],
            [
              101.6331927,
              3.071054
            ],
            [
              101.6347722,
              3.0708555
            ],
            [
              101.6362223,
              3.0706764
            ],
            [
              101.6374197,
              3.0705429
            ],
            [
              101.6380483,
              3.0705617
            ],
            [
              101.6385597,
              3.0706688
            ],
            [
              101.641665,
              3.0716211
            ],
            [
              101.6422458,
              3.0717629
            ],
            [
              101.6428308,
              3.0718429
            ],
            [
              101.6457088,
              3.0720907
            ],
            [
              101.6462291,
              3.0720784
            ],
            [
              101.6471199,
              3.0718795
            ],
            [
              101.647856,
              3.0715441
            ],
            [
              101.6484177,
              3.0711537
            ],
            [
              101.6488619,
              3.0709795
            ],
            [
              101.6504964,
              3.0707066
            ],
            [
              101.650966,
              3.0706656
            ],
            [
              101.6519649,
              3.0707271
            ],
            [
              101.6523164,
              3.0708425
            ],
            [
              101.6526959,
              3.07102
            ],
            [
              101.6530924,
              3.0713515
            ],
            [
              101.653417,
              3.0716472
            ],
            [
              101.6535657,
              3.0718652
            ],
            [
              101.6539137,
              3.0727958
            ],
            [
              101.6541148,
              3.0731918
            ],
            [
              101.6544739,
              3.0737102
            ],
            [
              101.654769,
              3.0741244
            ],
            [
              101.6555338,
              3.0750886
            ],
            [
              101.6559349,
              3.0754872
            ],
            [
              101.6566265,
              3.0759557
            ],
            [
              101.657214,
              3.0763508
            ],
            [
              101.6577162,
              3.0766311
            ],
            [
              101.6581113,
              3.0768078
            ],
            [
              101.6589559,
              3.0770682
            ],
            [
              101.6595929,
              3.0772714
            ],
            [
              101.6607979,
              3.0776469
            ],
            [
              101.6610097,
              3.0777449
            ],
            [
              101.6616233,
              3.0783703
            ],
            [
              101.6623303,
              3.0790466
            ],
            [
              101.6628879,
              3.0795891
            ],
            [
              101.6630239,
              3.07982
            ],
            [
              101.6632753,
              3.0805673
            ],
            [
              101.6634119,
              3.0812666
            ],
            [
              101.6634543,
              3.0815645
            ],
            [
              101.6634415,
              3.0819481
            ],
            [
              101.663484,
              3.0823742
            ],
            [
              101.6636298,
              3.0827742
            ],
            [
              101.6637997,
              3.0831254
            ],
            [
              101.6640537,
              3.083486
            ],
            [
              101.6642994,
              3.0837406
            ],
            [
              101.6647037,
              3.0841101
            ],
            [
              101.6652752,
              3.0844672
            ],
            [
              101.6658774,
              3.0846762
            ],
            [
              101.6665535,
              3.0849046
            ],
            [
              101.6677812,
              3.0852963
            ],
            [
              101.6686326,
              3.0857278
            ],
            [
              101.6693426,
              3.086278
            ],
            [
              101.6702592,
              3.0871653
            ],
            [
              101.6713854,
              3.0860035
            ]
          ]
        ]
      },
      "properties": {
        "id": "flood-corridor-25385820",
        "name": "Sungai Klang drainage corridor",
        "kind": "interpretive-drainage-corridor",
        "width_m": 180,
        "source_note": "Interpretive 90 m buffer either side of the OSM river centreline. This is NOT Jabatan Pengairan dan Saliran zon banjir, NOT MyGDI DATA BANJIR 2002/2003, and must not be read as an official floodplain.",
        "osm_id": 25385820
      }
    },
    {
      "type": "Feature",
      "geometry": {
        "type": "Polygon",
        "coordinates": [
          [
            [
              101.6885553,
              3.1266428
            ],
            [
              101.687763,
              3.1261077
            ],
            [
              101.6869076,
              3.1257224
            ],
            [
              101.6861087,
              3.1253776
            ],
            [
              101.6852156,
              3.1250322
            ],
            [
              101.6843747,
              3.1246707
            ],
            [
              101.6840636,
              3.1245521
            ],
            [
              101.6838667,
              3.1244239
            ],
            [
              101.6837034,
              3.1243202
            ],
            [
              101.6830528,
              3.1238102
            ],
            [
              101.6824472,
              3.1233493
            ],
            [
              101.6822322,
              3.1231911
            ],
            [
              101.6817915,
              3.1228332
            ],
            [
              101.681524,
              3.1226307
            ],
            [
              101.6808223,
              3.1220239
            ],
            [
              101.6802856,
              3.1215543
            ],
            [
              101.6799927,
              3.1213458
            ],
            [
              101.6797754,
              3.1212412
            ],
            [
              101.6796538,
              3.1211872
            ],
            [
              101.6791527,
              3.1209952
            ],
            [
              101.6783564,
              3.1208114
            ],
            [
              101.6780379,
              3.1207134
            ],
            [
              101.6777558,
              3.1205985
            ],
            [
              101.6770847,
              3.1202721
            ],
            [
              101.675811,
              3.1194832
            ],
            [
              101.675769,
              3.1194552
            ],
            [
              101.6755965,
              3.1191609
            ],
            [
              101.6755158,
              3.1189934
            ],
            [
              101.6753833,
              3.1182772
            ],
            [
              101.6753582,
              3.1179904
            ],
            [
              101.6753435,
              3.1177199
            ],
            [
              101.6753327,
              3.1175007
            ],
            [
              101.6753738,
              3.1170896
            ],
            [
              101.6754153,
              3.1168945
            ],
            [
              101.6756233,
              3.1161957
            ],
            [
              101.6757769,
              3.1155981
            ],
            [
              101.6760062,
              3.1141841
            ],
            [
              101.6761214,
              3.1137664
            ],
            [
              101.6763206,
              3.1130194
            ],
            [
              101.6765462,
              3.111965
            ],
            [
              101.6767203,
              3.1110363
            ],
            [
              101.6768577,
              3.1102776
            ],
            [
              101.6769655,
              3.1094827
            ],
            [
              101.6769959,
              3.1088319
            ],
            [
              101.6770226,
              3.1086246
            ],
            [
              101.6769478,
              3.1078683
            ],
            [
              101.6767781,
              3.1071493
            ],
            [
              101.6766249,
              3.1064362
            ],
            [
              101.6764617,
              3.1056643
            ],
            [
              101.6763164,
              3.1048369
            ],
            [
              101.6762133,
              3.1040576
            ],
            [
              101.6761591,
              3.1035031
            ],
            [
              101.6761752,
              3.1031029
            ],
            [
              101.6762187,
              3.1021326
            ],
            [
              101.6761802,
              3.1015749
            ],
            [
              101.6760778,
              3.1010254
            ],
            [
              101.6758636,
              3.1003811
            ],
            [
              101.6756932,
              3.0997268
            ],
            [
              101.6754971,
              3.0991213
            ],
            [
              101.675372,
              3.0988205
            ],
            [
              101.6751906,
              3.0984936
            ],
            [
              101.6748335,
              3.0980943
            ],
            [
              101.6743523,
              3.097662
            ],
            [
              101.6738482,
              3.0972307
            ],
            [
              101.6734231,
              3.0967672
            ],
            [
              101.673126,
              3.0964541
            ],
            [
              101.6728831,
              3.0960765
            ],
            [
              101.6727966,
              3.0958595
            ],
            [
              101.6727807,
              3.0958261
            ],
            [
              101.6727918,
              3.0957952
            ],
            [
              101.6728737,
              3.0952141
            ],
            [
              101.6729267,
              3.094741
            ],
            [
              101.6730049,
              3.0936294
            ],
            [
              101.6729946,
              3.0929396
            ],
            [
              101.6729738,
              3.0920194
            ],
            [
              101.6729457,
              3.0911697
            ],
            [
              101.6729048,
              3.0904239
            ],
            [
              101.6728468,
              3.0899465
            ],
            [
              101.67277,
              3.0894902
            ],
            [
              101.6726872,
              3.0889525
            ],
            [
              101.6725804,
              3.0884321
            ],
            [
              101.6723662,
              3.0876371
            ],
            [
              101.6721294,
              3.0871321
            ],
            [
              101.6718747,
              3.0866602
            ],
            [
              101.6714784,
              3.0861107
            ],
            [
              101.6701662,
              3.0870581
            ],
            [
              101.6705105,
              3.0875314
            ],
            [
              101.670685,
              3.0878629
            ],
            [
              101.6708344,
              3.0881615
            ],
            [
              101.6710066,
              3.0888127
            ],
            [
              101.6710928,
              3.0892351
            ],
            [
              101.671171,
              3.089746
            ],
            [
              101.6712444,
              3.0901801
            ],
            [
              101.6712906,
              3.0905525
            ],
            [
              101.6713279,
              3.0912389
            ],
            [
              101.671355,
              3.092064
            ],
            [
              101.6713756,
              3.0929722
            ],
            [
              101.6713867,
              3.093568
            ],
            [
              101.6713129,
              3.0946078
            ],
            [
              101.6712675,
              3.0950081
            ],
            [
              101.6711838,
              3.095605
            ],
            [
              101.6711705,
              3.0959985
            ],
            [
              101.6712716,
              3.0964035
            ],
            [
              101.6714649,
              3.0968571
            ],
            [
              101.6718428,
              3.0974405
            ],
            [
              101.6722345,
              3.0978652
            ],
            [
              101.6727236,
              3.0983941
            ],
            [
              101.6732843,
              3.0988776
            ],
            [
              101.6736995,
              3.0992485
            ],
            [
              101.6739002,
              3.0994706
            ],
            [
              101.6739012,
              3.0994971
            ],
            [
              101.6739693,
              3.0996571
            ],
            [
              101.6741378,
              3.1001764
            ],
            [
              101.6743108,
              3.1008399
            ],
            [
              101.674515,
              3.101449
            ],
            [
              101.6745736,
              3.1017779
            ],
            [
              101.6745995,
              3.1021202
            ],
            [
              101.6745572,
              3.1030353
            ],
            [
              101.6745411,
              3.1035671
            ],
            [
              101.6746049,
              3.1042446
            ],
            [
              101.674716,
              3.1050835
            ],
            [
              101.6748715,
              3.1059697
            ],
            [
              101.6750409,
              3.1067726
            ],
            [
              101.6751987,
              3.1075059
            ],
            [
              101.675351,
              3.1081367
            ],
            [
              101.6754054,
              3.1087062
            ],
            [
              101.6753809,
              3.1087133
            ],
            [
              101.6753533,
              3.1093307
            ],
            [
              101.6752583,
              3.1100246
            ],
            [
              101.6751279,
              3.1107431
            ],
            [
              101.6749586,
              3.1116462
            ],
            [
              101.6747444,
              3.1126488
            ],
            [
              101.6745572,
              3.113348
            ],
            [
              101.674415,
              3.1138837
            ],
            [
              101.6741855,
              3.1152985
            ],
            [
              101.6740643,
              3.1157583
            ],
            [
              101.6738525,
              3.1164709
            ],
            [
              101.6737702,
              3.116864
            ],
            [
              101.6737151,
              3.1174235
            ],
            [
              101.6737259,
              3.1177935
            ],
            [
              101.6737434,
              3.1181122
            ],
            [
              101.6737839,
              3.1185298
            ],
            [
              101.673949,
              3.1194018
            ],
            [
              101.6741639,
              3.1199147
            ],
            [
              101.6744928,
              3.1204504
            ],
            [
              101.67492,
              3.1208334
            ],
            [
              101.6762791,
              3.1216747
            ],
            [
              101.677075,
              3.1220657
            ],
            [
              101.6774959,
              3.1222372
            ],
            [
              101.677955,
              3.1223778
            ],
            [
              101.6787059,
              3.1225494
            ],
            [
              101.67905,
              3.1226876
            ],
            [
              101.6791094,
              3.1227152
            ],
            [
              101.6791511,
              3.1227272
            ],
            [
              101.6792498,
              3.1227973
            ],
            [
              101.6797591,
              3.1232435
            ],
            [
              101.6804852,
              3.1238713
            ],
            [
              101.6807855,
              3.1241002
            ],
            [
              101.6812298,
              3.1244611
            ],
            [
              101.6814708,
              3.1246393
            ],
            [
              101.6820616,
              3.125089
            ],
            [
              101.6827306,
              3.1256128
            ],
            [
              101.6829965,
              3.1257875
            ],
            [
              101.6833468,
              3.1260021
            ],
            [
              101.6837491,
              3.1261621
            ],
            [
              101.6846034,
              3.1265292
            ],
            [
              101.6854965,
              3.1268746
            ],
            [
              101.6862558,
              3.1272026
            ],
            [
              101.686972,
              3.1275185
            ],
            [
              101.6876437,
              3.1279792
            ],
            [
              101.6885553,
              3.1266428
            ]
          ]
        ]
      },
      "properties": {
        "id": "flood-corridor-139216938",
        "name": "Sungai Klang drainage corridor",
        "kind": "interpretive-drainage-corridor",
        "width_m": 180,
        "source_note": "Interpretive 90 m buffer either side of the OSM river centreline. This is NOT Jabatan Pengairan dan Saliran zon banjir, NOT MyGDI DATA BANJIR 2002/2003, and must not be read as an official floodplain.",
        "osm_id": 139216938
      }
    },
    {
      "type": "Feature",
      "geometry": {
        "type": "Polygon",
        "coordinates": [
          [
            [
              101.6329802,
              3.069451
            ],
            [
              101.6288735,
              3.0700268
            ],
            [
              101.6263631,
              3.0712296
            ],
            [
              101.6242624,
              3.0725528
            ],
            [
              101.6239273,
              3.0726382
            ],
            [
              101.6233774,
              3.0727378
            ],
            [
              101.623039,
              3.072728
            ],
            [
              101.622717,
              3.0726273
            ],
            [
              101.6222867,
              3.0723856
            ],
            [
              101.6221259,
              3.0722502
            ],
            [
              101.6217386,
              3.0717952
            ],
            [
              101.6209714,
              3.0705567
            ],
            [
              101.6207812,
              3.0700336
            ],
            [
              101.6199936,
              3.0672981
            ],
            [
              101.6198372,
              3.0666885
            ],
            [
              101.6194365,
              3.0628115
            ],
            [
              101.6192359,
              3.0607685
            ],
            [
              101.6191714,
              3.060147
            ],
            [
              101.618975,
              3.0595657
            ],
            [
              101.6186326,
              3.0590547
            ],
            [
              101.6181438,
              3.058549
            ],
            [
              101.6117149,
              3.0545486
            ],
            [
              101.611259,
              3.0542495
            ],
            [
              101.6109092,
              3.0539834
            ],
            [
              101.6102875,
              3.0534115
            ],
            [
              101.6101836,
              3.0533348
            ],
            [
              101.6100881,
              3.0531868
            ],
            [
              101.6099143,
              3.0528265
            ],
            [
              101.6096914,
              3.0521669
            ],
            [
              101.6092913,
              3.0511148
            ],
            [
              101.6091114,
              3.0506753
            ],
            [
              101.6089767,
              3.0500983
            ],
            [
              101.608845,
              3.049505
            ],
            [
              101.6087083,
              3.0489378
            ],
            [
              101.6085217,
              3.0481033
            ],
            [
              101.6083478,
              3.0474496
            ],
            [
              101.6081119,
              3.0468955
            ],
            [
              101.6079219,
              3.0463955
            ],
            [
              101.6076337,
              3.0457137
            ],
            [
              101.6072984,
              3.0450413
            ],
            [
              101.6068868,
              3.0444377
            ],
            [
              101.6066046,
              3.0440628
            ],
            [
              101.6062377,
              3.0436111
            ],
            [
              101.6048759,
              3.0421843
            ],
            [
              101.6038815,
              3.0410491
            ],
            [
              101.6034259,
              3.0406342
            ],
            [
              101.6029998,
              3.0402861
            ],
            [
              101.6025696,
              3.0399365
            ],
            [
              101.6023693,
              3.0397433
            ],
            [
              101.6017405,
              3.0390144
            ],
            [
              101.6012456,
              3.0383905
            ],
            [
              101.6010424,
              3.0381008
            ],
            [
              101.6006878,
              3.0372511
            ],
            [
              101.6006261,
              3.0370675
            ],
            [
              101.6004375,
              3.0365176
            ],
            [
              101.6001874,
              3.0357457
            ],
            [
              101.6000661,
              3.0352868
            ],
            [
              101.5999867,
              3.0346086
            ],
            [
              101.5998234,
              3.0333468
            ],
            [
              101.5997037,
              3.0322999
            ],
            [
              101.599556,
              3.0309573
            ],
            [
              101.5994751,
              3.0302741
            ],
            [
              101.5991761,
              3.0277103
            ],
            [
              101.5989769,
              3.025475
            ],
            [
              101.5988847,
              3.0249305
            ],
            [
              101.5985652,
              3.0233523
            ],
            [
              101.5982592,
              3.0218281
            ],
            [
              101.5979338,
              3.0205702
            ],
            [
              101.597713,
              3.0195123
            ],
            [
              101.5973762,
              3.0182078
            ],
            [
              101.596659,
              3.015993
            ],
            [
              101.5964243,
              3.0152441
            ],
            [
              101.5948791,
              3.0157271
            ],
            [
              101.5951172,
              3.0164868
            ],
            [
              101.595825,
              3.0186716
            ],
            [
              101.5961368,
              3.0198823
            ],
            [
              101.5963578,
              3.0209408
            ],
            [
              101.59668,
              3.0221855
            ],
            [
              101.5969778,
              3.0236713
            ],
            [
              101.5972955,
              3.0252403
            ],
            [
              101.5973663,
              3.0256414
            ],
            [
              101.5975655,
              3.0278771
            ],
            [
              101.5978669,
              3.0304617
            ],
            [
              101.597947,
              3.0311383
            ],
            [
              101.5980945,
              3.0324795
            ],
            [
              101.5982162,
              3.0335432
            ],
            [
              101.5983801,
              3.03481
            ],
            [
              101.5984723,
              3.0355728
            ],
            [
              101.5986354,
              3.0362067
            ],
            [
              101.5989003,
              3.0370258
            ],
            [
              101.5990941,
              3.0375913
            ],
            [
              101.5991864,
              3.0378565
            ],
            [
              101.5995936,
              3.0388228
            ],
            [
              101.5999482,
              3.0393581
            ],
            [
              101.6004941,
              3.0400466
            ],
            [
              101.6011687,
              3.0408283
            ],
            [
              101.6015048,
              3.0411547
            ],
            [
              101.601976,
              3.0415389
            ],
            [
              101.6023705,
              3.0418604
            ],
            [
              101.6026955,
              3.0421501
            ],
            [
              101.6036833,
              3.0432781
            ],
            [
              101.6050465,
              3.0447065
            ],
            [
              101.6053288,
              3.0450584
            ],
            [
              101.605567,
              3.0453745
            ],
            [
              101.605901,
              3.0458583
            ],
            [
              101.6061611,
              3.0463859
            ],
            [
              101.6064201,
              3.0470003
            ],
            [
              101.6066109,
              3.0475021
            ],
            [
              101.606815,
              3.0479712
            ],
            [
              101.6069469,
              3.0484799
            ],
            [
              101.6071303,
              3.0493006
            ],
            [
              101.6072672,
              3.049869
            ],
            [
              101.6073985,
              3.0504597
            ],
            [
              101.6075642,
              3.0511523
            ],
            [
              101.6077811,
              3.0516984
            ],
            [
              101.6081696,
              3.0527193
            ],
            [
              101.6084081,
              3.0534203
            ],
            [
              101.6086689,
              3.0539654
            ],
            [
              101.6089434,
              3.0543744
            ],
            [
              101.6091989,
              3.0546085
            ],
            [
              101.609854,
              3.0552098
            ],
            [
              101.610325,
              3.0555703
            ],
            [
              101.6108561,
              3.0559194
            ],
            [
              101.6172666,
              3.0599082
            ],
            [
              101.6173542,
              3.0600473
            ],
            [
              101.617533,
              3.0603011
            ],
            [
              101.6175812,
              3.0604524
            ],
            [
              101.6176243,
              3.0609263
            ],
            [
              101.6178255,
              3.0629747
            ],
            [
              101.6182306,
              3.0668905
            ],
            [
              101.618434,
              3.0677329
            ],
            [
              101.6192322,
              3.0705046
            ],
            [
              101.619544,
              3.0713203
            ],
            [
              101.6204026,
              3.0727088
            ],
            [
              101.6209529,
              3.073365
            ],
            [
              101.6213967,
              3.0737364
            ],
            [
              101.6220684,
              3.0741089
            ],
            [
              101.6227722,
              3.0743228
            ],
            [
              101.6235116,
              3.0743492
            ],
            [
              101.6242993,
              3.074212
            ],
            [
              101.625058,
              3.0739612
            ],
            [
              101.6271485,
              3.0726436
            ],
            [
              101.6292901,
              3.0715894
            ],
            [
              101.633203,
              3.0710526
            ],
            [
              101.6329802,
              3.069451
            ]
          ]
        ]
      },
      "properties": {
        "id": "flood-corridor-163932066",
        "name": "Sungai Klang drainage corridor",
        "kind": "interpretive-drainage-corridor",
        "width_m": 180,
        "source_note": "Interpretive 90 m buffer either side of the OSM river centreline. This is NOT Jabatan Pengairan dan Saliran zon banjir, NOT MyGDI DATA BANJIR 2002/2003, and must not be read as an official floodplain.",
        "osm_id": 163932066
      }
    },
    {
      "type": "Feature",
      "geometry": {
        "type": "Polygon",
        "coordinates": [
          [
            [
              101.68691,
              3.2702622
            ],
            [
              101.6867585,
              3.2699462
            ],
            [
              101.6865967,
              3.2697321
            ],
            [
              101.6860922,
              3.2685652
            ],
            [
              101.6854526,
              3.2680303
            ],
            [
              101.6844534,
              3.2678683
            ],
            [
              101.6843992,
              3.2677843
            ],
            [
              101.6839118,
              3.2675772
            ],
            [
              101.6835057,
              3.2675485
            ],
            [
              101.6836507,
              3.2676218
            ],
            [
              101.6832683,
              3.2673159
            ],
            [
              101.6823593,
              3.2671468
            ],
            [
              101.6819848,
              3.2670682
            ],
            [
              101.6812801,
              3.2671306
            ],
            [
              101.6806754,
              3.2674924
            ],
            [
              101.6807217,
              3.2675175
            ],
            [
              101.6809764,
              3.2675021
            ],
            [
              101.6798488,
              3.2671788
            ],
            [
              101.6796903,
              3.2671667
            ],
            [
              101.679911,
              3.2673109
            ],
            [
              101.6800564,
              3.2676803
            ],
            [
              101.6800125,
              3.2679486
            ],
            [
              101.6799567,
              3.2680429
            ],
            [
              101.6803322,
              3.2676795
            ],
            [
              101.6809704,
              3.2668311
            ],
            [
              101.681536,
              3.2664061
            ],
            [
              101.6820307,
              3.2657782
            ],
            [
              101.6822386,
              3.2652557
            ],
            [
              101.6822849,
              3.2646834
            ],
            [
              101.6822267,
              3.264436
            ],
            [
              101.6822404,
              3.2639598
            ],
            [
              101.6821876,
              3.2635166
            ],
            [
              101.6819933,
              3.2629463
            ],
            [
              101.6820151,
              3.2627513
            ],
            [
              101.6819282,
              3.2622569
            ],
            [
              101.6818132,
              3.2619657
            ],
            [
              101.6818323,
              3.2621752
            ],
            [
              101.6817608,
              3.2623507
            ],
            [
              101.6815011,
              3.2625648
            ],
            [
              101.6812511,
              3.262622
            ],
            [
              101.6811184,
              3.262577
            ],
            [
              101.6816276,
              3.2628728
            ],
            [
              101.6822974,
              3.2629774
            ],
            [
              101.6826802,
              3.2629613
            ],
            [
              101.6832204,
              3.262719
            ],
            [
              101.6835178,
              3.2620777
            ],
            [
              101.6834991,
              3.2616436
            ],
            [
              101.6834398,
              3.2614608
            ],
            [
              101.6834021,
              3.2602138
            ],
            [
              101.6836622,
              3.259417
            ],
            [
              101.683725,
              3.2588745
            ],
            [
              101.683685,
              3.2585901
            ],
            [
              101.6837691,
              3.2579699
            ],
            [
              101.6838853,
              3.257588
            ],
            [
              101.68397,
              3.2572018
            ],
            [
              101.6841757,
              3.2566965
            ],
            [
              101.6843462,
              3.2559985
            ],
            [
              101.6844012,
              3.2556274
            ],
            [
              101.6842562,
              3.2558917
            ],
            [
              101.6846321,
              3.2556018
            ],
            [
              101.685451,
              3.2547159
            ],
            [
              101.6852296,
              3.2548456
            ],
            [
              101.6861471,
              3.2545913
            ],
            [
              101.6866755,
              3.2540782
            ],
            [
              101.686793,
              3.2537886
            ],
            [
              101.6852578,
              3.2532738
            ],
            [
              101.6852877,
              3.2532446
            ],
            [
              101.6855259,
              3.2530981
            ],
            [
              101.6847356,
              3.2533058
            ],
            [
              101.684286,
              3.2535927
            ],
            [
              101.6834913,
              3.254454
            ],
            [
              101.6832614,
              3.2546157
            ],
            [
              101.6828748,
              3.255087
            ],
            [
              101.6827624,
              3.2556607
            ],
            [
              101.6826311,
              3.2562103
            ],
            [
              101.6824292,
              3.2567038
            ],
            [
              101.6823181,
              3.25718
            ],
            [
              101.6821791,
              3.2576625
            ],
            [
              101.682068,
              3.2585005
            ],
            [
              101.6821054,
              3.2588765
            ],
            [
              101.6820924,
              3.2590192
            ],
            [
              101.6817917,
              3.2600418
            ],
            [
              101.6818234,
              3.261561
            ],
            [
              101.6818983,
              3.2618886
            ],
            [
              101.6819022,
              3.2619651
            ],
            [
              101.6821272,
              3.2615258
            ],
            [
              101.682431,
              3.2613635
            ],
            [
              101.682421,
              3.2613652
            ],
            [
              101.6821784,
              3.2613522
            ],
            [
              101.6818454,
              3.261132
            ],
            [
              101.6813715,
              3.2610096
            ],
            [
              101.6808227,
              3.2610966
            ],
            [
              101.6803824,
              3.2615017
            ],
            [
              101.6802367,
              3.2618986
            ],
            [
              101.6802456,
              3.2623719
            ],
            [
              101.6803664,
              3.2626849
            ],
            [
              101.6804013,
              3.2628871
            ],
            [
              101.6804105,
              3.2632893
            ],
            [
              101.6806228,
              3.2639336
            ],
            [
              101.680621,
              3.2639878
            ],
            [
              101.6806101,
              3.2645338
            ],
            [
              101.6806669,
              3.2647528
            ],
            [
              101.6806508,
              3.2649365
            ],
            [
              101.6806705,
              3.2649006
            ],
            [
              101.6804094,
              3.2652445
            ],
            [
              101.6797922,
              3.2657217
            ],
            [
              101.6790866,
              3.2666459
            ],
            [
              101.6788383,
              3.2668733
            ],
            [
              101.6786155,
              3.2671306
            ],
            [
              101.6784382,
              3.2677473
            ],
            [
              101.6787446,
              3.2684327
            ],
            [
              101.6792499,
              3.2687227
            ],
            [
              101.67944,
              3.2687434
            ],
            [
              101.6806304,
              3.2690817
            ],
            [
              101.6813429,
              3.2690107
            ],
            [
              101.6816202,
              3.2688058
            ],
            [
              101.6818201,
              3.268655
            ],
            [
              101.6818662,
              3.2686808
            ],
            [
              101.6820565,
              3.2687352
            ],
            [
              101.6827303,
              3.2688411
            ],
            [
              101.6827267,
              3.2689498
            ],
            [
              101.6832715,
              3.2691485
            ],
            [
              101.683544,
              3.2691518
            ],
            [
              101.68362,
              3.2692019
            ],
            [
              101.6840486,
              3.2694339
            ],
            [
              101.6850828,
              3.2696045
            ],
            [
              101.684628,
              3.2692564
            ],
            [
              101.6851389,
              3.2704365
            ],
            [
              101.6853653,
              3.2707706
            ],
            [
              101.6854412,
              3.2709434
            ],
            [
              101.68691,
              3.2702622
            ]
          ]
        ]
      },
      "properties": {
        "id": "flood-corridor-188429198",
        "name": "Sungai Batu drainage corridor",
        "kind": "interpretive-drainage-corridor",
        "width_m": 180,
        "source_note": "Interpretive 90 m buffer either side of the OSM river centreline. This is NOT Jabatan Pengairan dan Saliran zon banjir, NOT MyGDI DATA BANJIR 2002/2003, and must not be read as an official floodplain.",
        "osm_id": 188429198
      }
    },
    {
      "type": "Feature",
      "geometry": {
        "type": "Polygon",
        "coordinates": [
          [
            [
              101.7092961,
              3.2258661
            ],
            [
              101.7092394,
              3.2257355
            ],
            [
              101.7087216,
              3.2245438
            ],
            [
              101.7086306,
              3.2243778
            ],
            [
              101.7083989,
              3.2239967
            ],
            [
              101.7078086,
              3.2234993
            ],
            [
              101.7076308,
              3.2234584
            ],
            [
              101.7071863,
              3.223119
            ],
            [
              101.7067419,
              3.2229555
            ],
            [
              101.7055357,
              3.222763
            ],
            [
              101.7041948,
              3.2227114
            ],
            [
              101.7032875,
              3.2227996
            ],
            [
              101.7031075,
              3.222799
            ],
            [
              101.7028381,
              3.2227551
            ],
            [
              101.7024692,
              3.2227436
            ],
            [
              101.7022603,
              3.2227916
            ],
            [
              101.7020218,
              3.2227905
            ],
            [
              101.7020952,
              3.2227912
            ],
            [
              101.701617,
              3.224336
            ],
            [
              101.7019062,
              3.2244033
            ],
            [
              101.7023949,
              3.224403
            ],
            [
              101.7026186,
              3.2243536
            ],
            [
              101.7026561,
              3.2243619
            ],
            [
              101.7029797,
              3.224411
            ],
            [
              101.7034059,
              3.2244122
            ],
            [
              101.7042242,
              3.224328
            ],
            [
              101.7053791,
              3.2243724
            ],
            [
              101.7064587,
              3.2245475
            ],
            [
              101.7063005,
              3.2244726
            ],
            [
              101.706786,
              3.224838
            ],
            [
              101.7069046,
              3.2248409
            ],
            [
              101.7072249,
              3.2251105
            ],
            [
              101.7072006,
              3.225137
            ],
            [
              101.7072426,
              3.2252026
            ],
            [
              101.7077536,
              3.2263789
            ],
            [
              101.7078101,
              3.2265091
            ],
            [
              101.7092961,
              3.2258661
            ]
          ]
        ]
      },
      "properties": {
        "id": "flood-corridor-188552434",
        "name": "Terusan Lencongan Sungai Gombak drainage corridor",
        "kind": "interpretive-drainage-corridor",
        "width_m": 180,
        "source_note": "Interpretive 90 m buffer either side of the OSM river centreline. This is NOT Jabatan Pengairan dan Saliran zon banjir, NOT MyGDI DATA BANJIR 2002/2003, and must not be read as an official floodplain.",
        "osm_id": 188552434
      }
    },
    {
      "type": "Feature",
      "geometry": {
        "type": "Polygon",
        "coordinates": [
          [
            [
              101.6963376,
              3.2227217
            ],
            [
              101.6963572,
              3.2227239
            ],
            [
              101.6960164,
              3.2227296
            ],
            [
              101.6955554,
              3.2227816
            ],
            [
              101.6950526,
              3.223022
            ],
            [
              101.6945948,
              3.2234095
            ],
            [
              101.693424,
              3.2244133
            ],
            [
              101.693746,
              3.2243033
            ],
            [
              101.6909175,
              3.2241894
            ],
            [
              101.6897215,
              3.2241519
            ],
            [
              101.6890776,
              3.2241504
            ],
            [
              101.6887289,
              3.2241283
            ],
            [
              101.6886289,
              3.2257421
            ],
            [
              101.689038,
              3.2257668
            ],
            [
              101.6896871,
              3.2257685
            ],
            [
              101.6908565,
              3.2258052
            ],
            [
              101.6937182,
              3.2259201
            ],
            [
              101.6944236,
              3.2256855
            ],
            [
              101.695649,
              3.2246369
            ],
            [
              101.6959972,
              3.2243354
            ],
            [
              101.6959728,
              3.224344
            ],
            [
              101.696097,
              3.2243446
            ],
            [
              101.6964226,
              3.2243395
            ],
            [
              101.696584,
              3.2243199
            ],
            [
              101.6963376,
              3.2227217
            ]
          ]
        ]
      },
      "properties": {
        "id": "flood-corridor-188552435",
        "name": "Terusan Lencongan Sungai Gombak drainage corridor",
        "kind": "interpretive-drainage-corridor",
        "width_m": 180,
        "source_note": "Interpretive 90 m buffer either side of the OSM river centreline. This is NOT Jabatan Pengairan dan Saliran zon banjir, NOT MyGDI DATA BANJIR 2002/2003, and must not be read as an official floodplain.",
        "osm_id": 188552435
      }
    },
    {
      "type": "Feature",
      "geometry": {
        "type": "Polygon",
        "coordinates": [
          [
            [
              101.6867428,
              3.2531561
            ],
            [
              101.6865876,
              3.2528654
            ],
            [
              101.6864096,
              3.252665
            ],
            [
              101.686421,
              3.2526753
            ],
            [
              101.6862039,
              3.2524754
            ],
            [
              101.6857706,
              3.2523332
            ],
            [
              101.6855923,
              3.2523353
            ],
            [
              101.6856271,
              3.2523422
            ],
            [
              101.6856272,
              3.2523362
            ],
            [
              101.6855027,
              3.2523026
            ],
            [
              101.6855853,
              3.2523442
            ],
            [
              101.6856895,
              3.2524211
            ],
            [
              101.6857056,
              3.2524415
            ],
            [
              101.6856571,
              3.2523619
            ],
            [
              101.6854368,
              3.2520471
            ],
            [
              101.6850891,
              3.2511517
            ],
            [
              101.6846773,
              3.2506875
            ],
            [
              101.6843479,
              3.250448
            ],
            [
              101.6841709,
              3.2502677
            ],
            [
              101.6837698,
              3.2495104
            ],
            [
              101.6837603,
              3.2494907
            ],
            [
              101.6837387,
              3.2494348
            ],
            [
              101.6837169,
              3.249368
            ],
            [
              101.6837045,
              3.2493321
            ],
            [
              101.683714,
              3.2493665
            ],
            [
              101.6837101,
              3.2493572
            ],
            [
              101.6836997,
              3.2494959
            ],
            [
              101.6836837,
              3.2495545
            ],
            [
              101.6837004,
              3.249519
            ],
            [
              101.6838026,
              3.2493363
            ],
            [
              101.6838744,
              3.2491364
            ],
            [
              101.6839294,
              3.2489113
            ],
            [
              101.6839285,
              3.2486044
            ],
            [
              101.6839095,
              3.2485269
            ],
            [
              101.6838847,
              3.2482223
            ],
            [
              101.6835743,
              3.2475271
            ],
            [
              101.6831035,
              3.2472478
            ],
            [
              101.6827159,
              3.2467321
            ],
            [
              101.6827265,
              3.2467789
            ],
            [
              101.6825503,
              3.2463657
            ],
            [
              101.6821339,
              3.2460118
            ],
            [
              101.6816716,
              3.2456902
            ],
            [
              101.6815445,
              3.2456166
            ],
            [
              101.6802549,
              3.2443101
            ],
            [
              101.6800566,
              3.2440381
            ],
            [
              101.6795014,
              3.2433892
            ],
            [
              101.6795916,
              3.2436066
            ],
            [
              101.6793938,
              3.2440877
            ],
            [
              101.6797432,
              3.2438429
            ],
            [
              101.680062,
              3.2432551
            ],
            [
              101.6800999,
              3.2429574
            ],
            [
              101.6802381,
              3.2426604
            ],
            [
              101.6802467,
              3.2421226
            ],
            [
              101.6803313,
              3.2416887
            ],
            [
              101.6804614,
              3.2410789
            ],
            [
              101.6809565,
              3.240232
            ],
            [
              101.6810992,
              3.2395782
            ],
            [
              101.6809964,
              3.2392484
            ],
            [
              101.6809857,
              3.2387513
            ],
            [
              101.6810627,
              3.2383271
            ],
            [
              101.6810934,
              3.2374964
            ],
            [
              101.6811271,
              3.2369448
            ],
            [
              101.6809852,
              3.2362671
            ],
            [
              101.6808562,
              3.236006
            ],
            [
              101.6806656,
              3.2353031
            ],
            [
              101.680321,
              3.2345425
            ],
            [
              101.6797069,
              3.2340222
            ],
            [
              101.6794587,
              3.2340384
            ],
            [
              101.6795387,
              3.233999
            ],
            [
              101.6791651,
              3.2337874
            ],
            [
              101.678698,
              3.2336144
            ],
            [
              101.6787684,
              3.2336568
            ],
            [
              101.6789472,
              3.2338073
            ],
            [
              101.6790198,
              3.2339397
            ],
            [
              101.679074,
              3.2343146
            ],
            [
              101.6790592,
              3.2343612
            ],
            [
              101.679206,
              3.2339859
            ],
            [
              101.6792792,
              3.233739
            ],
            [
              101.6793116,
              3.23358
            ],
            [
              101.6793345,
              3.2333953
            ],
            [
              101.6793329,
              3.233137
            ],
            [
              101.6792739,
              3.2328986
            ],
            [
              101.6792158,
              3.232753
            ],
            [
              101.6789935,
              3.2324519
            ],
            [
              101.6786915,
              3.2322275
            ],
            [
              101.678583,
              3.2321925
            ],
            [
              101.6783368,
              3.2319919
            ],
            [
              101.6781809,
              3.2318408
            ],
            [
              101.6775065,
              3.2313225
            ],
            [
              101.6769857,
              3.2309352
            ],
            [
              101.6766169,
              3.2305462
            ],
            [
              101.6766737,
              3.2306495
            ],
            [
              101.6767373,
              3.2308684
            ],
            [
              101.6766952,
              3.2295123
            ],
            [
              101.6766716,
              3.2289196
            ],
            [
              101.6766498,
              3.2286416
            ],
            [
              101.676743,
              3.2283402
            ],
            [
              101.6767995,
              3.2281591
            ],
            [
              101.6767546,
              3.2282555
            ],
            [
              101.6765854,
              3.2284443
            ],
            [
              101.6764216,
              3.2285395
            ],
            [
              101.6763979,
              3.2285506
            ],
            [
              101.6763729,
              3.2285499
            ],
            [
              101.6762282,
              3.228555
            ],
            [
              101.6762103,
              3.2285557
            ],
            [
              101.6763774,
              3.22859
            ],
            [
              101.6765895,
              3.2286004
            ],
            [
              101.6767677,
              3.2285945
            ],
            [
              101.6769249,
              3.2285727
            ],
            [
              101.6795744,
              3.2281376
            ],
            [
              101.6803472,
              3.2277643
            ],
            [
              101.6808928,
              3.2270303
            ],
            [
              101.6811999,
              3.226429
            ],
            [
              101.6814318,
              3.2259141
            ],
            [
              101.6815393,
              3.225285
            ],
            [
              101.6814904,
              3.2247637
            ],
            [
              101.6814958,
              3.2247034
            ],
            [
              101.6815298,
              3.2238386
            ],
            [
              101.6815457,
              3.2226453
            ],
            [
              101.6815213,
              3.2219552
            ],
            [
              101.681484,
              3.2215645
            ],
            [
              101.68141,
              3.2214108
            ],
            [
              101.6813746,
              3.2211875
            ],
            [
              101.6814177,
              3.2211182
            ],
            [
              101.6813079,
              3.2212838
            ],
            [
              101.6817405,
              3.2207413
            ],
            [
              101.6817536,
              3.220458
            ],
            [
              101.6813916,
              3.2209369
            ],
            [
              101.6814484,
              3.2209535
            ],
            [
              101.6819822,
              3.2205299
            ],
            [
              101.6822228,
              3.219994
            ],
            [
              101.6823702,
              3.2198954
            ],
            [
              101.6825471,
              3.2192525
            ],
            [
              101.6825223,
              3.2189818
            ],
            [
              101.682512,
              3.2183823
            ],
            [
              101.6826279,
              3.2169927
            ],
            [
              101.6828823,
              3.2137762
            ],
            [
              101.6808633,
              3.2077087
            ],
            [
              101.6805997,
              3.2072598
            ],
            [
              101.6780837,
              3.2048114
            ],
            [
              101.6769806,
              3.2036907
            ],
            [
              101.6767759,
              3.2034705
            ],
            [
              101.6769203,
              3.203713
            ],
            [
              101.6769395,
              3.2037774
            ],
            [
              101.6769329,
              3.2037402
            ],
            [
              101.6769214,
              3.2036616
            ],
            [
              101.6768941,
              3.203494
            ],
            [
              101.6768489,
              3.2033237
            ],
            [
              101.6768114,
              3.2031972
            ],
            [
              101.6767474,
              3.2029214
            ],
            [
              101.6766692,
              3.2025174
            ],
            [
              101.6765275,
              3.2021565
            ],
            [
              101.6763584,
              3.2018455
            ],
            [
              101.6763882,
              3.2019079
            ],
            [
              101.6763905,
              3.2019271
            ],
            [
              101.6763904,
              3.2019471
            ],
            [
              101.6763926,
              3.2019569
            ],
            [
              101.6763781,
              3.2020205
            ],
            [
              101.6763665,
              3.2020573
            ],
            [
              101.6763279,
              3.2021306
            ],
            [
              101.6766249,
              3.2016518
            ],
            [
              101.6767103,
              3.2015017
            ],
            [
              101.6768362,
              3.2013015
            ],
            [
              101.6778865,
              3.2000943
            ],
            [
              101.6780857,
              3.1997555
            ],
            [
              101.6781697,
              3.1995626
            ],
            [
              101.6782525,
              3.1993234
            ],
            [
              101.6783091,
              3.1990536
            ],
            [
              101.6783482,
              3.1987923
            ],
            [
              101.6783531,
              3.1986788
            ],
            [
              101.678371,
              3.1986073
            ],
            [
              101.6783664,
              3.1986146
            ],
            [
              101.6784056,
              3.1985247
            ],
            [
              101.6789453,
              3.197689
            ],
            [
              101.6790353,
              3.197518
            ],
            [
              101.6790953,
              3.1973594
            ],
            [
              101.6791337,
              3.1971935
            ],
            [
              101.6791501,
              3.1970586
            ],
            [
              101.6791575,
              3.1969417
            ],
            [
              101.6791639,
              3.1967302
            ],
            [
              101.6791487,
              3.1964604
            ],
            [
              101.6791266,
              3.1963064
            ],
            [
              101.6791083,
              3.1962084
            ],
            [
              101.6790897,
              3.1961101
            ],
            [
              101.6790906,
              3.1961144
            ],
            [
              101.6790905,
              3.1961298
            ],
            [
              101.6790736,
              3.1962052
            ],
            [
              101.6791574,
              3.1959355
            ],
            [
              101.6797579,
              3.1939556
            ],
            [
              101.6800139,
              3.1929528
            ],
            [
              101.6801604,
              3.1924082
            ],
            [
              101.6805201,
              3.1908841
            ],
            [
              101.6806215,
              3.1903599
            ],
            [
              101.6806413,
              3.1897956
            ],
            [
              101.6806468,
              3.1893118
            ],
            [
              101.6805758,
              3.1887861
            ],
            [
              101.680553,
              3.1872952
            ],
            [
              101.6802283,
              3.1844017
            ],
            [
              101.6802065,
              3.184324
            ],
            [
              101.6804932,
              3.1827269
            ],
            [
              101.6804576,
              3.182246
            ],
            [
              101.6802565,
              3.1816906
            ],
            [
              101.6802657,
              3.1816007
            ],
            [
              101.6803441,
              3.1813185
            ],
            [
              101.6806788,
              3.1803682
            ],
            [
              101.6806663,
              3.1803964
            ],
            [
              101.6806564,
              3.1804113
            ],
            [
              101.680671,
              3.1803993
            ],
            [
              101.6807227,
              3.1803614
            ],
            [
              101.6807612,
              3.1803343
            ],
            [
              101.6808026,
              3.1803186
            ],
            [
              101.6808357,
              3.1803108
            ],
            [
              101.6809084,
              3.180301
            ],
            [
              101.6809642,
              3.1802964
            ],
            [
              101.6811124,
              3.1803098
            ],
            [
              101.6813619,
              3.1803067
            ],
            [
              101.6816792,
              3.1802564
            ],
            [
              101.682004,
              3.1801124
            ],
            [
              101.6822778,
              3.1799255
            ],
            [
              101.6824392,
              3.1797825
            ],
            [
              101.6827291,
              3.1795141
            ],
            [
              101.683556,
              3.1787434
            ],
            [
              101.685108,
              3.1776525
            ],
            [
              101.6862434,
              3.1770502
            ],
            [
              101.6865652,
              3.1768616
            ],
            [
              101.6867955,
              3.1766637
            ],
            [
              101.6869248,
              3.1764876
            ],
            [
              101.6870134,
              3.1763224
            ],
            [
              101.6870727,
              3.1761587
            ],
            [
              101.6871054,
              3.1760299
            ],
            [
              101.6871393,
              3.1758549
            ],
            [
              101.6871432,
              3.1755497
            ],
            [
              101.6870958,
              3.1753246
            ],
            [
              101.6868026,
              3.1736339
            ],
            [
              101.686809,
              3.1737777
            ],
            [
              101.6868107,
              3.1737712
            ],
            [
              101.6868002,
              3.1737898
            ],
            [
              101.6876445,
              3.1719716
            ],
            [
              101.6877603,
              3.1712836
            ],
            [
              101.6876652,
              3.1702422
            ],
            [
              101.6876688,
              3.1703304
            ],
            [
              101.6876887,
              3.1702772
            ],
            [
              101.6877227,
              3.1701807
            ],
            [
              101.6877458,
              3.1701297
            ],
            [
              101.6877347,
              3.1701393
            ],
            [
              101.6877806,
              3.1701008
            ],
            [
              101.6878419,
              3.170046
            ],
            [
              101.6881237,
              3.1698736
            ],
            [
              101.6884008,
              3.1696869
            ],
            [
              101.6887585,
              3.1695732
            ],
            [
              101.6888171,
              3.1695568
            ],
            [
              101.6888033,
              3.1695649
            ],
            [
              101.6888265,
              3.1695787
            ],
            [
              101.6889157,
              3.1696258
            ],
            [
              101.688972,
              3.1696688
            ],
            [
              101.6890983,
              3.1698092
            ],
            [
              101.689373,
              3.1701273
            ],
            [
              101.689641,
              3.1703241
            ],
            [
              101.689882,
              3.1704601
            ],
            [
              101.6901852,
              3.1705871
            ],
            [
              101.690438,
              3.1706344
            ],
            [
              101.6906738,
              3.1690346
            ],
            [
              101.6906694,
              3.1690441
            ],
            [
              101.6906064,
              3.1690139
            ],
            [
              101.6904782,
              3.1689399
            ],
            [
              101.6905244,
              3.1689903
            ],
            [
              101.6903143,
              3.1687414
            ],
            [
              101.6900824,
              3.1684918
            ],
            [
              101.6898065,
              3.1682754
            ],
            [
              101.6895269,
              3.1681209
            ],
            [
              101.6892245,
              3.1680037
            ],
            [
              101.6887831,
              3.1679402
            ],
            [
              101.6883251,
              3.1680152
            ],
            [
              101.6877166,
              3.1682213
            ],
            [
              101.6872595,
              3.1685062
            ],
            [
              101.6869277,
              3.1687114
            ],
            [
              101.6867058,
              3.1688914
            ],
            [
              101.6865035,
              3.1690889
            ],
            [
              101.6863336,
              3.1693381
            ],
            [
              101.6862273,
              3.1695601
            ],
            [
              101.6861573,
              3.1697512
            ],
            [
              101.6860936,
              3.1699548
            ],
            [
              101.6860486,
              3.1703388
            ],
            [
              101.6861415,
              3.1713296
            ],
            [
              101.6861475,
              3.171355
            ],
            [
              101.6853262,
              3.17312
            ],
            [
              101.6852409,
              3.1733736
            ],
            [
              101.6852,
              3.1735941
            ],
            [
              101.6852048,
              3.1738971
            ],
            [
              101.6855014,
              3.1756082
            ],
            [
              101.6855356,
              3.1757451
            ],
            [
              101.6855303,
              3.1756715
            ],
            [
              101.6855276,
              3.1756653
            ],
            [
              101.6855203,
              3.1756981
            ],
            [
              101.68553,
              3.1756738
            ],
            [
              101.6855584,
              3.1756196
            ],
            [
              101.6855817,
              3.1755933
            ],
            [
              101.6856944,
              3.1754984
            ],
            [
              101.6854702,
              3.1756294
            ],
            [
              101.6842428,
              3.1762857
            ],
            [
              101.6825576,
              3.1774704
            ],
            [
              101.6816273,
              3.1783291
            ],
            [
              101.6813408,
              3.1785943
            ],
            [
              101.6812922,
              3.1786425
            ],
            [
              101.6811818,
              3.1787194
            ],
            [
              101.6812218,
              3.1787052
            ],
            [
              101.6812511,
              3.1786935
            ],
            [
              101.6811722,
              3.178694
            ],
            [
              101.6809922,
              3.1786796
            ],
            [
              101.6807488,
              3.178692
            ],
            [
              101.6805219,
              3.1787244
            ],
            [
              101.6802836,
              3.178787
            ],
            [
              101.6800262,
              3.1788935
            ],
            [
              101.6798097,
              3.1790258
            ],
            [
              101.6796348,
              3.1791567
            ],
            [
              101.6794588,
              3.1793227
            ],
            [
              101.6792923,
              3.1795404
            ],
            [
              101.6791588,
              3.17981
            ],
            [
              101.6788035,
              3.1808201
            ],
            [
              101.6786609,
              3.1813843
            ],
            [
              101.6786755,
              3.1820414
            ],
            [
              101.6789112,
              3.1827262
            ],
            [
              101.6788946,
              3.1824685
            ],
            [
              101.6786033,
              3.1840952
            ],
            [
              101.6786183,
              3.1845755
            ],
            [
              101.6789386,
              3.1874228
            ],
            [
              101.678958,
              3.1888609
            ],
            [
              101.679031,
              3.1894216
            ],
            [
              101.6790223,
              3.1897556
            ],
            [
              101.6790115,
              3.1901849
            ],
            [
              101.6789409,
              3.1905255
            ],
            [
              101.6785872,
              3.1920244
            ],
            [
              101.6784463,
              3.1925466
            ],
            [
              101.6782011,
              3.19351
            ],
            [
              101.6776078,
              3.1954659
            ],
            [
              101.6775066,
              3.195797
            ],
            [
              101.6774735,
              3.1960414
            ],
            [
              101.677473,
              3.1961908
            ],
            [
              101.6774879,
              3.1963483
            ],
            [
              101.6775159,
              3.196503
            ],
            [
              101.6775304,
              3.1965798
            ],
            [
              101.6775351,
              3.196598
            ],
            [
              101.6775447,
              3.196759
            ],
            [
              101.6775397,
              3.1968699
            ],
            [
              101.6775369,
              3.1969162
            ],
            [
              101.6775359,
              3.1969297
            ],
            [
              101.6775469,
              3.1968858
            ],
            [
              101.6775563,
              3.1968594
            ],
            [
              101.6775779,
              3.1968226
            ],
            [
              101.677025,
              3.1976793
            ],
            [
              101.6768756,
              3.1979828
            ],
            [
              101.6768048,
              3.1981961
            ],
            [
              101.6767509,
              3.1984426
            ],
            [
              101.6767392,
              3.1986089
            ],
            [
              101.6767143,
              3.1987724
            ],
            [
              101.6766893,
              3.198901
            ],
            [
              101.6766607,
              3.1989756
            ],
            [
              101.6766329,
              3.1990409
            ],
            [
              101.6766373,
              3.1990653
            ],
            [
              101.6755888,
              3.2002703
            ],
            [
              101.6753375,
              3.2006439
            ],
            [
              101.6752407,
              3.2008124
            ],
            [
              101.6749441,
              3.2012904
            ],
            [
              101.6748691,
              3.2014413
            ],
            [
              101.6748201,
              3.2015793
            ],
            [
              101.6747888,
              3.2017325
            ],
            [
              101.6747712,
              3.2019135
            ],
            [
              101.6747833,
              3.2021265
            ],
            [
              101.6748162,
              3.2022967
            ],
            [
              101.6748998,
              3.2025483
            ],
            [
              101.6750707,
              3.2028629
            ],
            [
              101.6751054,
              3.202938
            ],
            [
              101.6751618,
              3.2032504
            ],
            [
              101.6752406,
              3.203591
            ],
            [
              101.6752907,
              3.2037643
            ],
            [
              101.6753103,
              3.2038314
            ],
            [
              101.6753202,
              3.2039036
            ],
            [
              101.6753339,
              3.2039968
            ],
            [
              101.6753517,
              3.204096
            ],
            [
              101.6753911,
              3.2042456
            ],
            [
              101.6755645,
              3.2045437
            ],
            [
              101.67582,
              3.2048183
            ],
            [
              101.6769457,
              3.2059618
            ],
            [
              101.6794539,
              3.2084024
            ],
            [
              101.6793287,
              3.2082255
            ],
            [
              101.6812919,
              3.2140816
            ],
            [
              101.6810145,
              3.2168527
            ],
            [
              101.6808946,
              3.2182989
            ],
            [
              101.6809039,
              3.2190424
            ],
            [
              101.6809327,
              3.2193799
            ],
            [
              101.681115,
              3.2188738
            ],
            [
              101.6808478,
              3.2191396
            ],
            [
              101.680587,
              3.2197089
            ],
            [
              101.6808784,
              3.2194401
            ],
            [
              101.680646,
              3.2195015
            ],
            [
              101.6801642,
              3.2201474
            ],
            [
              101.6801693,
              3.2203489
            ],
            [
              101.6804641,
              3.2199036
            ],
            [
              101.6800615,
              3.2202344
            ],
            [
              101.6797716,
              3.2209573
            ],
            [
              101.6798162,
              3.2216978
            ],
            [
              101.6799044,
              3.2219215
            ],
            [
              101.6799035,
              3.2220294
            ],
            [
              101.6799261,
              3.2226523
            ],
            [
              101.6799108,
              3.2237992
            ],
            [
              101.6798774,
              3.2246432
            ],
            [
              101.6798752,
              3.2248815
            ],
            [
              101.6799203,
              3.2252416
            ],
            [
              101.6798882,
              3.2254251
            ],
            [
              101.6797437,
              3.2257212
            ],
            [
              101.679514,
              3.2261819
            ],
            [
              101.6792386,
              3.2265855
            ],
            [
              101.6792562,
              3.2265522
            ],
            [
              101.6766633,
              3.2269769
            ],
            [
              101.6766269,
              3.2269837
            ],
            [
              101.6766039,
              3.2269836
            ],
            [
              101.676567,
              3.2269842
            ],
            [
              101.6765751,
              3.2269803
            ],
            [
              101.6764068,
              3.2269478
            ],
            [
              101.6761163,
              3.2269533
            ],
            [
              101.6759387,
              3.227
            ],
            [
              101.6758352,
              3.2270323
            ],
            [
              101.6755898,
              3.2271689
            ],
            [
              101.675367,
              3.2274215
            ],
            [
              101.6752685,
              3.2276319
            ],
            [
              101.6751874,
              3.2278904
            ],
            [
              101.6750424,
              3.2284448
            ],
            [
              101.6750534,
              3.228984
            ],
            [
              101.6750766,
              3.2295667
            ],
            [
              101.6751193,
              3.23094
            ],
            [
              101.6752293,
              3.2313811
            ],
            [
              101.6754407,
              3.2316578
            ],
            [
              101.6759183,
              3.2321512
            ],
            [
              101.6765259,
              3.2326095
            ],
            [
              101.6771635,
              3.233099
            ],
            [
              101.6772808,
              3.2332179
            ],
            [
              101.6776736,
              3.2335305
            ],
            [
              101.6778601,
              3.2336151
            ],
            [
              101.6779225,
              3.2336649
            ],
            [
              101.6777614,
              3.2334642
            ],
            [
              101.6777405,
              3.2334188
            ],
            [
              101.6777227,
              3.2333106
            ],
            [
              101.6777189,
              3.2332827
            ],
            [
              101.6777118,
              3.2333282
            ],
            [
              101.6777126,
              3.2333292
            ],
            [
              101.6776814,
              3.2334405
            ],
            [
              101.6775288,
              3.233832
            ],
            [
              101.6774678,
              3.234108
            ],
            [
              101.6775276,
              3.2345683
            ],
            [
              101.677677,
              3.2348103
            ],
            [
              101.6779276,
              3.2350388
            ],
            [
              101.6781376,
              3.2351314
            ],
            [
              101.6785557,
              3.2352856
            ],
            [
              101.6784883,
              3.2352298
            ],
            [
              101.6788545,
              3.2355386
            ],
            [
              101.6791701,
              3.2355478
            ],
            [
              101.6789246,
              3.2353615
            ],
            [
              101.6791392,
              3.2358437
            ],
            [
              101.6793188,
              3.2365142
            ],
            [
              101.6794386,
              3.2367467
            ],
            [
              101.6795123,
              3.2370684
            ],
            [
              101.679476,
              3.2374142
            ],
            [
              101.6794491,
              3.2381889
            ],
            [
              101.6793689,
              3.2386575
            ],
            [
              101.6793888,
              3.239444
            ],
            [
              101.6794856,
              3.2397158
            ],
            [
              101.6795169,
              3.2394912
            ],
            [
              101.6789682,
              3.2404529
            ],
            [
              101.6787477,
              3.2413501
            ],
            [
              101.6786351,
              3.2419632
            ],
            [
              101.6786413,
              3.2423902
            ],
            [
              101.6785521,
              3.2424818
            ],
            [
              101.6785124,
              3.2427849
            ],
            [
              101.6785616,
              3.2427369
            ],
            [
              101.6782534,
              3.2429397
            ],
            [
              101.677975,
              3.2437042
            ],
            [
              101.678188,
              3.2443354
            ],
            [
              101.6788028,
              3.2450615
            ],
            [
              101.6790749,
              3.2454177
            ],
            [
              101.6804191,
              3.2467794
            ],
            [
              101.6807488,
              3.247019
            ],
            [
              101.6811949,
              3.2473292
            ],
            [
              101.6812409,
              3.2473173
            ],
            [
              101.6812587,
              3.2474625
            ],
            [
              101.6814359,
              3.2477227
            ],
            [
              101.6819927,
              3.2484244
            ],
            [
              101.6824233,
              3.2486647
            ],
            [
              101.6822979,
              3.2485455
            ],
            [
              101.6822987,
              3.2486955
            ],
            [
              101.6823219,
              3.2488094
            ],
            [
              101.6823262,
              3.2486815
            ],
            [
              101.6823156,
              3.2486974
            ],
            [
              101.6823498,
              3.2486217
            ],
            [
              101.6822636,
              3.2487728
            ],
            [
              101.6821739,
              3.2489693
            ],
            [
              101.6821079,
              3.2491981
            ],
            [
              101.6820935,
              3.2494544
            ],
            [
              101.682109,
              3.2495829
            ],
            [
              101.6821309,
              3.2497147
            ],
            [
              101.6821737,
              3.2498586
            ],
            [
              101.6822151,
              3.2499832
            ],
            [
              101.6822719,
              3.2501281
            ],
            [
              101.6823378,
              3.2502656
            ],
            [
              101.6828109,
              3.2511459
            ],
            [
              101.6832629,
              3.2516484
            ],
            [
              101.6836397,
              3.2519291
            ],
            [
              101.6836421,
              3.2518781
            ],
            [
              101.6839742,
              3.2527415
            ],
            [
              101.6843047,
              3.2532515
            ],
            [
              101.6843904,
              3.2533851
            ],
            [
              101.6845291,
              3.2535491
            ],
            [
              101.6847539,
              3.2537318
            ],
            [
              101.6850089,
              3.2538426
            ],
            [
              101.6852026,
              3.2538966
            ],
            [
              101.6854021,
              3.2539434
            ],
            [
              101.6856259,
              3.2539519
            ],
            [
              101.6856354,
              3.2539446
            ],
            [
              101.6853325,
              3.2538384
            ],
            [
              101.6852034,
              3.2537417
            ],
            [
              101.6852832,
              3.2538268
            ],
            [
              101.685215,
              3.2537238
            ],
            [
              101.685308,
              3.2539063
            ],
            [
              101.6867428,
              3.2531561
            ]
          ]
        ]
      },
      "properties": {
        "id": "flood-corridor-206371703",
        "name": "Sungai Batu drainage corridor",
        "kind": "interpretive-drainage-corridor",
        "width_m": 180,
        "source_note": "Interpretive 90 m buffer either side of the OSM river centreline. This is NOT Jabatan Pengairan dan Saliran zon banjir, NOT MyGDI DATA BANJIR 2002/2003, and must not be read as an official floodplain.",
        "osm_id": 206371703
      }
    },
    {
      "type": "Feature",
      "geometry": {
        "type": "Polygon",
        "coordinates": [
          [
            [
              101.7332824,
              3.2965915
            ],
            [
              101.7330169,
              3.2964288
            ],
            [
              101.7330438,
              3.2964542
            ],
            [
              101.7330491,
              3.2964659
            ],
            [
              101.7330056,
              3.2963641
            ],
            [
              101.7329333,
              3.2962105
            ],
            [
              101.7328241,
              3.2960425
            ],
            [
              101.7325858,
              3.2957783
            ],
            [
              101.7321886,
              3.295595
            ],
            [
              101.7317194,
              3.2955856
            ],
            [
              101.7311901,
              3.2958991
            ],
            [
              101.7310877,
              3.2960884
            ],
            [
              101.7311438,
              3.2960122
            ],
            [
              101.7311553,
              3.2960091
            ],
            [
              101.7313743,
              3.295935
            ],
            [
              101.7315771,
              3.2959491
            ],
            [
              101.731802,
              3.2960698
            ],
            [
              101.7320079,
              3.296404
            ],
            [
              101.7320151,
              3.2965031
            ],
            [
              101.7320581,
              3.2962969
            ],
            [
              101.7321003,
              3.2956943
            ],
            [
              101.7321093,
              3.2954163
            ],
            [
              101.7320115,
              3.2949644
            ],
            [
              101.7317752,
              3.2946232
            ],
            [
              101.731636,
              3.2944769
            ],
            [
              101.7315488,
              3.2943796
            ],
            [
              101.7315764,
              3.2944263
            ],
            [
              101.7315686,
              3.2943921
            ],
            [
              101.7315064,
              3.2941839
            ],
            [
              101.7313903,
              3.2938564
            ],
            [
              101.7312874,
              3.2935926
            ],
            [
              101.7311865,
              3.2931917
            ],
            [
              101.7311312,
              3.2929899
            ],
            [
              101.7311019,
              3.29278
            ],
            [
              101.7310479,
              3.2924864
            ],
            [
              101.7310242,
              3.2921701
            ],
            [
              101.7310297,
              3.2919508
            ],
            [
              101.7310305,
              3.2917555
            ],
            [
              101.7310265,
              3.2917561
            ],
            [
              101.7309907,
              3.2918403
            ],
            [
              101.7306412,
              3.2921543
            ],
            [
              101.7299969,
              3.2921148
            ],
            [
              101.7301405,
              3.2922253
            ],
            [
              101.7306208,
              3.2923582
            ],
            [
              101.7309668,
              3.2923309
            ],
            [
              101.7313347,
              3.2922058
            ],
            [
              101.7316438,
              3.2919752
            ],
            [
              101.7318383,
              3.2917448
            ],
            [
              101.7320289,
              3.2914748
            ],
            [
              101.7321347,
              3.2910249
            ],
            [
              101.732085,
              3.2906448
            ],
            [
              101.7319567,
              3.2903697
            ],
            [
              101.7318598,
              3.2902081
            ],
            [
              101.7317995,
              3.2900686
            ],
            [
              101.7316798,
              3.2898144
            ],
            [
              101.7314962,
              3.2895189
            ],
            [
              101.7313021,
              3.2892878
            ],
            [
              101.7311775,
              3.2891297
            ],
            [
              101.7311019,
              3.289043
            ],
            [
              101.7310611,
              3.2889232
            ],
            [
              101.7310335,
              3.2888499
            ],
            [
              101.7310232,
              3.2887529
            ],
            [
              101.7310234,
              3.2886727
            ],
            [
              101.7310572,
              3.2884876
            ],
            [
              101.7310924,
              3.288189
            ],
            [
              101.7311001,
              3.2878618
            ],
            [
              101.7310952,
              3.2875956
            ],
            [
              101.7310662,
              3.2873775
            ],
            [
              101.730988,
              3.2869719
            ],
            [
              101.7308465,
              3.2865798
            ],
            [
              101.7306175,
              3.2860432
            ],
            [
              101.7305676,
              3.2859598
            ],
            [
              101.7305705,
              3.2859506
            ],
            [
              101.7305679,
              3.2859703
            ],
            [
              101.7305728,
              3.2860307
            ],
            [
              101.7305868,
              3.2859036
            ],
            [
              101.7306445,
              3.2855674
            ],
            [
              101.730698,
              3.2851421
            ],
            [
              101.7307794,
              3.2848156
            ],
            [
              101.7308229,
              3.2845843
            ],
            [
              101.7308993,
              3.2841123
            ],
            [
              101.7307607,
              3.2836266
            ],
            [
              101.7306638,
              3.2833531
            ],
            [
              101.7305793,
              3.2831504
            ],
            [
              101.7304891,
              3.2829643
            ],
            [
              101.7302731,
              3.2826903
            ],
            [
              101.7300026,
              3.2825061
            ],
            [
              101.7298021,
              3.2824205
            ],
            [
              101.7298245,
              3.2824414
            ],
            [
              101.7298721,
              3.2824873
            ],
            [
              101.7298697,
              3.2824706
            ],
            [
              101.7298453,
              3.2824342
            ],
            [
              101.7298603,
              3.2824774
            ],
            [
              101.7298569,
              3.2823689
            ],
            [
              101.7297989,
              3.2818233
            ],
            [
              101.7297542,
              3.2814632
            ],
            [
              101.729712,
              3.2811654
            ],
            [
              101.7296638,
              3.2808637
            ],
            [
              101.7296014,
              3.2805915
            ],
            [
              101.7295339,
              3.2803813
            ],
            [
              101.7294327,
              3.2801509
            ],
            [
              101.729306,
              3.2799326
            ],
            [
              101.72934,
              3.2800391
            ],
            [
              101.7293547,
              3.2801671
            ],
            [
              101.7293563,
              3.2801892
            ],
            [
              101.7293802,
              3.2800937
            ],
            [
              101.7294278,
              3.2799771
            ],
            [
              101.7292915,
              3.2801462
            ],
            [
              101.7293326,
              3.2801378
            ],
            [
              101.7297037,
              3.2798698
            ],
            [
              101.7299536,
              3.2795535
            ],
            [
              101.7300718,
              3.279294
            ],
            [
              101.7301328,
              3.2790255
            ],
            [
              101.7301522,
              3.2787504
            ],
            [
              101.7301519,
              3.2785099
            ],
            [
              101.7301363,
              3.278339
            ],
            [
              101.7301372,
              3.2779109
            ],
            [
              101.7298222,
              3.2773009
            ],
            [
              101.7296395,
              3.2771939
            ],
            [
              101.7297942,
              3.277373
            ],
            [
              101.7298715,
              3.277475
            ],
            [
              101.7297467,
              3.2771305
            ],
            [
              101.7296098,
              3.2769312
            ],
            [
              101.7295382,
              3.276822
            ],
            [
              101.7295297,
              3.2767117
            ],
            [
              101.7294923,
              3.2765793
            ],
            [
              101.7294927,
              3.2765337
            ],
            [
              101.7294928,
              3.2763499
            ],
            [
              101.7295007,
              3.2761916
            ],
            [
              101.7294486,
              3.2758823
            ],
            [
              101.7293423,
              3.2756525
            ],
            [
              101.7292757,
              3.2755516
            ],
            [
              101.729282,
              3.2755524
            ],
            [
              101.7292654,
              3.2754651
            ],
            [
              101.7292582,
              3.2754353
            ],
            [
              101.7292542,
              3.2753878
            ],
            [
              101.7292388,
              3.2754596
            ],
            [
              101.7292818,
              3.2753846
            ],
            [
              101.7294066,
              3.2751385
            ],
            [
              101.7295027,
              3.2746339
            ],
            [
              101.7294365,
              3.2744148
            ],
            [
              101.7294441,
              3.2742909
            ],
            [
              101.7294656,
              3.2739759
            ],
            [
              101.7294603,
              3.2734017
            ],
            [
              101.7292757,
              3.2728634
            ],
            [
              101.7291213,
              3.2725201
            ],
            [
              101.7291267,
              3.2725152
            ],
            [
              101.729047,
              3.2718037
            ],
            [
              101.7289209,
              3.2713757
            ],
            [
              101.7288898,
              3.2712085
            ],
            [
              101.7288452,
              3.2708865
            ],
            [
              101.7287617,
              3.2705749
            ],
            [
              101.7287153,
              3.2703536
            ],
            [
              101.728666,
              3.2701429
            ],
            [
              101.7284965,
              3.2696952
            ],
            [
              101.7283641,
              3.2695164
            ],
            [
              101.7283517,
              3.2694354
            ],
            [
              101.7283413,
              3.2693459
            ],
            [
              101.7283138,
              3.2691676
            ],
            [
              101.7282848,
              3.2689849
            ],
            [
              101.7282292,
              3.2686632
            ],
            [
              101.7280846,
              3.2683125
            ],
            [
              101.7279298,
              3.2680414
            ],
            [
              101.7278061,
              3.2678639
            ],
            [
              101.7277733,
              3.2678185
            ],
            [
              101.7277405,
              3.2677563
            ],
            [
              101.7277262,
              3.2676992
            ],
            [
              101.7277151,
              3.267703
            ],
            [
              101.7276995,
              3.2674702
            ],
            [
              101.7276324,
              3.2671566
            ],
            [
              101.7275913,
              3.2670006
            ],
            [
              101.7275556,
              3.266846
            ],
            [
              101.7274576,
              3.2665705
            ],
            [
              101.7272834,
              3.2662623
            ],
            [
              101.7270967,
              3.2660172
            ],
            [
              101.726975,
              3.2658619
            ],
            [
              101.7267752,
              3.2656053
            ],
            [
              101.726606,
              3.2653882
            ],
            [
              101.7265549,
              3.2652986
            ],
            [
              101.7265116,
              3.2651989
            ],
            [
              101.7264446,
              3.2650363
            ],
            [
              101.726394,
              3.2649296
            ],
            [
              101.7264127,
              3.2650045
            ],
            [
              101.7264111,
              3.2649859
            ],
            [
              101.7264614,
              3.2646553
            ],
            [
              101.726568,
              3.2641646
            ],
            [
              101.7266068,
              3.2639554
            ],
            [
              101.7266792,
              3.2637725
            ],
            [
              101.7268029,
              3.2634995
            ],
            [
              101.7269682,
              3.2632716
            ],
            [
              101.7272263,
              3.2629493
            ],
            [
              101.7273888,
              3.2622056
            ],
            [
              101.7272056,
              3.2615736
            ],
            [
              101.7271406,
              3.2611808
            ],
            [
              101.7271751,
              3.2610224
            ],
            [
              101.7274547,
              3.2603768
            ],
            [
              101.7275917,
              3.2597781
            ],
            [
              101.7275013,
              3.2592384
            ],
            [
              101.7272009,
              3.2587847
            ],
            [
              101.7268012,
              3.2585348
            ],
            [
              101.7264102,
              3.2583539
            ],
            [
              101.7263377,
              3.2583211
            ],
            [
              101.726387,
              3.25836
            ],
            [
              101.7263674,
              3.258334
            ],
            [
              101.7264011,
              3.2583887
            ],
            [
              101.7264112,
              3.2584099
            ],
            [
              101.7263887,
              3.2583453
            ],
            [
              101.726381,
              3.2582214
            ],
            [
              101.7263816,
              3.2581637
            ],
            [
              101.7264063,
              3.2579828
            ],
            [
              101.7265051,
              3.2575995
            ],
            [
              101.7265265,
              3.2572141
            ],
            [
              101.7264597,
              3.2568607
            ],
            [
              101.7263576,
              3.2566088
            ],
            [
              101.7262717,
              3.2564405
            ],
            [
              101.7262256,
              3.2563539
            ],
            [
              101.72617,
              3.2562203
            ],
            [
              101.726075,
              3.2559453
            ],
            [
              101.7260068,
              3.2557072
            ],
            [
              101.7259315,
              3.2554681
            ],
            [
              101.7258586,
              3.2552699
            ],
            [
              101.7257584,
              3.2550642
            ],
            [
              101.7255106,
              3.2547959
            ],
            [
              101.7251236,
              3.2546199
            ],
            [
              101.7248393,
              3.2546006
            ],
            [
              101.7246936,
              3.2546059
            ],
            [
              101.7246152,
              3.2546045
            ],
            [
              101.7246283,
              3.2546048
            ],
            [
              101.7243822,
              3.2545481
            ],
            [
              101.7241791,
              3.2545039
            ],
            [
              101.7239748,
              3.2544415
            ],
            [
              101.7236229,
              3.2543311
            ],
            [
              101.7233837,
              3.2542828
            ],
            [
              101.7233638,
              3.254282
            ],
            [
              101.7235684,
              3.2544058
            ],
            [
              101.7235961,
              3.2544408
            ],
            [
              101.7236342,
              3.2545001
            ],
            [
              101.723594,
              3.254406
            ],
            [
              101.7236026,
              3.2544473
            ],
            [
              101.7236079,
              3.2544046
            ],
            [
              101.7235981,
              3.2542294
            ],
            [
              101.7235465,
              3.2539581
            ],
            [
              101.7234535,
              3.253738
            ],
            [
              101.7233956,
              3.2536131
            ],
            [
              101.7232907,
              3.2533149
            ],
            [
              101.7232368,
              3.2531572
            ],
            [
              101.7231727,
              3.252845
            ],
            [
              101.723116,
              3.2526558
            ],
            [
              101.7230443,
              3.2524051
            ],
            [
              101.7228834,
              3.2521462
            ],
            [
              101.7228963,
              3.2521875
            ],
            [
              101.7229123,
              3.2522125
            ],
            [
              101.7228738,
              3.2520495
            ],
            [
              101.7227532,
              3.2516607
            ],
            [
              101.7227047,
              3.2514872
            ],
            [
              101.7226193,
              3.2512593
            ],
            [
              101.7224718,
              3.2509901
            ],
            [
              101.7223325,
              3.2508471
            ],
            [
              101.7223449,
              3.2508651
            ],
            [
              101.7223999,
              3.2509902
            ],
            [
              101.7224187,
              3.251062
            ],
            [
              101.7224193,
              3.2509622
            ],
            [
              101.7224361,
              3.2506749
            ],
            [
              101.7224542,
              3.2505291
            ],
            [
              101.7224387,
              3.250291
            ],
            [
              101.7223883,
              3.2500374
            ],
            [
              101.7223182,
              3.2498613
            ],
            [
              101.7222737,
              3.2497172
            ],
            [
              101.7222151,
              3.2494462
            ],
            [
              101.7221108,
              3.249123
            ],
            [
              101.7220461,
              3.2488954
            ],
            [
              101.7220023,
              3.24872
            ],
            [
              101.7220013,
              3.2487743
            ],
            [
              101.721976,
              3.2489112
            ],
            [
              101.7219107,
              3.2490436
            ],
            [
              101.7218714,
              3.2490905
            ],
            [
              101.7221059,
              3.2489076
            ],
            [
              101.7223239,
              3.248632
            ],
            [
              101.7224147,
              3.2484464
            ],
            [
              101.7225217,
              3.2482032
            ],
            [
              101.7225949,
              3.2478855
            ],
            [
              101.7226094,
              3.2476077
            ],
            [
              101.7225619,
              3.2473203
            ],
            [
              101.7224583,
              3.2470473
            ],
            [
              101.7223045,
              3.2467758
            ],
            [
              101.7222127,
              3.2466716
            ],
            [
              101.7221961,
              3.2466252
            ],
            [
              101.7221556,
              3.2465519
            ],
            [
              101.7221754,
              3.2466357
            ],
            [
              101.7221354,
              3.2468421
            ],
            [
              101.7220893,
              3.2469414
            ],
            [
              101.7221554,
              3.2468758
            ],
            [
              101.7222847,
              3.2467688
            ],
            [
              101.7224955,
              3.246478
            ],
            [
              101.7226048,
              3.2460487
            ],
            [
              101.7225773,
              3.2457564
            ],
            [
              101.7225432,
              3.2455831
            ],
            [
              101.7224701,
              3.245359
            ],
            [
              101.7223692,
              3.2451681
            ],
            [
              101.7222574,
              3.2449793
            ],
            [
              101.7221368,
              3.2448251
            ],
            [
              101.721956,
              3.2446314
            ],
            [
              101.7216716,
              3.2444434
            ],
            [
              101.7212916,
              3.2442956
            ],
            [
              101.7207835,
              3.2443243
            ],
            [
              101.7203599,
              3.2445597
            ],
            [
              101.7201529,
              3.2448048
            ],
            [
              101.7200217,
              3.2449693
            ],
            [
              101.7201052,
              3.2449191
            ],
            [
              101.720138,
              3.244893
            ],
            [
              101.7200953,
              3.2448944
            ],
            [
              101.7199331,
              3.2449101
            ],
            [
              101.7198701,
              3.2449082
            ],
            [
              101.7197371,
              3.2448941
            ],
            [
              101.7195463,
              3.244866
            ],
            [
              101.7192405,
              3.2448451
            ],
            [
              101.7188267,
              3.2448733
            ],
            [
              101.71857,
              3.2449109
            ],
            [
              101.7184423,
              3.2449274
            ],
            [
              101.7186033,
              3.2449514
            ],
            [
              101.7186899,
              3.244982
            ],
            [
              101.7186181,
              3.2449456
            ],
            [
              101.7185404,
              3.2448422
            ],
            [
              101.7183133,
              3.244647
            ],
            [
              101.7180594,
              3.2445093
            ],
            [
              101.7179073,
              3.2444563
            ],
            [
              101.7176983,
              3.2443753
            ],
            [
              101.7173481,
              3.2443362
            ],
            [
              101.7170362,
              3.2443685
            ],
            [
              101.7168557,
              3.2444229
            ],
            [
              101.7162727,
              3.2445915
            ],
            [
              101.7159352,
              3.2447695
            ],
            [
              101.7157432,
              3.2449212
            ],
            [
              101.7158127,
              3.2448763
            ],
            [
              101.715847,
              3.244881
            ],
            [
              101.7158304,
              3.2448641
            ],
            [
              101.7155708,
              3.2448744
            ],
            [
              101.7153199,
              3.2448635
            ],
            [
              101.7152384,
              3.2448502
            ],
            [
              101.7151644,
              3.2448355
            ],
            [
              101.7150897,
              3.2448103
            ],
            [
              101.7151364,
              3.244836
            ],
            [
              101.7151159,
              3.2448091
            ],
            [
              101.7150127,
              3.2447144
            ],
            [
              101.7148667,
              3.2445586
            ],
            [
              101.7145579,
              3.2442922
            ],
            [
              101.714424,
              3.2441929
            ],
            [
              101.7143724,
              3.2441611
            ],
            [
              101.7144115,
              3.2441979
            ],
            [
              101.7143857,
              3.2441597
            ],
            [
              101.7143558,
              3.244116
            ],
            [
              101.7142648,
              3.243879
            ],
            [
              101.7142045,
              3.2437164
            ],
            [
              101.7141457,
              3.2434821
            ],
            [
              101.7141369,
              3.2434477
            ],
            [
              101.7140089,
              3.2429575
            ],
            [
              101.7138625,
              3.2424122
            ],
            [
              101.7137573,
              3.2420715
            ],
            [
              101.713695,
              3.2418703
            ],
            [
              101.7135745,
              3.241658
            ],
            [
              101.7134119,
              3.2414129
            ],
            [
              101.7132081,
              3.2411783
            ],
            [
              101.7130943,
              3.2410653
            ],
            [
              101.7130576,
              3.2410082
            ],
            [
              101.7129501,
              3.2408741
            ],
            [
              101.7128893,
              3.2407775
            ],
            [
              101.7128506,
              3.2406677
            ],
            [
              101.7128159,
              3.2405958
            ],
            [
              101.712685,
              3.2400116
            ],
            [
              101.7126512,
              3.2397718
            ],
            [
              101.7126105,
              3.2394576
            ],
            [
              101.7125995,
              3.2393686
            ],
            [
              101.7126002,
              3.239331
            ],
            [
              101.7126126,
              3.2392183
            ],
            [
              101.7126639,
              3.239045
            ],
            [
              101.7127313,
              3.238824
            ],
            [
              101.7128124,
              3.2385883
            ],
            [
              101.712905,
              3.238267
            ],
            [
              101.7129771,
              3.2379106
            ],
            [
              101.7130527,
              3.237503
            ],
            [
              101.7130559,
              3.2372189
            ],
            [
              101.7130397,
              3.23699
            ],
            [
              101.7129683,
              3.2367387
            ],
            [
              101.7129007,
              3.2365764
            ],
            [
              101.7128448,
              3.2364413
            ],
            [
              101.7128056,
              3.2363276
            ],
            [
              101.7128099,
              3.2363408
            ],
            [
              101.7128035,
              3.2364167
            ],
            [
              101.7128177,
              3.2363721
            ],
            [
              101.7128505,
              3.2362805
            ],
            [
              101.7129077,
              3.2361512
            ],
            [
              101.7129887,
              3.2359107
            ],
            [
              101.7130288,
              3.2356141
            ],
            [
              101.7130218,
              3.2353283
            ],
            [
              101.7129845,
              3.2350333
            ],
            [
              101.7129239,
              3.2348063
            ],
            [
              101.7128624,
              3.2344483
            ],
            [
              101.7127533,
              3.2339845
            ],
            [
              101.7127095,
              3.233756
            ],
            [
              101.7125797,
              3.2334244
            ],
            [
              101.7123831,
              3.2331329
            ],
            [
              101.7121637,
              3.2329198
            ],
            [
              101.7119508,
              3.2327574
            ],
            [
              101.711872,
              3.2326878
            ],
            [
              101.7116417,
              3.2323849
            ],
            [
              101.71162,
              3.2323388
            ],
            [
              101.7115514,
              3.2322047
            ],
            [
              101.7112934,
              3.2316333
            ],
            [
              101.7111737,
              3.2313907
            ],
            [
              101.7110317,
              3.2311103
            ],
            [
              101.7108773,
              3.230834
            ],
            [
              101.7106698,
              3.230559
            ],
            [
              101.7104593,
              3.2303475
            ],
            [
              101.7102589,
              3.2301868
            ],
            [
              101.7100437,
              3.2300236
            ],
            [
              101.7098287,
              3.2298575
            ],
            [
              101.7096386,
              3.2297047
            ],
            [
              101.7095503,
              3.2296102
            ],
            [
              101.7094679,
              3.2295204
            ],
            [
              101.709411,
              3.2294399
            ],
            [
              101.7093346,
              3.2293166
            ],
            [
              101.7092519,
              3.2291547
            ],
            [
              101.709192,
              3.229026
            ],
            [
              101.709146,
              3.2288961
            ],
            [
              101.7091244,
              3.2287549
            ],
            [
              101.7090757,
              3.2284997
            ],
            [
              101.7090689,
              3.2284472
            ],
            [
              101.7090677,
              3.2283523
            ],
            [
              101.7090781,
              3.2280726
            ],
            [
              101.7090858,
              3.2278016
            ],
            [
              101.7091049,
              3.2274698
            ],
            [
              101.7091451,
              3.2271414
            ],
            [
              101.7091829,
              3.2268485
            ],
            [
              101.7092244,
              3.2266645
            ],
            [
              101.7092448,
              3.2265716
            ],
            [
              101.7092141,
              3.2266398
            ],
            [
              101.7091254,
              3.2267596
            ],
            [
              101.7096382,
              3.2262642
            ],
            [
              101.7098059,
              3.226088
            ],
            [
              101.7100512,
              3.2258332
            ],
            [
              101.7102837,
              3.2255469
            ],
            [
              101.7104342,
              3.2252842
            ],
            [
              101.7105037,
              3.2250822
            ],
            [
              101.7105551,
              3.2248976
            ],
            [
              101.7105804,
              3.224691
            ],
            [
              101.7106008,
              3.2244336
            ],
            [
              101.7106089,
              3.2241051
            ],
            [
              101.710553,
              3.2237524
            ],
            [
              101.7104434,
              3.2234549
            ],
            [
              101.7103018,
              3.2231949
            ],
            [
              101.7101574,
              3.2229605
            ],
            [
              101.7099508,
              3.2226709
            ],
            [
              101.7097436,
              3.2224729
            ],
            [
              101.7096333,
              3.222373
            ],
            [
              101.7094281,
              3.2222238
            ],
            [
              101.7087396,
              3.2218358
            ],
            [
              101.7086803,
              3.2218078
            ],
            [
              101.7086946,
              3.2218281
            ],
            [
              101.7086327,
              3.2217417
            ],
            [
              101.708544,
              3.2216276
            ],
            [
              101.7083416,
              3.2213379
            ],
            [
              101.7081304,
              3.2210323
            ],
            [
              101.708041,
              3.2208764
            ],
            [
              101.7080109,
              3.2208262
            ],
            [
              101.708002,
              3.2208079
            ],
            [
              101.7079854,
              3.2206873
            ],
            [
              101.7079794,
              3.2205942
            ],
            [
              101.7080214,
              3.220232
            ],
            [
              101.70805,
              3.2200058
            ],
            [
              101.7080195,
              3.2196493
            ],
            [
              101.7079059,
              3.2193388
            ],
            [
              101.7076903,
              3.2189114
            ],
            [
              101.7073673,
              3.2183454
            ],
            [
              101.7070438,
              3.2177215
            ],
            [
              101.7068171,
              3.2174002
            ],
            [
              101.7066488,
              3.2171973
            ],
            [
              101.7064628,
              3.2170317
            ],
            [
              101.7063289,
              3.2169166
            ],
            [
              101.7060841,
              3.216778
            ],
            [
              101.7057975,
              3.2166783
            ],
            [
              101.7054803,
              3.216622
            ],
            [
              101.705158,
              3.2166034
            ],
            [
              101.7049306,
              3.2166004
            ],
            [
              101.7045604,
              3.2166195
            ],
            [
              101.7045509,
              3.2166222
            ],
            [
              101.704337,
              3.2165661
            ],
            [
              101.7041939,
              3.2165106
            ],
            [
              101.7039741,
              3.2163932
            ],
            [
              101.7038288,
              3.2162963
            ],
            [
              101.7036716,
              3.2161753
            ],
            [
              101.7036203,
              3.2161322
            ],
            [
              101.7035296,
              3.216023
            ],
            [
              101.7034481,
              3.2159106
            ],
            [
              101.7033694,
              3.2157751
            ],
            [
              101.7033032,
              3.2156365
            ],
            [
              101.7032662,
              3.2155235
            ],
            [
              101.7032542,
              3.2154921
            ],
            [
              101.7032569,
              3.2155
            ],
            [
              101.7032672,
              3.2154737
            ],
            [
              101.703412,
              3.2151505
            ],
            [
              101.7035176,
              3.2149768
            ],
            [
              101.7036136,
              3.2147631
            ],
            [
              101.7036628,
              3.2146634
            ],
            [
              101.703735,
              3.2144951
            ],
            [
              101.7038055,
              3.2142482
            ],
            [
              101.703821,
              3.2139772
            ],
            [
              101.7038071,
              3.2138275
            ],
            [
              101.7037768,
              3.2130533
            ],
            [
              101.7037663,
              3.2127366
            ],
            [
              101.7037362,
              3.2124317
            ],
            [
              101.7036644,
              3.2121346
            ],
            [
              101.7035254,
              3.2117827
            ],
            [
              101.7033071,
              3.2114675
            ],
            [
              101.7030147,
              3.2111983
            ],
            [
              101.7026877,
              3.2110259
            ],
            [
              101.7022798,
              3.2108554
            ],
            [
              101.7020774,
              3.2107674
            ],
            [
              101.7019984,
              3.2107157
            ],
            [
              101.7020201,
              3.2107399
            ],
            [
              101.7019946,
              3.2106942
            ],
            [
              101.7018902,
              3.210561
            ],
            [
              101.7018872,
              3.2105473
            ],
            [
              101.7018927,
              3.2105809
            ],
            [
              101.701889,
              3.2103744
            ],
            [
              101.7019253,
              3.2097178
            ],
            [
              101.7019136,
              3.2093971
            ],
            [
              101.7019196,
              3.2093662
            ],
            [
              101.7019129,
              3.2094037
            ],
            [
              101.7020787,
              3.2089688
            ],
            [
              101.702195,
              3.2085536
            ],
            [
              101.7022213,
              3.2082088
            ],
            [
              101.7021653,
              3.2078718
            ],
            [
              101.7019855,
              3.2075323
            ],
            [
              101.7017799,
              3.2073035
            ],
            [
              101.7014876,
              3.2070679
            ],
            [
              101.7012434,
              3.2068812
            ],
            [
              101.7011215,
              3.2067438
            ],
            [
              101.7010126,
              3.2066407
            ],
            [
              101.7009934,
              3.2066045
            ],
            [
              101.7009667,
              3.2065638
            ],
            [
              101.7009457,
              3.2065151
            ],
            [
              101.7008302,
              3.2062086
            ],
            [
              101.7007005,
              3.205821
            ],
            [
              101.7003134,
              3.2049011
            ],
            [
              101.7002937,
              3.2048218
            ],
            [
              101.700158,
              3.2045294
            ],
            [
              101.699828,
              3.2042183
            ],
            [
              101.6995129,
              3.2040686
            ],
            [
              101.6994089,
              3.2040262
            ],
            [
              101.6993861,
              3.20401
            ],
            [
              101.6995062,
              3.204164
            ],
            [
              101.6995345,
              3.204227
            ],
            [
              101.6995111,
              3.2041276
            ],
            [
              101.6995022,
              3.203976
            ],
            [
              101.6994508,
              3.2034033
            ],
            [
              101.6994091,
              3.2030447
            ],
            [
              101.6993781,
              3.2027537
            ],
            [
              101.6992672,
              3.202213
            ],
            [
              101.6992399,
              3.2021035
            ],
            [
              101.6992339,
              3.2019993
            ],
            [
              101.6992321,
              3.2018874
            ],
            [
              101.6992339,
              3.2017699
            ],
            [
              101.6993181,
              3.2011019
            ],
            [
              101.699365,
              3.2007956
            ],
            [
              101.6994118,
              3.2005211
            ],
            [
              101.699479,
              3.2002697
            ],
            [
              101.6996008,
              3.1999194
            ],
            [
              101.6996329,
              3.1998227
            ],
            [
              101.6995739,
              3.1999105
            ],
            [
              101.6996201,
              3.199879
            ],
            [
              101.6996948,
              3.1998116
            ],
            [
              101.699985,
              3.1996121
            ],
            [
              101.7002208,
              3.1994337
            ],
            [
              101.7004771,
              3.1991756
            ],
            [
              101.700822,
              3.1987735
            ],
            [
              101.7011839,
              3.1982756
            ],
            [
              101.7013041,
              3.1980742
            ],
            [
              101.7015311,
              3.1977342
            ],
            [
              101.7016543,
              3.1974674
            ],
            [
              101.7017103,
              3.1972249
            ],
            [
              101.7017507,
              3.196935
            ],
            [
              101.7017483,
              3.1966781
            ],
            [
              101.7017198,
              3.1964607
            ],
            [
              101.701639,
              3.1960658
            ],
            [
              101.7015126,
              3.1956157
            ],
            [
              101.701381,
              3.1952056
            ],
            [
              101.7013266,
              3.1950068
            ],
            [
              101.701306,
              3.1948793
            ],
            [
              101.7012977,
              3.1947753
            ],
            [
              101.7013007,
              3.1947517
            ],
            [
              101.7014443,
              3.194245
            ],
            [
              101.7016659,
              3.1936779
            ],
            [
              101.7017623,
              3.1933817
            ],
            [
              101.7018226,
              3.193168
            ],
            [
              101.7018735,
              3.1929427
            ],
            [
              101.701909,
              3.1926727
            ],
            [
              101.7018822,
              3.1923803
            ],
            [
              101.7017531,
              3.1916526
            ],
            [
              101.7016793,
              3.1913315
            ],
            [
              101.701675,
              3.1912506
            ],
            [
              101.7016481,
              3.1905138
            ],
            [
              101.7015994,
              3.1895052
            ],
            [
              101.7015826,
              3.1892543
            ],
            [
              101.6999668,
              3.1893631
            ],
            [
              101.6999822,
              3.189589
            ],
            [
              101.7000301,
              3.1905836
            ],
            [
              101.7000572,
              3.1913254
            ],
            [
              101.7000847,
              3.1916137
            ],
            [
              101.7001631,
              3.1919596
            ],
            [
              101.7002842,
              3.1926431
            ],
            [
              101.7002896,
              3.1926507
            ],
            [
              101.7002855,
              3.1926255
            ],
            [
              101.7002526,
              3.1927712
            ],
            [
              101.7002137,
              3.1929083
            ],
            [
              101.7001465,
              3.1931183
            ],
            [
              101.6999097,
              3.1937284
            ],
            [
              101.6997285,
              3.1943637
            ],
            [
              101.6996791,
              3.1947221
            ],
            [
              101.6996962,
              3.1950557
            ],
            [
              101.6997454,
              3.1953566
            ],
            [
              101.6998304,
              3.195672
            ],
            [
              101.6999618,
              3.1960813
            ],
            [
              101.700066,
              3.1964508
            ],
            [
              101.7001268,
              3.1967523
            ],
            [
              101.7001337,
              3.1968025
            ],
            [
              101.7001365,
              3.1968036
            ],
            [
              101.7001155,
              3.1969439
            ],
            [
              101.7001043,
              3.1969988
            ],
            [
              101.7001631,
              3.1968686
            ],
            [
              101.6999395,
              3.1972034
            ],
            [
              101.6998487,
              3.1973606
            ],
            [
              101.6995472,
              3.1977761
            ],
            [
              101.6992753,
              3.1980918
            ],
            [
              101.6991454,
              3.1982247
            ],
            [
              101.6990486,
              3.1982927
            ],
            [
              101.6987326,
              3.198511
            ],
            [
              101.6985713,
              3.198647
            ],
            [
              101.6983977,
              3.1987989
            ],
            [
              101.6981861,
              3.1990961
            ],
            [
              101.6980754,
              3.1993764
            ],
            [
              101.6979322,
              3.1997911
            ],
            [
              101.69783,
              3.2001741
            ],
            [
              101.6977666,
              3.200536
            ],
            [
              101.6977131,
              3.2008865
            ],
            [
              101.6976233,
              3.2016009
            ],
            [
              101.6976127,
              3.2018714
            ],
            [
              101.6976163,
              3.2020757
            ],
            [
              101.6976371,
              3.2023357
            ],
            [
              101.6976824,
              3.2025462
            ],
            [
              101.6977819,
              3.2030271
            ],
            [
              101.6977993,
              3.2032209
            ],
            [
              101.6978394,
              3.2035639
            ],
            [
              101.6978884,
              3.2041124
            ],
            [
              101.6979077,
              3.2043554
            ],
            [
              101.6979651,
              3.2046262
            ],
            [
              101.6980574,
              3.2048866
            ],
            [
              101.6982939,
              3.2052038
            ],
            [
              101.6985893,
              3.2054208
            ],
            [
              101.6988393,
              3.205539
            ],
            [
              101.698998,
              3.2056067
            ],
            [
              101.6988326,
              3.2054586
            ],
            [
              101.6987513,
              3.2053146
            ],
            [
              101.6988118,
              3.2055069
            ],
            [
              101.6991943,
              3.2064152
            ],
            [
              101.699303,
              3.2067466
            ],
            [
              101.6994397,
              3.2071097
            ],
            [
              101.6995313,
              3.2073126
            ],
            [
              101.6996362,
              3.2074869
            ],
            [
              101.6997858,
              3.2076963
            ],
            [
              101.6999559,
              3.2078664
            ],
            [
              101.7001668,
              3.208089
            ],
            [
              101.7004856,
              3.2083383
            ],
            [
              101.7006925,
              3.2085019
            ],
            [
              101.7007065,
              3.2085241
            ],
            [
              101.7006103,
              3.2083234
            ],
            [
              101.7006049,
              3.2083082
            ],
            [
              101.700615,
              3.208199
            ],
            [
              101.7005437,
              3.2084534
            ],
            [
              101.7003943,
              3.2088419
            ],
            [
              101.7003286,
              3.2090642
            ],
            [
              101.7002944,
              3.2093693
            ],
            [
              101.7003063,
              3.209677
            ],
            [
              101.7002702,
              3.2103244
            ],
            [
              101.7002797,
              3.2107251
            ],
            [
              101.7003542,
              3.2110685
            ],
            [
              101.7005052,
              3.211399
            ],
            [
              101.7006922,
              3.2116554
            ],
            [
              101.7008383,
              3.2118455
            ],
            [
              101.7010706,
              3.2120411
            ],
            [
              101.7013336,
              3.2122036
            ],
            [
              101.7016426,
              3.212342
            ],
            [
              101.7020267,
              3.2125021
            ],
            [
              101.7020945,
              3.2125289
            ],
            [
              101.7020833,
              3.2125265
            ],
            [
              101.702085,
              3.2125219
            ],
            [
              101.702123,
              3.2126306
            ],
            [
              101.702137,
              3.2126869
            ],
            [
              101.7021497,
              3.212832
            ],
            [
              101.7021584,
              3.2131133
            ],
            [
              101.7021895,
              3.2139049
            ],
            [
              101.7022024,
              3.2140284
            ],
            [
              101.7022071,
              3.2139876
            ],
            [
              101.7022214,
              3.2139201
            ],
            [
              101.7021916,
              3.2139876
            ],
            [
              101.7021416,
              3.2140887
            ],
            [
              101.702082,
              3.2142286
            ],
            [
              101.7019624,
              3.2144297
            ],
            [
              101.7017656,
              3.2148679
            ],
            [
              101.7016667,
              3.2151942
            ],
            [
              101.7016372,
              3.2155825
            ],
            [
              101.7017004,
              3.2159367
            ],
            [
              101.7018002,
              3.2162387
            ],
            [
              101.7019352,
              3.2165259
            ],
            [
              101.7020871,
              3.2167868
            ],
            [
              101.7022524,
              3.2170172
            ],
            [
              101.7024475,
              3.2172472
            ],
            [
              101.7026468,
              3.2174273
            ],
            [
              101.7028866,
              3.2176115
            ],
            [
              101.7031543,
              3.2177878
            ],
            [
              101.7035085,
              3.2179756
            ],
            [
              101.7038482,
              3.2181077
            ],
            [
              101.7042485,
              3.2182108
            ],
            [
              101.7045838,
              3.2182363
            ],
            [
              101.7049794,
              3.2182166
            ],
            [
              101.7050938,
              3.218219
            ],
            [
              101.7053081,
              3.2182298
            ],
            [
              101.7053945,
              3.2182445
            ],
            [
              101.7054459,
              3.218264
            ],
            [
              101.7053821,
              3.2182284
            ],
            [
              101.7053874,
              3.2182407
            ],
            [
              101.7054914,
              3.2183283
            ],
            [
              101.7055217,
              3.2183706
            ],
            [
              101.7056392,
              3.2185265
            ],
            [
              101.7059437,
              3.2191162
            ],
            [
              101.7062671,
              3.219683
            ],
            [
              101.7064377,
              3.2200214
            ],
            [
              101.7064475,
              3.2200377
            ],
            [
              101.706433,
              3.2199168
            ],
            [
              101.7064134,
              3.2200388
            ],
            [
              101.7063628,
              3.220496
            ],
            [
              101.706373,
              3.2208381
            ],
            [
              101.7064234,
              3.2211687
            ],
            [
              101.7065231,
              3.221465
            ],
            [
              101.7066294,
              3.221669
            ],
            [
              101.706771,
              3.2219111
            ],
            [
              101.7070106,
              3.2222589
            ],
            [
              101.7072304,
              3.2225734
            ],
            [
              101.7073577,
              3.2227387
            ],
            [
              101.7075494,
              3.2229715
            ],
            [
              101.7078091,
              3.2231708
            ],
            [
              101.7079492,
              3.2232472
            ],
            [
              101.7086063,
              3.2236172
            ],
            [
              101.7085995,
              3.2236178
            ],
            [
              101.7086498,
              3.2236653
            ],
            [
              101.7087138,
              3.2237147
            ],
            [
              101.708805,
              3.2238499
            ],
            [
              101.7089014,
              3.2240071
            ],
            [
              101.7089802,
              3.2241481
            ],
            [
              101.7089834,
              3.2241506
            ],
            [
              101.7089919,
              3.2241941
            ],
            [
              101.7089838,
              3.2243424
            ],
            [
              101.7089674,
              3.2245456
            ],
            [
              101.7089651,
              3.2245906
            ],
            [
              101.7089577,
              3.2246004
            ],
            [
              101.708952,
              3.2246326
            ],
            [
              101.7089759,
              3.2245933
            ],
            [
              101.7088414,
              3.2247584
            ],
            [
              101.7086361,
              3.2249696
            ],
            [
              101.7085,
              3.225114
            ],
            [
              101.7079808,
              3.2256156
            ],
            [
              101.7077903,
              3.2258692
            ],
            [
              101.7076898,
              3.2261196
            ],
            [
              101.7076442,
              3.2263103
            ],
            [
              101.7075855,
              3.2265817
            ],
            [
              101.7075381,
              3.22694
            ],
            [
              101.7074917,
              3.2273262
            ],
            [
              101.707468,
              3.2277282
            ],
            [
              101.7074595,
              3.2280196
            ],
            [
              101.7074485,
              3.2283237
            ],
            [
              101.7074527,
              3.22855
            ],
            [
              101.7074781,
              3.2287653
            ],
            [
              101.7075312,
              3.2290457
            ],
            [
              101.7075794,
              3.2293063
            ],
            [
              101.7076856,
              3.2296196
            ],
            [
              101.7077953,
              3.2298617
            ],
            [
              101.7079218,
              3.230107
            ],
            [
              101.70806,
              3.2303317
            ],
            [
              101.7082069,
              3.230535
            ],
            [
              101.7083659,
              3.230713
            ],
            [
              101.7085566,
              3.2309079
            ],
            [
              101.7088225,
              3.2311245
            ],
            [
              101.7090581,
              3.2313066
            ],
            [
              101.7092667,
              3.2314648
            ],
            [
              101.7093829,
              3.2315557
            ],
            [
              101.7094406,
              3.231612
            ],
            [
              101.7095173,
              3.231712
            ],
            [
              101.7095979,
              3.2318623
            ],
            [
              101.7097253,
              3.2321139
            ],
            [
              101.7098236,
              3.2323123
            ],
            [
              101.7100824,
              3.2328853
            ],
            [
              101.7101908,
              3.2330994
            ],
            [
              101.7103207,
              3.2333205
            ],
            [
              101.7106408,
              3.2337384
            ],
            [
              101.7109062,
              3.233993
            ],
            [
              101.7111277,
              3.2341626
            ],
            [
              101.7111443,
              3.2341745
            ],
            [
              101.7111409,
              3.2341668
            ],
            [
              101.7111505,
              3.234194
            ],
            [
              101.7111711,
              3.2343297
            ],
            [
              101.7112766,
              3.2347765
            ],
            [
              101.7113385,
              3.2351361
            ],
            [
              101.7113959,
              3.2353483
            ],
            [
              101.7114068,
              3.2354497
            ],
            [
              101.7114106,
              3.2355495
            ],
            [
              101.7114131,
              3.2355367
            ],
            [
              101.7114029,
              3.2355534
            ],
            [
              101.7113421,
              3.2356919
            ],
            [
              101.7112623,
              3.2359215
            ],
            [
              101.7111961,
              3.2362197
            ],
            [
              101.7112003,
              3.2365206
            ],
            [
              101.7112442,
              3.2367568
            ],
            [
              101.7113264,
              3.2370039
            ],
            [
              101.7114047,
              3.2371956
            ],
            [
              101.7114497,
              3.2373009
            ],
            [
              101.7114427,
              3.2372586
            ],
            [
              101.7114371,
              3.2372653
            ],
            [
              101.7114457,
              3.2373026
            ],
            [
              101.7113873,
              3.237602
            ],
            [
              101.7113306,
              3.2378882
            ],
            [
              101.7112676,
              3.2381025
            ],
            [
              101.7111905,
              3.2383258
            ],
            [
              101.7111103,
              3.2385884
            ],
            [
              101.7110276,
              3.2388865
            ],
            [
              101.7109862,
              3.2391968
            ],
            [
              101.7109817,
              3.2394432
            ],
            [
              101.7110029,
              3.239654
            ],
            [
              101.7110466,
              3.2399912
            ],
            [
              101.7110968,
              3.2403278
            ],
            [
              101.7112481,
              3.241001
            ],
            [
              101.711342,
              3.2412559
            ],
            [
              101.7114429,
              3.2415049
            ],
            [
              101.7116181,
              3.2417939
            ],
            [
              101.711768,
              3.2419864
            ],
            [
              101.7118737,
              3.2421281
            ],
            [
              101.7120199,
              3.2422769
            ],
            [
              101.7121219,
              3.2423905
            ],
            [
              101.7122113,
              3.242531
            ],
            [
              101.7122036,
              3.2425009
            ],
            [
              101.7122057,
              3.2425353
            ],
            [
              101.7123043,
              3.2428534
            ],
            [
              101.7124431,
              3.2433709
            ],
            [
              101.7125697,
              3.2438553
            ],
            [
              101.7125761,
              3.2438805
            ],
            [
              101.7126543,
              3.2441842
            ],
            [
              101.7127496,
              3.24445
            ],
            [
              101.7128804,
              3.244783
            ],
            [
              101.7130149,
              3.2450209
            ],
            [
              101.7131339,
              3.2451917
            ],
            [
              101.7133124,
              3.2453837
            ],
            [
              101.7134808,
              3.2455073
            ],
            [
              101.7135239,
              3.2455366
            ],
            [
              101.7137623,
              3.2457414
            ],
            [
              101.7138631,
              3.2458534
            ],
            [
              101.7140027,
              3.2459835
            ],
            [
              101.7141418,
              3.246112
            ],
            [
              101.7144083,
              3.2462771
            ],
            [
              101.7147038,
              3.2463857
            ],
            [
              101.7149464,
              3.2464406
            ],
            [
              101.7151921,
              3.2464755
            ],
            [
              101.7155634,
              3.2464914
            ],
            [
              101.7158778,
              3.2464803
            ],
            [
              101.7162046,
              3.246458
            ],
            [
              101.7165351,
              3.2463235
            ],
            [
              101.716712,
              3.246217
            ],
            [
              101.7168576,
              3.2460987
            ],
            [
              101.7167981,
              3.2461209
            ],
            [
              101.7173147,
              3.2459735
            ],
            [
              101.7173596,
              3.2459529
            ],
            [
              101.7173481,
              3.2459532
            ],
            [
              101.7173143,
              3.2459461
            ],
            [
              101.7173149,
              3.2459613
            ],
            [
              101.7174308,
              3.2459995
            ],
            [
              101.7173807,
              3.245969
            ],
            [
              101.7173764,
              3.2459666
            ],
            [
              101.7175587,
              3.2461686
            ],
            [
              101.7178489,
              3.2463638
            ],
            [
              101.7181207,
              3.2464948
            ],
            [
              101.7184975,
              3.2465434
            ],
            [
              101.7187816,
              3.2465139
            ],
            [
              101.7189915,
              3.2464819
            ],
            [
              101.7192645,
              3.2464619
            ],
            [
              101.7193663,
              3.246473
            ],
            [
              101.7195349,
              3.2464985
            ],
            [
              101.7197667,
              3.2465218
            ],
            [
              101.7200095,
              3.2465253
            ],
            [
              101.7202803,
              3.2465008
            ],
            [
              101.7205502,
              3.2464568
            ],
            [
              101.7209532,
              3.2462967
            ],
            [
              101.7212513,
              3.2460217
            ],
            [
              101.7214205,
              3.2458112
            ],
            [
              101.7214549,
              3.2457511
            ],
            [
              101.7212459,
              3.2458739
            ],
            [
              101.7209738,
              3.2458812
            ],
            [
              101.7208942,
              3.245862
            ],
            [
              101.720937,
              3.2458882
            ],
            [
              101.7208796,
              3.2458445
            ],
            [
              101.7209148,
              3.2458835
            ],
            [
              101.7209584,
              3.2459621
            ],
            [
              101.7209861,
              3.2460068
            ],
            [
              101.720972,
              3.2459755
            ],
            [
              101.7209755,
              3.245995
            ],
            [
              101.7209856,
              3.2460133
            ],
            [
              101.7210467,
              3.2457554
            ],
            [
              101.7211395,
              3.2456254
            ],
            [
              101.7210488,
              3.245695
            ],
            [
              101.7208305,
              3.245924
            ],
            [
              101.7206128,
              3.2462911
            ],
            [
              101.7205592,
              3.2467399
            ],
            [
              101.7206248,
              3.2470795
            ],
            [
              101.7207399,
              3.2473328
            ],
            [
              101.7208627,
              3.247565
            ],
            [
              101.7209693,
              3.247691
            ],
            [
              101.7209927,
              3.2477355
            ],
            [
              101.7210071,
              3.2477731
            ],
            [
              101.7209918,
              3.2476893
            ],
            [
              101.7209955,
              3.2476311
            ],
            [
              101.7209829,
              3.247699
            ],
            [
              101.7209503,
              3.2477558
            ],
            [
              101.7209071,
              3.2478486
            ],
            [
              101.7210393,
              3.2476908
            ],
            [
              101.7208446,
              3.2478401
            ],
            [
              101.7206391,
              3.2480422
            ],
            [
              101.7204396,
              3.2483996
            ],
            [
              101.7203821,
              3.2488097
            ],
            [
              101.7204241,
              3.2490836
            ],
            [
              101.7204821,
              3.2493152
            ],
            [
              101.7205622,
              3.2495964
            ],
            [
              101.7206529,
              3.2498726
            ],
            [
              101.7207045,
              3.250117
            ],
            [
              101.7207894,
              3.2503951
            ],
            [
              101.7208373,
              3.250503
            ],
            [
              101.7208351,
              3.2505172
            ],
            [
              101.7208358,
              3.2504665
            ],
            [
              101.7208217,
              3.2505455
            ],
            [
              101.7208009,
              3.250901
            ],
            [
              101.7208015,
              3.2511494
            ],
            [
              101.7208525,
              3.2514674
            ],
            [
              101.7210095,
              3.2517801
            ],
            [
              101.7211667,
              3.2519695
            ],
            [
              101.7211722,
              3.2519549
            ],
            [
              101.7211285,
              3.2518911
            ],
            [
              101.7211647,
              3.251988
            ],
            [
              101.721202,
              3.2521253
            ],
            [
              101.7213174,
              3.2524969
            ],
            [
              101.7213487,
              3.2526339
            ],
            [
              101.7214397,
              3.2528945
            ],
            [
              101.7215654,
              3.2530858
            ],
            [
              101.7215599,
              3.2530519
            ],
            [
              101.7215532,
              3.2530804
            ],
            [
              101.7215979,
              3.2532224
            ],
            [
              101.7216678,
              3.2535584
            ],
            [
              101.7217589,
              3.2538399
            ],
            [
              101.7218846,
              3.2541951
            ],
            [
              101.7219769,
              3.2544022
            ],
            [
              101.7220019,
              3.2544445
            ],
            [
              101.7219879,
              3.2544034
            ],
            [
              101.7219887,
              3.2544426
            ],
            [
              101.721994,
              3.2546355
            ],
            [
              101.722059,
              3.2549218
            ],
            [
              101.722161,
              3.2551719
            ],
            [
              101.7222903,
              3.2553972
            ],
            [
              101.7224628,
              3.2555874
            ],
            [
              101.7227694,
              3.2557862
            ],
            [
              101.7230283,
              3.2558604
            ],
            [
              101.7232023,
              3.2558925
            ],
            [
              101.723494,
              3.2559855
            ],
            [
              101.7237673,
              3.2560677
            ],
            [
              101.7240254,
              3.2561253
            ],
            [
              101.7242917,
              3.2561864
            ],
            [
              101.7244872,
              3.2562163
            ],
            [
              101.7247012,
              3.2562229
            ],
            [
              101.7248559,
              3.2562174
            ],
            [
              101.7247968,
              3.2562035
            ],
            [
              101.7245492,
              3.2560971
            ],
            [
              101.7243874,
              3.2559252
            ],
            [
              101.7243514,
              3.2558615
            ],
            [
              101.7243967,
              3.2559845
            ],
            [
              101.7244554,
              3.2561712
            ],
            [
              101.724532,
              3.2564367
            ],
            [
              101.7246516,
              3.2567829
            ],
            [
              101.7247516,
              3.2570241
            ],
            [
              101.7248319,
              3.2571809
            ],
            [
              101.7248932,
              3.2572996
            ],
            [
              101.7249039,
              3.2573101
            ],
            [
              101.7249121,
              3.2573423
            ],
            [
              101.7249157,
              3.2572891
            ],
            [
              101.7248213,
              3.2576508
            ],
            [
              101.7247696,
              3.2580077
            ],
            [
              101.7247624,
              3.258279
            ],
            [
              101.7247903,
              3.2586059
            ],
            [
              101.724861,
              3.2588779
            ],
            [
              101.7249301,
              3.2590651
            ],
            [
              101.7250576,
              3.259285
            ],
            [
              101.7252446,
              3.2595062
            ],
            [
              101.7254925,
              3.2597005
            ],
            [
              101.7257188,
              3.2598161
            ],
            [
              101.7260656,
              3.2599754
            ],
            [
              101.7261281,
              3.2599961
            ],
            [
              101.7259919,
              3.2598248
            ],
            [
              101.7259795,
              3.2596241
            ],
            [
              101.7259283,
              3.259836
            ],
            [
              101.7256383,
              3.2605118
            ],
            [
              101.725521,
              3.261196
            ],
            [
              101.7256264,
              3.2619326
            ],
            [
              101.7257808,
              3.2623986
            ],
            [
              101.7258013,
              3.2621809
            ],
            [
              101.725689,
              3.2622798
            ],
            [
              101.7254017,
              3.2626887
            ],
            [
              101.725191,
              3.2631347
            ],
            [
              101.7250524,
              3.2635014
            ],
            [
              101.7249832,
              3.2638314
            ],
            [
              101.7248698,
              3.2643561
            ],
            [
              101.7248021,
              3.2648021
            ],
            [
              101.7247951,
              3.2650835
            ],
            [
              101.724846,
              3.2654048
            ],
            [
              101.7249512,
              3.2656621
            ],
            [
              101.7250234,
              3.2658371
            ],
            [
              101.7251197,
              3.2660478
            ],
            [
              101.7252766,
              3.2663116
            ],
            [
              101.7254948,
              3.2665955
            ],
            [
              101.7256974,
              3.2668557
            ],
            [
              101.7258169,
              3.2670082
            ],
            [
              101.725936,
              3.2671595
            ],
            [
              101.72599,
              3.2672543
            ],
            [
              101.7259992,
              3.2672934
            ],
            [
              101.7260181,
              3.2673852
            ],
            [
              101.7260564,
              3.2675292
            ],
            [
              101.7260967,
              3.267703
            ],
            [
              101.7261161,
              3.2679602
            ],
            [
              101.726188,
              3.2682052
            ],
            [
              101.7262489,
              3.2683863
            ],
            [
              101.7263689,
              3.2686239
            ],
            [
              101.7264729,
              3.2687821
            ],
            [
              101.7265584,
              3.2689018
            ],
            [
              101.726635,
              3.2690335
            ],
            [
              101.726672,
              3.2691076
            ],
            [
              101.7266842,
              3.2692323
            ],
            [
              101.7267136,
              3.2694172
            ],
            [
              101.7267397,
              3.2695869
            ],
            [
              101.7267741,
              3.2698012
            ],
            [
              101.7269019,
              3.2702118
            ],
            [
              101.7270457,
              3.270414
            ],
            [
              101.7271258,
              3.2706431
            ],
            [
              101.7271307,
              3.270688
            ],
            [
              101.7271883,
              3.2709581
            ],
            [
              101.7272576,
              3.2712063
            ],
            [
              101.7272908,
              3.2714655
            ],
            [
              101.7273541,
              3.2717849
            ],
            [
              101.7274528,
              3.2720885
            ],
            [
              101.7275207,
              3.272724
            ],
            [
              101.7276011,
              3.2730779
            ],
            [
              101.7277757,
              3.2734732
            ],
            [
              101.7278629,
              3.2736691
            ],
            [
              101.727847,
              3.2739163
            ],
            [
              101.7278255,
              3.2742313
            ],
            [
              101.7278331,
              3.274643
            ],
            [
              101.7278851,
              3.2747159
            ],
            [
              101.7278954,
              3.2745567
            ],
            [
              101.7278484,
              3.274632
            ],
            [
              101.727736,
              3.2748568
            ],
            [
              101.7276454,
              3.2752018
            ],
            [
              101.7276414,
              3.2755291
            ],
            [
              101.7276704,
              3.2757461
            ],
            [
              101.7277142,
              3.2759584
            ],
            [
              101.7278117,
              3.276243
            ],
            [
              101.7279381,
              3.2764581
            ],
            [
              101.727907,
              3.2763783
            ],
            [
              101.7278817,
              3.276235
            ],
            [
              101.7278736,
              3.2763123
            ],
            [
              101.7278737,
              3.2765783
            ],
            [
              101.7278953,
              3.2768487
            ],
            [
              101.7279491,
              3.2770643
            ],
            [
              101.7280292,
              3.2774094
            ],
            [
              101.7282392,
              3.2777928
            ],
            [
              101.7283087,
              3.2778747
            ],
            [
              101.7283021,
              3.2778742
            ],
            [
              101.7284088,
              3.2782106
            ],
            [
              101.7287835,
              3.2785665
            ],
            [
              101.728747,
              3.2785103
            ],
            [
              101.7285246,
              3.2780611
            ],
            [
              101.7285171,
              3.2783736
            ],
            [
              101.7285339,
              3.2785813
            ],
            [
              101.7285336,
              3.2786944
            ],
            [
              101.728527,
              3.2788153
            ],
            [
              101.7285282,
              3.2788042
            ],
            [
              101.7285714,
              3.2787107
            ],
            [
              101.7286359,
              3.278654
            ],
            [
              101.7284232,
              3.2787998
            ],
            [
              101.7281981,
              3.2789534
            ],
            [
              101.7279576,
              3.2792989
            ],
            [
              101.7278466,
              3.2795737
            ],
            [
              101.7277793,
              3.279821
            ],
            [
              101.7277379,
              3.2800733
            ],
            [
              101.7277688,
              3.2804315
            ],
            [
              101.7278886,
              3.2807148
            ],
            [
              101.7279957,
              3.2808969
            ],
            [
              101.7280199,
              3.2809557
            ],
            [
              101.7280352,
              3.2810033
            ],
            [
              101.7280726,
              3.2811655
            ],
            [
              101.7281102,
              3.2814048
            ],
            [
              101.7281484,
              3.2816746
            ],
            [
              101.7281895,
              3.2820053
            ],
            [
              101.7282443,
              3.2825201
            ],
            [
              101.7282515,
              3.2826634
            ],
            [
              101.7283149,
              3.2829636
            ],
            [
              101.7284299,
              3.2832112
            ],
            [
              101.7285563,
              3.2834301
            ],
            [
              101.7288023,
              3.2836956
            ],
            [
              101.7290877,
              3.2838717
            ],
            [
              101.7292572,
              3.2839415
            ],
            [
              101.7292067,
              3.2839073
            ],
            [
              101.7290711,
              3.2837457
            ],
            [
              101.7290989,
              3.283806
            ],
            [
              101.7291486,
              3.2839245
            ],
            [
              101.7292321,
              3.2841612
            ],
            [
              101.7292833,
              3.2842205
            ],
            [
              101.7292397,
              3.2842431
            ],
            [
              101.7291984,
              3.2844646
            ],
            [
              101.7291038,
              3.2848563
            ],
            [
              101.7290419,
              3.2853332
            ],
            [
              101.7289842,
              3.2856692
            ],
            [
              101.7289552,
              3.2859493
            ],
            [
              101.7289709,
              3.2862399
            ],
            [
              101.7290273,
              3.2864416
            ],
            [
              101.7290892,
              3.28662
            ],
            [
              101.7291407,
              3.286707
            ],
            [
              101.7293449,
              3.2871856
            ],
            [
              101.7294252,
              3.2873967
            ],
            [
              101.7294704,
              3.2876539
            ],
            [
              101.729479,
              3.2876994
            ],
            [
              101.7294805,
              3.2878528
            ],
            [
              101.7294764,
              3.2880808
            ],
            [
              101.7294544,
              3.2882548
            ],
            [
              101.7294112,
              3.2885183
            ],
            [
              101.7294062,
              3.2888451
            ],
            [
              101.7294495,
              3.2891871
            ],
            [
              101.7295399,
              3.289478
            ],
            [
              101.7296869,
              3.2898296
            ],
            [
              101.7298955,
              3.2901177
            ],
            [
              101.7300499,
              3.2903132
            ],
            [
              101.7301884,
              3.2904729
            ],
            [
              101.7302542,
              3.2905818
            ],
            [
              101.7303249,
              3.2907374
            ],
            [
              101.730422,
              3.2909525
            ],
            [
              101.7305433,
              3.2911593
            ],
            [
              101.7305384,
              3.2911252
            ],
            [
              101.7305155,
              3.2909861
            ],
            [
              101.7305837,
              3.290745
            ],
            [
              101.7305759,
              3.290732
            ],
            [
              101.730486,
              3.2908444
            ],
            [
              101.7305913,
              3.2907692
            ],
            [
              101.7306748,
              3.2907405
            ],
            [
              101.7306252,
              3.2907412
            ],
            [
              101.7309835,
              3.2908447
            ],
            [
              101.7307851,
              3.2907022
            ],
            [
              101.7300228,
              3.2906599
            ],
            [
              101.7295673,
              3.2910691
            ],
            [
              101.7294431,
              3.2914157
            ],
            [
              101.7294123,
              3.2916881
            ],
            [
              101.7294103,
              3.2919292
            ],
            [
              101.7294058,
              3.2922305
            ],
            [
              101.7294405,
              3.2926844
            ],
            [
              101.7295039,
              3.2930432
            ],
            [
              101.7295448,
              3.2933161
            ],
            [
              101.7296183,
              3.2935963
            ],
            [
              101.729739,
              3.294067
            ],
            [
              101.7298705,
              3.2944152
            ],
            [
              101.729969,
              3.2946929
            ],
            [
              101.7300248,
              3.2948809
            ],
            [
              101.7301082,
              3.2951091
            ],
            [
              101.7302646,
              3.2953648
            ],
            [
              101.7304402,
              3.2955673
            ],
            [
              101.7305478,
              3.2956782
            ],
            [
              101.7305313,
              3.2956208
            ],
            [
              101.7304925,
              3.2955117
            ],
            [
              101.7304839,
              3.2955905
            ],
            [
              101.7304473,
              3.2961279
            ],
            [
              101.7303991,
              3.2963957
            ],
            [
              101.7304439,
              3.2968242
            ],
            [
              101.7307356,
              3.2972868
            ],
            [
              101.7311321,
              3.2975039
            ],
            [
              101.7315763,
              3.2975394
            ],
            [
              101.7320019,
              3.2973877
            ],
            [
              101.7322574,
              3.2971864
            ],
            [
              101.7324717,
              3.2969282
            ],
            [
              101.7324311,
              3.2969381
            ],
            [
              101.7320628,
              3.2971658
            ],
            [
              101.7317954,
              3.2971636
            ],
            [
              101.7316254,
              3.2970803
            ],
            [
              101.7314891,
              3.2969581
            ],
            [
              101.7315193,
              3.2969989
            ],
            [
              101.7315382,
              3.2970487
            ],
            [
              101.7316717,
              3.2973165
            ],
            [
              101.7318916,
              3.2975906
            ],
            [
              101.7321235,
              3.2977776
            ],
            [
              101.7324334,
              3.2979685
            ],
            [
              101.7332824,
              3.2965915
            ]
          ]
        ]
      },
      "properties": {
        "id": "flood-corridor-502518502",
        "name": "Sungai Gombak drainage corridor",
        "kind": "interpretive-drainage-corridor",
        "width_m": 180,
        "source_note": "Interpretive 90 m buffer either side of the OSM river centreline. This is NOT Jabatan Pengairan dan Saliran zon banjir, NOT MyGDI DATA BANJIR 2002/2003, and must not be read as an official floodplain.",
        "osm_id": 502518502
      }
    },
    {
      "type": "Feature",
      "geometry": {
        "type": "Polygon",
        "coordinates": [
          [
            [
              101.7014858,
              3.1883315
            ],
            [
              101.7014456,
              3.1876583
            ],
            [
              101.7014201,
              3.1874179
            ],
            [
              101.701371,
              3.187071
            ],
            [
              101.701277,
              3.1867423
            ],
            [
              101.7011986,
              3.1864851
            ],
            [
              101.7011159,
              3.1862292
            ],
            [
              101.7010645,
              3.1860591
            ],
            [
              101.7010103,
              3.1858268
            ],
            [
              101.7009738,
              3.1856373
            ],
            [
              101.7009563,
              3.1854249
            ],
            [
              101.7009535,
              3.1852608
            ],
            [
              101.700978,
              3.184918
            ],
            [
              101.7010084,
              3.1846238
            ],
            [
              101.7010596,
              3.1837851
            ],
            [
              101.7010957,
              3.1833364
            ],
            [
              101.7011362,
              3.1829321
            ],
            [
              101.7011519,
              3.1826773
            ],
            [
              101.7011654,
              3.1822652
            ],
            [
              101.7011791,
              3.1819413
            ],
            [
              101.7011406,
              3.1816474
            ],
            [
              101.7010851,
              3.1813787
            ],
            [
              101.7009909,
              3.1811329
            ],
            [
              101.700854,
              3.1808635
            ],
            [
              101.7006722,
              3.1806181
            ],
            [
              101.7005215,
              3.1804105
            ],
            [
              101.7004198,
              3.180314
            ],
            [
              101.700292,
              3.1800776
            ],
            [
              101.7001901,
              3.1798625
            ],
            [
              101.7000247,
              3.1794722
            ],
            [
              101.6999856,
              3.1793645
            ],
            [
              101.6999475,
              3.1792277
            ],
            [
              101.6998955,
              3.1789801
            ],
            [
              101.6998194,
              3.178687
            ],
            [
              101.6996778,
              3.1783132
            ],
            [
              101.6995318,
              3.1779755
            ],
            [
              101.6993543,
              3.1776657
            ],
            [
              101.6991816,
              3.1774251
            ],
            [
              101.6990049,
              3.1772179
            ],
            [
              101.6987503,
              3.1769807
            ],
            [
              101.6985169,
              3.1767702
            ],
            [
              101.6982883,
              3.1766
            ],
            [
              101.6979212,
              3.1763625
            ],
            [
              101.6976486,
              3.1762358
            ],
            [
              101.697367,
              3.176152
            ],
            [
              101.6971154,
              3.1761196
            ],
            [
              101.6968699,
              3.1760924
            ],
            [
              101.6966702,
              3.1760485
            ],
            [
              101.6963797,
              3.1759799
            ],
            [
              101.6960712,
              3.1759118
            ],
            [
              101.6958488,
              3.1758967
            ],
            [
              101.6960051,
              3.1759459
            ],
            [
              101.6960264,
              3.1759555
            ],
            [
              101.6959286,
              3.1758678
            ],
            [
              101.6956163,
              3.1756369
            ],
            [
              101.6952356,
              3.17543
            ],
            [
              101.6952414,
              3.1754339
            ],
            [
              101.6952026,
              3.1753786
            ],
            [
              101.6951646,
              3.1753421
            ],
            [
              101.6951854,
              3.1753734
            ],
            [
              101.6951867,
              3.1754214
            ],
            [
              101.6951866,
              3.175454
            ],
            [
              101.6951832,
              3.1754522
            ],
            [
              101.6953201,
              3.1751546
            ],
            [
              101.6954469,
              3.1748726
            ],
            [
              101.6955518,
              3.1746132
            ],
            [
              101.6956344,
              3.1744427
            ],
            [
              101.6957475,
              3.1741279
            ],
            [
              101.6958082,
              3.173897
            ],
            [
              101.6958364,
              3.1737576
            ],
            [
              101.6958728,
              3.1735728
            ],
            [
              101.6959194,
              3.1732578
            ],
            [
              101.695987,
              3.1726501
            ],
            [
              101.6960182,
              3.1722837
            ],
            [
              101.6960128,
              3.1719639
            ],
            [
              101.6959969,
              3.1717329
            ],
            [
              101.6959701,
              3.1714806
            ],
            [
              101.6959319,
              3.171216
            ],
            [
              101.6958534,
              3.1709164
            ],
            [
              101.6957859,
              3.1706873
            ],
            [
              101.6956599,
              3.1704032
            ],
            [
              101.6954604,
              3.1700863
            ],
            [
              101.695291,
              3.1698619
            ],
            [
              101.6948619,
              3.1693591
            ],
            [
              101.6944798,
              3.1689232
            ],
            [
              101.6941984,
              3.1686206
            ],
            [
              101.69403,
              3.1684164
            ],
            [
              101.6939179,
              3.1682774
            ],
            [
              101.6939255,
              3.1682855
            ],
            [
              101.6939212,
              3.168282
            ],
            [
              101.693889,
              3.1681323
            ],
            [
              101.6938671,
              3.1680157
            ],
            [
              101.6938513,
              3.1678542
            ],
            [
              101.6938303,
              3.1679436
            ],
            [
              101.6938628,
              3.1679051
            ],
            [
              101.6940389,
              3.1676063
            ],
            [
              101.6941679,
              3.1672704
            ],
            [
              101.6941443,
              3.1673267
            ],
            [
              101.6926799,
              3.1666365
            ],
            [
              101.6926511,
              3.1667038
            ],
            [
              101.6925803,
              3.1669039
            ],
            [
              101.692457,
              3.1671025
            ],
            [
              101.6922951,
              3.1674288
            ],
            [
              101.6922319,
              3.1678568
            ],
            [
              101.6922597,
              3.1682131
            ],
            [
              101.6923022,
              3.1684553
            ],
            [
              101.6923664,
              3.1687342
            ],
            [
              101.6924641,
              3.1689823
            ],
            [
              101.6925951,
              3.16921
            ],
            [
              101.6927726,
              3.1694354
            ],
            [
              101.6929852,
              3.1696918
            ],
            [
              101.6932746,
              3.1700032
            ],
            [
              101.6936359,
              3.1704155
            ],
            [
              101.6940436,
              3.1708929
            ],
            [
              101.694121,
              3.1709953
            ],
            [
              101.6942435,
              3.1711872
            ],
            [
              101.6942623,
              3.1712351
            ],
            [
              101.6942914,
              3.1713434
            ],
            [
              101.6943469,
              3.1715474
            ],
            [
              101.6943623,
              3.1716738
            ],
            [
              101.6943839,
              3.1718767
            ],
            [
              101.6943948,
              3.1720313
            ],
            [
              101.6944,
              3.1722205
            ],
            [
              101.694376,
              3.1724847
            ],
            [
              101.694312,
              3.1730606
            ],
            [
              101.6942754,
              3.1733072
            ],
            [
              101.694248,
              3.1734422
            ],
            [
              101.6942314,
              3.1735284
            ],
            [
              101.6942041,
              3.1736381
            ],
            [
              101.6941348,
              3.1738321
            ],
            [
              101.6940672,
              3.173967
            ],
            [
              101.6939575,
              3.1742378
            ],
            [
              101.6938455,
              3.1744862
            ],
            [
              101.6936902,
              3.174826
            ],
            [
              101.693623,
              3.175033
            ],
            [
              101.6935739,
              3.1752744
            ],
            [
              101.6935806,
              3.1755902
            ],
            [
              101.6936828,
              3.1759943
            ],
            [
              101.693891,
              3.176327
            ],
            [
              101.6940932,
              3.1765743
            ],
            [
              101.6943888,
              3.1768084
            ],
            [
              101.6947591,
              3.1770087
            ],
            [
              101.6949214,
              3.177134
            ],
            [
              101.6950276,
              3.1772283
            ],
            [
              101.6952631,
              3.1773831
            ],
            [
              101.6956116,
              3.1774963
            ],
            [
              101.6958276,
              3.1775104
            ],
            [
              101.6960127,
              3.1775547
            ],
            [
              101.6963122,
              3.1776255
            ],
            [
              101.6966115,
              3.1776886
            ],
            [
              101.6969292,
              3.1777258
            ],
            [
              101.6970424,
              3.1777362
            ],
            [
              101.6970774,
              3.1777488
            ],
            [
              101.6970998,
              3.1777559
            ],
            [
              101.6973763,
              3.1779362
            ],
            [
              101.6974803,
              3.1780124
            ],
            [
              101.6976547,
              3.1781715
            ],
            [
              101.6978507,
              3.1783521
            ],
            [
              101.6978992,
              3.1784127
            ],
            [
              101.6979895,
              3.1785363
            ],
            [
              101.6980802,
              3.1786925
            ],
            [
              101.6981756,
              3.1789172
            ],
            [
              101.6982808,
              3.1791916
            ],
            [
              101.6983173,
              3.1793429
            ],
            [
              101.6983725,
              3.1796043
            ],
            [
              101.6984418,
              3.1798531
            ],
            [
              101.6985239,
              3.1800798
            ],
            [
              101.6987093,
              3.1805173
            ],
            [
              101.6988542,
              3.1808218
            ],
            [
              101.6990804,
              3.1812228
            ],
            [
              101.6992689,
              3.1814355
            ],
            [
              101.6993676,
              3.1815761
            ],
            [
              101.6994848,
              3.1817271
            ],
            [
              101.6995141,
              3.1817965
            ],
            [
              101.6995259,
              3.1818159
            ],
            [
              101.6995452,
              3.1819248
            ],
            [
              101.6995603,
              3.1819897
            ],
            [
              101.6995472,
              3.1822014
            ],
            [
              101.6995339,
              3.1826087
            ],
            [
              101.6995228,
              3.1827931
            ],
            [
              101.6994827,
              3.1831922
            ],
            [
              101.6994438,
              3.1836755
            ],
            [
              101.699393,
              3.184508
            ],
            [
              101.6993644,
              3.1847816
            ],
            [
              101.6993353,
              3.1851994
            ],
            [
              101.6993391,
              3.1855089
            ],
            [
              101.6993686,
              3.1858511
            ],
            [
              101.6994259,
              3.1861612
            ],
            [
              101.6994979,
              3.1864685
            ],
            [
              101.6995699,
              3.1867108
            ],
            [
              101.6996534,
              3.1869691
            ],
            [
              101.6997252,
              3.1872047
            ],
            [
              101.6997868,
              3.1874062
            ],
            [
              101.6998129,
              3.1876163
            ],
            [
              101.6998302,
              3.1877723
            ],
            [
              101.6998692,
              3.1884275
            ],
            [
              101.7014858,
              3.1883315
            ]
          ]
        ]
      },
      "properties": {
        "id": "flood-corridor-681058052",
        "name": "Sungai Gombak drainage corridor",
        "kind": "interpretive-drainage-corridor",
        "width_m": 180,
        "source_note": "Interpretive 90 m buffer either side of the OSM river centreline. This is NOT Jabatan Pengairan dan Saliran zon banjir, NOT MyGDI DATA BANJIR 2002/2003, and must not be read as an official floodplain.",
        "osm_id": 681058052
      }
    },
    {
      "type": "Feature",
      "geometry": {
        "type": "Polygon",
        "coordinates": [
          [
            [
              101.7225459,
              3.3748613
            ],
            [
              101.7215809,
              3.3737794
            ],
            [
              101.7206166,
              3.3722709
            ],
            [
              101.7193178,
              3.3707381
            ],
            [
              101.7181301,
              3.3695867
            ],
            [
              101.7177385,
              3.3680998
            ],
            [
              101.7170943,
              3.3659989
            ],
            [
              101.7165366,
              3.3640718
            ],
            [
              101.715921,
              3.3620561
            ],
            [
              101.7149983,
              3.3598634
            ],
            [
              101.7136271,
              3.3581531
            ],
            [
              101.7127923,
              3.3560971
            ],
            [
              101.7116262,
              3.354212
            ],
            [
              101.7105484,
              3.3527481
            ],
            [
              101.7092238,
              3.3507294
            ],
            [
              101.7085645,
              3.3489872
            ],
            [
              101.7078223,
              3.3474996
            ],
            [
              101.7072817,
              3.3470041
            ],
            [
              101.7070491,
              3.3468458
            ],
            [
              101.7068433,
              3.346708
            ],
            [
              101.7064678,
              3.3464154
            ],
            [
              101.7064416,
              3.346482
            ],
            [
              101.7064416,
              3.3464197
            ],
            [
              101.7065272,
              3.3455486
            ],
            [
              101.7065041,
              3.3441218
            ],
            [
              101.7059167,
              3.3429781
            ],
            [
              101.7057817,
              3.342247
            ],
            [
              101.7056923,
              3.3418323
            ],
            [
              101.7054145,
              3.3411354
            ],
            [
              101.7050185,
              3.3402474
            ],
            [
              101.7042727,
              3.339403
            ],
            [
              101.7039248,
              3.3388686
            ],
            [
              101.7033113,
              3.3377929
            ],
            [
              101.7031712,
              3.3371036
            ],
            [
              101.7030746,
              3.336678
            ],
            [
              101.7034063,
              3.3363923
            ],
            [
              101.7040824,
              3.3357601
            ],
            [
              101.704137,
              3.3349609
            ],
            [
              101.7043518,
              3.3347097
            ],
            [
              101.7047186,
              3.3341524
            ],
            [
              101.7050529,
              3.333315
            ],
            [
              101.7050625,
              3.3319873
            ],
            [
              101.704203,
              3.3313108
            ],
            [
              101.7039078,
              3.3311654
            ],
            [
              101.7036918,
              3.3310153
            ],
            [
              101.7035916,
              3.3308682
            ],
            [
              101.7036743,
              3.3313844
            ],
            [
              101.7038201,
              3.3309369
            ],
            [
              101.703839,
              3.3304204
            ],
            [
              101.7038353,
              3.3303077
            ],
            [
              101.7039338,
              3.3301575
            ],
            [
              101.7040602,
              3.3299125
            ],
            [
              101.7042593,
              3.3292594
            ],
            [
              101.7039697,
              3.3281785
            ],
            [
              101.7033812,
              3.3273313
            ],
            [
              101.7032618,
              3.3269027
            ],
            [
              101.7030028,
              3.3263148
            ],
            [
              101.7028522,
              3.3258453
            ],
            [
              101.7026268,
              3.325272
            ],
            [
              101.7026861,
              3.3244318
            ],
            [
              101.7025325,
              3.3236477
            ],
            [
              101.7022826,
              3.3229536
            ],
            [
              101.7020352,
              3.3223703
            ],
            [
              101.7016939,
              3.321296
            ],
            [
              101.7016266,
              3.3203649
            ],
            [
              101.7014349,
              3.3195751
            ],
            [
              101.7013667,
              3.3191595
            ],
            [
              101.701288,
              3.3187644
            ],
            [
              101.7011354,
              3.31848
            ],
            [
              101.7010592,
              3.3182797
            ],
            [
              101.7010388,
              3.3181743
            ],
            [
              101.7011122,
              3.3178681
            ],
            [
              101.7010919,
              3.3172972
            ],
            [
              101.7009716,
              3.3167941
            ],
            [
              101.7007313,
              3.3162592
            ],
            [
              101.7006011,
              3.3161289
            ],
            [
              101.7005441,
              3.3156055
            ],
            [
              101.7002182,
              3.315186
            ],
            [
              101.7003471,
              3.3156825
            ],
            [
              101.7003707,
              3.3155979
            ],
            [
              101.700484,
              3.3154074
            ],
            [
              101.7005022,
              3.3148904
            ],
            [
              101.7004134,
              3.3145203
            ],
            [
              101.6997056,
              3.3139076
            ],
            [
              101.6994321,
              3.3139212
            ],
            [
              101.7000495,
              3.3145498
            ],
            [
              101.7000438,
              3.3141609
            ],
            [
              101.6995508,
              3.311919
            ],
            [
              101.699614,
              3.3120309
            ],
            [
              101.6996854,
              3.3115705
            ],
            [
              101.6995761,
              3.310918
            ],
            [
              101.6991218,
              3.3104126
            ],
            [
              101.6988224,
              3.3102578
            ],
            [
              101.6984686,
              3.3100439
            ],
            [
              101.6983166,
              3.3099442
            ],
            [
              101.698155,
              3.3096335
            ],
            [
              101.6981373,
              3.3096941
            ],
            [
              101.6983115,
              3.3089504
            ],
            [
              101.698295,
              3.3082156
            ],
            [
              101.698,
              3.3074892
            ],
            [
              101.6977095,
              3.3064544
            ],
            [
              101.697678,
              3.3067886
            ],
            [
              101.697858,
              3.306402
            ],
            [
              101.6980576,
              3.3054407
            ],
            [
              101.6980768,
              3.3049117
            ],
            [
              101.6977715,
              3.3042433
            ],
            [
              101.6973574,
              3.3039555
            ],
            [
              101.6972585,
              3.3039203
            ],
            [
              101.6969084,
              3.3032362
            ],
            [
              101.6965249,
              3.3025853
            ],
            [
              101.6961663,
              3.3022617
            ],
            [
              101.6957014,
              3.3020526
            ],
            [
              101.6955557,
              3.3020844
            ],
            [
              101.6957137,
              3.3021898
            ],
            [
              101.6958709,
              3.3024504
            ],
            [
              101.6958812,
              3.3021037
            ],
            [
              101.6958564,
              3.3017325
            ],
            [
              101.6959243,
              3.3011431
            ],
            [
              101.6959778,
              3.3005844
            ],
            [
              101.6960702,
              3.3003039
            ],
            [
              101.6962003,
              3.2995162
            ],
            [
              101.6961744,
              3.2989234
            ],
            [
              101.6958895,
              3.2981802
            ],
            [
              101.6956565,
              3.2978238
            ],
            [
              101.695529,
              3.2976198
            ],
            [
              101.6953425,
              3.2974385
            ],
            [
              101.6952304,
              3.2973354
            ],
            [
              101.6950972,
              3.2972688
            ],
            [
              101.6948224,
              3.2966669
            ],
            [
              101.6948416,
              3.2964554
            ],
            [
              101.6949037,
              3.2962764
            ],
            [
              101.6951843,
              3.2958924
            ],
            [
              101.6954099,
              3.2953844
            ],
            [
              101.6954462,
              3.2949825
            ],
            [
              101.695409,
              3.2946846
            ],
            [
              101.6952693,
              3.2943787
            ],
            [
              101.6950277,
              3.2940677
            ],
            [
              101.6946848,
              3.2938788
            ],
            [
              101.6942321,
              3.2937367
            ],
            [
              101.6937182,
              3.2937509
            ],
            [
              101.6934168,
              3.2937558
            ],
            [
              101.6931881,
              3.2937486
            ],
            [
              101.6931407,
              3.2937433
            ],
            [
              101.6931362,
              3.2937373
            ],
            [
              101.6930764,
              3.2936565
            ],
            [
              101.6929868,
              3.2934225
            ],
            [
              101.692883,
              3.2930771
            ],
            [
              101.6928039,
              3.2925885
            ],
            [
              101.6927345,
              3.2919558
            ],
            [
              101.6927059,
              3.2909308
            ],
            [
              101.6924546,
              3.2888981
            ],
            [
              101.6918875,
              3.2873285
            ],
            [
              101.690262,
              3.2851309
            ],
            [
              101.6895192,
              3.2832444
            ],
            [
              101.6887678,
              3.2813547
            ],
            [
              101.6883214,
              3.2793867
            ],
            [
              101.688029,
              3.2767335
            ],
            [
              101.6879521,
              3.274637
            ],
            [
              101.6884576,
              3.2725536
            ],
            [
              101.6868822,
              3.2721782
            ],
            [
              101.6863407,
              3.2744744
            ],
            [
              101.686414,
              3.2768553
            ],
            [
              101.6867224,
              3.2796433
            ],
            [
              101.6872202,
              3.2818313
            ],
            [
              101.6880138,
              3.2838406
            ],
            [
              101.6888588,
              3.2859385
            ],
            [
              101.6904949,
              3.2881541
            ],
            [
              101.6908718,
              3.2892407
            ],
            [
              101.6910927,
              3.2910748
            ],
            [
              101.6911177,
              3.2920528
            ],
            [
              101.6911985,
              3.2928017
            ],
            [
              101.6913018,
              3.2934271
            ],
            [
              101.6914556,
              3.2939493
            ],
            [
              101.6916556,
              3.2944329
            ],
            [
              101.6919874,
              3.2948771
            ],
            [
              101.6924443,
              3.2952031
            ],
            [
              101.6929493,
              3.2953478
            ],
            [
              101.6933912,
              3.2953726
            ],
            [
              101.6937712,
              3.2953669
            ],
            [
              101.6940511,
              3.2953435
            ],
            [
              101.694092,
              3.2953836
            ],
            [
              101.6939717,
              3.2952937
            ],
            [
              101.6938723,
              3.2951969
            ],
            [
              101.6938478,
              3.2951148
            ],
            [
              101.6938294,
              3.2950779
            ],
            [
              101.6938739,
              3.2948714
            ],
            [
              101.6937881,
              3.2950728
            ],
            [
              101.6934673,
              3.2955294
            ],
            [
              101.6932396,
              3.296218
            ],
            [
              101.6932588,
              3.2970883
            ],
            [
              101.6937166,
              3.2981142
            ],
            [
              101.6941572,
              3.2985464
            ],
            [
              101.6942595,
              3.2986407
            ],
            [
              101.6942542,
              3.2986172
            ],
            [
              101.6942987,
              3.2987054
            ],
            [
              101.6944281,
              3.2988772
            ],
            [
              101.6946082,
              3.2993352
            ],
            [
              101.6945907,
              3.2993356
            ],
            [
              101.6944854,
              3.2999701
            ],
            [
              101.6943816,
              3.3003102
            ],
            [
              101.6943137,
              3.3009731
            ],
            [
              101.6942384,
              3.3016607
            ],
            [
              101.694262,
              3.3021419
            ],
            [
              101.6942645,
              3.3026562
            ],
            [
              101.6945973,
              3.3033614
            ],
            [
              101.6952677,
              3.3036756
            ],
            [
              101.695441,
              3.3036486
            ],
            [
              101.6952497,
              3.3035947
            ],
            [
              101.6951997,
              3.3035149
            ],
            [
              101.6954884,
              3.3040138
            ],
            [
              101.6959325,
              3.3048489
            ],
            [
              101.6964404,
              3.3052883
            ],
            [
              101.6965413,
              3.3052951
            ],
            [
              101.6964882,
              3.3052265
            ],
            [
              101.6964644,
              3.3051501
            ],
            [
              101.6963,
              3.3059604
            ],
            [
              101.6961306,
              3.3063112
            ],
            [
              101.6961473,
              3.306881
            ],
            [
              101.696463,
              3.3079992
            ],
            [
              101.696726,
              3.308617
            ],
            [
              101.6967095,
              3.3087122
            ],
            [
              101.6965243,
              3.3095485
            ],
            [
              101.6966636,
              3.3102641
            ],
            [
              101.6970424,
              3.3109424
            ],
            [
              101.697542,
              3.3113701
            ],
            [
              101.698025,
              3.3116652
            ],
            [
              101.6981978,
              3.3117406
            ],
            [
              101.6980975,
              3.311578
            ],
            [
              101.698066,
              3.3115467
            ],
            [
              101.6980422,
              3.3116407
            ],
            [
              101.6979538,
              3.312189
            ],
            [
              101.6984526,
              3.3144625
            ],
            [
              101.6984423,
              3.3147502
            ],
            [
              101.6991661,
              3.3155162
            ],
            [
              101.6995104,
              3.3155128
            ],
            [
              101.6988666,
              3.3149997
            ],
            [
              101.6989006,
              3.3151308
            ],
            [
              101.698925,
              3.314969
            ],
            [
              101.6988775,
              3.3149713
            ],
            [
              101.6987447,
              3.3154473
            ],
            [
              101.6989172,
              3.3161492
            ],
            [
              101.6990251,
              3.3161669
            ],
            [
              101.6990539,
              3.3166075
            ],
            [
              101.6993099,
              3.3170342
            ],
            [
              101.6994452,
              3.3173347
            ],
            [
              101.6994859,
              3.3175064
            ],
            [
              101.6994978,
              3.3177387
            ],
            [
              101.699421,
              3.3180967
            ],
            [
              101.6994864,
              3.3186661
            ],
            [
              101.699657,
              3.3191406
            ],
            [
              101.6997618,
              3.319306
            ],
            [
              101.6997689,
              3.3194249
            ],
            [
              101.6998517,
              3.3199163
            ],
            [
              101.7000248,
              3.3206047
            ],
            [
              101.7001077,
              3.321623
            ],
            [
              101.7005066,
              3.3229049
            ],
            [
              101.7007742,
              3.3235428
            ],
            [
              101.7009749,
              3.3240911
            ],
            [
              101.7010681,
              3.3245066
            ],
            [
              101.7010202,
              3.3254764
            ],
            [
              101.7013204,
              3.3263705
            ],
            [
              101.7014918,
              3.3268972
            ],
            [
              101.7017476,
              3.3274767
            ],
            [
              101.7019608,
              3.3281085
            ],
            [
              101.7025097,
              3.3288787
            ],
            [
              101.7026493,
              3.3294364
            ],
            [
              101.702639,
              3.3291369
            ],
            [
              101.7025026,
              3.3294005
            ],
            [
              101.7022899,
              3.3298233
            ],
            [
              101.7022218,
              3.330332
            ],
            [
              101.7022249,
              3.3306563
            ],
            [
              101.7020895,
              3.3310504
            ],
            [
              101.702236,
              3.331753
            ],
            [
              101.702573,
              3.3321845
            ],
            [
              101.7030598,
              3.332543
            ],
            [
              101.7034672,
              3.3327512
            ],
            [
              101.7035465,
              3.3325567
            ],
            [
              101.7034649,
              3.3329962
            ],
            [
              101.7032842,
              3.3334012
            ],
            [
              101.703004,
              3.3338129
            ],
            [
              101.7025784,
              3.3345207
            ],
            [
              101.7026222,
              3.3350603
            ],
            [
              101.7022791,
              3.3352313
            ],
            [
              101.701538,
              3.3361666
            ],
            [
              101.70157,
              3.3373478
            ],
            [
              101.7018161,
              3.3384149
            ],
            [
              101.702533,
              3.3396956
            ],
            [
              101.7030005,
              3.3404036
            ],
            [
              101.7036709,
              3.3411444
            ],
            [
              101.7039187,
              3.3417558
            ],
            [
              101.7041559,
              3.3423443
            ],
            [
              101.7041935,
              3.342564
            ],
            [
              101.7044035,
              3.3435547
            ],
            [
              101.7049319,
              3.3445104
            ],
            [
              101.7049088,
              3.3454828
            ],
            [
              101.704822,
              3.3464321
            ],
            [
              101.7050152,
              3.3472482
            ],
            [
              101.7054718,
              3.3476906
            ],
            [
              101.7058795,
              3.3480076
            ],
            [
              101.7061431,
              3.348186
            ],
            [
              101.7062993,
              3.3482897
            ],
            [
              101.7064453,
              3.3483512
            ],
            [
              101.7070771,
              3.3496272
            ],
            [
              101.7077912,
              3.3514838
            ],
            [
              101.7092132,
              3.3536635
            ],
            [
              101.7102812,
              3.355113
            ],
            [
              101.7113467,
              3.3568265
            ],
            [
              101.7122285,
              3.3589689
            ],
            [
              101.7136039,
              3.360686
            ],
            [
              101.7143978,
              3.3626061
            ],
            [
              101.7149838,
              3.3645318
            ],
            [
              101.7155419,
              3.3664605
            ],
            [
              101.7161851,
              3.368558
            ],
            [
              101.7167377,
              3.3704127
            ],
            [
              101.7181248,
              3.3718317
            ],
            [
              101.7193152,
              3.3732335
            ],
            [
              101.7202819,
              3.3747454
            ],
            [
              101.7213341,
              3.3759341
            ],
            [
              101.7225459,
              3.3748613
            ]
          ]
        ]
      },
      "properties": {
        "id": "flood-corridor-842852597",
        "name": "Sungai Batu drainage corridor",
        "kind": "interpretive-drainage-corridor",
        "width_m": 180,
        "source_note": "Interpretive 90 m buffer either side of the OSM river centreline. This is NOT Jabatan Pengairan dan Saliran zon banjir, NOT MyGDI DATA BANJIR 2002/2003, and must not be read as an official floodplain.",
        "osm_id": 842852597
      }
    }
  ],
  "featureCount": 11
}
