{"type":"FeatureCollection","features":[{"type":"Feature","geometry":{"type":"Point","coordinates":[100.496496,13.75158]},"properties":{"q":"lawful-reuse","d":10.3,"f":2.7,"a":27.6,"v":1725000,"s":1,"dist":"Phra Nakhon","cl":"Bamrung Mueang\u2013Giant Swing rows"}},{"type":"Feature","geometry":{"type":"Point","coordinates":[100.497183,13.751653]},"properties":{"q":"lawful-reuse","d":12.6,"f":3.0,"a":37.6,"v":2350000,"s":1,"dist":"Phra Nakhon","cl":"Bamrung Mueang\u2013Giant Swing rows"}},{"type":"Feature","geometry":{"type":"Point","coordinates":[100.496955,13.75149]},"properties":{"q":"at-risk","d":16.3,"f":5.6,"a":90.9,"v":5681250,"s":1,"dist":"Phra Nakhon","cl":"Bamrung Mueang\u2013Giant Swing rows"}},{"type":"Feature","geometry":{"type":"Point","coordinates":[100.497266,13.751661]},"properties":{"q":"lawful-reuse","d":12.8,"f":3.0,"a":38.4,"v":2400000,"s":1,"dist":"Phra Nakhon","cl":"Bamrung Mueang\u2013Giant Swing rows"}},{"type":"Feature","geometry":{"type":"Point","coordinates":[100.497211,13.751656]},"properties":{"q":"lawful-reuse","d":12.7,"f":3.0,"a":37.9,"v":2368750,"s":1,"dist":"Phra Nakhon","cl":"Bamrung Mueang\u2013Giant Swing rows"}},{"type":"Feature","geometry":{"type":"Point","coordinates":[100.497348,13.751532]},"properties":{"q":"at-risk","d":16.8,"f":5.7,"a":92.7,"v":5793750,"s":1,"dist":"Phra Nakhon","cl":"Bamrung Mueang\u2013Giant Swing rows"}},{"type":"Feature","geometry":{"type":"Point","coordinates":[100.497451,13.751541]},"properties":{"q":"at-risk","d":16.7,"f":5.7,"a":91.8,"v":5737500,"s":1,"dist":"Phra Nakhon","cl":"Bamrung Mueang\u2013Giant Swing rows"}},{"type":"Feature","geometry":{"type":"Point","coordinates":[100.497194,13.751518]},"properties":{"q":"at-risk","d":16.9,"f":5.7,"a":94.1,"v":5881250,"s":1,"dist":"Phra Nakhon","cl":"Bamrung Mueang\u2013Giant Swing rows"}},{"type":"Feature","geometry":{"type":"Point","coordinates":[100.497296,13.751527]},"properties":{"q":"at-risk","d":16.8,"f":5.7,"a":93.3,"v":5831250,"s":1,"dist":"Phra Nakhon","cl":"Bamrung Mueang\u2013Giant Swing rows"}},{"type":"Feature","geometry":{"type":"Point","coordinates":[100.49735,13.751669]},"properties":{"q":"lawful-reuse","d":13.1,"f":3.0,"a":39.2,"v":2450000,"s":1,"dist":"Phra Nakhon","cl":"Bamrung Mueang\u2013Giant Swing rows"}},{"type":"Feature","geometry":{"type":"Point","coordinates":[100.496801,13.751474]},"properties":{"q":"at-risk","d":16.3,"f":5.6,"a":90.8,"v":5675000,"s":1,"dist":"Phra Nakhon","cl":"Bamrung Mueang\u2013Giant Swing rows"}},{"type":"Feature","geometry":{"type":"Point","coordinates":[100.496486,13.751653]},"properties":{"q":"lawful-reuse","d":10.2,"f":2.7,"a":27.3,"v":1706250,"s":1,"dist":"Phra Nakhon","cl":"Bamrung Mueang\u2013Giant Swing rows"}},{"type":"Feature","geometry":{"type":"Point","coordinates":[100.496493,13.751604]},"properties":{"q":"lawful-reuse","d":10.3,"f":2.7,"a":27.5,"v":1718750,"s":1,"dist":"Phra Nakhon","cl":"Bamrung Mueang\u2013Giant Swing rows"}},{"type":"Feature","geometry":{"type":"Point","coordinates":[100.497399,13.751536]},"properties":{"q":"at-risk","d":16.7,"f":5.6,"a":92.2,"v":5762500,"s":1,"dist":"Phra Nakhon","cl":"Bamrung Mueang\u2013Giant Swing rows"}},{"type":"Feature","geometry":{"type":"Point","coordinates":[100.497322,13.751666]},"properties":{"q":"lawful-reuse","d":13.0,"f":3.0,"a":38.9,"v":2431250,"s":1,"dist":"Phra Nakhon","cl":"Bamrung Mueang\u2013Giant Swing rows"}},{"type":"Feature","geometry":{"type":"Point","coordinates":[100.496749,13.751468]},"properties":{"q":"at-risk","d":16.3,"f":5.6,"a":90.8,"v":5675000,"s":1,"dist":"Phra Nakhon","cl":"Bamrung Mueang\u2013Giant Swing rows"}},{"type":"Feature","geometry":{"type":"Point","coordinates":[100.496958,13.751597]},"properties":{"q":"low-pressure","d":14.5,"f":3.1,"a":44.5,"v":2781250,"s":1,"dist":"Phra Nakhon","cl":"Bamrung Mueang\u2013Giant Swing rows"}},{"type":"Feature","geometry":{"type":"Point","coordinates":[100.496589,13.75146]},"properties":{"q":"at-risk","d":16.3,"f":5.6,"a":90.7,"v":5668750,"s":1,"dist":"Phra Nakhon","cl":"Bamrung Mueang\u2013Giant Swing rows"}},{"type":"Feature","geometry":{"type":"Point","coordinates":[100.496842,13.751596]},"properties":{"q":"lawful-reuse","d":8.6,"f":6.6,"a":56.7,"v":3543750,"s":0,"dist":"Phra Nakhon","cl":"Bamrung Mueang\u2013Giant Swing rows"}},{"type":"Feature","geometry":{"type":"Point","coordinates":[100.496515,13.751432]},"properties":{"q":"at-risk","d":15.4,"f":11.8,"a":147.4,"v":9212500,"s":0,"dist":"Phra Nakhon","cl":"Bamrung Mueang\u2013Giant Swing rows"}},{"type":"Feature","geometry":{"type":"Point","coordinates":[100.496903,13.751484]},"properties":{"q":"at-risk","d":16.3,"f":5.6,"a":90.7,"v":5668750,"s":1,"dist":"Phra Nakhon","cl":"Bamrung Mueang\u2013Giant Swing rows"}},{"type":"Feature","geometry":{"type":"Point","coordinates":[100.497239,13.751658]},"properties":{"q":"lawful-reuse","d":12.7,"f":3.0,"a":38.2,"v":2387500,"s":1,"dist":"Phra Nakhon","cl":"Bamrung Mueang\u2013Giant Swing rows"}},{"type":"Feature","geometry":{"type":"Point","coordinates":[100.497156,13.751631]},"properties":{"q":"lawful-reuse","d":12.5,"f":3.0,"a":37.4,"v":2337500,"s":1,"dist":"Phra Nakhon","cl":"Bamrung Mueang\u2013Giant Swing rows"}},{"type":"Feature","geometry":{"type":"Point","coordinates":[100.496698,13.751463]},"properties":{"q":"at-risk","d":16.3,"f":5.6,"a":90.7,"v":5668750,"s":1,"dist":"Phra Nakhon","cl":"Bamrung Mueang\u2013Giant Swing rows"}},{"type":"Feature","geometry":{"type":"Point","coordinates":[100.496647,13.751457]},"properties":{"q":"at-risk","d":16.3,"f":5.6,"a":90.8,"v":5675000,"s":1,"dist":"Phra Nakhon","cl":"Bamrung Mueang\u2013Giant Swing rows"}},{"type":"Feature","geometry":{"type":"Point","coordinates":[100.497006,13.751495]},"properties":{"q":"at-risk","d":16.3,"f":5.6,"a":90.7,"v":5668750,"s":1,"dist":"Phra Nakhon","cl":"Bamrung Mueang\u2013Giant Swing rows"}},{"type":"Feature","geometry":{"type":"Point","coordinates":[100.497142,13.751514]},"properties":{"q":"at-risk","d":16.9,"f":5.6,"a":94.5,"v":5906250,"s":1,"dist":"Phra Nakhon","cl":"Bamrung Mueang\u2013Giant Swing rows"}},{"type":"Feature","geometry":{"type":"Point","coordinates":[100.497245,13.751523]},"properties":{"q":"at-risk","d":16.8,"f":5.6,"a":93.5,"v":5843750,"s":1,"dist":"Phra Nakhon","cl":"Bamrung Mueang\u2013Giant Swing rows"}},{"type":"Feature","geometry":{"type":"Point","coordinates":[100.497117,13.751597]},"properties":{"q":"lawful-reuse","d":9.3,"f":3.2,"a":29.4,"v":1837500,"s":1,"dist":"Phra Nakhon","cl":"Bamrung Mueang\u2013Giant Swing rows"}},{"type":"Feature","geometry":{"type":"Point","coordinates":[100.497091,13.75151]},"properties":{"q":"at-risk","d":17.0,"f":5.7,"a":95.0,"v":5937500,"s":1,"dist":"Phra Nakhon","cl":"Bamrung Mueang\u2013Giant Swing rows"}},{"type":"Feature","geometry":{"type":"Point","coordinates":[100.496962,13.751566]},"properties":{"q":"low-pressure","d":14.5,"f":3.8,"a":54.6,"v":3412500,"s":1,"dist":"Phra Nakhon","cl":"Bamrung Mueang\u2013Giant Swing rows"}},{"type":"Feature","geometry":{"type":"Point","coordinates":[100.49649,13.751629]},"properties":{"q":"lawful-reuse","d":10.2,"f":2.7,"a":27.5,"v":1718750,"s":1,"dist":"Phra Nakhon","cl":"Bamrung Mueang\u2013Giant Swing rows"}},{"type":"Feature","geometry":{"type":"Point","coordinates":[100.496955,13.751625]},"properties":{"q":"low-pressure","d":14.5,"f":3.1,"a":44.4,"v":2775000,"s":1,"dist":"Phra Nakhon","cl":"Bamrung Mueang\u2013Giant Swing rows"}},{"type":"Feature","geometry":{"type":"Point","coordinates":[100.496504,13.751522]},"properties":{"q":"lawful-reuse","d":10.3,"f":5.4,"a":55.7,"v":3481250,"s":1,"dist":"Phra Nakhon","cl":"Bamrung Mueang\u2013Giant Swing rows"}},{"type":"Feature","geometry":{"type":"Point","coordinates":[100.497294,13.751664]},"properties":{"q":"lawful-reuse","d":12.9,"f":3.0,"a":38.7,"v":2418750,"s":1,"dist":"Phra Nakhon","cl":"Bamrung Mueang\u2013Giant Swing rows"}},{"type":"Feature","geometry":{"type":"Point","coordinates":[100.496852,13.751479]},"properties":{"q":"at-risk","d":16.3,"f":5.6,"a":90.8,"v":5675000,"s":1,"dist":"Phra Nakhon","cl":"Bamrung Mueang\u2013Giant Swing rows"}},{"type":"Feature","geometry":{"type":"Point","coordinates":[100.4966,13.751549]},"properties":{"q":"tell-the-owner","d":10.0,"f":5.9,"a":58.9,"v":3681250,"s":0,"dist":"Phra Nakhon","cl":"Bamrung Mueang\u2013Giant Swing rows"}},{"type":"Feature","geometry":{"type":"Point","coordinates":[100.496497,13.751557]},"properties":{"q":"lawful-reuse","d":10.3,"f":2.7,"a":27.7,"v":1731250,"s":1,"dist":"Phra Nakhon","cl":"Bamrung Mueang\u2013Giant Swing rows"}},{"type":"Feature","geometry":{"type":"Point","coordinates":[100.497923,13.746404]},"properties":{"q":"lawful-reuse","d":6.7,"f":2.4,"a":16.4,"v":1025000,"s":0,"dist":"Phra Nakhon","cl":"Asdang\u2013Ban Mo rowhouse block"}},{"type":"Feature","geometry":{"type":"Point","coordinates":[100.496835,13.745696]},"properties":{"q":"at-risk","d":25.4,"f":8.6,"a":219.3,"v":13706250,"s":1,"dist":"Phra Nakhon","cl":"Asdang\u2013Ban Mo rowhouse block"}},{"type":"Feature","geometry":{"type":"Point","coordinates":[100.497039,13.745678]},"properties":{"q":"at-risk","d":14.4,"f":11.2,"a":161.7,"v":10106250,"s":0,"dist":"Phra Nakhon","cl":"Asdang\u2013Ban Mo rowhouse block"}},{"type":"Feature","geometry":{"type":"Point","coordinates":[100.496776,13.745552]},"properties":{"q":"lawful-reuse","d":10.2,"f":4.3,"a":44.0,"v":2750000,"s":1,"dist":"Phra Nakhon","cl":"Asdang\u2013Ban Mo rowhouse block"}},{"type":"Feature","geometry":{"type":"Point","coordinates":[100.497953,13.746307]},"properties":{"q":"tell-the-owner","d":9.5,"f":6.2,"a":59.6,"v":3725000,"s":0,"dist":"Phra Nakhon","cl":"Asdang\u2013Ban Mo rowhouse block"}},{"type":"Feature","geometry":{"type":"Point","coordinates":[100.496744,13.745224]},"properties":{"q":"at-risk","d":62.1,"f":19.9,"a":1097.4,"v":68587500,"s":0,"dist":"Phra Nakhon","cl":"Asdang\u2013Ban Mo rowhouse block"}},{"type":"Feature","geometry":{"type":"Point","coordinates":[100.497822,13.746256]},"properties":{"q":"at-risk","d":14.1,"f":10.5,"a":147.9,"v":9243750,"s":0,"dist":"Phra Nakhon","cl":"Asdang\u2013Ban Mo rowhouse block"}},{"type":"Feature","geometry":{"type":"Point","coordinates":[100.49709,13.745925]},"properties":{"q":"at-risk","d":19.6,"f":11.5,"a":225.6,"v":14100000,"s":0,"dist":"Phra Nakhon","cl":"Asdang\u2013Ban Mo rowhouse block"}},{"type":"Feature","geometry":{"type":"Point","coordinates":[100.498246,13.746346]},"properties":{"q":"at-risk","d":13.6,"f":6.3,"a":84.0,"v":5250000,"s":1,"dist":"Phra Nakhon","cl":"Asdang\u2013Ban Mo rowhouse block"}},{"type":"Feature","geometry":{"type":"Point","coordinates":[100.49708,13.745436]},"properties":{"q":"lawful-reuse","d":9.1,"f":5.2,"a":47.1,"v":2943750,"s":0,"dist":"Phra Nakhon","cl":"Asdang\u2013Ban Mo rowhouse block"}},{"type":"Feature","geometry":{"type":"Point","coordinates":[100.497786,13.746363]},"properties":{"q":"lawful-reuse","d":8.6,"f":6.6,"a":56.6,"v":3537500,"s":0,"dist":"Phra Nakhon","cl":"Asdang\u2013Ban Mo rowhouse block"}},{"type":"Feature","geometry":{"type":"Point","coordinates":[100.497178,13.745814]},"properties":{"q":"at-risk","d":16.1,"f":11.9,"a":191.9,"v":11993750,"s":0,"dist":"Phra Nakhon","cl":"Asdang\u2013Ban Mo rowhouse block"}},{"type":"Feature","geometry":{"type":"Point","coordinates":[100.497465,13.746113]},"properties":{"q":"lawful-reuse","d":6.2,"f":5.3,"a":32.5,"v":2031250,"s":0,"dist":"Phra Nakhon","cl":"Asdang\u2013Ban Mo rowhouse block"}},{"type":"Feature","geometry":{"type":"Point","coordinates":[100.497335,13.745854]},"properties":{"q":"at-risk","d":17.8,"f":10.4,"a":179.2,"v":11200000,"s":0,"dist":"Phra Nakhon","cl":"Asdang\u2013Ban Mo rowhouse block"}},{"type":"Feature","geometry":{"type":"Point","coordinates":[100.498087,13.746287]},"properties":{"q":"lawful-reuse","d":7.5,"f":4.3,"a":31.8,"v":1987500,"s":1,"dist":"Phra Nakhon","cl":"Asdang\u2013Ban Mo rowhouse block"}},{"type":"Feature","geometry":{"type":"Point","coordinates":[100.497924,13.745784]},"properties":{"q":"at-risk","d":18.4,"f":4.8,"a":88.4,"v":5525000,"s":1,"dist":"Phra Nakhon","cl":"Asdang\u2013Ban Mo rowhouse block"}},{"type":"Feature","geometry":{"type":"Point","coordinates":[100.498202,13.746583]},"properties":{"q":"lawful-reuse","d":7.6,"f":3.9,"a":29.4,"v":1837500,"s":0,"dist":"Phra Nakhon","cl":"Asdang\u2013Ban Mo rowhouse block"}},{"type":"Feature","geometry":{"type":"Point","coordinates":[100.497624,13.746019]},"properties":{"q":"tell-the-owner","d":9.9,"f":6.5,"a":64.4,"v":4025000,"s":0,"dist":"Phra Nakhon","cl":"Asdang\u2013Ban Mo rowhouse block"}},{"type":"Feature","geometry":{"type":"Point","coordinates":[100.497719,13.745899]},"properties":{"q":"at-risk","d":14.2,"f":7.7,"a":109.5,"v":6843750,"s":0,"dist":"Phra Nakhon","cl":"Asdang\u2013Ban Mo rowhouse block"}},{"type":"Feature","geometry":{"type":"Point","coordinates":[100.497591,13.745934]},"properties":{"q":"lawful-reuse","d":8.5,"f":5.4,"a":45.4,"v":2837500,"s":0,"dist":"Phra Nakhon","cl":"Asdang\u2013Ban Mo rowhouse block"}},{"type":"Feature","geometry":{"type":"Point","coordinates":[100.497633,13.74627]},"properties":{"q":"tell-the-owner","d":13.0,"f":8.0,"a":103.1,"v":6443750,"s":0,"dist":"Phra Nakhon","cl":"Asdang\u2013Ban Mo rowhouse block"}},{"type":"Feature","geometry":{"type":"Point","coordinates":[100.496723,13.745478]},"properties":{"q":"lawful-reuse","d":7.6,"f":3.5,"a":26.4,"v":1650000,"s":1,"dist":"Phra Nakhon","cl":"Asdang\u2013Ban Mo rowhouse block"}},{"type":"Feature","geometry":{"type":"Point","coordinates":[100.497299,13.745669]},"properties":{"q":"at-risk","d":23.1,"f":10.9,"a":247.0,"v":15437500,"s":1,"dist":"Phra Nakhon","cl":"Asdang\u2013Ban Mo rowhouse block"}},{"type":"Feature","geometry":{"type":"Point","coordinates":[100.497031,13.745548]},"properties":{"q":"at-risk","d":39.8,"f":6.2,"a":230.0,"v":14375000,"s":1,"dist":"Phra Nakhon","cl":"Asdang\u2013Ban Mo rowhouse block"}},{"type":"Feature","geometry":{"type":"Point","coordinates":[100.498163,13.74623]},"properties":{"q":"at-risk","d":14.8,"f":8.8,"a":130.3,"v":8143750,"s":0,"dist":"Phra Nakhon","cl":"Asdang\u2013Ban Mo rowhouse block"}},{"type":"Feature","geometry":{"type":"Point","coordinates":[100.498289,13.74619]},"properties":{"q":"tell-the-owner","d":10.8,"f":7.0,"a":75.9,"v":4743750,"s":0,"dist":"Phra Nakhon","cl":"Asdang\u2013Ban Mo rowhouse block"}},{"type":"Feature","geometry":{"type":"Point","coordinates":[100.498423,13.746435]},"properties":{"q":"at-risk","d":17.5,"f":5.5,"a":91.0,"v":5687500,"s":1,"dist":"Phra Nakhon","cl":"Asdang\u2013Ban Mo rowhouse block"}},{"type":"Feature","geometry":{"type":"Point","coordinates":[100.498098,13.746504]},"properties":{"q":"at-risk","d":16.7,"f":7.9,"a":132.5,"v":8281250,"s":0,"dist":"Phra Nakhon","cl":"Asdang\u2013Ban Mo rowhouse block"}},{"type":"Feature","geometry":{"type":"Point","coordinates":[100.497027,13.745774]},"properties":{"q":"tell-the-owner","d":12.0,"f":5.8,"a":70.2,"v":4387500,"s":0,"dist":"Phra Nakhon","cl":"Asdang\u2013Ban Mo rowhouse block"}},{"type":"Feature","geometry":{"type":"Point","coordinates":[100.49721,13.745428]},"properties":{"q":"tell-the-owner","d":9.8,"f":8.1,"a":79.4,"v":4962500,"s":0,"dist":"Phra Nakhon","cl":"Asdang\u2013Ban Mo rowhouse block"}},{"type":"Feature","geometry":{"type":"Point","coordinates":[100.498469,13.745939]},"properties":{"q":"lawful-reuse","d":12.5,"f":4.2,"a":51.8,"v":3237500,"s":0,"dist":"Phra Nakhon","cl":"Asdang\u2013Ban Mo rowhouse block"}},{"type":"Feature","geometry":{"type":"Point","coordinates":[100.497902,13.745959]},"properties":{"q":"at-risk","d":18.4,"f":5.9,"a":108.5,"v":6781250,"s":1,"dist":"Phra Nakhon","cl":"Asdang\u2013Ban Mo rowhouse block"}},{"type":"Feature","geometry":{"type":"Point","coordinates":[100.497559,13.745736]},"properties":{"q":"at-risk","d":28.9,"f":8.3,"a":239.9,"v":14993750,"s":1,"dist":"Phra Nakhon","cl":"Asdang\u2013Ban Mo rowhouse block"}},{"type":"Feature","geometry":{"type":"Point","coordinates":[100.497897,13.745874]},"properties":{"q":"at-risk","d":16.7,"f":7.6,"a":126.8,"v":7925000,"s":0,"dist":"Phra Nakhon","cl":"Asdang\u2013Ban Mo rowhouse block"}},{"type":"Feature","geometry":{"type":"Point","coordinates":[100.497947,13.746433]},"properties":{"q":"lawful-reuse","d":8.3,"f":5.0,"a":41.0,"v":2562500,"s":0,"dist":"Phra Nakhon","cl":"Asdang\u2013Ban Mo rowhouse block"}},{"type":"Feature","geometry":{"type":"Point","coordinates":[100.498387,13.746312]},"properties":{"q":"lawful-reuse","d":8.4,"f":4.5,"a":37.6,"v":2350000,"s":0,"dist":"Phra Nakhon","cl":"Asdang\u2013Ban Mo rowhouse block"}},{"type":"Feature","geometry":{"type":"Point","coordinates":[100.498491,13.746615]},"properties":{"q":"at-risk","d":16.5,"f":5.0,"a":81.8,"v":5112500,"s":0,"dist":"Phra Nakhon","cl":"Asdang\u2013Ban Mo rowhouse block"}},{"type":"Feature","geometry":{"type":"Point","coordinates":[100.497721,13.746639]},"properties":{"q":"at-risk","d":16.2,"f":5.0,"a":81.6,"v":5100000,"s":0,"dist":"Phra Nakhon","cl":"Asdang\u2013Ban Mo rowhouse block"}},{"type":"Feature","geometry":{"type":"Point","coordinates":[100.498317,13.74598]},"properties":{"q":"tell-the-owner","d":11.7,"f":5.2,"a":60.6,"v":3787500,"s":0,"dist":"Phra Nakhon","cl":"Asdang\u2013Ban Mo rowhouse block"}},{"type":"Feature","geometry":{"type":"Point","coordinates":[100.498447,13.746072]},"properties":{"q":"lawful-reuse","d":9.3,"f":3.0,"a":27.5,"v":1718750,"s":0,"dist":"Phra Nakhon","cl":"Asdang\u2013Ban Mo rowhouse block"}},{"type":"Feature","geometry":{"type":"Point","coordinates":[100.497667,13.746414]},"properties":{"q":"tell-the-owner","d":13.5,"f":6.6,"a":89.4,"v":5587500,"s":0,"dist":"Phra Nakhon","cl":"Asdang\u2013Ban Mo rowhouse block"}},{"type":"Feature","geometry":{"type":"Point","coordinates":[100.496897,13.745456]},"properties":{"q":"tell-the-owner","d":10.6,"f":7.2,"a":75.8,"v":4737500,"s":0,"dist":"Phra Nakhon","cl":"Asdang\u2013Ban Mo rowhouse block"}},{"type":"Feature","geometry":{"type":"Point","coordinates":[100.498475,13.746319]},"properties":{"q":"at-risk","d":38.8,"f":9.7,"a":376.8,"v":23550000,"s":1,"dist":"Phra Nakhon","cl":"Asdang\u2013Ban Mo rowhouse block"}},{"type":"Feature","geometry":{"type":"Point","coordinates":[100.497033,13.745835]},"properties":{"q":"lawful-reuse","d":12.0,"f":3.1,"a":37.1,"v":2318750,"s":1,"dist":"Phra Nakhon","cl":"Asdang\u2013Ban Mo rowhouse block"}},{"type":"Feature","geometry":{"type":"Point","coordinates":[100.497395,13.746266]},"properties":{"q":"at-risk","d":35.0,"f":10.2,"a":357.9,"v":22368750,"s":1,"dist":"Phra Nakhon","cl":"Asdang\u2013Ban Mo rowhouse block"}},{"type":"Feature","geometry":{"type":"Point","coordinates":[100.496806,13.74553]},"properties":{"q":"lawful-reuse","d":5.9,"f":3.2,"a":19.0,"v":1187500,"s":0,"dist":"Phra Nakhon","cl":"Asdang\u2013Ban Mo rowhouse block"}},{"type":"Feature","geometry":{"type":"Point","coordinates":[100.496837,13.74582]},"properties":{"q":"at-risk","d":30.1,"f":12.7,"a":299.3,"v":18706250,"s":0,"dist":"Phra Nakhon","cl":"Asdang\u2013Ban Mo rowhouse block"}},{"type":"Feature","geometry":{"type":"Point","coordinates":[100.496785,13.745457]},"properties":{"q":"tell-the-owner","d":10.3,"f":8.1,"a":83.4,"v":5212500,"s":0,"dist":"Phra Nakhon","cl":"Asdang\u2013Ban Mo rowhouse block"}},{"type":"Feature","geometry":{"type":"Point","coordinates":[100.496998,13.745454]},"properties":{"q":"tell-the-owner","d":8.8,"f":7.3,"a":64.3,"v":4018750,"s":0,"dist":"Phra Nakhon","cl":"Asdang\u2013Ban Mo rowhouse block"}},{"type":"Feature","geometry":{"type":"Point","coordinates":[100.498382,13.7459]},"properties":{"q":"at-risk","d":27.0,"f":7.4,"a":199.8,"v":12487500,"s":0,"dist":"Phra Nakhon","cl":"Asdang\u2013Ban Mo rowhouse block"}},{"type":"Feature","geometry":{"type":"Point","coordinates":[100.497359,13.746002]},"properties":{"q":"tell-the-owner","d":10.3,"f":6.1,"a":63.1,"v":3943750,"s":0,"dist":"Phra Nakhon","cl":"Asdang\u2013Ban Mo rowhouse block"}},{"type":"Feature","geometry":{"type":"Point","coordinates":[100.496661,13.745516]},"properties":{"q":"at-risk","d":23.4,"f":8.0,"a":137.8,"v":8612500,"s":1,"dist":"Phra Nakhon","cl":"Asdang\u2013Ban Mo rowhouse block"}},{"type":"Feature","geometry":{"type":"Point","coordinates":[100.498321,13.74657]},"properties":{"q":"lawful-reuse","d":6.5,"f":3.1,"a":19.8,"v":1237500,"s":0,"dist":"Phra Nakhon","cl":"Asdang\u2013Ban Mo rowhouse block"}},{"type":"Feature","geometry":{"type":"Point","coordinates":[100.497846,13.746384]},"properties":{"q":"at-risk","d":16.0,"f":8.9,"a":142.1,"v":8881250,"s":0,"dist":"Phra Nakhon","cl":"Asdang\u2013Ban Mo rowhouse block"}},{"type":"Feature","geometry":{"type":"Point","coordinates":[100.498249,13.746519]},"properties":{"q":"tell-the-owner","d":12.0,"f":9.8,"a":117.8,"v":7362500,"s":0,"dist":"Phra Nakhon","cl":"Asdang\u2013Ban Mo rowhouse block"}},{"type":"Feature","geometry":{"type":"Point","coordinates":[100.497675,13.746517]},"properties":{"q":"at-risk","d":19.0,"f":9.9,"a":187.5,"v":11718750,"s":0,"dist":"Phra Nakhon","cl":"Asdang\u2013Ban Mo rowhouse block"}},{"type":"Feature","geometry":{"type":"Point","coordinates":[100.501607,13.761359]},"properties":{"q":"tell-the-owner","d":10.6,"f":5.7,"a":59.7,"v":3731250,"s":0,"dist":"Phra Nakhon","cl":"Ban Phan Thom rows"}},{"type":"Feature","geometry":{"type":"Point","coordinates":[100.502622,13.761345]},"properties":{"q":"at-risk","d":13.8,"f":8.5,"a":98.2,"v":6137500,"s":0,"dist":"Phra Nakhon","cl":"Ban Phan Thom rows"}},{"type":"Feature","geometry":{"type":"Point","coordinates":[100.503268,13.761584]},"properties":{"q":"tell-the-owner","d":12.8,"f":5.3,"a":68.2,"v":4262500,"s":0,"dist":"Phra Nakhon","cl":"Ban Phan Thom rows"}},{"type":"Feature","geometry":{"type":"Point","coordinates":[100.50284,13.761188]},"properties":{"q":"lawful-reuse","d":12.6,"f":4.1,"a":51.8,"v":3237500,"s":0,"dist":"Phra Nakhon","cl":"Ban Phan Thom rows"}},{"type":"Feature","geometry":{"type":"Point","coordinates":[100.502868,13.761561]},"properties":{"q":"tell-the-owner","d":11.6,"f":8.6,"a":99.1,"v":6193750,"s":0,"dist":"Phra Nakhon","cl":"Ban Phan Thom rows"}},{"type":"Feature","geometry":{"type":"Point","coordinates":[100.501394,13.76131]},"properties":{"q":"tell-the-owner","d":12.7,"f":10.9,"a":137.8,"v":8612500,"s":0,"dist":"Phra Nakhon","cl":"Ban Phan Thom rows"}},{"type":"Feature","geometry":{"type":"Point","coordinates":[100.502563,13.76149]},"properties":{"q":"lawful-reuse","d":6.1,"f":5.2,"a":29.5,"v":1843750,"s":0,"dist":"Phra Nakhon","cl":"Ban Phan Thom rows"}},{"type":"Feature","geometry":{"type":"Point","coordinates":[100.502833,13.761338]},"properties":{"q":"at-risk","d":15.3,"f":7.7,"a":112.6,"v":7037500,"s":0,"dist":"Phra Nakhon","cl":"Ban Phan Thom rows"}},{"type":"Feature","geometry":{"type":"Point","coordinates":[100.50234,13.761712]},"properties":{"q":"at-risk","d":16.9,"f":12.1,"a":105.3,"v":6581250,"s":0,"dist":"Phra Nakhon","cl":"Ban Phan Thom rows"}},{"type":"Feature","geometry":{"type":"Point","coordinates":[100.50228,13.761342]},"properties":{"q":"at-risk","d":20.5,"f":7.5,"a":153.6,"v":9600000,"s":1,"dist":"Phra Nakhon","cl":"Ban Phan Thom rows"}},{"type":"Feature","geometry":{"type":"Point","coordinates":[100.501986,13.761816]},"properties":{"q":"lawful-reuse","d":7.0,"f":3.8,"a":26.9,"v":1681250,"s":0,"dist":"Phra Nakhon","cl":"Ban Phan Thom rows"}},{"type":"Feature","geometry":{"type":"Point","coordinates":[100.502797,13.761491]},"properties":{"q":"at-risk","d":16.5,"f":10.9,"a":136.1,"v":8506250,"s":0,"dist":"Phra Nakhon","cl":"Ban Phan Thom rows"}},{"type":"Feature","geometry":{"type":"Point","coordinates":[100.500757,13.760914]},"properties":{"q":"at-risk","d":17.8,"f":9.2,"a":163.7,"v":10231250,"s":0,"dist":"Phra Nakhon","cl":"Ban Phan Thom rows"}},{"type":"Feature","geometry":{"type":"Point","coordinates":[100.502466,13.761528]},"properties":{"q":"tell-the-owner","d":12.1,"f":7.5,"a":84.1,"v":5256250,"s":0,"dist":"Phra Nakhon","cl":"Ban Phan Thom rows"}},{"type":"Feature","geometry":{"type":"Point","coordinates":[100.502092,13.761922]},"properties":{"q":"lawful-reuse","d":8.0,"f":3.9,"a":30.9,"v":1931250,"s":0,"dist":"Phra Nakhon","cl":"Ban Phan Thom rows"}},{"type":"Feature","geometry":{"type":"Point","coordinates":[100.50164,13.761546]},"properties":{"q":"at-risk","d":23.0,"f":9.8,"a":225.5,"v":14093750,"s":1,"dist":"Phra Nakhon","cl":"Ban Phan Thom rows"}},{"type":"Feature","geometry":{"type":"Point","coordinates":[100.502162,13.761893]},"properties":{"q":"at-risk","d":14.6,"f":4.1,"a":60.1,"v":3756250,"s":1,"dist":"Phra Nakhon","cl":"Ban Phan Thom rows"}},{"type":"Feature","geometry":{"type":"Point","coordinates":[100.500963,13.760951]},"properties":{"q":"at-risk","d":33.7,"f":10.0,"a":311.3,"v":19456250,"s":0,"dist":"Phra Nakhon","cl":"Ban Phan Thom rows"}},{"type":"Feature","geometry":{"type":"Point","coordinates":[100.502793,13.761629]},"properties":{"q":"tell-the-owner","d":11.5,"f":8.6,"a":94.2,"v":5887500,"s":0,"dist":"Phra Nakhon","cl":"Ban Phan Thom rows"}},{"type":"Feature","geometry":{"type":"Point","coordinates":[100.501657,13.761935]},"properties":{"q":"at-risk","d":34.6,"f":19.9,"a":504.7,"v":31543750,"s":0,"dist":"Phra Nakhon","cl":"Ban Phan Thom rows"}},{"type":"Feature","geometry":{"type":"Point","coordinates":[100.503228,13.761522]},"properties":{"q":"at-risk","d":48.1,"f":11.2,"a":538.7,"v":33668750,"s":1,"dist":"Phra Nakhon","cl":"Ban Phan Thom rows"}},{"type":"Feature","geometry":{"type":"Point","coordinates":[100.502125,13.761793]},"properties":{"q":"lawful-reuse","d":7.8,"f":4.8,"a":37.4,"v":2337500,"s":0,"dist":"Phra Nakhon","cl":"Ban Phan Thom rows"}},{"type":"Feature","geometry":{"type":"Point","coordinates":[100.501281,13.76139]},"properties":{"q":"tell-the-owner","d":12.7,"f":8.9,"a":96.0,"v":6000000,"s":0,"dist":"Phra Nakhon","cl":"Ban Phan Thom rows"}},{"type":"Feature","geometry":{"type":"Point","coordinates":[100.502366,13.761804]},"properties":{"q":"at-risk","d":14.7,"f":6.7,"a":98.1,"v":6131250,"s":0,"dist":"Phra Nakhon","cl":"Ban Phan Thom rows"}},{"type":"Feature","geometry":{"type":"Point","coordinates":[100.502276,13.761857]},"properties":{"q":"at-risk","d":13.9,"f":6.2,"a":86.9,"v":5431250,"s":0,"dist":"Phra Nakhon","cl":"Ban Phan Thom rows"}},{"type":"Feature","geometry":{"type":"Point","coordinates":[100.502587,13.761779]},"properties":{"q":"tell-the-owner","d":12.1,"f":9.3,"a":106.5,"v":6656250,"s":0,"dist":"Phra Nakhon","cl":"Ban Phan Thom rows"}},{"type":"Feature","geometry":{"type":"Point","coordinates":[100.501674,13.761238]},"properties":{"q":"low-pressure","d":16.0,"f":3.1,"a":48.8,"v":3050000,"s":1,"dist":"Phra Nakhon","cl":"Ban Phan Thom rows"}},{"type":"Feature","geometry":{"type":"Point","coordinates":[100.501247,13.761561]},"properties":{"q":"at-risk","d":21.1,"f":12.0,"a":252.9,"v":15806250,"s":0,"dist":"Phra Nakhon","cl":"Ban Phan Thom rows"}},{"type":"Feature","geometry":{"type":"Point","coordinates":[100.502685,13.761346]},"properties":{"q":"at-risk","d":23.9,"f":13.2,"a":179.4,"v":11212500,"s":0,"dist":"Phra Nakhon","cl":"Ban Phan Thom rows"}},{"type":"Feature","geometry":{"type":"Point","coordinates":[100.503277,13.761263]},"properties":{"q":"at-risk","d":18.6,"f":5.9,"a":109.9,"v":6868750,"s":1,"dist":"Phra Nakhon","cl":"Ban Phan Thom rows"}},{"type":"Feature","geometry":{"type":"Point","coordinates":[100.501505,13.76121]},"properties":{"q":"tell-the-owner","d":12.2,"f":7.1,"a":86.8,"v":5425000,"s":0,"dist":"Phra Nakhon","cl":"Ban Phan Thom rows"}},{"type":"Feature","geometry":{"type":"Point","coordinates":[100.501756,13.761124]},"properties":{"q":"lawful-reuse","d":9.1,"f":3.3,"a":25.5,"v":1593750,"s":0,"dist":"Phra Nakhon","cl":"Ban Phan Thom rows"}},{"type":"Feature","geometry":{"type":"Point","coordinates":[100.501862,13.762009]},"properties":{"q":"lawful-reuse","d":7.8,"f":4.0,"a":31.3,"v":1956250,"s":0,"dist":"Phra Nakhon","cl":"Ban Phan Thom rows"}},{"type":"Feature","geometry":{"type":"Point","coordinates":[100.502481,13.761425]},"properties":{"q":"at-risk","d":23.3,"f":4.8,"a":110.9,"v":6931250,"s":1,"dist":"Phra Nakhon","cl":"Ban Phan Thom rows"}},{"type":"Feature","geometry":{"type":"Point","coordinates":[100.502992,13.761454]},"properties":{"q":"tell-the-owner","d":11.2,"f":9.2,"a":103.8,"v":6487500,"s":0,"dist":"Phra Nakhon","cl":"Ban Phan Thom rows"}},{"type":"Feature","geometry":{"type":"Point","coordinates":[100.5021,13.761888]},"properties":{"q":"lawful-reuse","d":11.5,"f":4.1,"a":47.7,"v":2981250,"s":1,"dist":"Phra Nakhon","cl":"Ban Phan Thom rows"}},{"type":"Feature","geometry":{"type":"Point","coordinates":[100.503054,13.761299]},"properties":{"q":"at-risk","d":31.6,"f":14.3,"a":294.6,"v":18412500,"s":0,"dist":"Phra Nakhon","cl":"Ban Phan Thom rows"}},{"type":"Feature","geometry":{"type":"Point","coordinates":[100.501092,13.761319]},"properties":{"q":"at-risk","d":16.8,"f":10.2,"a":170.4,"v":10650000,"s":0,"dist":"Phra Nakhon","cl":"Ban Phan Thom rows"}},{"type":"Feature","geometry":{"type":"Point","coordinates":[100.501784,13.761343]},"properties":{"q":"at-risk","d":22.9,"f":8.0,"a":182.5,"v":11406250,"s":1,"dist":"Phra Nakhon","cl":"Ban Phan Thom rows"}},{"type":"Feature","geometry":{"type":"Point","coordinates":[100.501862,13.761933]},"properties":{"q":"at-risk","d":15.2,"f":8.6,"a":120.8,"v":7550000,"s":0,"dist":"Phra Nakhon","cl":"Ban Phan Thom rows"}},{"type":"Feature","geometry":{"type":"Point","coordinates":[100.502769,13.76127]},"properties":{"q":"at-risk","d":14.2,"f":9.6,"a":127.9,"v":7993750,"s":0,"dist":"Phra Nakhon","cl":"Ban Phan Thom rows"}},{"type":"Feature","geometry":{"type":"Point","coordinates":[100.503128,13.761386]},"properties":{"q":"lawful-reuse","d":9.5,"f":5.9,"a":56.0,"v":3500000,"s":0,"dist":"Phra Nakhon","cl":"Ban Phan Thom rows"}},{"type":"Feature","geometry":{"type":"Point","coordinates":[100.501641,13.761245]},"properties":{"q":"at-risk","d":16.7,"f":4.5,"a":70.8,"v":4425000,"s":1,"dist":"Phra Nakhon","cl":"Ban Phan Thom rows"}},{"type":"Feature","geometry":{"type":"Point","coordinates":[100.502901,13.761394]},"properties":{"q":"tell-the-owner","d":12.1,"f":10.4,"a":105.0,"v":6562500,"s":0,"dist":"Phra Nakhon","cl":"Ban Phan Thom rows"}},{"type":"Feature","geometry":{"type":"Point","coordinates":[100.502005,13.762018]},"properties":{"q":"at-risk","d":17.7,"f":8.0,"a":141.8,"v":8862500,"s":0,"dist":"Phra Nakhon","cl":"Ban Phan Thom rows"}},{"type":"Feature","geometry":{"type":"Point","coordinates":[100.502223,13.761805]},"properties":{"q":"lawful-reuse","d":9.7,"f":4.1,"a":39.3,"v":2456250,"s":1,"dist":"Phra Nakhon","cl":"Ban Phan Thom rows"}},{"type":"Feature","geometry":{"type":"Point","coordinates":[100.501959,13.761928]},"properties":{"q":"lawful-reuse","d":7.0,"f":4.4,"a":30.6,"v":1912500,"s":0,"dist":"Phra Nakhon","cl":"Ban Phan Thom rows"}},{"type":"Feature","geometry":{"type":"Point","coordinates":[100.502235,13.76204]},"properties":{"q":"at-risk","d":22.1,"f":11.5,"a":199.5,"v":12468750,"s":0,"dist":"Phra Nakhon","cl":"Ban Phan Thom rows"}},{"type":"Feature","geometry":{"type":"Point","coordinates":[100.501464,13.761268]},"properties":{"q":"lawful-reuse","d":10.9,"f":2.9,"a":31.2,"v":1950000,"s":1,"dist":"Phra Nakhon","cl":"Ban Phan Thom rows"}},{"type":"Feature","geometry":{"type":"Point","coordinates":[100.516176,13.724744]},"properties":{"q":"at-risk","d":17.9,"f":5.1,"a":91.7,"v":5731250,"s":0,"dist":"Bang Rak","cl":"Bang Rak multicultural rows"}},{"type":"Feature","geometry":{"type":"Point","coordinates":[100.515292,13.728687]},"properties":{"q":"at-risk","d":30.9,"f":6.8,"a":208.5,"v":13031250,"s":0,"dist":"Bang Rak","cl":"Bang Rak multicultural rows"}},{"type":"Feature","geometry":{"type":"Point","coordinates":[100.517388,13.723794]},"properties":{"q":"at-risk","d":15.1,"f":5.4,"a":81.8,"v":5112500,"s":1,"dist":"Bang Rak","cl":"Bang Rak multicultural rows"}},{"type":"Feature","geometry":{"type":"Point","coordinates":[100.51739,13.723549]},"properties":{"q":"low-pressure","d":14.4,"f":3.8,"a":54.6,"v":3412500,"s":1,"dist":"Bang Rak","cl":"Bang Rak multicultural rows"}},{"type":"Feature","geometry":{"type":"Point","coordinates":[100.515958,13.726453]},"properties":{"q":"at-risk","d":26.6,"f":13.0,"a":260.4,"v":16275000,"s":0,"dist":"Bang Rak","cl":"Bang Rak multicultural rows"}},{"type":"Feature","geometry":{"type":"Point","coordinates":[100.516462,13.725]},"properties":{"q":"at-risk","d":17.2,"f":3.9,"a":67.8,"v":4237500,"s":1,"dist":"Bang Rak","cl":"Bang Rak multicultural rows"}},{"type":"Feature","geometry":{"type":"Point","coordinates":[100.515105,13.728616]},"properties":{"q":"at-risk","d":30.1,"f":8.8,"a":239.4,"v":14962500,"s":0,"dist":"Bang Rak","cl":"Bang Rak multicultural rows"}},{"type":"Feature","geometry":{"type":"Point","coordinates":[100.516736,13.725045]},"properties":{"q":"at-risk","d":18.5,"f":3.4,"a":63.4,"v":3962500,"s":1,"dist":"Bang Rak","cl":"Bang Rak multicultural rows"}},{"type":"Feature","geometry":{"type":"Point","coordinates":[100.516815,13.723355]},"properties":{"q":"lawful-reuse","d":12.0,"f":3.6,"a":42.5,"v":2656250,"s":0,"dist":"Bang Rak","cl":"Bang Rak multicultural rows"}},{"type":"Feature","geometry":{"type":"Point","coordinates":[100.516927,13.72475]},"properties":{"q":"at-risk","d":14.2,"f":9.3,"a":132.4,"v":8275000,"s":0,"dist":"Bang Rak","cl":"Bang Rak multicultural rows"}},{"type":"Feature","geometry":{"type":"Point","coordinates":[100.516938,13.723469]},"properties":{"q":"lawful-reuse","d":12.0,"f":3.6,"a":43.1,"v":2693750,"s":1,"dist":"Bang Rak","cl":"Bang Rak multicultural rows"}},{"type":"Feature","geometry":{"type":"Point","coordinates":[100.516547,13.725025]},"properties":{"q":"at-risk","d":18.5,"f":3.4,"a":63.4,"v":3962500,"s":1,"dist":"Bang Rak","cl":"Bang Rak multicultural rows"}},{"type":"Feature","geometry":{"type":"Point","coordinates":[100.516769,13.723513]},"properties":{"q":"tell-the-owner","d":13.0,"f":5.0,"a":64.8,"v":4050000,"s":0,"dist":"Bang Rak","cl":"Bang Rak multicultural rows"}},{"type":"Feature","geometry":{"type":"Point","coordinates":[100.515514,13.728164]},"properties":{"q":"at-risk","d":16.1,"f":3.9,"a":63.1,"v":3943750,"s":0,"dist":"Bang Rak","cl":"Bang Rak multicultural rows"}},{"type":"Feature","geometry":{"type":"Point","coordinates":[100.516749,13.725632]},"properties":{"q":"at-risk","d":93.2,"f":22.5,"a":1552.6,"v":97037500,"s":0,"dist":"Bang Rak","cl":"Bang Rak multicultural rows"}},{"type":"Feature","geometry":{"type":"Point","coordinates":[100.517118,13.723128]},"properties":{"q":"at-risk","d":23.1,"f":13.3,"a":306.3,"v":19143750,"s":0,"dist":"Bang Rak","cl":"Bang Rak multicultural rows"}},{"type":"Feature","geometry":{"type":"Point","coordinates":[100.517395,13.723515]},"properties":{"q":"low-pressure","d":14.4,"f":3.8,"a":54.7,"v":3418750,"s":1,"dist":"Bang Rak","cl":"Bang Rak multicultural rows"}},{"type":"Feature","geometry":{"type":"Point","coordinates":[100.516458,13.725036]},"properties":{"q":"at-risk","d":17.2,"f":4.0,"a":68.0,"v":4250000,"s":1,"dist":"Bang Rak","cl":"Bang Rak multicultural rows"}},{"type":"Feature","geometry":{"type":"Point","coordinates":[100.516679,13.724881]},"properties":{"q":"at-risk","d":15.8,"f":4.1,"a":64.4,"v":4025000,"s":1,"dist":"Bang Rak","cl":"Bang Rak multicultural rows"}},{"type":"Feature","geometry":{"type":"Point","coordinates":[100.516945,13.724559]},"properties":{"q":"at-risk","d":16.3,"f":9.3,"a":152.1,"v":9506250,"s":0,"dist":"Bang Rak","cl":"Bang Rak multicultural rows"}},{"type":"Feature","geometry":{"type":"Point","coordinates":[100.517204,13.724633]},"properties":{"q":"at-risk","d":33.6,"f":10.8,"a":350.0,"v":21875000,"s":0,"dist":"Bang Rak","cl":"Bang Rak multicultural rows"}},{"type":"Feature","geometry":{"type":"Point","coordinates":[100.516717,13.724884]},"properties":{"q":"at-risk","d":15.8,"f":4.1,"a":64.6,"v":4037500,"s":1,"dist":"Bang Rak","cl":"Bang Rak multicultural rows"}},{"type":"Feature","geometry":{"type":"Point","coordinates":[100.516482,13.724738]},"properties":{"q":"at-risk","d":18.7,"f":4.6,"a":83.1,"v":5193750,"s":1,"dist":"Bang Rak","cl":"Bang Rak multicultural rows"}},{"type":"Feature","geometry":{"type":"Point","coordinates":[100.515524,13.72813]},"properties":{"q":"at-risk","d":16.1,"f":3.9,"a":63.1,"v":3943750,"s":0,"dist":"Bang Rak","cl":"Bang Rak multicultural rows"}},{"type":"Feature","geometry":{"type":"Point","coordinates":[100.517374,13.723891]},"properties":{"q":"at-risk","d":15.1,"f":5.4,"a":81.8,"v":5112500,"s":1,"dist":"Bang Rak","cl":"Bang Rak multicultural rows"}},{"type":"Feature","geometry":{"type":"Point","coordinates":[100.516578,13.725029]},"properties":{"q":"at-risk","d":18.5,"f":3.4,"a":63.5,"v":3968750,"s":1,"dist":"Bang Rak","cl":"Bang Rak multicultural rows"}},{"type":"Feature","geometry":{"type":"Point","coordinates":[100.517067,13.723305]},"properties":{"q":"tell-the-owner","d":10.3,"f":7.1,"a":72.9,"v":4556250,"s":0,"dist":"Bang Rak","cl":"Bang Rak multicultural rows"}},{"type":"Feature","geometry":{"type":"Point","coordinates":[100.517378,13.723638]},"properties":{"q":"at-risk","d":14.4,"f":7.6,"a":109.4,"v":6837500,"s":0,"dist":"Bang Rak","cl":"Bang Rak multicultural rows"}},{"type":"Feature","geometry":{"type":"Point","coordinates":[100.515425,13.7265]},"properties":{"q":"lawful-reuse","d":9.7,"f":4.3,"a":42.0,"v":2625000,"s":0,"dist":"Bang Rak","cl":"Bang Rak multicultural rows"}},{"type":"Feature","geometry":{"type":"Point","coordinates":[100.51661,13.725032]},"properties":{"q":"at-risk","d":18.5,"f":3.4,"a":63.5,"v":3968750,"s":1,"dist":"Bang Rak","cl":"Bang Rak multicultural rows"}},{"type":"Feature","geometry":{"type":"Point","coordinates":[100.516466,13.724965]},"properties":{"q":"at-risk","d":17.2,"f":3.9,"a":67.8,"v":4237500,"s":1,"dist":"Bang Rak","cl":"Bang Rak multicultural rows"}},{"type":"Feature","geometry":{"type":"Point","coordinates":[100.516751,13.723663]},"properties":{"q":"tell-the-owner","d":13.0,"f":5.0,"a":64.7,"v":4043750,"s":0,"dist":"Bang Rak","cl":"Bang Rak multicultural rows"}},{"type":"Feature","geometry":{"type":"Point","coordinates":[100.515538,13.727874]},"properties":{"q":"at-risk","d":15.0,"f":4.5,"a":67.6,"v":4225000,"s":1,"dist":"Bang Rak","cl":"Bang Rak multicultural rows"}},{"type":"Feature","geometry":{"type":"Point","coordinates":[100.516862,13.725059]},"properties":{"q":"at-risk","d":18.5,"f":3.4,"a":63.4,"v":3962500,"s":1,"dist":"Bang Rak","cl":"Bang Rak multicultural rows"}},{"type":"Feature","geometry":{"type":"Point","coordinates":[100.516942,13.723436]},"properties":{"q":"lawful-reuse","d":12.0,"f":3.7,"a":44.8,"v":2800000,"s":1,"dist":"Bang Rak","cl":"Bang Rak multicultural rows"}},{"type":"Feature","geometry":{"type":"Point","coordinates":[100.516642,13.724877]},"properties":{"q":"at-risk","d":15.8,"f":4.1,"a":64.4,"v":4025000,"s":1,"dist":"Bang Rak","cl":"Bang Rak multicultural rows"}},{"type":"Feature","geometry":{"type":"Point","coordinates":[100.516799,13.725052]},"properties":{"q":"at-risk","d":18.5,"f":3.4,"a":63.5,"v":3968750,"s":1,"dist":"Bang Rak","cl":"Bang Rak multicultural rows"}},{"type":"Feature","geometry":{"type":"Point","coordinates":[100.516464,13.724901]},"properties":{"q":"at-risk","d":18.6,"f":4.5,"a":84.3,"v":5268750,"s":1,"dist":"Bang Rak","cl":"Bang Rak multicultural rows"}},{"type":"Feature","geometry":{"type":"Point","coordinates":[100.516567,13.72487]},"properties":{"q":"at-risk","d":15.8,"f":4.1,"a":64.4,"v":4025000,"s":1,"dist":"Bang Rak","cl":"Bang Rak multicultural rows"}},{"type":"Feature","geometry":{"type":"Point","coordinates":[100.516062,13.72532]},"properties":{"q":"tell-the-owner","d":11.5,"f":5.9,"a":61.8,"v":3862500,"s":0,"dist":"Bang Rak","cl":"Bang Rak multicultural rows"}},{"type":"Feature","geometry":{"type":"Point","coordinates":[100.516583,13.724725]},"properties":{"q":"at-risk","d":15.8,"f":4.1,"a":64.4,"v":4025000,"s":1,"dist":"Bang Rak","cl":"Bang Rak multicultural rows"}},{"type":"Feature","geometry":{"type":"Point","coordinates":[100.51736,13.723988]},"properties":{"q":"at-risk","d":15.1,"f":5.4,"a":81.8,"v":5112500,"s":1,"dist":"Bang Rak","cl":"Bang Rak multicultural rows"}},{"type":"Feature","geometry":{"type":"Point","coordinates":[100.516649,13.724383]},"properties":{"q":"at-risk","d":47.5,"f":12.0,"a":569.9,"v":35618750,"s":1,"dist":"Bang Rak","cl":"Bang Rak multicultural rows"}},{"type":"Feature","geometry":{"type":"Point","coordinates":[100.515999,13.726236]},"properties":{"q":"at-risk","d":23.8,"f":13.4,"a":282.9,"v":17681250,"s":0,"dist":"Bang Rak","cl":"Bang Rak multicultural rows"}},{"type":"Feature","geometry":{"type":"Point","coordinates":[100.516763,13.724556]},"properties":{"q":"at-risk","d":33.5,"f":17.5,"a":585.7,"v":36606250,"s":1,"dist":"Bang Rak","cl":"Bang Rak multicultural rows"}},{"type":"Feature","geometry":{"type":"Point","coordinates":[100.516861,13.723523]},"properties":{"q":"tell-the-owner","d":13.0,"f":5.0,"a":64.8,"v":4050000,"s":0,"dist":"Bang Rak","cl":"Bang Rak multicultural rows"}},{"type":"Feature","geometry":{"type":"Point","coordinates":[100.516673,13.725039]},"properties":{"q":"at-risk","d":18.5,"f":3.4,"a":63.4,"v":3962500,"s":1,"dist":"Bang Rak","cl":"Bang Rak multicultural rows"}},{"type":"Feature","geometry":{"type":"Point","coordinates":[100.516621,13.724222]},"properties":{"q":"at-risk","d":23.4,"f":9.4,"a":220.0,"v":13750000,"s":0,"dist":"Bang Rak","cl":"Bang Rak multicultural rows"}},{"type":"Feature","geometry":{"type":"Point","coordinates":[100.516803,13.723454]},"properties":{"q":"lawful-reuse","d":12.0,"f":3.6,"a":43.1,"v":2693750,"s":0,"dist":"Bang Rak","cl":"Bang Rak multicultural rows"}},{"type":"Feature","geometry":{"type":"Point","coordinates":[100.516915,13.723296]},"properties":{"q":"lawful-reuse","d":13.5,"f":4.0,"a":53.6,"v":3350000,"s":0,"dist":"Bang Rak","cl":"Bang Rak multicultural rows"}},{"type":"Feature","geometry":{"type":"Point","coordinates":[100.516469,13.72486]},"properties":{"q":"at-risk","d":18.6,"f":4.5,"a":84.2,"v":5262500,"s":1,"dist":"Bang Rak","cl":"Bang Rak multicultural rows"}},{"type":"Feature","geometry":{"type":"Point","coordinates":[100.516843,13.723675]},"properties":{"q":"tell-the-owner","d":13.0,"f":5.0,"a":64.6,"v":4037500,"s":0,"dist":"Bang Rak","cl":"Bang Rak multicultural rows"}},{"type":"Feature","geometry":{"type":"Point","coordinates":[100.516621,13.724728]},"properties":{"q":"at-risk","d":15.8,"f":4.1,"a":64.6,"v":4037500,"s":1,"dist":"Bang Rak","cl":"Bang Rak multicultural rows"}},{"type":"Feature","geometry":{"type":"Point","coordinates":[100.516854,13.72329]},"properties":{"q":"lawful-reuse","d":13.5,"f":3.9,"a":52.3,"v":3268750,"s":0,"dist":"Bang Rak","cl":"Bang Rak multicultural rows"}},{"type":"Feature","geometry":{"type":"Point","coordinates":[100.516608,13.724132]},"properties":{"q":"at-risk","d":23.9,"f":3.7,"a":80.7,"v":5043750,"s":1,"dist":"Bang Rak","cl":"Bang Rak multicultural rows"}},{"type":"Feature","geometry":{"type":"Point","coordinates":[100.516542,13.725275]},"properties":{"q":"at-risk","d":71.2,"f":21.7,"a":1532.6,"v":95787500,"s":0,"dist":"Bang Rak","cl":"Bang Rak multicultural rows"}},{"type":"Feature","geometry":{"type":"Point","coordinates":[100.516473,13.724819]},"properties":{"q":"at-risk","d":18.6,"f":4.5,"a":84.3,"v":5268750,"s":1,"dist":"Bang Rak","cl":"Bang Rak multicultural rows"}},{"type":"Feature","geometry":{"type":"Point","coordinates":[100.517257,13.723109]},"properties":{"q":"at-risk","d":16.2,"f":11.2,"a":181.0,"v":11312500,"s":0,"dist":"Bang Rak","cl":"Bang Rak multicultural rows"}},{"type":"Feature","geometry":{"type":"Point","coordinates":[100.516754,13.724888]},"properties":{"q":"at-risk","d":15.8,"f":4.1,"a":64.4,"v":4025000,"s":1,"dist":"Bang Rak","cl":"Bang Rak multicultural rows"}},{"type":"Feature","geometry":{"type":"Point","coordinates":[100.516156,13.724928]},"properties":{"q":"at-risk","d":17.9,"f":5.1,"a":91.7,"v":5731250,"s":0,"dist":"Bang Rak","cl":"Bang Rak multicultural rows"}},{"type":"Feature","geometry":{"type":"Point","coordinates":[100.517027,13.723496]},"properties":{"q":"at-risk","d":15.6,"f":8.5,"a":132.7,"v":8293750,"s":0,"dist":"Bang Rak","cl":"Bang Rak multicultural rows"}},{"type":"Feature","geometry":{"type":"Point","coordinates":[100.515535,13.728096]},"properties":{"q":"at-risk","d":16.1,"f":3.9,"a":63.1,"v":3943750,"s":0,"dist":"Bang Rak","cl":"Bang Rak multicultural rows"}},{"type":"Feature","geometry":{"type":"Point","coordinates":[100.515607,13.726241]},"properties":{"q":"lawful-reuse","d":7.4,"f":4.9,"a":36.4,"v":2275000,"s":0,"dist":"Bang Rak","cl":"Bang Rak multicultural rows"}},{"type":"Feature","geometry":{"type":"Point","coordinates":[100.517121,13.724303]},"properties":{"q":"tell-the-owner","d":10.8,"f":8.3,"a":90.1,"v":5631250,"s":0,"dist":"Bang Rak","cl":"Bang Rak multicultural rows"}},{"type":"Feature","geometry":{"type":"Point","coordinates":[100.516617,13.724304]},"properties":{"q":"at-risk","d":25.6,"f":8.2,"a":209.3,"v":13081250,"s":1,"dist":"Bang Rak","cl":"Bang Rak multicultural rows"}},{"type":"Feature","geometry":{"type":"Point","coordinates":[100.516906,13.723529]},"properties":{"q":"tell-the-owner","d":13.0,"f":5.0,"a":64.7,"v":4043750,"s":0,"dist":"Bang Rak","cl":"Bang Rak multicultural rows"}},{"type":"Feature","geometry":{"type":"Point","coordinates":[100.516487,13.72581]},"properties":{"q":"at-risk","d":14.2,"f":8.3,"a":117.4,"v":7337500,"s":0,"dist":"Bang Rak","cl":"Bang Rak multicultural rows"}},{"type":"Feature","geometry":{"type":"Point","coordinates":[100.517385,13.723583]},"properties":{"q":"low-pressure","d":14.4,"f":3.8,"a":54.6,"v":3412500,"s":1,"dist":"Bang Rak","cl":"Bang Rak multicultural rows"}},{"type":"Feature","geometry":{"type":"Point","coordinates":[100.516659,13.724019]},"properties":{"q":"at-risk","d":40.7,"f":5.0,"a":193.6,"v":12100000,"s":0,"dist":"Bang Rak","cl":"Bang Rak multicultural rows"}},{"type":"Feature","geometry":{"type":"Point","coordinates":[100.516095,13.725442]},"properties":{"q":"at-risk","d":40.4,"f":16.1,"a":476.9,"v":29806250,"s":0,"dist":"Bang Rak","cl":"Bang Rak multicultural rows"}},{"type":"Feature","geometry":{"type":"Point","coordinates":[100.517381,13.723842]},"properties":{"q":"at-risk","d":15.1,"f":5.4,"a":82.0,"v":5125000,"s":1,"dist":"Bang Rak","cl":"Bang Rak multicultural rows"}},{"type":"Feature","geometry":{"type":"Point","coordinates":[100.516704,13.725042]},"properties":{"q":"at-risk","d":18.5,"f":3.4,"a":63.5,"v":3968750,"s":1,"dist":"Bang Rak","cl":"Bang Rak multicultural rows"}},{"type":"Feature","geometry":{"type":"Point","coordinates":[100.515708,13.726367]},"properties":{"q":"lawful-reuse","d":7.9,"f":6.0,"a":47.3,"v":2956250,"s":0,"dist":"Bang Rak","cl":"Bang Rak multicultural rows"}},{"type":"Feature","geometry":{"type":"Point","coordinates":[100.516013,13.725922]},"properties":{"q":"at-risk","d":48.5,"f":23.2,"a":888.5,"v":55531250,"s":0,"dist":"Bang Rak","cl":"Bang Rak multicultural rows"}},{"type":"Feature","geometry":{"type":"Point","coordinates":[100.515618,13.72608]},"properties":{"q":"lawful-reuse","d":6.9,"f":3.7,"a":25.7,"v":1606250,"s":0,"dist":"Bang Rak","cl":"Bang Rak multicultural rows"}},{"type":"Feature","geometry":{"type":"Point","coordinates":[100.517371,13.723685]},"properties":{"q":"low-pressure","d":14.4,"f":3.8,"a":54.6,"v":3412500,"s":1,"dist":"Bang Rak","cl":"Bang Rak multicultural rows"}},{"type":"Feature","geometry":{"type":"Point","coordinates":[100.516771,13.724743]},"properties":{"q":"at-risk","d":15.8,"f":4.1,"a":64.4,"v":4025000,"s":1,"dist":"Bang Rak","cl":"Bang Rak multicultural rows"}},{"type":"Feature","geometry":{"type":"Point","coordinates":[100.516696,13.724735]},"properties":{"q":"at-risk","d":15.8,"f":4.1,"a":64.4,"v":4025000,"s":1,"dist":"Bang Rak","cl":"Bang Rak multicultural rows"}},{"type":"Feature","geometry":{"type":"Point","coordinates":[100.516952,13.723534]},"properties":{"q":"tell-the-owner","d":13.0,"f":5.0,"a":64.8,"v":4050000,"s":1,"dist":"Bang Rak","cl":"Bang Rak multicultural rows"}},{"type":"Feature","geometry":{"type":"Point","coordinates":[100.517409,13.72342]},"properties":{"q":"at-risk","d":14.4,"f":11.4,"a":164.0,"v":10250000,"s":0,"dist":"Bang Rak","cl":"Bang Rak multicultural rows"}},{"type":"Feature","geometry":{"type":"Point","coordinates":[100.516734,13.724739]},"properties":{"q":"at-risk","d":15.8,"f":4.1,"a":64.5,"v":4031250,"s":1,"dist":"Bang Rak","cl":"Bang Rak multicultural rows"}},{"type":"Feature","geometry":{"type":"Point","coordinates":[100.516454,13.725072]},"properties":{"q":"at-risk","d":17.2,"f":3.9,"a":67.8,"v":4237500,"s":1,"dist":"Bang Rak","cl":"Bang Rak multicultural rows"}},{"type":"Feature","geometry":{"type":"Point","coordinates":[100.515426,13.728215]},"properties":{"q":"lawful-reuse","d":11.3,"f":3.9,"a":44.7,"v":2793750,"s":0,"dist":"Bang Rak","cl":"Bang Rak multicultural rows"}},{"type":"Feature","geometry":{"type":"Point","coordinates":[100.516604,13.724874]},"properties":{"q":"at-risk","d":15.8,"f":4.1,"a":64.6,"v":4037500,"s":1,"dist":"Bang Rak","cl":"Bang Rak multicultural rows"}},{"type":"Feature","geometry":{"type":"Point","coordinates":[100.515087,13.72773]},"properties":{"q":"at-risk","d":15.7,"f":6.6,"a":103.3,"v":6456250,"s":0,"dist":"Bang Rak","cl":"Bang Rak multicultural rows"}},{"type":"Feature","geometry":{"type":"Point","coordinates":[100.515462,13.728224]},"properties":{"q":"lawful-reuse","d":11.3,"f":4.0,"a":44.8,"v":2800000,"s":0,"dist":"Bang Rak","cl":"Bang Rak multicultural rows"}},{"type":"Feature","geometry":{"type":"Point","coordinates":[100.516815,13.723518]},"properties":{"q":"tell-the-owner","d":13.0,"f":5.0,"a":64.7,"v":4043750,"s":0,"dist":"Bang Rak","cl":"Bang Rak multicultural rows"}},{"type":"Feature","geometry":{"type":"Point","coordinates":[100.517496,13.723199]},"properties":{"q":"tell-the-owner","d":10.5,"f":8.7,"a":91.3,"v":5706250,"s":0,"dist":"Bang Rak","cl":"Bang Rak multicultural rows"}},{"type":"Feature","geometry":{"type":"Point","coordinates":[100.517367,13.72394]},"properties":{"q":"at-risk","d":15.1,"f":5.4,"a":81.9,"v":5118750,"s":1,"dist":"Bang Rak","cl":"Bang Rak multicultural rows"}},{"type":"Feature","geometry":{"type":"Point","coordinates":[100.516811,13.723388]},"properties":{"q":"lawful-reuse","d":12.0,"f":3.7,"a":44.3,"v":2768750,"s":0,"dist":"Bang Rak","cl":"Bang Rak multicultural rows"}},{"type":"Feature","geometry":{"type":"Point","coordinates":[100.517259,13.724472]},"properties":{"q":"at-risk","d":37.1,"f":16.1,"a":595.1,"v":37193750,"s":0,"dist":"Bang Rak","cl":"Bang Rak multicultural rows"}},{"type":"Feature","geometry":{"type":"Point","coordinates":[100.516888,13.723681]},"properties":{"q":"tell-the-owner","d":13.0,"f":5.0,"a":64.8,"v":4050000,"s":1,"dist":"Bang Rak","cl":"Bang Rak multicultural rows"}},{"type":"Feature","geometry":{"type":"Point","coordinates":[100.516946,13.723403]},"properties":{"q":"lawful-reuse","d":12.0,"f":3.7,"a":44.4,"v":2775000,"s":1,"dist":"Bang Rak","cl":"Bang Rak multicultural rows"}},{"type":"Feature","geometry":{"type":"Point","coordinates":[100.517413,13.723344]},"properties":{"q":"low-pressure","d":14.4,"f":3.9,"a":49.1,"v":3068750,"s":1,"dist":"Bang Rak","cl":"Bang Rak multicultural rows"}},{"type":"Feature","geometry":{"type":"Point","coordinates":[100.516166,13.724836]},"properties":{"q":"at-risk","d":17.9,"f":5.1,"a":91.7,"v":5731250,"s":0,"dist":"Bang Rak","cl":"Bang Rak multicultural rows"}},{"type":"Feature","geometry":{"type":"Point","coordinates":[100.517163,13.723355]},"properties":{"q":"at-risk","d":14.6,"f":4.7,"a":68.5,"v":4281250,"s":1,"dist":"Bang Rak","cl":"Bang Rak multicultural rows"}},{"type":"Feature","geometry":{"type":"Point","coordinates":[100.517125,13.72335]},"properties":{"q":"low-pressure","d":14.6,"f":3.4,"a":49.2,"v":3075000,"s":1,"dist":"Bang Rak","cl":"Bang Rak multicultural rows"}},{"type":"Feature","geometry":{"type":"Point","coordinates":[100.516797,13.723669]},"properties":{"q":"tell-the-owner","d":13.0,"f":5.0,"a":64.7,"v":4043750,"s":0,"dist":"Bang Rak","cl":"Bang Rak multicultural rows"}},{"type":"Feature","geometry":{"type":"Point","coordinates":[100.517238,13.723364]},"properties":{"q":"at-risk","d":14.6,"f":4.1,"a":60.1,"v":3756250,"s":1,"dist":"Bang Rak","cl":"Bang Rak multicultural rows"}},{"type":"Feature","geometry":{"type":"Point","coordinates":[100.516135,13.725067]},"properties":{"q":"at-risk","d":17.3,"f":5.3,"a":78.3,"v":4893750,"s":1,"dist":"Bang Rak","cl":"Bang Rak multicultural rows"}},{"type":"Feature","geometry":{"type":"Point","coordinates":[100.515533,13.726192]},"properties":{"q":"at-risk","d":23.8,"f":7.8,"a":180.0,"v":11250000,"s":0,"dist":"Bang Rak","cl":"Bang Rak multicultural rows"}},{"type":"Feature","geometry":{"type":"Point","coordinates":[100.514637,13.728481]},"properties":{"q":"at-risk","d":32.6,"f":16.5,"a":411.4,"v":25712500,"s":0,"dist":"Bang Rak","cl":"Bang Rak multicultural rows"}},{"type":"Feature","geometry":{"type":"Point","coordinates":[100.51695,13.72337]},"properties":{"q":"lawful-reuse","d":12.0,"f":3.6,"a":42.5,"v":2656250,"s":1,"dist":"Bang Rak","cl":"Bang Rak multicultural rows"}},{"type":"Feature","geometry":{"type":"Point","coordinates":[100.5163,13.725761]},"properties":{"q":"at-risk","d":13.9,"f":5.8,"a":70.0,"v":4375000,"s":0,"dist":"Bang Rak","cl":"Bang Rak multicultural rows"}},{"type":"Feature","geometry":{"type":"Point","coordinates":[100.517394,13.723745]},"properties":{"q":"at-risk","d":15.1,"f":5.4,"a":82.0,"v":5125000,"s":1,"dist":"Bang Rak","cl":"Bang Rak multicultural rows"}},{"type":"Feature","geometry":{"type":"Point","coordinates":[100.5174,13.723481]},"properties":{"q":"low-pressure","d":14.4,"f":3.8,"a":54.6,"v":3412500,"s":1,"dist":"Bang Rak","cl":"Bang Rak multicultural rows"}},{"type":"Feature","geometry":{"type":"Point","coordinates":[100.517182,13.723514]},"properties":{"q":"at-risk","d":27.9,"f":13.7,"a":362.4,"v":22650000,"s":1,"dist":"Bang Rak","cl":"Bang Rak multicultural rows"}},{"type":"Feature","geometry":{"type":"Point","coordinates":[100.517353,13.724037]},"properties":{"q":"at-risk","d":15.1,"f":5.4,"a":82.0,"v":5125000,"s":1,"dist":"Bang Rak","cl":"Bang Rak multicultural rows"}},{"type":"Feature","geometry":{"type":"Point","coordinates":[100.516171,13.72479]},"properties":{"q":"at-risk","d":17.9,"f":5.1,"a":91.7,"v":5731250,"s":0,"dist":"Bang Rak","cl":"Bang Rak multicultural rows"}},{"type":"Feature","geometry":{"type":"Point","coordinates":[100.516478,13.724778]},"properties":{"q":"at-risk","d":18.6,"f":4.5,"a":84.1,"v":5256250,"s":1,"dist":"Bang Rak","cl":"Bang Rak multicultural rows"}},{"type":"Feature","geometry":{"type":"Point","coordinates":[100.515775,13.725828]},"properties":{"q":"at-risk","d":31.7,"f":15.6,"a":433.4,"v":27087500,"s":0,"dist":"Bang Rak","cl":"Bang Rak multicultural rows"}},{"type":"Feature","geometry":{"type":"Point","coordinates":[100.517017,13.72328]},"properties":{"q":"lawful-reuse","d":10.3,"f":2.6,"a":26.6,"v":1662500,"s":1,"dist":"Bang Rak","cl":"Bang Rak multicultural rows"}},{"type":"Feature","geometry":{"type":"Point","coordinates":[100.51683,13.725056]},"properties":{"q":"at-risk","d":18.5,"f":3.4,"a":63.4,"v":3962500,"s":1,"dist":"Bang Rak","cl":"Bang Rak multicultural rows"}},{"type":"Feature","geometry":{"type":"Point","coordinates":[100.516659,13.724732]},"properties":{"q":"at-risk","d":15.8,"f":4.1,"a":64.4,"v":4025000,"s":1,"dist":"Bang Rak","cl":"Bang Rak multicultural rows"}},{"type":"Feature","geometry":{"type":"Point","coordinates":[100.517207,13.72336]},"properties":{"q":"at-risk","d":14.6,"f":4.3,"a":63.3,"v":3956250,"s":1,"dist":"Bang Rak","cl":"Bang Rak multicultural rows"}},{"type":"Feature","geometry":{"type":"Point","coordinates":[100.515577,13.727886]},"properties":{"q":"at-risk","d":15.0,"f":4.5,"a":67.7,"v":4231250,"s":0,"dist":"Bang Rak","cl":"Bang Rak multicultural rows"}},{"type":"Feature","geometry":{"type":"Point","coordinates":[100.516488,13.72468]},"properties":{"q":"at-risk","d":18.7,"f":9.4,"a":176.1,"v":11006250,"s":0,"dist":"Bang Rak","cl":"Bang Rak multicultural rows"}},{"type":"Feature","geometry":{"type":"Point","coordinates":[100.51645,13.725107]},"properties":{"q":"at-risk","d":17.2,"f":3.9,"a":67.8,"v":4237500,"s":1,"dist":"Bang Rak","cl":"Bang Rak multicultural rows"}},{"type":"Feature","geometry":{"type":"Point","coordinates":[100.517382,13.723186]},"properties":{"q":"at-risk","d":17.5,"f":11.5,"a":201.9,"v":12618750,"s":0,"dist":"Bang Rak","cl":"Bang Rak multicultural rows"}},{"type":"Feature","geometry":{"type":"Point","coordinates":[100.516807,13.723422]},"properties":{"q":"lawful-reuse","d":12.0,"f":3.8,"a":44.9,"v":2806250,"s":0,"dist":"Bang Rak","cl":"Bang Rak multicultural rows"}},{"type":"Feature","geometry":{"type":"Point","coordinates":[100.516953,13.723301]},"properties":{"q":"lawful-reuse","d":13.5,"f":4.1,"a":55.7,"v":3481250,"s":1,"dist":"Bang Rak","cl":"Bang Rak multicultural rows"}},{"type":"Feature","geometry":{"type":"Point","coordinates":[100.514864,13.728502]},"properties":{"q":"at-risk","d":23.6,"f":6.2,"a":145.1,"v":9068750,"s":1,"dist":"Bang Rak","cl":"Bang Rak multicultural rows"}},{"type":"Feature","geometry":{"type":"Point","coordinates":[100.51735,13.724117]},"properties":{"q":"at-risk","d":15.1,"f":10.8,"a":159.2,"v":9950000,"s":0,"dist":"Bang Rak","cl":"Bang Rak multicultural rows"}},{"type":"Feature","geometry":{"type":"Point","coordinates":[100.516161,13.724882]},"properties":{"q":"at-risk","d":17.9,"f":5.1,"a":91.7,"v":5731250,"s":0,"dist":"Bang Rak","cl":"Bang Rak multicultural rows"}},{"type":"Feature","geometry":{"type":"Point","coordinates":[100.517304,13.723376]},"properties":{"q":"at-risk","d":14.6,"f":8.6,"a":126.1,"v":7881250,"s":0,"dist":"Bang Rak","cl":"Bang Rak multicultural rows"}},{"type":"Feature","geometry":{"type":"Point","coordinates":[100.516641,13.725035]},"properties":{"q":"at-risk","d":18.5,"f":3.4,"a":63.4,"v":3962500,"s":1,"dist":"Bang Rak","cl":"Bang Rak multicultural rows"}},{"type":"Feature","geometry":{"type":"Point","coordinates":[100.516994,13.7233]},"properties":{"q":"lawful-reuse","d":13.5,"f":3.9,"a":52.4,"v":3275000,"s":1,"dist":"Bang Rak","cl":"Bang Rak multicultural rows"}},{"type":"Feature","geometry":{"type":"Point","coordinates":[100.516934,13.723687]},"properties":{"q":"tell-the-owner","d":13.0,"f":5.0,"a":64.8,"v":4050000,"s":1,"dist":"Bang Rak","cl":"Bang Rak multicultural rows"}},{"type":"Feature","geometry":{"type":"Point","coordinates":[100.515497,13.728233]},"properties":{"q":"lawful-reuse","d":11.3,"f":3.9,"a":44.7,"v":2793750,"s":0,"dist":"Bang Rak","cl":"Bang Rak multicultural rows"}},{"type":"Feature","geometry":{"type":"Point","coordinates":[100.516767,13.725049]},"properties":{"q":"at-risk","d":18.5,"f":3.4,"a":63.4,"v":3962500,"s":1,"dist":"Bang Rak","cl":"Bang Rak multicultural rows"}},{"type":"Feature","geometry":{"type":"Point","coordinates":[100.500354,13.759128]},"properties":{"q":"at-risk","d":29.9,"f":16.2,"a":482.3,"v":30143750,"s":0,"dist":"Phra Nakhon","cl":"Bowonniwet Temple rows"}},{"type":"Feature","geometry":{"type":"Point","coordinates":[100.500529,13.759334]},"properties":{"q":"tell-the-owner","d":10.9,"f":8.2,"a":89.0,"v":5562500,"s":0,"dist":"Phra Nakhon","cl":"Bowonniwet Temple rows"}},{"type":"Feature","geometry":{"type":"Point","coordinates":[100.500288,13.758863]},"properties":{"q":"at-risk","d":14.4,"f":7.5,"a":75.2,"v":4700000,"s":0,"dist":"Phra Nakhon","cl":"Bowonniwet Temple rows"}},{"type":"Feature","geometry":{"type":"Point","coordinates":[100.500492,13.758695]},"properties":{"q":"tell-the-owner","d":11.0,"f":6.0,"a":66.3,"v":4143750,"s":1,"dist":"Phra Nakhon","cl":"Bowonniwet Temple rows"}},{"type":"Feature","geometry":{"type":"Point","coordinates":[100.500454,13.760126]},"properties":{"q":"at-risk","d":18.5,"f":11.3,"a":191.2,"v":11950000,"s":0,"dist":"Phra Nakhon","cl":"Bowonniwet Temple rows"}},{"type":"Feature","geometry":{"type":"Point","coordinates":[100.500557,13.75999]},"properties":{"q":"lawful-reuse","d":6.3,"f":3.4,"a":20.2,"v":1262500,"s":0,"dist":"Phra Nakhon","cl":"Bowonniwet Temple rows"}},{"type":"Feature","geometry":{"type":"Point","coordinates":[100.500378,13.758531]},"properties":{"q":"lawful-reuse","d":6.4,"f":5.0,"a":32.0,"v":2000000,"s":0,"dist":"Phra Nakhon","cl":"Bowonniwet Temple rows"}},{"type":"Feature","geometry":{"type":"Point","coordinates":[100.500567,13.760476]},"properties":{"q":"at-risk","d":29.3,"f":5.4,"a":157.5,"v":9843750,"s":0,"dist":"Phra Nakhon","cl":"Bowonniwet Temple rows"}},{"type":"Feature","geometry":{"type":"Point","coordinates":[100.499201,13.760709]},"properties":{"q":"lawful-reuse","d":9.6,"f":4.3,"a":40.6,"v":2537500,"s":1,"dist":"Phra Nakhon","cl":"Bowonniwet Temple rows"}},{"type":"Feature","geometry":{"type":"Point","coordinates":[100.500003,13.76009]},"properties":{"q":"at-risk","d":15.1,"f":7.4,"a":111.9,"v":6993750,"s":0,"dist":"Phra Nakhon","cl":"Bowonniwet Temple rows"}},{"type":"Feature","geometry":{"type":"Point","coordinates":[100.500481,13.759247]},"properties":{"q":"tell-the-owner","d":13.4,"f":8.0,"a":106.4,"v":6650000,"s":0,"dist":"Phra Nakhon","cl":"Bowonniwet Temple rows"}},{"type":"Feature","geometry":{"type":"Point","coordinates":[100.499587,13.760352]},"properties":{"q":"at-risk","d":14.5,"f":7.6,"a":109.7,"v":6856250,"s":0,"dist":"Phra Nakhon","cl":"Bowonniwet Temple rows"}},{"type":"Feature","geometry":{"type":"Point","coordinates":[100.500712,13.758642]},"properties":{"q":"lawful-reuse","d":7.6,"f":5.7,"a":43.1,"v":2693750,"s":0,"dist":"Phra Nakhon","cl":"Bowonniwet Temple rows"}},{"type":"Feature","geometry":{"type":"Point","coordinates":[100.499223,13.760741]},"properties":{"q":"lawful-reuse","d":9.5,"f":4.3,"a":40.3,"v":2518750,"s":1,"dist":"Phra Nakhon","cl":"Bowonniwet Temple rows"}},{"type":"Feature","geometry":{"type":"Point","coordinates":[100.500175,13.759769]},"properties":{"q":"at-risk","d":28.6,"f":16.6,"a":445.8,"v":27862500,"s":0,"dist":"Phra Nakhon","cl":"Bowonniwet Temple rows"}},{"type":"Feature","geometry":{"type":"Point","coordinates":[100.500649,13.75928]},"properties":{"q":"tell-the-owner","d":11.2,"f":7.3,"a":81.4,"v":5087500,"s":0,"dist":"Phra Nakhon","cl":"Bowonniwet Temple rows"}},{"type":"Feature","geometry":{"type":"Point","coordinates":[100.500045,13.759499]},"properties":{"q":"lawful-reuse","d":7.2,"f":3.8,"a":26.4,"v":1650000,"s":0,"dist":"Phra Nakhon","cl":"Bowonniwet Temple rows"}},{"type":"Feature","geometry":{"type":"Point","coordinates":[100.500463,13.75951]},"properties":{"q":"tell-the-owner","d":11.3,"f":6.9,"a":78.2,"v":4887500,"s":0,"dist":"Phra Nakhon","cl":"Bowonniwet Temple rows"}},{"type":"Feature","geometry":{"type":"Point","coordinates":[100.500267,13.760023]},"properties":{"q":"at-risk","d":27.5,"f":11.8,"a":322.5,"v":20156250,"s":1,"dist":"Phra Nakhon","cl":"Bowonniwet Temple rows"}},{"type":"Feature","geometry":{"type":"Point","coordinates":[100.500701,13.759634]},"properties":{"q":"at-risk","d":15.4,"f":7.7,"a":118.1,"v":7381250,"s":0,"dist":"Phra Nakhon","cl":"Bowonniwet Temple rows"}},{"type":"Feature","geometry":{"type":"Point","coordinates":[100.500167,13.758454]},"properties":{"q":"lawful-reuse","d":7.3,"f":2.3,"a":17.1,"v":1068750,"s":0,"dist":"Phra Nakhon","cl":"Bowonniwet Temple rows"}},{"type":"Feature","geometry":{"type":"Point","coordinates":[100.50036,13.760188]},"properties":{"q":"at-risk","d":15.8,"f":8.7,"a":133.0,"v":8312500,"s":0,"dist":"Phra Nakhon","cl":"Bowonniwet Temple rows"}},{"type":"Feature","geometry":{"type":"Point","coordinates":[100.5006,13.758452]},"properties":{"q":"lawful-reuse","d":6.6,"f":3.3,"a":21.8,"v":1362500,"s":0,"dist":"Phra Nakhon","cl":"Bowonniwet Temple rows"}},{"type":"Feature","geometry":{"type":"Point","coordinates":[100.500293,13.75861]},"properties":{"q":"tell-the-owner","d":12.7,"f":8.1,"a":100.9,"v":6306250,"s":0,"dist":"Phra Nakhon","cl":"Bowonniwet Temple rows"}},{"type":"Feature","geometry":{"type":"Point","coordinates":[100.499245,13.760774]},"properties":{"q":"lawful-reuse","d":9.4,"f":4.3,"a":40.1,"v":2506250,"s":0,"dist":"Phra Nakhon","cl":"Bowonniwet Temple rows"}},{"type":"Feature","geometry":{"type":"Point","coordinates":[100.500823,13.759238]},"properties":{"q":"tell-the-owner","d":11.4,"f":5.5,"a":60.1,"v":3756250,"s":0,"dist":"Phra Nakhon","cl":"Bowonniwet Temple rows"}},{"type":"Feature","geometry":{"type":"Point","coordinates":[100.499241,13.761041]},"properties":{"q":"at-risk","d":19.0,"f":9.2,"a":174.8,"v":10925000,"s":0,"dist":"Phra Nakhon","cl":"Bowonniwet Temple rows"}},{"type":"Feature","geometry":{"type":"Point","coordinates":[100.500279,13.760521]},"properties":{"q":"tell-the-owner","d":12.6,"f":6.9,"a":87.0,"v":5437500,"s":0,"dist":"Phra Nakhon","cl":"Bowonniwet Temple rows"}},{"type":"Feature","geometry":{"type":"Point","coordinates":[100.499777,13.76016]},"properties":{"q":"at-risk","d":21.4,"f":8.2,"a":175.5,"v":10968750,"s":1,"dist":"Phra Nakhon","cl":"Bowonniwet Temple rows"}},{"type":"Feature","geometry":{"type":"Point","coordinates":[100.499177,13.760781]},"properties":{"q":"at-risk","d":34.9,"f":14.0,"a":474.4,"v":29650000,"s":0,"dist":"Phra Nakhon","cl":"Bowonniwet Temple rows"}},{"type":"Feature","geometry":{"type":"Point","coordinates":[100.500095,13.759484]},"properties":{"q":"lawful-reuse","d":7.9,"f":5.1,"a":34.2,"v":2137500,"s":0,"dist":"Phra Nakhon","cl":"Bowonniwet Temple rows"}},{"type":"Feature","geometry":{"type":"Point","coordinates":[100.500779,13.75917]},"properties":{"q":"tell-the-owner","d":13.3,"f":8.3,"a":100.0,"v":6250000,"s":0,"dist":"Phra Nakhon","cl":"Bowonniwet Temple rows"}},{"type":"Feature","geometry":{"type":"Point","coordinates":[100.500546,13.75853]},"properties":{"q":"lawful-reuse","d":7.5,"f":5.9,"a":43.8,"v":2737500,"s":0,"dist":"Phra Nakhon","cl":"Bowonniwet Temple rows"}},{"type":"Feature","geometry":{"type":"Point","coordinates":[100.500649,13.758526]},"properties":{"q":"lawful-reuse","d":6.2,"f":3.2,"a":19.8,"v":1237500,"s":0,"dist":"Phra Nakhon","cl":"Bowonniwet Temple rows"}},{"type":"Feature","geometry":{"type":"Point","coordinates":[100.50054,13.758768]},"properties":{"q":"lawful-reuse","d":7.8,"f":5.8,"a":45.0,"v":2812500,"s":0,"dist":"Phra Nakhon","cl":"Bowonniwet Temple rows"}},{"type":"Feature","geometry":{"type":"Point","coordinates":[100.500149,13.760322]},"properties":{"q":"at-risk","d":15.1,"f":6.5,"a":97.9,"v":6118750,"s":0,"dist":"Phra Nakhon","cl":"Bowonniwet Temple rows"}},{"type":"Feature","geometry":{"type":"Point","coordinates":[100.500377,13.759294]},"properties":{"q":"lawful-reuse","d":7.4,"f":6.3,"a":46.6,"v":2912500,"s":0,"dist":"Phra Nakhon","cl":"Bowonniwet Temple rows"}},{"type":"Feature","geometry":{"type":"Point","coordinates":[100.498917,13.760803]},"properties":{"q":"at-risk","d":15.2,"f":12.5,"a":187.0,"v":11687500,"s":0,"dist":"Phra Nakhon","cl":"Bowonniwet Temple rows"}},{"type":"Feature","geometry":{"type":"Point","coordinates":[100.500142,13.759453]},"properties":{"q":"lawful-reuse","d":7.5,"f":4.9,"a":34.4,"v":2150000,"s":0,"dist":"Phra Nakhon","cl":"Bowonniwet Temple rows"}},{"type":"Feature","geometry":{"type":"Point","coordinates":[100.499327,13.760903]},"properties":{"q":"lawful-reuse","d":9.1,"f":4.3,"a":39.0,"v":2437500,"s":0,"dist":"Phra Nakhon","cl":"Bowonniwet Temple rows"}},{"type":"Feature","geometry":{"type":"Point","coordinates":[100.500662,13.759181]},"properties":{"q":"tell-the-owner","d":9.6,"f":7.2,"a":68.9,"v":4306250,"s":0,"dist":"Phra Nakhon","cl":"Bowonniwet Temple rows"}},{"type":"Feature","geometry":{"type":"Point","coordinates":[100.49913,13.760602]},"properties":{"q":"lawful-reuse","d":9.6,"f":4.9,"a":47.1,"v":2943750,"s":1,"dist":"Phra Nakhon","cl":"Bowonniwet Temple rows"}},{"type":"Feature","geometry":{"type":"Point","coordinates":[100.499311,13.760871]},"properties":{"q":"lawful-reuse","d":9.2,"f":4.3,"a":39.3,"v":2456250,"s":0,"dist":"Phra Nakhon","cl":"Bowonniwet Temple rows"}},{"type":"Feature","geometry":{"type":"Point","coordinates":[100.5006,13.759383]},"properties":{"q":"lawful-reuse","d":9.4,"f":2.7,"a":25.7,"v":1606250,"s":1,"dist":"Phra Nakhon","cl":"Bowonniwet Temple rows"}},{"type":"Feature","geometry":{"type":"Point","coordinates":[100.500387,13.759423]},"properties":{"q":"at-risk","d":15.7,"f":9.4,"a":147.0,"v":9187500,"s":1,"dist":"Phra Nakhon","cl":"Bowonniwet Temple rows"}},{"type":"Feature","geometry":{"type":"Point","coordinates":[100.500549,13.759758]},"properties":{"q":"tell-the-owner","d":11.8,"f":10.2,"a":120.2,"v":7512500,"s":0,"dist":"Phra Nakhon","cl":"Bowonniwet Temple rows"}},{"type":"Feature","geometry":{"type":"Point","coordinates":[100.500288,13.758783]},"properties":{"q":"tell-the-owner","d":9.1,"f":7.1,"a":63.9,"v":3993750,"s":0,"dist":"Phra Nakhon","cl":"Bowonniwet Temple rows"}},{"type":"Feature","geometry":{"type":"Point","coordinates":[100.500319,13.758716]},"properties":{"q":"lawful-reuse","d":9.8,"f":3.9,"a":38.0,"v":2375000,"s":1,"dist":"Phra Nakhon","cl":"Bowonniwet Temple rows"}},{"type":"Feature","geometry":{"type":"Point","coordinates":[100.500412,13.759973]},"properties":{"q":"lawful-reuse","d":9.2,"f":3.6,"a":32.8,"v":2050000,"s":1,"dist":"Phra Nakhon","cl":"Bowonniwet Temple rows"}},{"type":"Feature","geometry":{"type":"Point","coordinates":[100.499637,13.760447]},"properties":{"q":"at-risk","d":19.1,"f":11.4,"a":217.6,"v":13600000,"s":0,"dist":"Phra Nakhon","cl":"Bowonniwet Temple rows"}},{"type":"Feature","geometry":{"type":"Point","coordinates":[100.499289,13.760839]},"properties":{"q":"lawful-reuse","d":9.3,"f":4.3,"a":39.6,"v":2475000,"s":0,"dist":"Phra Nakhon","cl":"Bowonniwet Temple rows"}},{"type":"Feature","geometry":{"type":"Point","coordinates":[100.500625,13.759451]},"properties":{"q":"tell-the-owner","d":12.4,"f":10.5,"a":129.8,"v":8112500,"s":0,"dist":"Phra Nakhon","cl":"Bowonniwet Temple rows"}},{"type":"Feature","geometry":{"type":"Point","coordinates":[100.500236,13.758812]},"properties":{"q":"tell-the-owner","d":10.1,"f":6.6,"a":58.7,"v":3668750,"s":0,"dist":"Phra Nakhon","cl":"Bowonniwet Temple rows"}},{"type":"Feature","geometry":{"type":"Point","coordinates":[100.499267,13.760806]},"properties":{"q":"lawful-reuse","d":9.3,"f":4.3,"a":39.7,"v":2481250,"s":0,"dist":"Phra Nakhon","cl":"Bowonniwet Temple rows"}},{"type":"Feature","geometry":{"type":"Point","coordinates":[100.500202,13.758682]},"properties":{"q":"at-risk","d":15.8,"f":8.5,"a":132.8,"v":8300000,"s":0,"dist":"Phra Nakhon","cl":"Bowonniwet Temple rows"}},{"type":"Feature","geometry":{"type":"Point","coordinates":[100.499032,13.760671]},"properties":{"q":"lawful-reuse","d":7.1,"f":4.9,"a":34.7,"v":2168750,"s":0,"dist":"Phra Nakhon","cl":"Bowonniwet Temple rows"}},{"type":"Feature","geometry":{"type":"Point","coordinates":[100.500074,13.759585]},"properties":{"q":"at-risk","d":41.2,"f":13.4,"a":550.1,"v":34381250,"s":1,"dist":"Phra Nakhon","cl":"Bowonniwet Temple rows"}},{"type":"Feature","geometry":{"type":"Point","coordinates":[100.499668,13.760103]},"properties":{"q":"at-risk","d":27.7,"f":15.4,"a":423.3,"v":26456250,"s":0,"dist":"Phra Nakhon","cl":"Bowonniwet Temple rows"}},{"type":"Feature","geometry":{"type":"Point","coordinates":[100.500472,13.7599]},"properties":{"q":"at-risk","d":27.3,"f":12.2,"a":330.9,"v":20681250,"s":1,"dist":"Phra Nakhon","cl":"Bowonniwet Temple rows"}},{"type":"Feature","geometry":{"type":"Point","coordinates":[100.500588,13.760063]},"properties":{"q":"tell-the-owner","d":11.5,"f":7.0,"a":75.7,"v":4731250,"s":0,"dist":"Phra Nakhon","cl":"Bowonniwet Temple rows"}},{"type":"Feature","geometry":{"type":"Point","coordinates":[100.499356,13.760936]},"properties":{"q":"lawful-reuse","d":9.1,"f":4.3,"a":38.8,"v":2425000,"s":0,"dist":"Phra Nakhon","cl":"Bowonniwet Temple rows"}},{"type":"Feature","geometry":{"type":"Point","coordinates":[100.500562,13.75865]},"properties":{"q":"tell-the-owner","d":9.7,"f":6.9,"a":66.3,"v":4143750,"s":0,"dist":"Phra Nakhon","cl":"Bowonniwet Temple rows"}},{"type":"Feature","geometry":{"type":"Point","coordinates":[100.499017,13.760912]},"properties":{"q":"at-risk","d":25.2,"f":12.5,"a":313.8,"v":19612500,"s":0,"dist":"Phra Nakhon","cl":"Bowonniwet Temple rows"}},{"type":"Feature","geometry":{"type":"Point","coordinates":[100.500606,13.758607]},"properties":{"q":"lawful-reuse","d":9.0,"f":3.7,"a":30.8,"v":1925000,"s":1,"dist":"Phra Nakhon","cl":"Bowonniwet Temple rows"}},{"type":"Feature","geometry":{"type":"Point","coordinates":[100.500079,13.760222]},"properties":{"q":"at-risk","d":19.5,"f":10.2,"a":198.5,"v":12406250,"s":0,"dist":"Phra Nakhon","cl":"Bowonniwet Temple rows"}},{"type":"Feature","geometry":{"type":"Point","coordinates":[100.499649,13.759917]},"properties":{"q":"tell-the-owner","d":10.3,"f":5.7,"a":58.8,"v":3675000,"s":0,"dist":"Phra Nakhon","cl":"Bowonniwet Temple rows"}},{"type":"Feature","geometry":{"type":"Point","coordinates":[100.499984,13.759512]},"properties":{"q":"tell-the-owner","d":11.2,"f":6.2,"a":58.9,"v":3681250,"s":0,"dist":"Phra Nakhon","cl":"Bowonniwet Temple rows"}},{"type":"Feature","geometry":{"type":"Point","coordinates":[100.511312,13.742788]},"properties":{"q":"at-risk","d":31.7,"f":15.2,"a":347.4,"v":21712500,"s":0,"dist":"Pom Prap Sattru Phai","cl":"Charoen Chai paper-goods quarter"}},{"type":"Feature","geometry":{"type":"Point","coordinates":[100.510476,13.742355]},"properties":{"q":"low-pressure","d":14.8,"f":3.8,"a":56.4,"v":3525000,"s":0,"dist":"Pom Prap Sattru Phai","cl":"Charoen Chai paper-goods quarter"}},{"type":"Feature","geometry":{"type":"Point","coordinates":[100.511149,13.743316]},"properties":{"q":"at-risk","d":36.3,"f":15.3,"a":483.5,"v":30218750,"s":0,"dist":"Pom Prap Sattru Phai","cl":"Charoen Chai paper-goods quarter"}},{"type":"Feature","geometry":{"type":"Point","coordinates":[100.511377,13.743088]},"properties":{"q":"at-risk","d":31.1,"f":18.7,"a":428.4,"v":26775000,"s":0,"dist":"Pom Prap Sattru Phai","cl":"Charoen Chai paper-goods quarter"}},{"type":"Feature","geometry":{"type":"Point","coordinates":[100.511863,13.743405]},"properties":{"q":"at-risk","d":44.0,"f":14.8,"a":652.2,"v":40762500,"s":0,"dist":"Pom Prap Sattru Phai","cl":"Charoen Chai paper-goods quarter"}},{"type":"Feature","geometry":{"type":"Point","coordinates":[100.511049,13.742838]},"properties":{"q":"at-risk","d":43.8,"f":21.2,"a":675.7,"v":42231250,"s":0,"dist":"Pom Prap Sattru Phai","cl":"Charoen Chai paper-goods quarter"}},{"type":"Feature","geometry":{"type":"Point","coordinates":[100.510477,13.742589]},"properties":{"q":"at-risk","d":53.9,"f":15.5,"a":563.3,"v":35206250,"s":0,"dist":"Pom Prap Sattru Phai","cl":"Charoen Chai paper-goods quarter"}},{"type":"Feature","geometry":{"type":"Point","coordinates":[100.511677,13.743171]},"properties":{"q":"at-risk","d":53.7,"f":20.3,"a":823.3,"v":51456250,"s":0,"dist":"Pom Prap Sattru Phai","cl":"Charoen Chai paper-goods quarter"}},{"type":"Feature","geometry":{"type":"Point","coordinates":[100.510504,13.742334]},"properties":{"q":"low-pressure","d":14.8,"f":3.8,"a":56.4,"v":3525000,"s":0,"dist":"Pom Prap Sattru Phai","cl":"Charoen Chai paper-goods quarter"}},{"type":"Feature","geometry":{"type":"Point","coordinates":[100.510794,13.742852]},"properties":{"q":"at-risk","d":83.3,"f":47.4,"a":1528.9,"v":95556250,"s":0,"dist":"Pom Prap Sattru Phai","cl":"Charoen Chai paper-goods quarter"}},{"type":"Feature","geometry":{"type":"Point","coordinates":[100.510422,13.742398]},"properties":{"q":"low-pressure","d":14.8,"f":3.8,"a":56.4,"v":3525000,"s":0,"dist":"Pom Prap Sattru Phai","cl":"Charoen Chai paper-goods quarter"}},{"type":"Feature","geometry":{"type":"Point","coordinates":[100.511052,13.743006]},"properties":{"q":"at-risk","d":55.2,"f":14.8,"a":763.6,"v":47725000,"s":1,"dist":"Pom Prap Sattru Phai","cl":"Charoen Chai paper-goods quarter"}},{"type":"Feature","geometry":{"type":"Point","coordinates":[100.510449,13.742377]},"properties":{"q":"low-pressure","d":14.8,"f":3.8,"a":56.4,"v":3525000,"s":0,"dist":"Pom Prap Sattru Phai","cl":"Charoen Chai paper-goods quarter"}},{"type":"Feature","geometry":{"type":"Point","coordinates":[100.510394,13.74242]},"properties":{"q":"low-pressure","d":14.8,"f":3.8,"a":56.4,"v":3525000,"s":0,"dist":"Pom Prap Sattru Phai","cl":"Charoen Chai paper-goods quarter"}},{"type":"Feature","geometry":{"type":"Point","coordinates":[100.511334,13.743591]},"properties":{"q":"at-risk","d":67.4,"f":12.5,"a":817.5,"v":51093750,"s":0,"dist":"Pom Prap Sattru Phai","cl":"Charoen Chai paper-goods quarter"}},{"type":"Feature","geometry":{"type":"Point","coordinates":[100.511549,13.743444]},"properties":{"q":"at-risk","d":34.6,"f":18.6,"a":539.6,"v":33725000,"s":0,"dist":"Pom Prap Sattru Phai","cl":"Charoen Chai paper-goods quarter"}},{"type":"Feature","geometry":{"type":"Point","coordinates":[100.511633,13.742796]},"properties":{"q":"at-risk","d":49.9,"f":14.6,"a":674.0,"v":42125000,"s":0,"dist":"Pom Prap Sattru Phai","cl":"Charoen Chai paper-goods quarter"}},{"type":"Feature","geometry":{"type":"Point","coordinates":[100.511046,13.74313]},"properties":{"q":"at-risk","d":56.8,"f":13.1,"a":726.0,"v":45375000,"s":1,"dist":"Pom Prap Sattru Phai","cl":"Charoen Chai paper-goods quarter"}},{"type":"Feature","geometry":{"type":"Point","coordinates":[100.503931,13.700337]},"properties":{"q":"lawful-reuse","d":7.4,"f":6.1,"a":45.8,"v":2862500,"s":0,"dist":"Bang Kho Laem","cl":"Charoen Krung 103 canal-market approach"}},{"type":"Feature","geometry":{"type":"Point","coordinates":[100.502723,13.700755]},"properties":{"q":"tell-the-owner","d":11.1,"f":6.9,"a":76.2,"v":4762500,"s":0,"dist":"Bang Kho Laem","cl":"Charoen Krung 103 canal-market approach"}},{"type":"Feature","geometry":{"type":"Point","coordinates":[100.503482,13.700427]},"properties":{"q":"at-risk","d":18.2,"f":11.1,"a":199.4,"v":12462500,"s":1,"dist":"Bang Kho Laem","cl":"Charoen Krung 103 canal-market approach"}},{"type":"Feature","geometry":{"type":"Point","coordinates":[100.504111,13.700241]},"properties":{"q":"tell-the-owner","d":9.6,"f":8.2,"a":78.7,"v":4918750,"s":0,"dist":"Bang Kho Laem","cl":"Charoen Krung 103 canal-market approach"}},{"type":"Feature","geometry":{"type":"Point","coordinates":[100.503743,13.700138]},"properties":{"q":"tell-the-owner","d":11.3,"f":8.4,"a":94.2,"v":5887500,"s":0,"dist":"Bang Kho Laem","cl":"Charoen Krung 103 canal-market approach"}},{"type":"Feature","geometry":{"type":"Point","coordinates":[100.503565,13.699995]},"properties":{"q":"at-risk","d":16.5,"f":8.8,"a":140.3,"v":8768750,"s":0,"dist":"Bang Kho Laem","cl":"Charoen Krung 103 canal-market approach"}},{"type":"Feature","geometry":{"type":"Point","coordinates":[100.503045,13.700511]},"properties":{"q":"at-risk","d":16.2,"f":12.3,"a":189.2,"v":11825000,"s":0,"dist":"Bang Kho Laem","cl":"Charoen Krung 103 canal-market approach"}},{"type":"Feature","geometry":{"type":"Point","coordinates":[100.503667,13.700353]},"properties":{"q":"tell-the-owner","d":8.9,"f":6.5,"a":57.7,"v":3606250,"s":0,"dist":"Bang Kho Laem","cl":"Charoen Krung 103 canal-market approach"}},{"type":"Feature","geometry":{"type":"Point","coordinates":[100.502847,13.700486]},"properties":{"q":"lawful-reuse","d":7.9,"f":6.8,"a":53.9,"v":3368750,"s":0,"dist":"Bang Kho Laem","cl":"Charoen Krung 103 canal-market approach"}},{"type":"Feature","geometry":{"type":"Point","coordinates":[100.503886,13.700375]},"properties":{"q":"lawful-reuse","d":6.5,"f":4.7,"a":30.3,"v":1893750,"s":0,"dist":"Bang Kho Laem","cl":"Charoen Krung 103 canal-market approach"}},{"type":"Feature","geometry":{"type":"Point","coordinates":[100.503889,13.700157]},"properties":{"q":"tell-the-owner","d":10.2,"f":8.0,"a":81.7,"v":5106250,"s":0,"dist":"Bang Kho Laem","cl":"Charoen Krung 103 canal-market approach"}},{"type":"Feature","geometry":{"type":"Point","coordinates":[100.502494,13.701041]},"properties":{"q":"tell-the-owner","d":11.7,"f":5.1,"a":59.3,"v":3706250,"s":0,"dist":"Bang Kho Laem","cl":"Charoen Krung 103 canal-market approach"}},{"type":"Feature","geometry":{"type":"Point","coordinates":[100.503119,13.700335]},"properties":{"q":"tell-the-owner","d":12.8,"f":7.6,"a":97.8,"v":6112500,"s":0,"dist":"Bang Kho Laem","cl":"Charoen Krung 103 canal-market approach"}},{"type":"Feature","geometry":{"type":"Point","coordinates":[100.503762,13.699988]},"properties":{"q":"tell-the-owner","d":9.6,"f":7.0,"a":66.5,"v":4156250,"s":0,"dist":"Bang Kho Laem","cl":"Charoen Krung 103 canal-market approach"}},{"type":"Feature","geometry":{"type":"Point","coordinates":[100.503289,13.699995]},"properties":{"q":"tell-the-owner","d":12.1,"f":5.5,"a":66.6,"v":4162500,"s":0,"dist":"Bang Kho Laem","cl":"Charoen Krung 103 canal-market approach"}},{"type":"Feature","geometry":{"type":"Point","coordinates":[100.503475,13.700097]},"properties":{"q":"at-risk","d":14.8,"f":8.7,"a":128.1,"v":8006250,"s":0,"dist":"Bang Kho Laem","cl":"Charoen Krung 103 canal-market approach"}},{"type":"Feature","geometry":{"type":"Point","coordinates":[100.503076,13.700949]},"properties":{"q":"lawful-reuse","d":9.1,"f":6.2,"a":56.2,"v":3512500,"s":0,"dist":"Bang Kho Laem","cl":"Charoen Krung 103 canal-market approach"}},{"type":"Feature","geometry":{"type":"Point","coordinates":[100.504362,13.700009]},"properties":{"q":"lawful-reuse","d":8.8,"f":3.7,"a":32.5,"v":2031250,"s":0,"dist":"Bang Kho Laem","cl":"Charoen Krung 103 canal-market approach"}},{"type":"Feature","geometry":{"type":"Point","coordinates":[100.503833,13.700136]},"properties":{"q":"lawful-reuse","d":8.8,"f":2.8,"a":24.3,"v":1518750,"s":1,"dist":"Bang Kho Laem","cl":"Charoen Krung 103 canal-market approach"}},{"type":"Feature","geometry":{"type":"Point","coordinates":[100.503499,13.700217]},"properties":{"q":"tell-the-owner","d":9.7,"f":6.9,"a":66.8,"v":4175000,"s":0,"dist":"Bang Kho Laem","cl":"Charoen Krung 103 canal-market approach"}},{"type":"Feature","geometry":{"type":"Point","coordinates":[100.503749,13.700529]},"properties":{"q":"at-risk","d":14.3,"f":9.5,"a":135.7,"v":8481250,"s":0,"dist":"Bang Kho Laem","cl":"Charoen Krung 103 canal-market approach"}},{"type":"Feature","geometry":{"type":"Point","coordinates":[100.502702,13.700898]},"properties":{"q":"tell-the-owner","d":9.9,"f":7.2,"a":71.1,"v":4443750,"s":0,"dist":"Bang Kho Laem","cl":"Charoen Krung 103 canal-market approach"}},{"type":"Feature","geometry":{"type":"Point","coordinates":[100.504192,13.700259]},"properties":{"q":"lawful-reuse","d":8.1,"f":5.4,"a":43.8,"v":2737500,"s":0,"dist":"Bang Kho Laem","cl":"Charoen Krung 103 canal-market approach"}},{"type":"Feature","geometry":{"type":"Point","coordinates":[100.504023,13.700348]},"properties":{"q":"tell-the-owner","d":11.8,"f":8.2,"a":96.9,"v":6056250,"s":0,"dist":"Bang Kho Laem","cl":"Charoen Krung 103 canal-market approach"}},{"type":"Feature","geometry":{"type":"Point","coordinates":[100.503393,13.700677]},"properties":{"q":"lawful-reuse","d":5.2,"f":4.2,"a":21.4,"v":1337500,"s":0,"dist":"Bang Kho Laem","cl":"Charoen Krung 103 canal-market approach"}},{"type":"Feature","geometry":{"type":"Point","coordinates":[100.502865,13.700769]},"properties":{"q":"at-risk","d":14.1,"f":8.4,"a":118.3,"v":7393750,"s":0,"dist":"Bang Kho Laem","cl":"Charoen Krung 103 canal-market approach"}},{"type":"Feature","geometry":{"type":"Point","coordinates":[100.503825,13.700064]},"properties":{"q":"tell-the-owner","d":11.4,"f":8.9,"a":90.6,"v":5662500,"s":0,"dist":"Bang Kho Laem","cl":"Charoen Krung 103 canal-market approach"}},{"type":"Feature","geometry":{"type":"Point","coordinates":[100.503504,13.700612]},"properties":{"q":"lawful-reuse","d":8.6,"f":2.1,"a":18.4,"v":1150000,"s":1,"dist":"Bang Kho Laem","cl":"Charoen Krung 103 canal-market approach"}},{"type":"Feature","geometry":{"type":"Point","coordinates":[100.504045,13.700531]},"properties":{"q":"tell-the-owner","d":12.3,"f":7.1,"a":86.4,"v":5400000,"s":0,"dist":"Bang Kho Laem","cl":"Charoen Krung 103 canal-market approach"}},{"type":"Feature","geometry":{"type":"Point","coordinates":[100.503992,13.700109]},"properties":{"q":"tell-the-owner","d":12.0,"f":10.4,"a":123.8,"v":7737500,"s":0,"dist":"Bang Kho Laem","cl":"Charoen Krung 103 canal-market approach"}},{"type":"Feature","geometry":{"type":"Point","coordinates":[100.502935,13.700899]},"properties":{"q":"lawful-reuse","d":8.0,"f":4.4,"a":34.9,"v":2181250,"s":0,"dist":"Bang Kho Laem","cl":"Charoen Krung 103 canal-market approach"}},{"type":"Feature","geometry":{"type":"Point","coordinates":[100.503933,13.700419]},"properties":{"q":"lawful-reuse","d":9.0,"f":6.0,"a":54.0,"v":3375000,"s":0,"dist":"Bang Kho Laem","cl":"Charoen Krung 103 canal-market approach"}},{"type":"Feature","geometry":{"type":"Point","coordinates":[100.502704,13.700353]},"properties":{"q":"lawful-reuse","d":10.4,"f":5.2,"a":54.0,"v":3375000,"s":0,"dist":"Bang Kho Laem","cl":"Charoen Krung 103 canal-market approach"}},{"type":"Feature","geometry":{"type":"Point","coordinates":[100.503289,13.700765]},"properties":{"q":"tell-the-owner","d":10.6,"f":8.5,"a":83.0,"v":5187500,"s":0,"dist":"Bang Kho Laem","cl":"Charoen Krung 103 canal-market approach"}},{"type":"Feature","geometry":{"type":"Point","coordinates":[100.502873,13.700941]},"properties":{"q":"lawful-reuse","d":7.6,"f":3.8,"a":28.9,"v":1806250,"s":0,"dist":"Bang Kho Laem","cl":"Charoen Krung 103 canal-market approach"}},{"type":"Feature","geometry":{"type":"Point","coordinates":[100.502921,13.700422]},"properties":{"q":"tell-the-owner","d":12.6,"f":6.3,"a":78.8,"v":4925000,"s":0,"dist":"Bang Kho Laem","cl":"Charoen Krung 103 canal-market approach"}},{"type":"Feature","geometry":{"type":"Point","coordinates":[100.503427,13.700197]},"properties":{"q":"tell-the-owner","d":13.2,"f":8.7,"a":114.9,"v":7181250,"s":0,"dist":"Bang Kho Laem","cl":"Charoen Krung 103 canal-market approach"}},{"type":"Feature","geometry":{"type":"Point","coordinates":[100.503635,13.700613]},"properties":{"q":"at-risk","d":14.0,"f":9.5,"a":133.2,"v":8325000,"s":0,"dist":"Bang Kho Laem","cl":"Charoen Krung 103 canal-market approach"}},{"type":"Feature","geometry":{"type":"Point","coordinates":[100.503536,13.700687]},"properties":{"q":"at-risk","d":14.0,"f":10.5,"a":147.2,"v":9200000,"s":0,"dist":"Bang Kho Laem","cl":"Charoen Krung 103 canal-market approach"}},{"type":"Feature","geometry":{"type":"Point","coordinates":[100.502916,13.700659]},"properties":{"q":"lawful-reuse","d":6.9,"f":4.8,"a":33.2,"v":2075000,"s":0,"dist":"Bang Kho Laem","cl":"Charoen Krung 103 canal-market approach"}},{"type":"Feature","geometry":{"type":"Point","coordinates":[100.504082,13.70042]},"properties":{"q":"tell-the-owner","d":10.9,"f":7.1,"a":77.5,"v":4843750,"s":0,"dist":"Bang Kho Laem","cl":"Charoen Krung 103 canal-market approach"}},{"type":"Feature","geometry":{"type":"Point","coordinates":[100.502514,13.700787]},"properties":{"q":"lawful-reuse","d":13.2,"f":4.1,"a":53.6,"v":3350000,"s":1,"dist":"Bang Kho Laem","cl":"Charoen Krung 103 canal-market approach"}},{"type":"Feature","geometry":{"type":"Point","coordinates":[100.503573,13.70026]},"properties":{"q":"tell-the-owner","d":11.2,"f":8.7,"a":97.1,"v":6068750,"s":0,"dist":"Bang Kho Laem","cl":"Charoen Krung 103 canal-market approach"}},{"type":"Feature","geometry":{"type":"Point","coordinates":[100.503095,13.700637]},"properties":{"q":"at-risk","d":20.2,"f":11.9,"a":239.8,"v":14987500,"s":1,"dist":"Bang Kho Laem","cl":"Charoen Krung 103 canal-market approach"}},{"type":"Feature","geometry":{"type":"Point","coordinates":[100.503826,13.700232]},"properties":{"q":"tell-the-owner","d":8.8,"f":6.7,"a":58.4,"v":3650000,"s":0,"dist":"Bang Kho Laem","cl":"Charoen Krung 103 canal-market approach"}},{"type":"Feature","geometry":{"type":"Point","coordinates":[100.503772,13.699922]},"properties":{"q":"tell-the-owner","d":11.2,"f":5.2,"a":58.0,"v":3625000,"s":0,"dist":"Bang Kho Laem","cl":"Charoen Krung 103 canal-market approach"}},{"type":"Feature","geometry":{"type":"Point","coordinates":[100.502629,13.700819]},"properties":{"q":"lawful-reuse","d":11.3,"f":4.0,"a":45.8,"v":2862500,"s":1,"dist":"Bang Kho Laem","cl":"Charoen Krung 103 canal-market approach"}},{"type":"Feature","geometry":{"type":"Point","coordinates":[100.504017,13.699934]},"properties":{"q":"at-risk","d":15.1,"f":8.2,"a":123.4,"v":7712500,"s":0,"dist":"Bang Kho Laem","cl":"Charoen Krung 103 canal-market approach"}},{"type":"Feature","geometry":{"type":"Point","coordinates":[100.503737,13.700679]},"properties":{"q":"at-risk","d":14.2,"f":8.2,"a":115.8,"v":7237500,"s":0,"dist":"Bang Kho Laem","cl":"Charoen Krung 103 canal-market approach"}},{"type":"Feature","geometry":{"type":"Point","coordinates":[100.502765,13.700792]},"properties":{"q":"lawful-reuse","d":6.4,"f":3.2,"a":20.2,"v":1262500,"s":0,"dist":"Bang Kho Laem","cl":"Charoen Krung 103 canal-market approach"}},{"type":"Feature","geometry":{"type":"Point","coordinates":[100.50327,13.700495]},"properties":{"q":"at-risk","d":22.3,"f":10.7,"a":238.5,"v":14906250,"s":1,"dist":"Bang Kho Laem","cl":"Charoen Krung 103 canal-market approach"}},{"type":"Feature","geometry":{"type":"Point","coordinates":[100.503191,13.700846]},"properties":{"q":"tell-the-owner","d":11.5,"f":8.2,"a":93.5,"v":5843750,"s":0,"dist":"Bang Kho Laem","cl":"Charoen Krung 103 canal-market approach"}},{"type":"Feature","geometry":{"type":"Point","coordinates":[100.503904,13.700025]},"properties":{"q":"lawful-reuse","d":8.0,"f":6.3,"a":50.8,"v":3175000,"s":0,"dist":"Bang Kho Laem","cl":"Charoen Krung 103 canal-market approach"}},{"type":"Feature","geometry":{"type":"Point","coordinates":[100.50388,13.700474]},"properties":{"q":"tell-the-owner","d":12.3,"f":8.4,"a":102.2,"v":6387500,"s":0,"dist":"Bang Kho Laem","cl":"Charoen Krung 103 canal-market approach"}},{"type":"Feature","geometry":{"type":"Point","coordinates":[100.503812,13.699883]},"properties":{"q":"at-risk","d":15.4,"f":6.1,"a":93.8,"v":5862500,"s":0,"dist":"Bang Kho Laem","cl":"Charoen Krung 103 canal-market approach"}},{"type":"Feature","geometry":{"type":"Point","coordinates":[100.503122,13.700922]},"properties":{"q":"tell-the-owner","d":12.7,"f":5.0,"a":63.2,"v":3950000,"s":1,"dist":"Bang Kho Laem","cl":"Charoen Krung 103 canal-market approach"}},{"type":"Feature","geometry":{"type":"Point","coordinates":[100.495742,13.737081]},"properties":{"q":"lawful-reuse","d":5.5,"f":4.0,"a":22.0,"v":467500,"s":0,"dist":"Thon Buri","cl":"Dilok Chan lane"}},{"type":"Feature","geometry":{"type":"Point","coordinates":[100.496237,13.736741]},"properties":{"q":"at-risk","d":32.8,"f":15.4,"a":504.1,"v":10712125,"s":1,"dist":"Thon Buri","cl":"Dilok Chan lane"}},{"type":"Feature","geometry":{"type":"Point","coordinates":[100.496437,13.736773]},"properties":{"q":"at-risk","d":35.9,"f":12.6,"a":452.1,"v":9607125,"s":1,"dist":"Thon Buri","cl":"Dilok Chan lane"}},{"type":"Feature","geometry":{"type":"Point","coordinates":[100.497035,13.735874]},"properties":{"q":"at-risk","d":23.2,"f":8.0,"a":185.1,"v":3933375,"s":0,"dist":"Khlong San","cl":"Dilok Chan lane"}},{"type":"Feature","geometry":{"type":"Point","coordinates":[100.496313,13.736478]},"properties":{"q":"at-risk","d":43.1,"f":13.3,"a":510.5,"v":10848125,"s":1,"dist":"Thon Buri","cl":"Dilok Chan lane"}},{"type":"Feature","geometry":{"type":"Point","coordinates":[100.495736,13.737123]},"properties":{"q":"lawful-reuse","d":5.8,"f":4.7,"a":27.4,"v":582250,"s":0,"dist":"Thon Buri","cl":"Dilok Chan lane"}},{"type":"Feature","geometry":{"type":"Point","coordinates":[100.495822,13.737114]},"properties":{"q":"lawful-reuse","d":5.1,"f":4.2,"a":21.4,"v":454750,"s":0,"dist":"Thon Buri","cl":"Dilok Chan lane"}},{"type":"Feature","geometry":{"type":"Point","coordinates":[100.496216,13.736489]},"properties":{"q":"low-pressure","d":18.6,"f":10.8,"a":167.6,"v":3561500,"s":0,"dist":"Thon Buri","cl":"Dilok Chan lane"}},{"type":"Feature","geometry":{"type":"Point","coordinates":[100.789311,13.723769]},"properties":{"q":"low-pressure","d":20.5,"f":17.2,"a":292.7,"v":1829375,"s":0,"dist":"Lat Krabang","cl":"Hua Takhe old canal market"}},{"type":"Feature","geometry":{"type":"Point","coordinates":[100.789287,13.723674]},"properties":{"q":"low-pressure","d":14.2,"f":8.2,"a":101.0,"v":631250,"s":0,"dist":"Lat Krabang","cl":"Hua Takhe old canal market"}},{"type":"Feature","geometry":{"type":"Point","coordinates":[100.789302,13.723626]},"properties":{"q":"lawful-reuse","d":7.6,"f":2.5,"a":18.9,"v":118125,"s":1,"dist":"Lat Krabang","cl":"Hua Takhe old canal market"}},{"type":"Feature","geometry":{"type":"Point","coordinates":[100.78906,13.723837]},"properties":{"q":"lawful-reuse","d":9.7,"f":7.1,"a":69.2,"v":432500,"s":0,"dist":"Lat Krabang","cl":"Hua Takhe old canal market"}},{"type":"Feature","geometry":{"type":"Point","coordinates":[100.788723,13.724153]},"properties":{"q":"lawful-reuse","d":5.9,"f":4.3,"a":25.0,"v":156250,"s":0,"dist":"Lat Krabang","cl":"Hua Takhe old canal market"}},{"type":"Feature","geometry":{"type":"Point","coordinates":[100.788325,13.724629]},"properties":{"q":"low-pressure","d":34.6,"f":11.9,"a":362.4,"v":2265000,"s":1,"dist":"Lat Krabang","cl":"Hua Takhe old canal market"}},{"type":"Feature","geometry":{"type":"Point","coordinates":[100.787844,13.724174]},"properties":{"q":"low-pressure","d":14.6,"f":7.1,"a":103.5,"v":646875,"s":0,"dist":"Lat Krabang","cl":"Hua Takhe old canal market"}},{"type":"Feature","geometry":{"type":"Point","coordinates":[100.787523,13.724362]},"properties":{"q":"lawful-reuse","d":10.9,"f":5.9,"a":63.8,"v":398750,"s":0,"dist":"Lat Krabang","cl":"Hua Takhe old canal market"}},{"type":"Feature","geometry":{"type":"Point","coordinates":[100.78766,13.724255]},"properties":{"q":"low-pressure","d":15.3,"f":11.0,"a":168.1,"v":1050625,"s":0,"dist":"Lat Krabang","cl":"Hua Takhe old canal market"}},{"type":"Feature","geometry":{"type":"Point","coordinates":[100.788836,13.724194]},"properties":{"q":"low-pressure","d":14.1,"f":6.9,"a":97.5,"v":609375,"s":0,"dist":"Lat Krabang","cl":"Hua Takhe old canal market"}},{"type":"Feature","geometry":{"type":"Point","coordinates":[100.787833,13.72432]},"properties":{"q":"low-pressure","d":24.7,"f":14.6,"a":361.1,"v":2256875,"s":0,"dist":"Lat Krabang","cl":"Hua Takhe old canal market"}},{"type":"Feature","geometry":{"type":"Point","coordinates":[100.787532,13.724461]},"properties":{"q":"lawful-reuse","d":10.4,"f":7.8,"a":81.1,"v":506875,"s":0,"dist":"Lat Krabang","cl":"Hua Takhe old canal market"}},{"type":"Feature","geometry":{"type":"Point","coordinates":[100.787893,13.724793]},"properties":{"q":"low-pressure","d":17.1,"f":7.8,"a":133.1,"v":831875,"s":0,"dist":"Lat Krabang","cl":"Hua Takhe old canal market"}},{"type":"Feature","geometry":{"type":"Point","coordinates":[100.788714,13.724395]},"properties":{"q":"lawful-reuse","d":11.4,"f":7.0,"a":80.3,"v":501875,"s":0,"dist":"Lat Krabang","cl":"Hua Takhe old canal market"}},{"type":"Feature","geometry":{"type":"Point","coordinates":[100.789077,13.723756]},"properties":{"q":"lawful-reuse","d":8.4,"f":4.1,"a":34.6,"v":216250,"s":0,"dist":"Lat Krabang","cl":"Hua Takhe old canal market"}},{"type":"Feature","geometry":{"type":"Point","coordinates":[100.788812,13.724148]},"properties":{"q":"lawful-reuse","d":10.1,"f":4.3,"a":42.9,"v":268125,"s":1,"dist":"Lat Krabang","cl":"Hua Takhe old canal market"}},{"type":"Feature","geometry":{"type":"Point","coordinates":[100.787631,13.72472]},"properties":{"q":"lawful-reuse","d":9.2,"f":5.4,"a":49.3,"v":308125,"s":0,"dist":"Lat Krabang","cl":"Hua Takhe old canal market"}},{"type":"Feature","geometry":{"type":"Point","coordinates":[100.78902,13.724177]},"properties":{"q":"lawful-reuse","d":10.7,"f":9.3,"a":99.0,"v":618750,"s":0,"dist":"Lat Krabang","cl":"Hua Takhe old canal market"}},{"type":"Feature","geometry":{"type":"Point","coordinates":[100.788987,13.723668]},"properties":{"q":"low-pressure","d":20.3,"f":6.5,"a":132.4,"v":827500,"s":1,"dist":"Lat Krabang","cl":"Hua Takhe old canal market"}},{"type":"Feature","geometry":{"type":"Point","coordinates":[100.788306,13.724231]},"properties":{"q":"lawful-reuse","d":11.3,"f":6.3,"a":71.7,"v":448125,"s":0,"dist":"Lat Krabang","cl":"Hua Takhe old canal market"}},{"type":"Feature","geometry":{"type":"Point","coordinates":[100.789097,13.724179]},"properties":{"q":"lawful-reuse","d":7.3,"f":6.0,"a":43.6,"v":272500,"s":0,"dist":"Lat Krabang","cl":"Hua Takhe old canal market"}},{"type":"Feature","geometry":{"type":"Point","coordinates":[100.788598,13.72438]},"properties":{"q":"lawful-reuse","d":7.6,"f":6.2,"a":47.2,"v":295000,"s":0,"dist":"Lat Krabang","cl":"Hua Takhe old canal market"}},{"type":"Feature","geometry":{"type":"Point","coordinates":[100.788539,13.724175]},"properties":{"q":"lawful-reuse","d":9.6,"f":3.2,"a":31.1,"v":194375,"s":1,"dist":"Lat Krabang","cl":"Hua Takhe old canal market"}},{"type":"Feature","geometry":{"type":"Point","coordinates":[100.787771,13.724847]},"properties":{"q":"lawful-reuse","d":11.9,"f":2.4,"a":28.2,"v":176250,"s":1,"dist":"Lat Krabang","cl":"Hua Takhe old canal market"}},{"type":"Feature","geometry":{"type":"Point","coordinates":[100.78883,13.723762]},"properties":{"q":"low-pressure","d":20.6,"f":9.3,"a":184.5,"v":1153125,"s":0,"dist":"Lat Krabang","cl":"Hua Takhe old canal market"}},{"type":"Feature","geometry":{"type":"Point","coordinates":[100.789152,13.723738]},"properties":{"q":"low-pressure","d":14.0,"f":3.4,"a":47.7,"v":298125,"s":1,"dist":"Lat Krabang","cl":"Hua Takhe old canal market"}},{"type":"Feature","geometry":{"type":"Point","coordinates":[100.788176,13.724298]},"properties":{"q":"at-risk","d":40.0,"f":31.4,"a":882.0,"v":5512500,"s":0,"dist":"Lat Krabang","cl":"Hua Takhe old canal market"}},{"type":"Feature","geometry":{"type":"Point","coordinates":[100.788419,13.724405]},"properties":{"q":"lawful-reuse","d":9.6,"f":7.2,"a":68.9,"v":430625,"s":0,"dist":"Lat Krabang","cl":"Hua Takhe old canal market"}},{"type":"Feature","geometry":{"type":"Point","coordinates":[100.789119,13.72369]},"properties":{"q":"lawful-reuse","d":6.4,"f":5.3,"a":33.8,"v":211250,"s":0,"dist":"Lat Krabang","cl":"Hua Takhe old canal market"}},{"type":"Feature","geometry":{"type":"Point","coordinates":[100.788996,13.723755]},"properties":{"q":"lawful-reuse","d":8.4,"f":6.9,"a":58.5,"v":365625,"s":0,"dist":"Lat Krabang","cl":"Hua Takhe old canal market"}},{"type":"Feature","geometry":{"type":"Point","coordinates":[100.788965,13.724197]},"properties":{"q":"lawful-reuse","d":6.9,"f":3.7,"a":25.7,"v":160625,"s":0,"dist":"Lat Krabang","cl":"Hua Takhe old canal market"}},{"type":"Feature","geometry":{"type":"Point","coordinates":[100.788158,13.72476]},"properties":{"q":"low-pressure","d":36.5,"f":14.1,"a":478.8,"v":2992500,"s":0,"dist":"Lat Krabang","cl":"Hua Takhe old canal market"}},{"type":"Feature","geometry":{"type":"Point","coordinates":[100.789007,13.72384]},"properties":{"q":"lawful-reuse","d":9.3,"f":6.1,"a":57.1,"v":356875,"s":0,"dist":"Lat Krabang","cl":"Hua Takhe old canal market"}},{"type":"Feature","geometry":{"type":"Point","coordinates":[100.789152,13.723837]},"properties":{"q":"low-pressure","d":14.1,"f":9.7,"a":136.6,"v":853750,"s":0,"dist":"Lat Krabang","cl":"Hua Takhe old canal market"}},{"type":"Feature","geometry":{"type":"Point","coordinates":[100.787646,13.724505]},"properties":{"q":"low-pressure","d":14.0,"f":10.0,"a":128.9,"v":805625,"s":0,"dist":"Lat Krabang","cl":"Hua Takhe old canal market"}},{"type":"Feature","geometry":{"type":"Point","coordinates":[100.789007,13.724338]},"properties":{"q":"lawful-reuse","d":12.1,"f":5.0,"a":60.5,"v":378125,"s":0,"dist":"Lat Krabang","cl":"Hua Takhe old canal market"}},{"type":"Feature","geometry":{"type":"Point","coordinates":[100.78828,13.724345]},"properties":{"q":"low-pressure","d":15.9,"f":11.7,"a":185.5,"v":1159375,"s":0,"dist":"Lat Krabang","cl":"Hua Takhe old canal market"}},{"type":"Feature","geometry":{"type":"Point","coordinates":[100.789054,13.724326]},"properties":{"q":"lawful-reuse","d":6.3,"f":3.5,"a":22.2,"v":138750,"s":0,"dist":"Lat Krabang","cl":"Hua Takhe old canal market"}},{"type":"Feature","geometry":{"type":"Point","coordinates":[100.788903,13.723771]},"properties":{"q":"lawful-reuse","d":7.4,"f":5.0,"a":37.3,"v":233125,"s":0,"dist":"Lat Krabang","cl":"Hua Takhe old canal market"}},{"type":"Feature","geometry":{"type":"Point","coordinates":[100.787617,13.724608]},"properties":{"q":"lawful-reuse","d":10.3,"f":8.5,"a":87.6,"v":547500,"s":0,"dist":"Lat Krabang","cl":"Hua Takhe old canal market"}},{"type":"Feature","geometry":{"type":"Point","coordinates":[100.789178,13.723774]},"properties":{"q":"low-pressure","d":14.1,"f":5.0,"a":70.9,"v":443125,"s":1,"dist":"Lat Krabang","cl":"Hua Takhe old canal market"}},{"type":"Feature","geometry":{"type":"Point","coordinates":[100.463409,13.725341]},"properties":{"q":"low-pressure","d":13.9,"f":9.0,"a":125.4,"v":1097250,"s":0,"dist":"Phasi Charoen","cl":"Khlong Bang Luang artist-house row"}},{"type":"Feature","geometry":{"type":"Point","coordinates":[100.462011,13.726103]},"properties":{"q":"lawful-reuse","d":11.2,"f":3.3,"a":37.3,"v":326375,"s":1,"dist":"Phasi Charoen","cl":"Khlong Bang Luang artist-house row"}},{"type":"Feature","geometry":{"type":"Point","coordinates":[100.462105,13.726055]},"properties":{"q":"lawful-reuse","d":6.4,"f":3.2,"a":20.2,"v":176750,"s":0,"dist":"Phasi Charoen","cl":"Khlong Bang Luang artist-house row"}},{"type":"Feature","geometry":{"type":"Point","coordinates":[100.463683,13.725202]},"properties":{"q":"lawful-reuse","d":11.3,"f":8.3,"a":93.1,"v":814625,"s":0,"dist":"Phasi Charoen","cl":"Khlong Bang Luang artist-house row"}},{"type":"Feature","geometry":{"type":"Point","coordinates":[100.462111,13.725461]},"properties":{"q":"low-pressure","d":16.2,"f":10.0,"a":161.5,"v":1413125,"s":0,"dist":"Phasi Charoen","cl":"Khlong Bang Luang artist-house row"}},{"type":"Feature","geometry":{"type":"Point","coordinates":[100.464141,13.724637]},"properties":{"q":"at-risk","d":34.1,"f":15.9,"a":458.0,"v":4007500,"s":0,"dist":"Phasi Charoen","cl":"Khlong Bang Luang artist-house row"}},{"type":"Feature","geometry":{"type":"Point","coordinates":[100.46229,13.725438]},"properties":{"q":"lawful-reuse","d":8.0,"f":3.8,"a":30.6,"v":267750,"s":0,"dist":"Phasi Charoen","cl":"Khlong Bang Luang artist-house row"}},{"type":"Feature","geometry":{"type":"Point","coordinates":[100.462434,13.725649]},"properties":{"q":"low-pressure","d":14.6,"f":9.3,"a":133.6,"v":1169000,"s":0,"dist":"Phasi Charoen","cl":"Khlong Bang Luang artist-house row"}},{"type":"Feature","geometry":{"type":"Point","coordinates":[100.463928,13.724791]},"properties":{"q":"lawful-reuse","d":12.7,"f":5.3,"a":67.8,"v":593250,"s":0,"dist":"Phasi Charoen","cl":"Khlong Bang Luang artist-house row"}},{"type":"Feature","geometry":{"type":"Point","coordinates":[100.463584,13.725397]},"properties":{"q":"lawful-reuse","d":10.2,"f":7.0,"a":71.5,"v":625625,"s":0,"dist":"Phasi Charoen","cl":"Khlong Bang Luang artist-house row"}},{"type":"Feature","geometry":{"type":"Point","coordinates":[100.46249,13.725854]},"properties":{"q":"lawful-reuse","d":12.2,"f":6.6,"a":80.0,"v":700000,"s":0,"dist":"Phasi Charoen","cl":"Khlong Bang Luang artist-house row"}},{"type":"Feature","geometry":{"type":"Point","coordinates":[100.463984,13.724519]},"properties":{"q":"low-pressure","d":20.3,"f":10.7,"a":216.9,"v":1897875,"s":0,"dist":"Phasi Charoen","cl":"Khlong Bang Luang artist-house row"}},{"type":"Feature","geometry":{"type":"Point","coordinates":[100.462335,13.725605]},"properties":{"q":"low-pressure","d":23.1,"f":10.8,"a":206.7,"v":1808625,"s":1,"dist":"Phasi Charoen","cl":"Khlong Bang Luang artist-house row"}},{"type":"Feature","geometry":{"type":"Point","coordinates":[100.463765,13.725104]},"properties":{"q":"low-pressure","d":15.2,"f":8.0,"a":83.7,"v":732375,"s":0,"dist":"Phasi Charoen","cl":"Khlong Bang Luang artist-house row"}},{"type":"Feature","geometry":{"type":"Point","coordinates":[100.462469,13.725611]},"properties":{"q":"lawful-reuse","d":6.2,"f":2.9,"a":18.0,"v":157500,"s":1,"dist":"Phasi Charoen","cl":"Khlong Bang Luang artist-house row"}},{"type":"Feature","geometry":{"type":"Point","coordinates":[100.461754,13.726087]},"properties":{"q":"low-pressure","d":35.0,"f":10.4,"a":364.2,"v":3186750,"s":1,"dist":"Phasi Charoen","cl":"Khlong Bang Luang artist-house row"}},{"type":"Feature","geometry":{"type":"Point","coordinates":[100.463566,13.725245]},"properties":{"q":"lawful-reuse","d":13.1,"f":10.5,"a":103.4,"v":904750,"s":0,"dist":"Phasi Charoen","cl":"Khlong Bang Luang artist-house row"}},{"type":"Feature","geometry":{"type":"Point","coordinates":[100.464437,13.725139]},"properties":{"q":"low-pressure","d":21.7,"f":5.2,"a":113.7,"v":994875,"s":0,"dist":"Phasi Charoen","cl":"Khlong Bang Luang artist-house row"}},{"type":"Feature","geometry":{"type":"Point","coordinates":[100.462508,13.725498]},"properties":{"q":"low-pressure","d":14.7,"f":12.0,"a":175.4,"v":1534750,"s":0,"dist":"Phasi Charoen","cl":"Khlong Bang Luang artist-house row"}},{"type":"Feature","geometry":{"type":"Point","coordinates":[100.463105,13.725515]},"properties":{"q":"low-pressure","d":13.7,"f":10.9,"a":149.4,"v":1307250,"s":0,"dist":"Phasi Charoen","cl":"Khlong Bang Luang artist-house row"}},{"type":"Feature","geometry":{"type":"Point","coordinates":[100.464332,13.724782]},"properties":{"q":"at-risk","d":34.2,"f":12.0,"a":410.8,"v":3594500,"s":0,"dist":"Phasi Charoen","cl":"Khlong Bang Luang artist-house row"}},{"type":"Feature","geometry":{"type":"Point","coordinates":[100.461975,13.725593]},"properties":{"q":"low-pressure","d":16.2,"f":10.0,"a":162.1,"v":1418375,"s":0,"dist":"Phasi Charoen","cl":"Khlong Bang Luang artist-house row"}},{"type":"Feature","geometry":{"type":"Point","coordinates":[100.462107,13.725694]},"properties":{"q":"lawful-reuse","d":10.6,"f":5.1,"a":54.5,"v":476875,"s":1,"dist":"Phasi Charoen","cl":"Khlong Bang Luang artist-house row"}},{"type":"Feature","geometry":{"type":"Point","coordinates":[100.46333,13.725408]},"properties":{"q":"low-pressure","d":14.0,"f":10.6,"a":148.4,"v":1298500,"s":0,"dist":"Phasi Charoen","cl":"Khlong Bang Luang artist-house row"}},{"type":"Feature","geometry":{"type":"Point","coordinates":[100.46422,13.725245]},"properties":{"q":"low-pressure","d":15.7,"f":9.1,"a":143.3,"v":1253875,"s":0,"dist":"Phasi Charoen","cl":"Khlong Bang Luang artist-house row"}},{"type":"Feature","geometry":{"type":"Point","coordinates":[100.463135,13.72508]},"properties":{"q":"at-risk","d":32.1,"f":14.5,"a":416.1,"v":3640875,"s":0,"dist":"Phasi Charoen","cl":"Khlong Bang Luang artist-house row"}},{"type":"Feature","geometry":{"type":"Point","coordinates":[100.462077,13.72568]},"properties":{"q":"low-pressure","d":13.6,"f":3.1,"a":42.4,"v":371000,"s":1,"dist":"Phasi Charoen","cl":"Khlong Bang Luang artist-house row"}},{"type":"Feature","geometry":{"type":"Point","coordinates":[100.463698,13.724931]},"properties":{"q":"low-pressure","d":21.2,"f":11.9,"a":247.2,"v":2163000,"s":0,"dist":"Phasi Charoen","cl":"Khlong Bang Luang artist-house row"}},{"type":"Feature","geometry":{"type":"Point","coordinates":[100.463337,13.724676]},"properties":{"q":"low-pressure","d":21.6,"f":8.2,"a":177.4,"v":1552250,"s":0,"dist":"Phasi Charoen","cl":"Khlong Bang Luang artist-house row"}},{"type":"Feature","geometry":{"type":"Point","coordinates":[100.463997,13.725387]},"properties":{"q":"low-pressure","d":26.8,"f":7.5,"a":201.4,"v":1762250,"s":0,"dist":"Phasi Charoen","cl":"Khlong Bang Luang artist-house row"}},{"type":"Feature","geometry":{"type":"Point","coordinates":[100.462855,13.725989]},"properties":{"q":"lawful-reuse","d":9.8,"f":2.8,"a":27.1,"v":237125,"s":0,"dist":"Phasi Charoen","cl":"Khlong Bang Luang artist-house row"}},{"type":"Feature","geometry":{"type":"Point","coordinates":[100.462292,13.726021]},"properties":{"q":"lawful-reuse","d":7.9,"f":3.3,"a":25.7,"v":224875,"s":0,"dist":"Phasi Charoen","cl":"Khlong Bang Luang artist-house row"}},{"type":"Feature","geometry":{"type":"Point","coordinates":[100.461909,13.725752]},"properties":{"q":"lawful-reuse","d":5.7,"f":4.3,"a":24.6,"v":215250,"s":0,"dist":"Phasi Charoen","cl":"Khlong Bang Luang artist-house row"}},{"type":"Feature","geometry":{"type":"Point","coordinates":[100.462613,13.725796]},"properties":{"q":"lawful-reuse","d":12.1,"f":9.9,"a":119.8,"v":1048250,"s":0,"dist":"Phasi Charoen","cl":"Khlong Bang Luang artist-house row"}},{"type":"Feature","geometry":{"type":"Point","coordinates":[100.462082,13.726044]},"properties":{"q":"lawful-reuse","d":9.3,"f":3.3,"a":31.2,"v":273000,"s":1,"dist":"Phasi Charoen","cl":"Khlong Bang Luang artist-house row"}},{"type":"Feature","geometry":{"type":"Point","coordinates":[100.463727,13.725501]},"properties":{"q":"lawful-reuse","d":13.1,"f":5.2,"a":67.9,"v":594125,"s":0,"dist":"Phasi Charoen","cl":"Khlong Bang Luang artist-house row"}},{"type":"Feature","geometry":{"type":"Point","coordinates":[100.462831,13.725216]},"properties":{"q":"low-pressure","d":14.7,"f":5.5,"a":81.4,"v":712250,"s":0,"dist":"Phasi Charoen","cl":"Khlong Bang Luang artist-house row"}},{"type":"Feature","geometry":{"type":"Point","coordinates":[100.46214,13.725727]},"properties":{"q":"lawful-reuse","d":10.6,"f":5.0,"a":53.1,"v":464625,"s":1,"dist":"Phasi Charoen","cl":"Khlong Bang Luang artist-house row"}},{"type":"Feature","geometry":{"type":"Point","coordinates":[100.46198,13.726229]},"properties":{"q":"lawful-reuse","d":10.9,"f":4.2,"a":45.6,"v":399000,"s":0,"dist":"Phasi Charoen","cl":"Khlong Bang Luang artist-house row"}},{"type":"Feature","geometry":{"type":"Point","coordinates":[100.505972,13.74458]},"properties":{"q":"at-risk","d":17.8,"f":9.8,"a":165.7,"v":10356250,"s":0,"dist":"Samphanthawong","cl":"Luenrit community"}},{"type":"Feature","geometry":{"type":"Point","coordinates":[100.505831,13.744368]},"properties":{"q":"at-risk","d":25.1,"f":11.2,"a":281.2,"v":17575000,"s":0,"dist":"Samphanthawong","cl":"Luenrit community"}},{"type":"Feature","geometry":{"type":"Point","coordinates":[100.505834,13.744682]},"properties":{"q":"at-risk","d":18.0,"f":10.4,"a":181.5,"v":11343750,"s":0,"dist":"Samphanthawong","cl":"Luenrit community"}},{"type":"Feature","geometry":{"type":"Point","coordinates":[100.505887,13.744462]},"properties":{"q":"at-risk","d":39.0,"f":7.0,"a":271.9,"v":16993750,"s":1,"dist":"Samphanthawong","cl":"Luenrit community"}},{"type":"Feature","geometry":{"type":"Point","coordinates":[100.50578,13.744616]},"properties":{"q":"tell-the-owner","d":11.5,"f":5.4,"a":58.5,"v":3656250,"s":1,"dist":"Samphanthawong","cl":"Luenrit community"}},{"type":"Feature","geometry":{"type":"Point","coordinates":[100.505225,13.744372]},"properties":{"q":"lawful-reuse","d":9.5,"f":4.2,"a":40.0,"v":2500000,"s":0,"dist":"Samphanthawong","cl":"Luenrit community"}},{"type":"Feature","geometry":{"type":"Point","coordinates":[100.505978,13.744769]},"properties":{"q":"at-risk","d":31.2,"f":11.0,"a":326.3,"v":20393750,"s":1,"dist":"Samphanthawong","cl":"Luenrit community"}},{"type":"Feature","geometry":{"type":"Point","coordinates":[100.496847,13.740332]},"properties":{"q":"at-risk","d":17.3,"f":7.1,"a":123.6,"v":7725000,"s":0,"dist":"Phra Nakhon","cl":"Memorial Bridge bridgehead rows"}},{"type":"Feature","geometry":{"type":"Point","coordinates":[100.490666,13.752545]},"properties":{"q":"tell-the-owner","d":12.7,"f":9.9,"a":125.8,"v":7862500,"s":0,"dist":"Phra Nakhon","cl":"Na Phra Lan shophouses"}},{"type":"Feature","geometry":{"type":"Point","coordinates":[100.490934,13.75255]},"properties":{"q":"lawful-reuse","d":12.7,"f":3.3,"a":42.0,"v":2625000,"s":1,"dist":"Phra Nakhon","cl":"Na Phra Lan shophouses"}},{"type":"Feature","geometry":{"type":"Point","coordinates":[100.490386,13.75254]},"properties":{"q":"lawful-reuse","d":12.7,"f":3.3,"a":41.9,"v":2618750,"s":1,"dist":"Phra Nakhon","cl":"Na Phra Lan shophouses"}},{"type":"Feature","geometry":{"type":"Point","coordinates":[100.490873,13.752549]},"properties":{"q":"lawful-reuse","d":12.7,"f":3.3,"a":41.9,"v":2618750,"s":1,"dist":"Phra Nakhon","cl":"Na Phra Lan shophouses"}},{"type":"Feature","geometry":{"type":"Point","coordinates":[100.490903,13.752549]},"properties":{"q":"lawful-reuse","d":12.7,"f":3.3,"a":41.9,"v":2618750,"s":1,"dist":"Phra Nakhon","cl":"Na Phra Lan shophouses"}},{"type":"Feature","geometry":{"type":"Point","coordinates":[100.490325,13.752539]},"properties":{"q":"lawful-reuse","d":12.7,"f":3.3,"a":42.0,"v":2625000,"s":1,"dist":"Phra Nakhon","cl":"Na Phra Lan shophouses"}},{"type":"Feature","geometry":{"type":"Point","coordinates":[100.490234,13.752537]},"properties":{"q":"lawful-reuse","d":12.7,"f":3.3,"a":41.8,"v":2612500,"s":1,"dist":"Phra Nakhon","cl":"Na Phra Lan shophouses"}},{"type":"Feature","geometry":{"type":"Point","coordinates":[100.490843,13.752548]},"properties":{"q":"lawful-reuse","d":12.7,"f":3.3,"a":41.9,"v":2618750,"s":1,"dist":"Phra Nakhon","cl":"Na Phra Lan shophouses"}},{"type":"Feature","geometry":{"type":"Point","coordinates":[100.490782,13.752547]},"properties":{"q":"lawful-reuse","d":12.7,"f":3.3,"a":42.0,"v":2625000,"s":1,"dist":"Phra Nakhon","cl":"Na Phra Lan shophouses"}},{"type":"Feature","geometry":{"type":"Point","coordinates":[100.491627,13.752209]},"properties":{"q":"at-risk","d":84.6,"f":8.6,"a":701.0,"v":43812500,"s":0,"dist":"Phra Nakhon","cl":"Na Phra Lan shophouses"}},{"type":"Feature","geometry":{"type":"Point","coordinates":[100.491086,13.752553]},"properties":{"q":"lawful-reuse","d":12.7,"f":3.3,"a":41.9,"v":2618750,"s":1,"dist":"Phra Nakhon","cl":"Na Phra Lan shophouses"}},{"type":"Feature","geometry":{"type":"Point","coordinates":[100.490964,13.752551]},"properties":{"q":"lawful-reuse","d":12.7,"f":3.3,"a":41.9,"v":2618750,"s":1,"dist":"Phra Nakhon","cl":"Na Phra Lan shophouses"}},{"type":"Feature","geometry":{"type":"Point","coordinates":[100.490264,13.752537]},"properties":{"q":"lawful-reuse","d":12.7,"f":3.3,"a":42.0,"v":2625000,"s":1,"dist":"Phra Nakhon","cl":"Na Phra Lan shophouses"}},{"type":"Feature","geometry":{"type":"Point","coordinates":[100.490447,13.752541]},"properties":{"q":"lawful-reuse","d":12.7,"f":3.3,"a":41.9,"v":2618750,"s":1,"dist":"Phra Nakhon","cl":"Na Phra Lan shophouses"}},{"type":"Feature","geometry":{"type":"Point","coordinates":[100.490812,13.752548]},"properties":{"q":"lawful-reuse","d":12.7,"f":3.3,"a":41.9,"v":2618750,"s":1,"dist":"Phra Nakhon","cl":"Na Phra Lan shophouses"}},{"type":"Feature","geometry":{"type":"Point","coordinates":[100.491056,13.752552]},"properties":{"q":"lawful-reuse","d":12.7,"f":3.3,"a":42.0,"v":2625000,"s":1,"dist":"Phra Nakhon","cl":"Na Phra Lan shophouses"}},{"type":"Feature","geometry":{"type":"Point","coordinates":[100.491025,13.752552]},"properties":{"q":"lawful-reuse","d":12.7,"f":3.3,"a":41.9,"v":2618750,"s":1,"dist":"Phra Nakhon","cl":"Na Phra Lan shophouses"}},{"type":"Feature","geometry":{"type":"Point","coordinates":[100.490416,13.75254]},"properties":{"q":"lawful-reuse","d":12.7,"f":3.3,"a":41.9,"v":2618750,"s":1,"dist":"Phra Nakhon","cl":"Na Phra Lan shophouses"}},{"type":"Feature","geometry":{"type":"Point","coordinates":[100.490569,13.752543]},"properties":{"q":"lawful-reuse","d":12.7,"f":3.3,"a":41.8,"v":2612500,"s":1,"dist":"Phra Nakhon","cl":"Na Phra Lan shophouses"}},{"type":"Feature","geometry":{"type":"Point","coordinates":[100.490355,13.752539]},"properties":{"q":"lawful-reuse","d":12.7,"f":3.3,"a":41.8,"v":2612500,"s":1,"dist":"Phra Nakhon","cl":"Na Phra Lan shophouses"}},{"type":"Feature","geometry":{"type":"Point","coordinates":[100.490599,13.752544]},"properties":{"q":"lawful-reuse","d":12.7,"f":3.3,"a":41.9,"v":2618750,"s":1,"dist":"Phra Nakhon","cl":"Na Phra Lan shophouses"}},{"type":"Feature","geometry":{"type":"Point","coordinates":[100.490149,13.752607]},"properties":{"q":"at-risk","d":20.2,"f":12.2,"a":245.6,"v":15350000,"s":0,"dist":"Phra Nakhon","cl":"Na Phra Lan shophouses"}},{"type":"Feature","geometry":{"type":"Point","coordinates":[100.490995,13.752551]},"properties":{"q":"lawful-reuse","d":12.7,"f":3.3,"a":42.0,"v":2625000,"s":1,"dist":"Phra Nakhon","cl":"Na Phra Lan shophouses"}},{"type":"Feature","geometry":{"type":"Point","coordinates":[100.490538,13.752543]},"properties":{"q":"lawful-reuse","d":12.7,"f":3.3,"a":42.0,"v":2625000,"s":1,"dist":"Phra Nakhon","cl":"Na Phra Lan shophouses"}},{"type":"Feature","geometry":{"type":"Point","coordinates":[100.49143,13.752311]},"properties":{"q":"at-risk","d":15.6,"f":7.6,"a":100.1,"v":6256250,"s":0,"dist":"Phra Nakhon","cl":"Na Phra Lan shophouses"}},{"type":"Feature","geometry":{"type":"Point","coordinates":[100.490295,13.752538]},"properties":{"q":"lawful-reuse","d":12.7,"f":3.3,"a":41.8,"v":2612500,"s":1,"dist":"Phra Nakhon","cl":"Na Phra Lan shophouses"}},{"type":"Feature","geometry":{"type":"Point","coordinates":[100.490721,13.752546]},"properties":{"q":"lawful-reuse","d":12.7,"f":3.3,"a":41.9,"v":2618750,"s":1,"dist":"Phra Nakhon","cl":"Na Phra Lan shophouses"}},{"type":"Feature","geometry":{"type":"Point","coordinates":[100.490477,13.752541]},"properties":{"q":"lawful-reuse","d":12.7,"f":3.3,"a":41.9,"v":2618750,"s":1,"dist":"Phra Nakhon","cl":"Na Phra Lan shophouses"}},{"type":"Feature","geometry":{"type":"Point","coordinates":[100.490508,13.752542]},"properties":{"q":"lawful-reuse","d":12.7,"f":3.3,"a":41.8,"v":2612500,"s":1,"dist":"Phra Nakhon","cl":"Na Phra Lan shophouses"}},{"type":"Feature","geometry":{"type":"Point","coordinates":[100.490751,13.752547]},"properties":{"q":"lawful-reuse","d":12.7,"f":3.3,"a":41.8,"v":2612500,"s":1,"dist":"Phra Nakhon","cl":"Na Phra Lan shophouses"}},{"type":"Feature","geometry":{"type":"Point","coordinates":[100.504815,13.759845]},"properties":{"q":"at-risk","d":14.9,"f":6.3,"a":93.9,"v":5868750,"s":0,"dist":"Phra Nakhon","cl":"Nang Loeng market quarter"}},{"type":"Feature","geometry":{"type":"Point","coordinates":[100.505854,13.75955]},"properties":{"q":"lawful-reuse","d":9.7,"f":3.6,"a":35.0,"v":2187500,"s":1,"dist":"Phra Nakhon","cl":"Nang Loeng market quarter"}},{"type":"Feature","geometry":{"type":"Point","coordinates":[100.50577,13.759635]},"properties":{"q":"lawful-reuse","d":7.0,"f":5.5,"a":38.5,"v":2406250,"s":0,"dist":"Phra Nakhon","cl":"Nang Loeng market quarter"}},{"type":"Feature","geometry":{"type":"Point","coordinates":[100.505721,13.759259]},"properties":{"q":"lawful-reuse","d":9.2,"f":6.1,"a":56.8,"v":3550000,"s":0,"dist":"Phra Nakhon","cl":"Nang Loeng market quarter"}},{"type":"Feature","geometry":{"type":"Point","coordinates":[100.505066,13.760142]},"properties":{"q":"lawful-reuse","d":6.0,"f":4.6,"a":27.1,"v":1693750,"s":0,"dist":"Phra Nakhon","cl":"Nang Loeng market quarter"}},{"type":"Feature","geometry":{"type":"Point","coordinates":[100.505591,13.759587]},"properties":{"q":"lawful-reuse","d":5.7,"f":3.1,"a":17.3,"v":1081250,"s":0,"dist":"Phra Nakhon","cl":"Nang Loeng market quarter"}},{"type":"Feature","geometry":{"type":"Point","coordinates":[100.504967,13.759807]},"properties":{"q":"lawful-reuse","d":5.8,"f":4.7,"a":27.1,"v":1693750,"s":0,"dist":"Phra Nakhon","cl":"Nang Loeng market quarter"}},{"type":"Feature","geometry":{"type":"Point","coordinates":[100.50478,13.760188]},"properties":{"q":"at-risk","d":14.7,"f":7.7,"a":112.2,"v":7012500,"s":0,"dist":"Phra Nakhon","cl":"Nang Loeng market quarter"}},{"type":"Feature","geometry":{"type":"Point","coordinates":[100.506173,13.759177]},"properties":{"q":"lawful-reuse","d":8.5,"f":3.8,"a":32.4,"v":2025000,"s":0,"dist":"Phra Nakhon","cl":"Nang Loeng market quarter"}},{"type":"Feature","geometry":{"type":"Point","coordinates":[100.505414,13.759531]},"properties":{"q":"tell-the-owner","d":11.3,"f":9.7,"a":108.8,"v":6800000,"s":0,"dist":"Phra Nakhon","cl":"Nang Loeng market quarter"}},{"type":"Feature","geometry":{"type":"Point","coordinates":[100.505817,13.759582]},"properties":{"q":"tell-the-owner","d":11.3,"f":6.7,"a":74.9,"v":4681250,"s":0,"dist":"Phra Nakhon","cl":"Nang Loeng market quarter"}},{"type":"Feature","geometry":{"type":"Point","coordinates":[100.50541,13.759668]},"properties":{"q":"at-risk","d":15.3,"f":11.8,"a":136.6,"v":8537500,"s":0,"dist":"Phra Nakhon","cl":"Nang Loeng market quarter"}},{"type":"Feature","geometry":{"type":"Point","coordinates":[100.504877,13.759809]},"properties":{"q":"at-risk","d":14.9,"f":8.2,"a":122.4,"v":7650000,"s":0,"dist":"Phra Nakhon","cl":"Nang Loeng market quarter"}},{"type":"Feature","geometry":{"type":"Point","coordinates":[100.505931,13.759161]},"properties":{"q":"lawful-reuse","d":8.3,"f":3.9,"a":32.3,"v":2018750,"s":0,"dist":"Phra Nakhon","cl":"Nang Loeng market quarter"}},{"type":"Feature","geometry":{"type":"Point","coordinates":[100.505313,13.760156]},"properties":{"q":"lawful-reuse","d":9.3,"f":6.1,"a":56.5,"v":3531250,"s":0,"dist":"Phra Nakhon","cl":"Nang Loeng market quarter"}},{"type":"Feature","geometry":{"type":"Point","coordinates":[100.505612,13.759678]},"properties":{"q":"lawful-reuse","d":9.1,"f":3.0,"a":27.2,"v":1700000,"s":1,"dist":"Phra Nakhon","cl":"Nang Loeng market quarter"}},{"type":"Feature","geometry":{"type":"Point","coordinates":[100.504996,13.759726]},"properties":{"q":"lawful-reuse","d":7.1,"f":6.0,"a":42.7,"v":2668750,"s":0,"dist":"Phra Nakhon","cl":"Nang Loeng market quarter"}},{"type":"Feature","geometry":{"type":"Point","coordinates":[100.505276,13.760303]},"properties":{"q":"tell-the-owner","d":10.7,"f":5.4,"a":57.2,"v":3575000,"s":0,"dist":"Phra Nakhon","cl":"Nang Loeng market quarter"}},{"type":"Feature","geometry":{"type":"Point","coordinates":[100.505015,13.75958]},"properties":{"q":"tell-the-owner","d":10.8,"f":7.1,"a":76.5,"v":4781250,"s":0,"dist":"Phra Nakhon","cl":"Nang Loeng market quarter"}},{"type":"Feature","geometry":{"type":"Point","coordinates":[100.505244,13.75948]},"properties":{"q":"at-risk","d":16.6,"f":5.9,"a":98.6,"v":6162500,"s":1,"dist":"Phra Nakhon","cl":"Nang Loeng market quarter"}},{"type":"Feature","geometry":{"type":"Point","coordinates":[100.505204,13.759922]},"properties":{"q":"at-risk","d":13.6,"f":9.6,"a":130.8,"v":8175000,"s":0,"dist":"Phra Nakhon","cl":"Nang Loeng market quarter"}},{"type":"Feature","geometry":{"type":"Point","coordinates":[100.505308,13.759883]},"properties":{"q":"lawful-reuse","d":8.2,"f":5.2,"a":42.9,"v":2681250,"s":0,"dist":"Phra Nakhon","cl":"Nang Loeng market quarter"}},{"type":"Feature","geometry":{"type":"Point","coordinates":[100.505076,13.759843]},"properties":{"q":"tell-the-owner","d":10.2,"f":8.0,"a":81.3,"v":5081250,"s":0,"dist":"Phra Nakhon","cl":"Nang Loeng market quarter"}},{"type":"Feature","geometry":{"type":"Point","coordinates":[100.505229,13.759633]},"properties":{"q":"lawful-reuse","d":6.8,"f":5.7,"a":38.7,"v":2418750,"s":0,"dist":"Phra Nakhon","cl":"Nang Loeng market quarter"}},{"type":"Feature","geometry":{"type":"Point","coordinates":[100.505891,13.759204]},"properties":{"q":"lawful-reuse","d":6.8,"f":4.3,"a":29.2,"v":1825000,"s":0,"dist":"Phra Nakhon","cl":"Nang Loeng market quarter"}},{"type":"Feature","geometry":{"type":"Point","coordinates":[100.505788,13.759169]},"properties":{"q":"tell-the-owner","d":11.1,"f":9.2,"a":102.6,"v":6412500,"s":0,"dist":"Phra Nakhon","cl":"Nang Loeng market quarter"}},{"type":"Feature","geometry":{"type":"Point","coordinates":[100.505133,13.759604]},"properties":{"q":"lawful-reuse","d":6.7,"f":5.8,"a":39.1,"v":2443750,"s":0,"dist":"Phra Nakhon","cl":"Nang Loeng market quarter"}},{"type":"Feature","geometry":{"type":"Point","coordinates":[100.505299,13.759712]},"properties":{"q":"lawful-reuse","d":7.3,"f":5.3,"a":38.8,"v":2425000,"s":0,"dist":"Phra Nakhon","cl":"Nang Loeng market quarter"}},{"type":"Feature","geometry":{"type":"Point","coordinates":[100.505545,13.75972]},"properties":{"q":"tell-the-owner","d":12.6,"f":10.8,"a":136.4,"v":8525000,"s":0,"dist":"Phra Nakhon","cl":"Nang Loeng market quarter"}},{"type":"Feature","geometry":{"type":"Point","coordinates":[100.50489,13.760107]},"properties":{"q":"tell-the-owner","d":10.0,"f":7.0,"a":69.6,"v":4350000,"s":0,"dist":"Phra Nakhon","cl":"Nang Loeng market quarter"}},{"type":"Feature","geometry":{"type":"Point","coordinates":[100.505017,13.759347]},"properties":{"q":"at-risk","d":25.3,"f":7.9,"a":200.1,"v":12506250,"s":0,"dist":"Phra Nakhon","cl":"Nang Loeng market quarter"}},{"type":"Feature","geometry":{"type":"Point","coordinates":[100.505132,13.759685]},"properties":{"q":"tell-the-owner","d":9.4,"f":6.6,"a":61.7,"v":3856250,"s":0,"dist":"Phra Nakhon","cl":"Nang Loeng market quarter"}},{"type":"Feature","geometry":{"type":"Point","coordinates":[100.505949,13.759641]},"properties":{"q":"lawful-reuse","d":10.6,"f":4.0,"a":42.5,"v":2656250,"s":0,"dist":"Phra Nakhon","cl":"Nang Loeng market quarter"}},{"type":"Feature","geometry":{"type":"Point","coordinates":[100.504965,13.759909]},"properties":{"q":"lawful-reuse","d":9.0,"f":6.0,"a":53.6,"v":3350000,"s":0,"dist":"Phra Nakhon","cl":"Nang Loeng market quarter"}},{"type":"Feature","geometry":{"type":"Point","coordinates":[100.505899,13.759397]},"properties":{"q":"at-risk","d":40.1,"f":19.3,"a":769.8,"v":48112500,"s":1,"dist":"Phra Nakhon","cl":"Nang Loeng market quarter"}},{"type":"Feature","geometry":{"type":"Point","coordinates":[100.505318,13.759297]},"properties":{"q":"at-risk","d":14.9,"f":5.6,"a":83.2,"v":5200000,"s":0,"dist":"Phra Nakhon","cl":"Nang Loeng market quarter"}},{"type":"Feature","geometry":{"type":"Point","coordinates":[100.505836,13.75924]},"properties":{"q":"tell-the-owner","d":11.5,"f":5.8,"a":67.2,"v":4200000,"s":1,"dist":"Phra Nakhon","cl":"Nang Loeng market quarter"}},{"type":"Feature","geometry":{"type":"Point","coordinates":[100.504768,13.759927]},"properties":{"q":"tell-the-owner","d":10.6,"f":6.1,"a":65.3,"v":4081250,"s":0,"dist":"Phra Nakhon","cl":"Nang Loeng market quarter"}},{"type":"Feature","geometry":{"type":"Point","coordinates":[100.504844,13.759978]},"properties":{"q":"at-risk","d":23.2,"f":9.0,"a":209.2,"v":13075000,"s":1,"dist":"Phra Nakhon","cl":"Nang Loeng market quarter"}},{"type":"Feature","geometry":{"type":"Point","coordinates":[100.505728,13.758993]},"properties":{"q":"lawful-reuse","d":10.2,"f":4.1,"a":42.4,"v":2650000,"s":0,"dist":"Phra Nakhon","cl":"Nang Loeng market quarter"}},{"type":"Feature","geometry":{"type":"Point","coordinates":[100.505285,13.759651]},"properties":{"q":"lawful-reuse","d":7.8,"f":3.0,"a":23.3,"v":1456250,"s":1,"dist":"Phra Nakhon","cl":"Nang Loeng market quarter"}},{"type":"Feature","geometry":{"type":"Point","coordinates":[100.866217,13.85723]},"properties":{"q":"lawful-reuse","d":10.8,"f":4.8,"a":51.8,"v":168350,"s":0,"dist":"Nong Chok","cl":"Nong Chok old market"}},{"type":"Feature","geometry":{"type":"Point","coordinates":[100.865785,13.857116]},"properties":{"q":"low-pressure","d":37.7,"f":11.6,"a":428.3,"v":1391975,"s":1,"dist":"Nong Chok","cl":"Nong Chok old market"}},{"type":"Feature","geometry":{"type":"Point","coordinates":[100.865161,13.857642]},"properties":{"q":"low-pressure","d":21.5,"f":11.5,"a":216.6,"v":703950,"s":0,"dist":"Nong Chok","cl":"Nong Chok old market"}},{"type":"Feature","geometry":{"type":"Point","coordinates":[100.865447,13.85742]},"properties":{"q":"low-pressure","d":54.0,"f":23.9,"a":759.1,"v":2467075,"s":0,"dist":"Nong Chok","cl":"Nong Chok old market"}},{"type":"Feature","geometry":{"type":"Point","coordinates":[100.86632,13.857293]},"properties":{"q":"low-pressure","d":18.8,"f":5.5,"a":99.6,"v":323700,"s":0,"dist":"Nong Chok","cl":"Nong Chok old market"}},{"type":"Feature","geometry":{"type":"Point","coordinates":[100.865874,13.85755]},"properties":{"q":"lawful-reuse","d":13.3,"f":2.1,"a":27.9,"v":90675,"s":0,"dist":"Nong Chok","cl":"Nong Chok old market"}},{"type":"Feature","geometry":{"type":"Point","coordinates":[100.865136,13.857397]},"properties":{"q":"low-pressure","d":20.7,"f":9.7,"a":181.9,"v":591175,"s":1,"dist":"Nong Chok","cl":"Nong Chok old market"}},{"type":"Feature","geometry":{"type":"Point","coordinates":[100.864612,13.857351]},"properties":{"q":"lawful-reuse","d":10.7,"f":6.9,"a":68.7,"v":223275,"s":0,"dist":"Nong Chok","cl":"Nong Chok old market"}},{"type":"Feature","geometry":{"type":"Point","coordinates":[100.866116,13.856657]},"properties":{"q":"low-pressure","d":35.5,"f":12.0,"a":396.5,"v":1288625,"s":1,"dist":"Nong Chok","cl":"Nong Chok old market"}},{"type":"Feature","geometry":{"type":"Point","coordinates":[100.866115,13.857031]},"properties":{"q":"low-pressure","d":50.7,"f":11.2,"a":550.9,"v":1790425,"s":1,"dist":"Nong Chok","cl":"Nong Chok old market"}},{"type":"Feature","geometry":{"type":"Point","coordinates":[100.865403,13.857056]},"properties":{"q":"low-pressure","d":34.7,"f":10.9,"a":320.4,"v":1041300,"s":1,"dist":"Nong Chok","cl":"Nong Chok old market"}},{"type":"Feature","geometry":{"type":"Point","coordinates":[100.865144,13.857496]},"properties":{"q":"low-pressure","d":20.4,"f":11.7,"a":216.2,"v":702650,"s":0,"dist":"Nong Chok","cl":"Nong Chok old market"}},{"type":"Feature","geometry":{"type":"Point","coordinates":[100.865759,13.856994]},"properties":{"q":"low-pressure","d":36.2,"f":11.2,"a":383.9,"v":1247675,"s":1,"dist":"Nong Chok","cl":"Nong Chok old market"}},{"type":"Feature","geometry":{"type":"Point","coordinates":[100.864487,13.857348]},"properties":{"q":"lawful-reuse","d":8.6,"f":5.9,"a":50.4,"v":163800,"s":0,"dist":"Nong Chok","cl":"Nong Chok old market"}},{"type":"Feature","geometry":{"type":"Point","coordinates":[100.864741,13.857636]},"properties":{"q":"lawful-reuse","d":11.0,"f":6.9,"a":75.9,"v":246675,"s":0,"dist":"Nong Chok","cl":"Nong Chok old market"}},{"type":"Feature","geometry":{"type":"Point","coordinates":[100.865364,13.857166]},"properties":{"q":"low-pressure","d":36.4,"f":14.1,"a":499.4,"v":1623050,"s":1,"dist":"Nong Chok","cl":"Nong Chok old market"}},{"type":"Feature","geometry":{"type":"Point","coordinates":[100.866058,13.856531]},"properties":{"q":"low-pressure","d":40.5,"f":14.9,"a":582.7,"v":1893775,"s":0,"dist":"Nong Chok","cl":"Nong Chok old market"}},{"type":"Feature","geometry":{"type":"Point","coordinates":[100.866113,13.857335]},"properties":{"q":"low-pressure","d":21.5,"f":5.4,"a":114.2,"v":371150,"s":0,"dist":"Nong Chok","cl":"Nong Chok old market"}},{"type":"Feature","geometry":{"type":"Point","coordinates":[100.865921,13.857267]},"properties":{"q":"low-pressure","d":31.6,"f":11.1,"a":337.4,"v":1096550,"s":1,"dist":"Nong Chok","cl":"Nong Chok old market"}},{"type":"Feature","geometry":{"type":"Point","coordinates":[100.866179,13.857276]},"properties":{"q":"lawful-reuse","d":8.5,"f":3.2,"a":27.2,"v":88400,"s":0,"dist":"Nong Chok","cl":"Nong Chok old market"}},{"type":"Feature","geometry":{"type":"Point","coordinates":[100.86585,13.857481]},"properties":{"q":"lawful-reuse","d":10.8,"f":1.5,"a":16.2,"v":52650,"s":0,"dist":"Nong Chok","cl":"Nong Chok old market"}},{"type":"Feature","geometry":{"type":"Point","coordinates":[100.866089,13.856911]},"properties":{"q":"low-pressure","d":50.3,"f":11.8,"a":488.8,"v":1588600,"s":1,"dist":"Nong Chok","cl":"Nong Chok old market"}},{"type":"Feature","geometry":{"type":"Point","coordinates":[100.865515,13.857703]},"properties":{"q":"low-pressure","d":22.1,"f":7.9,"a":156.4,"v":508300,"s":0,"dist":"Nong Chok","cl":"Nong Chok old market"}},{"type":"Feature","geometry":{"type":"Point","coordinates":[100.865638,13.85746]},"properties":{"q":"low-pressure","d":48.3,"f":11.6,"a":522.4,"v":1697800,"s":1,"dist":"Nong Chok","cl":"Nong Chok old market"}},{"type":"Feature","geometry":{"type":"Point","coordinates":[100.496187,13.742056]},"properties":{"q":"tell-the-owner","d":12.8,"f":7.6,"a":97.3,"v":6081250,"s":0,"dist":"Phra Nakhon","cl":"Pak Khlong Talat night market rows"}},{"type":"Feature","geometry":{"type":"Point","coordinates":[100.495842,13.741329]},"properties":{"q":"tell-the-owner","d":12.9,"f":10.0,"a":128.7,"v":8043750,"s":0,"dist":"Phra Nakhon","cl":"Pak Khlong Talat night market rows"}},{"type":"Feature","geometry":{"type":"Point","coordinates":[100.496244,13.742016]},"properties":{"q":"tell-the-owner","d":11.8,"f":5.4,"a":64.3,"v":4018750,"s":0,"dist":"Phra Nakhon","cl":"Pak Khlong Talat night market rows"}},{"type":"Feature","geometry":{"type":"Point","coordinates":[100.497213,13.742213]},"properties":{"q":"at-risk","d":20.3,"f":8.2,"a":125.4,"v":7837500,"s":0,"dist":"Phra Nakhon","cl":"Pak Khlong Talat night market rows"}},{"type":"Feature","geometry":{"type":"Point","coordinates":[100.495833,13.741562]},"properties":{"q":"at-risk","d":16.4,"f":5.2,"a":85.5,"v":5343750,"s":1,"dist":"Phra Nakhon","cl":"Pak Khlong Talat night market rows"}},{"type":"Feature","geometry":{"type":"Point","coordinates":[100.496696,13.742533]},"properties":{"q":"at-risk","d":37.1,"f":13.7,"a":507.4,"v":31712500,"s":0,"dist":"Phra Nakhon","cl":"Pak Khlong Talat night market rows"}},{"type":"Feature","geometry":{"type":"Point","coordinates":[100.496692,13.742384]},"properties":{"q":"at-risk","d":44.9,"f":16.8,"a":751.3,"v":46956250,"s":0,"dist":"Phra Nakhon","cl":"Pak Khlong Talat night market rows"}},{"type":"Feature","geometry":{"type":"Point","coordinates":[100.495736,13.741391]},"properties":{"q":"tell-the-owner","d":11.6,"f":6.9,"a":79.0,"v":4937500,"s":0,"dist":"Phra Nakhon","cl":"Pak Khlong Talat night market rows"}},{"type":"Feature","geometry":{"type":"Point","coordinates":[100.496406,13.741966]},"properties":{"q":"tell-the-owner","d":11.6,"f":7.3,"a":85.0,"v":5312500,"s":0,"dist":"Phra Nakhon","cl":"Pak Khlong Talat night market rows"}},{"type":"Feature","geometry":{"type":"Point","coordinates":[100.496602,13.741889]},"properties":{"q":"tell-the-owner","d":12.9,"f":7.0,"a":90.4,"v":5650000,"s":0,"dist":"Phra Nakhon","cl":"Pak Khlong Talat night market rows"}},{"type":"Feature","geometry":{"type":"Point","coordinates":[100.496703,13.74171]},"properties":{"q":"tell-the-owner","d":12.2,"f":8.8,"a":107.5,"v":6718750,"s":0,"dist":"Phra Nakhon","cl":"Pak Khlong Talat night market rows"}},{"type":"Feature","geometry":{"type":"Point","coordinates":[100.496811,13.741461]},"properties":{"q":"tell-the-owner","d":13.3,"f":5.7,"a":75.4,"v":4712500,"s":0,"dist":"Phra Nakhon","cl":"Pak Khlong Talat night market rows"}},{"type":"Feature","geometry":{"type":"Point","coordinates":[100.495987,13.741731]},"properties":{"q":"at-risk","d":23.4,"f":12.1,"a":282.5,"v":17656250,"s":0,"dist":"Phra Nakhon","cl":"Pak Khlong Talat night market rows"}},{"type":"Feature","geometry":{"type":"Point","coordinates":[100.496292,13.74176]},"properties":{"q":"at-risk","d":41.2,"f":20.8,"a":848.0,"v":53000000,"s":0,"dist":"Phra Nakhon","cl":"Pak Khlong Talat night market rows"}},{"type":"Feature","geometry":{"type":"Point","coordinates":[100.496479,13.741959]},"properties":{"q":"tell-the-owner","d":12.2,"f":6.1,"a":74.6,"v":4662500,"s":1,"dist":"Phra Nakhon","cl":"Pak Khlong Talat night market rows"}},{"type":"Feature","geometry":{"type":"Point","coordinates":[100.496665,13.741399]},"properties":{"q":"tell-the-owner","d":13.3,"f":6.6,"a":87.1,"v":5443750,"s":0,"dist":"Phra Nakhon","cl":"Pak Khlong Talat night market rows"}},{"type":"Feature","geometry":{"type":"Point","coordinates":[100.495879,13.741753]},"properties":{"q":"at-risk","d":29.7,"f":13.9,"a":410.7,"v":25668750,"s":0,"dist":"Phra Nakhon","cl":"Pak Khlong Talat night market rows"}},{"type":"Feature","geometry":{"type":"Point","coordinates":[100.496291,13.742003]},"properties":{"q":"lawful-reuse","d":11.8,"f":4.0,"a":47.7,"v":2981250,"s":1,"dist":"Phra Nakhon","cl":"Pak Khlong Talat night market rows"}},{"type":"Feature","geometry":{"type":"Point","coordinates":[100.495333,13.741257]},"properties":{"q":"lawful-reuse","d":12.9,"f":3.0,"a":38.1,"v":2381250,"s":0,"dist":"Phra Nakhon","cl":"Pak Khlong Talat night market rows"}},{"type":"Feature","geometry":{"type":"Point","coordinates":[100.495618,13.741103]},"properties":{"q":"tell-the-owner","d":11.2,"f":7.7,"a":85.7,"v":5356250,"s":0,"dist":"Phra Nakhon","cl":"Pak Khlong Talat night market rows"}},{"type":"Feature","geometry":{"type":"Point","coordinates":[100.497188,13.742912]},"properties":{"q":"at-risk","d":75.3,"f":8.9,"a":642.7,"v":40168750,"s":0,"dist":"Phra Nakhon","cl":"Pak Khlong Talat night market rows"}},{"type":"Feature","geometry":{"type":"Point","coordinates":[100.49575,13.741097]},"properties":{"q":"tell-the-owner","d":13.4,"f":11.0,"a":147.0,"v":9187500,"s":0,"dist":"Phra Nakhon","cl":"Pak Khlong Talat night market rows"}},{"type":"Feature","geometry":{"type":"Point","coordinates":[100.49608,13.741919]},"properties":{"q":"at-risk","d":20.5,"f":10.9,"a":222.4,"v":13900000,"s":0,"dist":"Phra Nakhon","cl":"Pak Khlong Talat night market rows"}},{"type":"Feature","geometry":{"type":"Point","coordinates":[100.495686,13.741271]},"properties":{"q":"tell-the-owner","d":10.9,"f":9.2,"a":100.6,"v":6287500,"s":0,"dist":"Phra Nakhon","cl":"Pak Khlong Talat night market rows"}},{"type":"Feature","geometry":{"type":"Point","coordinates":[100.495932,13.741537]},"properties":{"q":"tell-the-owner","d":13.1,"f":10.3,"a":134.5,"v":8406250,"s":0,"dist":"Phra Nakhon","cl":"Pak Khlong Talat night market rows"}},{"type":"Feature","geometry":{"type":"Point","coordinates":[100.495783,13.741584]},"properties":{"q":"at-risk","d":16.4,"f":4.8,"a":78.1,"v":4881250,"s":1,"dist":"Phra Nakhon","cl":"Pak Khlong Talat night market rows"}},{"type":"Feature","geometry":{"type":"Point","coordinates":[100.496451,13.741678]},"properties":{"q":"at-risk","d":41.9,"f":19.4,"a":811.2,"v":50700000,"s":0,"dist":"Phra Nakhon","cl":"Pak Khlong Talat night market rows"}},{"type":"Feature","geometry":{"type":"Point","coordinates":[100.49571,13.741334]},"properties":{"q":"lawful-reuse","d":10.9,"f":5.1,"a":55.6,"v":3475000,"s":0,"dist":"Phra Nakhon","cl":"Pak Khlong Talat night market rows"}},{"type":"Feature","geometry":{"type":"Point","coordinates":[100.497374,13.742276]},"properties":{"q":"at-risk","d":24.2,"f":4.9,"a":112.3,"v":7018750,"s":0,"dist":"Phra Nakhon","cl":"Pak Khlong Talat night market rows"}},{"type":"Feature","geometry":{"type":"Point","coordinates":[100.496613,13.742039]},"properties":{"q":"at-risk","d":21.4,"f":9.9,"a":211.6,"v":13225000,"s":0,"dist":"Phra Nakhon","cl":"Pak Khlong Talat night market rows"}},{"type":"Feature","geometry":{"type":"Point","coordinates":[100.496918,13.742306]},"properties":{"q":"at-risk","d":18.3,"f":13.5,"a":213.4,"v":13337500,"s":0,"dist":"Phra Nakhon","cl":"Pak Khlong Talat night market rows"}},{"type":"Feature","geometry":{"type":"Point","coordinates":[100.496117,13.742082]},"properties":{"q":"tell-the-owner","d":12.5,"f":6.7,"a":84.0,"v":5250000,"s":0,"dist":"Phra Nakhon","cl":"Pak Khlong Talat night market rows"}},{"type":"Feature","geometry":{"type":"Point","coordinates":[100.496534,13.741916]},"properties":{"q":"tell-the-owner","d":12.1,"f":6.2,"a":75.2,"v":4700000,"s":1,"dist":"Phra Nakhon","cl":"Pak Khlong Talat night market rows"}},{"type":"Feature","geometry":{"type":"Point","coordinates":[100.496339,13.741986]},"properties":{"q":"tell-the-owner","d":11.5,"f":5.7,"a":65.2,"v":4075000,"s":0,"dist":"Phra Nakhon","cl":"Pak Khlong Talat night market rows"}},{"type":"Feature","geometry":{"type":"Point","coordinates":[100.495765,13.741458]},"properties":{"q":"tell-the-owner","d":11.6,"f":7.5,"a":87.3,"v":5456250,"s":0,"dist":"Phra Nakhon","cl":"Pak Khlong Talat night market rows"}},{"type":"Feature","geometry":{"type":"Point","coordinates":[100.49665,13.741473]},"properties":{"q":"tell-the-owner","d":13.1,"f":6.4,"a":83.9,"v":5243750,"s":0,"dist":"Phra Nakhon","cl":"Pak Khlong Talat night market rows"}},{"type":"Feature","geometry":{"type":"Point","coordinates":[100.495525,13.741485]},"properties":{"q":"lawful-reuse","d":12.5,"f":4.0,"a":49.7,"v":3106250,"s":0,"dist":"Phra Nakhon","cl":"Pak Khlong Talat night market rows"}},{"type":"Feature","geometry":{"type":"Point","coordinates":[100.52987,13.728973]},"properties":{"q":"at-risk","d":21.9,"f":5.6,"a":121.7,"v":7606250,"s":1,"dist":"Bang Rak","cl":"Patpong modern shophouse rows"}},{"type":"Feature","geometry":{"type":"Point","coordinates":[100.533217,13.728427]},"properties":{"q":"at-risk","d":27.1,"f":20.9,"a":558.4,"v":34900000,"s":0,"dist":"Bang Rak","cl":"Patpong modern shophouse rows"}},{"type":"Feature","geometry":{"type":"Point","coordinates":[100.529836,13.729068]},"properties":{"q":"at-risk","d":21.9,"f":5.6,"a":122.0,"v":7625000,"s":1,"dist":"Bang Rak","cl":"Patpong modern shophouse rows"}},{"type":"Feature","geometry":{"type":"Point","coordinates":[100.531901,13.728914]},"properties":{"q":"at-risk","d":13.8,"f":7.9,"a":104.5,"v":6531250,"s":0,"dist":"Bang Rak","cl":"Patpong modern shophouse rows"}},{"type":"Feature","geometry":{"type":"Point","coordinates":[100.531675,13.728712]},"properties":{"q":"at-risk","d":30.9,"f":15.2,"a":468.4,"v":29275000,"s":0,"dist":"Bang Rak","cl":"Patpong modern shophouse rows"}},{"type":"Feature","geometry":{"type":"Point","coordinates":[100.532033,13.728618]},"properties":{"q":"tell-the-owner","d":13.2,"f":7.8,"a":102.5,"v":6406250,"s":0,"dist":"Bang Rak","cl":"Patpong modern shophouse rows"}},{"type":"Feature","geometry":{"type":"Point","coordinates":[100.531552,13.729032]},"properties":{"q":"at-risk","d":39.6,"f":16.0,"a":632.2,"v":39512500,"s":0,"dist":"Bang Rak","cl":"Patpong modern shophouse rows"}},{"type":"Feature","geometry":{"type":"Point","coordinates":[100.532985,13.728865]},"properties":{"q":"at-risk","d":57.1,"f":13.9,"a":779.1,"v":48693750,"s":0,"dist":"Bang Rak","cl":"Patpong modern shophouse rows"}},{"type":"Feature","geometry":{"type":"Point","coordinates":[100.530166,13.729378]},"properties":{"q":"at-risk","d":17.3,"f":11.1,"a":192.5,"v":12031250,"s":0,"dist":"Bang Rak","cl":"Patpong modern shophouse rows"}},{"type":"Feature","geometry":{"type":"Point","coordinates":[100.53027,13.729157]},"properties":{"q":"at-risk","d":29.3,"f":25.4,"a":649.7,"v":40606250,"s":0,"dist":"Bang Rak","cl":"Patpong modern shophouse rows"}},{"type":"Feature","geometry":{"type":"Point","coordinates":[100.529853,13.72902]},"properties":{"q":"at-risk","d":21.9,"f":5.6,"a":122.0,"v":7625000,"s":1,"dist":"Bang Rak","cl":"Patpong modern shophouse rows"}},{"type":"Feature","geometry":{"type":"Point","coordinates":[100.531809,13.729125]},"properties":{"q":"at-risk","d":39.0,"f":13.8,"a":531.7,"v":33231250,"s":0,"dist":"Bang Rak","cl":"Patpong modern shophouse rows"}},{"type":"Feature","geometry":{"type":"Point","coordinates":[100.532035,13.728907]},"properties":{"q":"at-risk","d":23.9,"f":15.2,"a":362.8,"v":22675000,"s":0,"dist":"Bang Rak","cl":"Patpong modern shophouse rows"}},{"type":"Feature","geometry":{"type":"Point","coordinates":[100.52998,13.729285]},"properties":{"q":"at-risk","d":36.4,"f":17.9,"a":642.9,"v":40181250,"s":1,"dist":"Bang Rak","cl":"Patpong modern shophouse rows"}},{"type":"Feature","geometry":{"type":"Point","coordinates":[100.53197,13.728779]},"properties":{"q":"at-risk","d":28.1,"f":13.6,"a":374.5,"v":23406250,"s":1,"dist":"Bang Rak","cl":"Patpong modern shophouse rows"}},{"type":"Feature","geometry":{"type":"Point","coordinates":[100.532105,13.729275]},"properties":{"q":"at-risk","d":45.0,"f":16.3,"a":703.7,"v":43981250,"s":0,"dist":"Bang Rak","cl":"Patpong modern shophouse rows"}},{"type":"Feature","geometry":{"type":"Point","coordinates":[100.530281,13.729403]},"properties":{"q":"at-risk","d":20.5,"f":11.5,"a":235.4,"v":14712500,"s":0,"dist":"Bang Rak","cl":"Patpong modern shophouse rows"}},{"type":"Feature","geometry":{"type":"Point","coordinates":[100.532126,13.728675]},"properties":{"q":"at-risk","d":29.6,"f":15.2,"a":443.4,"v":27712500,"s":0,"dist":"Bang Rak","cl":"Patpong modern shophouse rows"}},{"type":"Feature","geometry":{"type":"Point","coordinates":[100.532619,13.728237]},"properties":{"q":"at-risk","d":30.3,"f":9.1,"a":261.9,"v":16368750,"s":0,"dist":"Bang Rak","cl":"Patpong modern shophouse rows"}},{"type":"Feature","geometry":{"type":"Point","coordinates":[100.529819,13.729115]},"properties":{"q":"at-risk","d":22.0,"f":5.6,"a":122.1,"v":7631250,"s":1,"dist":"Bang Rak","cl":"Patpong modern shophouse rows"}},{"type":"Feature","geometry":{"type":"Point","coordinates":[100.531611,13.728454]},"properties":{"q":"at-risk","d":62.6,"f":16.2,"a":1014.1,"v":63381250,"s":0,"dist":"Bang Rak","cl":"Patpong modern shophouse rows"}},{"type":"Feature","geometry":{"type":"Point","coordinates":[100.532757,13.728612]},"properties":{"q":"at-risk","d":110.4,"f":13.2,"a":1451.6,"v":90725000,"s":0,"dist":"Bang Rak","cl":"Patpong modern shophouse rows"}},{"type":"Feature","geometry":{"type":"Point","coordinates":[100.531889,13.729271]},"properties":{"q":"at-risk","d":33.8,"f":16.1,"a":542.5,"v":33906250,"s":0,"dist":"Bang Rak","cl":"Patpong modern shophouse rows"}},{"type":"Feature","geometry":{"type":"Point","coordinates":[100.494131,13.762402]},"properties":{"q":"at-risk","d":35.6,"f":14.8,"a":519.4,"v":32462500,"s":1,"dist":"Phra Nakhon","cl":"Phra Athit Khao Hong row"}},{"type":"Feature","geometry":{"type":"Point","coordinates":[100.493177,13.76238]},"properties":{"q":"at-risk","d":38.2,"f":7.3,"a":279.2,"v":17450000,"s":0,"dist":"Phra Nakhon","cl":"Phra Athit Khao Hong row"}},{"type":"Feature","geometry":{"type":"Point","coordinates":[100.493914,13.762174]},"properties":{"q":"at-risk","d":29.4,"f":23.6,"a":515.0,"v":32187500,"s":0,"dist":"Phra Nakhon","cl":"Phra Athit Khao Hong row"}},{"type":"Feature","geometry":{"type":"Point","coordinates":[100.494517,13.762411]},"properties":{"q":"at-risk","d":29.8,"f":12.9,"a":372.5,"v":23281250,"s":0,"dist":"Phra Nakhon","cl":"Phra Athit Khao Hong row"}},{"type":"Feature","geometry":{"type":"Point","coordinates":[100.494344,13.762158]},"properties":{"q":"at-risk","d":34.6,"f":12.1,"a":307.4,"v":19212500,"s":0,"dist":"Phra Nakhon","cl":"Phra Athit Khao Hong row"}},{"type":"Feature","geometry":{"type":"Point","coordinates":[100.493366,13.762175]},"properties":{"q":"at-risk","d":16.4,"f":8.1,"a":127.7,"v":7981250,"s":0,"dist":"Phra Nakhon","cl":"Phra Athit Khao Hong row"}},{"type":"Feature","geometry":{"type":"Point","coordinates":[100.494241,13.762207]},"properties":{"q":"at-risk","d":16.9,"f":9.6,"a":155.6,"v":9725000,"s":0,"dist":"Phra Nakhon","cl":"Phra Athit Khao Hong row"}},{"type":"Feature","geometry":{"type":"Point","coordinates":[100.493296,13.76207]},"properties":{"q":"tell-the-owner","d":12.6,"f":6.6,"a":83.2,"v":5200000,"s":0,"dist":"Phra Nakhon","cl":"Phra Athit Khao Hong row"}},{"type":"Feature","geometry":{"type":"Point","coordinates":[100.493306,13.761708]},"properties":{"q":"at-risk","d":19.8,"f":12.8,"a":252.3,"v":15768750,"s":0,"dist":"Phra Nakhon","cl":"Phra Athit Khao Hong row"}},{"type":"Feature","geometry":{"type":"Point","coordinates":[100.494365,13.76258]},"properties":{"q":"at-risk","d":16.6,"f":8.5,"a":140.6,"v":8787500,"s":0,"dist":"Phra Nakhon","cl":"Phra Athit Khao Hong row"}},{"type":"Feature","geometry":{"type":"Point","coordinates":[100.494066,13.762061]},"properties":{"q":"at-risk","d":17.2,"f":10.8,"a":183.9,"v":11493750,"s":0,"dist":"Phra Nakhon","cl":"Phra Athit Khao Hong row"}},{"type":"Feature","geometry":{"type":"Point","coordinates":[100.49428,13.762338]},"properties":{"q":"at-risk","d":35.5,"f":10.9,"a":324.2,"v":20262500,"s":1,"dist":"Phra Nakhon","cl":"Phra Athit Khao Hong row"}},{"type":"Feature","geometry":{"type":"Point","coordinates":[100.493478,13.761537]},"properties":{"q":"at-risk","d":20.6,"f":10.7,"a":219.7,"v":13731250,"s":0,"dist":"Phra Nakhon","cl":"Phra Athit Khao Hong row"}},{"type":"Feature","geometry":{"type":"Point","coordinates":[100.493606,13.761969]},"properties":{"q":"at-risk","d":22.0,"f":12.2,"a":264.4,"v":16525000,"s":0,"dist":"Phra Nakhon","cl":"Phra Athit Khao Hong row"}},{"type":"Feature","geometry":{"type":"Point","coordinates":[100.493283,13.761568]},"properties":{"q":"at-risk","d":46.6,"f":19.3,"a":875.7,"v":54731250,"s":0,"dist":"Phra Nakhon","cl":"Phra Athit Khao Hong row"}},{"type":"Feature","geometry":{"type":"Point","coordinates":[100.493816,13.761984]},"properties":{"q":"tell-the-owner","d":10.7,"f":8.1,"a":86.0,"v":5375000,"s":0,"dist":"Phra Nakhon","cl":"Phra Athit Khao Hong row"}},{"type":"Feature","geometry":{"type":"Point","coordinates":[100.493932,13.761983]},"properties":{"q":"lawful-reuse","d":10.8,"f":4.2,"a":43.4,"v":2712500,"s":1,"dist":"Phra Nakhon","cl":"Phra Athit Khao Hong row"}},{"type":"Feature","geometry":{"type":"Point","coordinates":[100.493757,13.761869]},"properties":{"q":"at-risk","d":17.2,"f":5.2,"a":90.0,"v":5625000,"s":1,"dist":"Phra Nakhon","cl":"Phra Athit Khao Hong row"}},{"type":"Feature","geometry":{"type":"Point","coordinates":[100.493446,13.761745]},"properties":{"q":"at-risk","d":47.8,"f":16.9,"a":554.7,"v":34668750,"s":1,"dist":"Phra Nakhon","cl":"Phra Athit Khao Hong row"}},{"type":"Feature","geometry":{"type":"Point","coordinates":[100.493694,13.761863]},"properties":{"q":"tell-the-owner","d":11.2,"f":8.3,"a":85.3,"v":5331250,"s":0,"dist":"Phra Nakhon","cl":"Phra Athit Khao Hong row"}},{"type":"Feature","geometry":{"type":"Point","coordinates":[100.494119,13.762843]},"properties":{"q":"at-risk","d":31.5,"f":11.1,"a":342.2,"v":21387500,"s":0,"dist":"Phra Nakhon","cl":"Phra Athit Khao Hong row"}},{"type":"Feature","geometry":{"type":"Point","coordinates":[100.493758,13.762115]},"properties":{"q":"at-risk","d":19.7,"f":13.6,"a":264.9,"v":16556250,"s":0,"dist":"Phra Nakhon","cl":"Phra Athit Khao Hong row"}},{"type":"Feature","geometry":{"type":"Point","coordinates":[100.498448,13.747334]},"properties":{"q":"lawful-reuse","d":9.8,"f":3.8,"a":37.5,"v":2343750,"s":0,"dist":"Phra Nakhon","cl":"Phraya Si\u2013Si Kak rows"}},{"type":"Feature","geometry":{"type":"Point","coordinates":[100.498126,13.747969]},"properties":{"q":"lawful-reuse","d":6.1,"f":3.4,"a":20.7,"v":1293750,"s":0,"dist":"Phra Nakhon","cl":"Phraya Si\u2013Si Kak rows"}},{"type":"Feature","geometry":{"type":"Point","coordinates":[100.497593,13.748025]},"properties":{"q":"lawful-reuse","d":13.5,"f":4.1,"a":55.2,"v":3450000,"s":1,"dist":"Phra Nakhon","cl":"Phraya Si\u2013Si Kak rows"}},{"type":"Feature","geometry":{"type":"Point","coordinates":[100.497449,13.747871]},"properties":{"q":"low-pressure","d":14.4,"f":3.6,"a":51.7,"v":3231250,"s":1,"dist":"Phra Nakhon","cl":"Phraya Si\u2013Si Kak rows"}},{"type":"Feature","geometry":{"type":"Point","coordinates":[100.496874,13.748077]},"properties":{"q":"lawful-reuse","d":9.6,"f":3.9,"a":37.6,"v":2350000,"s":0,"dist":"Phra Nakhon","cl":"Phraya Si\u2013Si Kak rows"}},{"type":"Feature","geometry":{"type":"Point","coordinates":[100.498307,13.747349]},"properties":{"q":"lawful-reuse","d":9.8,"f":3.7,"a":36.1,"v":2256250,"s":0,"dist":"Phra Nakhon","cl":"Phraya Si\u2013Si Kak rows"}},{"type":"Feature","geometry":{"type":"Point","coordinates":[100.498459,13.747749]},"properties":{"q":"at-risk","d":16.7,"f":4.5,"a":75.1,"v":4693750,"s":1,"dist":"Phra Nakhon","cl":"Phraya Si\u2013Si Kak rows"}},{"type":"Feature","geometry":{"type":"Point","coordinates":[100.497264,13.748285]},"properties":{"q":"low-pressure","d":15.1,"f":3.0,"a":45.6,"v":2850000,"s":1,"dist":"Phra Nakhon","cl":"Phraya Si\u2013Si Kak rows"}},{"type":"Feature","geometry":{"type":"Point","coordinates":[100.498115,13.748031]},"properties":{"q":"lawful-reuse","d":10.2,"f":4.1,"a":41.7,"v":2606250,"s":1,"dist":"Phra Nakhon","cl":"Phraya Si\u2013Si Kak rows"}},{"type":"Feature","geometry":{"type":"Point","coordinates":[100.498526,13.748193]},"properties":{"q":"low-pressure","d":14.7,"f":3.3,"a":47.5,"v":2968750,"s":0,"dist":"Phra Nakhon","cl":"Phraya Si\u2013Si Kak rows"}},{"type":"Feature","geometry":{"type":"Point","coordinates":[100.497912,13.748219]},"properties":{"q":"at-risk","d":15.3,"f":11.2,"a":155.5,"v":9718750,"s":0,"dist":"Phra Nakhon","cl":"Phraya Si\u2013Si Kak rows"}},{"type":"Feature","geometry":{"type":"Point","coordinates":[100.497536,13.747593]},"properties":{"q":"at-risk","d":15.0,"f":6.3,"a":94.5,"v":5906250,"s":0,"dist":"Phra Nakhon","cl":"Phraya Si\u2013Si Kak rows"}},{"type":"Feature","geometry":{"type":"Point","coordinates":[100.498464,13.748198]},"properties":{"q":"low-pressure","d":14.7,"f":3.1,"a":45.3,"v":2831250,"s":0,"dist":"Phra Nakhon","cl":"Phraya Si\u2013Si Kak rows"}},{"type":"Feature","geometry":{"type":"Point","coordinates":[100.498332,13.747752]},"properties":{"q":"at-risk","d":16.5,"f":4.6,"a":75.7,"v":4731250,"s":1,"dist":"Phra Nakhon","cl":"Phraya Si\u2013Si Kak rows"}},{"type":"Feature","geometry":{"type":"Point","coordinates":[100.496623,13.748133]},"properties":{"q":"low-pressure","d":16.5,"f":3.1,"a":50.5,"v":3156250,"s":0,"dist":"Phra Nakhon","cl":"Phraya Si\u2013Si Kak rows"}},{"type":"Feature","geometry":{"type":"Point","coordinates":[100.498473,13.748018]},"properties":{"q":"at-risk","d":32.7,"f":12.4,"a":401.6,"v":25100000,"s":1,"dist":"Phra Nakhon","cl":"Phraya Si\u2013Si Kak rows"}},{"type":"Feature","geometry":{"type":"Point","coordinates":[100.497958,13.747757]},"properties":{"q":"lawful-reuse","d":11.8,"f":2.9,"a":34.1,"v":2131250,"s":1,"dist":"Phra Nakhon","cl":"Phraya Si\u2013Si Kak rows"}},{"type":"Feature","geometry":{"type":"Point","coordinates":[100.498003,13.74821]},"properties":{"q":"at-risk","d":15.3,"f":8.3,"a":127.0,"v":7937500,"s":0,"dist":"Phra Nakhon","cl":"Phraya Si\u2013Si Kak rows"}},{"type":"Feature","geometry":{"type":"Point","coordinates":[100.498654,13.747603]},"properties":{"q":"at-risk","d":24.5,"f":11.0,"a":235.6,"v":14725000,"s":0,"dist":"Phra Nakhon","cl":"Phraya Si\u2013Si Kak rows"}},{"type":"Feature","geometry":{"type":"Point","coordinates":[100.497098,13.7483]},"properties":{"q":"low-pressure","d":15.5,"f":2.9,"a":45.8,"v":2862500,"s":1,"dist":"Phra Nakhon","cl":"Phraya Si\u2013Si Kak rows"}},{"type":"Feature","geometry":{"type":"Point","coordinates":[100.498193,13.747961]},"properties":{"q":"lawful-reuse","d":6.1,"f":3.5,"a":21.4,"v":1337500,"s":0,"dist":"Phra Nakhon","cl":"Phraya Si\u2013Si Kak rows"}},{"type":"Feature","geometry":{"type":"Point","coordinates":[100.497451,13.747903]},"properties":{"q":"low-pressure","d":14.3,"f":3.6,"a":51.7,"v":3231250,"s":1,"dist":"Phra Nakhon","cl":"Phraya Si\u2013Si Kak rows"}},{"type":"Feature","geometry":{"type":"Point","coordinates":[100.498151,13.747743]},"properties":{"q":"lawful-reuse","d":9.9,"f":3.5,"a":34.5,"v":2156250,"s":1,"dist":"Phra Nakhon","cl":"Phraya Si\u2013Si Kak rows"}},{"type":"Feature","geometry":{"type":"Point","coordinates":[100.496755,13.74808]},"properties":{"q":"lawful-reuse","d":10.7,"f":3.8,"a":40.6,"v":2537500,"s":0,"dist":"Phra Nakhon","cl":"Phraya Si\u2013Si Kak rows"}},{"type":"Feature","geometry":{"type":"Point","coordinates":[100.49796,13.747989]},"properties":{"q":"lawful-reuse","d":5.8,"f":3.2,"a":18.4,"v":1150000,"s":0,"dist":"Phra Nakhon","cl":"Phraya Si\u2013Si Kak rows"}},{"type":"Feature","geometry":{"type":"Point","coordinates":[100.498376,13.747776]},"properties":{"q":"at-risk","d":16.6,"f":4.3,"a":69.6,"v":4350000,"s":1,"dist":"Phra Nakhon","cl":"Phraya Si\u2013Si Kak rows"}},{"type":"Feature","geometry":{"type":"Point","coordinates":[100.498087,13.74775]},"properties":{"q":"lawful-reuse","d":9.9,"f":3.5,"a":34.5,"v":2156250,"s":1,"dist":"Phra Nakhon","cl":"Phraya Si\u2013Si Kak rows"}},{"type":"Feature","geometry":{"type":"Point","coordinates":[100.498252,13.747844]},"properties":{"q":"lawful-reuse","d":10.9,"f":3.3,"a":36.0,"v":2250000,"s":1,"dist":"Phra Nakhon","cl":"Phraya Si\u2013Si Kak rows"}},{"type":"Feature","geometry":{"type":"Point","coordinates":[100.496965,13.748]},"properties":{"q":"lawful-reuse","d":9.9,"f":3.9,"a":38.8,"v":2425000,"s":0,"dist":"Phra Nakhon","cl":"Phraya Si\u2013Si Kak rows"}},{"type":"Feature","geometry":{"type":"Point","coordinates":[100.497403,13.748275]},"properties":{"q":"low-pressure","d":15.1,"f":3.0,"a":45.6,"v":2850000,"s":1,"dist":"Phra Nakhon","cl":"Phraya Si\u2013Si Kak rows"}},{"type":"Feature","geometry":{"type":"Point","coordinates":[100.496964,13.747965]},"properties":{"q":"lawful-reuse","d":9.9,"f":3.9,"a":38.7,"v":2418750,"s":0,"dist":"Phra Nakhon","cl":"Phraya Si\u2013Si Kak rows"}},{"type":"Feature","geometry":{"type":"Point","coordinates":[100.498765,13.747925]},"properties":{"q":"at-risk","d":14.4,"f":4.8,"a":69.4,"v":4337500,"s":0,"dist":"Phra Nakhon","cl":"Phraya Si\u2013Si Kak rows"}},{"type":"Feature","geometry":{"type":"Point","coordinates":[100.497004,13.748742]},"properties":{"q":"tell-the-owner","d":11.3,"f":6.3,"a":71.0,"v":4437500,"s":0,"dist":"Phra Nakhon","cl":"Phraya Si\u2013Si Kak rows"}},{"type":"Feature","geometry":{"type":"Point","coordinates":[100.497455,13.747968]},"properties":{"q":"low-pressure","d":14.4,"f":3.6,"a":51.7,"v":3231250,"s":1,"dist":"Phra Nakhon","cl":"Phraya Si\u2013Si Kak rows"}},{"type":"Feature","geometry":{"type":"Point","coordinates":[100.498557,13.747908]},"properties":{"q":"at-risk","d":17.0,"f":11.3,"a":183.7,"v":11481250,"s":0,"dist":"Phra Nakhon","cl":"Phraya Si\u2013Si Kak rows"}},{"type":"Feature","geometry":{"type":"Point","coordinates":[100.496753,13.748045]},"properties":{"q":"lawful-reuse","d":10.7,"f":3.8,"a":40.8,"v":2550000,"s":0,"dist":"Phra Nakhon","cl":"Phraya Si\u2013Si Kak rows"}},{"type":"Feature","geometry":{"type":"Point","coordinates":[100.497882,13.747908]},"properties":{"q":"lawful-reuse","d":12.4,"f":3.3,"a":40.2,"v":2512500,"s":1,"dist":"Phra Nakhon","cl":"Phraya Si\u2013Si Kak rows"}},{"type":"Feature","geometry":{"type":"Point","coordinates":[100.496853,13.748316]},"properties":{"q":"low-pressure","d":15.5,"f":2.9,"a":45.8,"v":2862500,"s":1,"dist":"Phra Nakhon","cl":"Phraya Si\u2013Si Kak rows"}},{"type":"Feature","geometry":{"type":"Point","coordinates":[100.496625,13.748188]},"properties":{"q":"low-pressure","d":16.5,"f":3.1,"a":50.5,"v":3156250,"s":0,"dist":"Phra Nakhon","cl":"Phraya Si\u2013Si Kak rows"}},{"type":"Feature","geometry":{"type":"Point","coordinates":[100.497375,13.748277]},"properties":{"q":"low-pressure","d":15.1,"f":3.0,"a":45.6,"v":2850000,"s":1,"dist":"Phra Nakhon","cl":"Phraya Si\u2013Si Kak rows"}},{"type":"Feature","geometry":{"type":"Point","coordinates":[100.496962,13.748309]},"properties":{"q":"low-pressure","d":15.5,"f":2.9,"a":45.8,"v":2862500,"s":1,"dist":"Phra Nakhon","cl":"Phraya Si\u2013Si Kak rows"}},{"type":"Feature","geometry":{"type":"Point","coordinates":[100.497444,13.747806]},"properties":{"q":"low-pressure","d":14.3,"f":3.6,"a":51.7,"v":3231250,"s":1,"dist":"Phra Nakhon","cl":"Phraya Si\u2013Si Kak rows"}},{"type":"Feature","geometry":{"type":"Point","coordinates":[100.496872,13.748042]},"properties":{"q":"lawful-reuse","d":9.6,"f":3.9,"a":37.5,"v":2343750,"s":0,"dist":"Phra Nakhon","cl":"Phraya Si\u2013Si Kak rows"}},{"type":"Feature","geometry":{"type":"Point","coordinates":[100.497319,13.748281]},"properties":{"q":"low-pressure","d":15.1,"f":3.0,"a":45.6,"v":2850000,"s":1,"dist":"Phra Nakhon","cl":"Phraya Si\u2013Si Kak rows"}},{"type":"Feature","geometry":{"type":"Point","coordinates":[100.497291,13.748283]},"properties":{"q":"low-pressure","d":15.1,"f":3.0,"a":45.6,"v":2850000,"s":1,"dist":"Phra Nakhon","cl":"Phraya Si\u2013Si Kak rows"}},{"type":"Feature","geometry":{"type":"Point","coordinates":[100.498192,13.748217]},"properties":{"q":"low-pressure","d":15.2,"f":3.7,"a":55.9,"v":3493750,"s":1,"dist":"Phra Nakhon","cl":"Phraya Si\u2013Si Kak rows"}},{"type":"Feature","geometry":{"type":"Point","coordinates":[100.498215,13.747735]},"properties":{"q":"lawful-reuse","d":9.9,"f":3.5,"a":34.5,"v":2156250,"s":1,"dist":"Phra Nakhon","cl":"Phraya Si\u2013Si Kak rows"}},{"type":"Feature","geometry":{"type":"Point","coordinates":[100.498158,13.748221]},"properties":{"q":"low-pressure","d":15.2,"f":3.7,"a":56.1,"v":3506250,"s":1,"dist":"Phra Nakhon","cl":"Phraya Si\u2013Si Kak rows"}},{"type":"Feature","geometry":{"type":"Point","coordinates":[100.497565,13.747768]},"properties":{"q":"lawful-reuse","d":13.5,"f":4.1,"a":55.3,"v":3456250,"s":1,"dist":"Phra Nakhon","cl":"Phraya Si\u2013Si Kak rows"}},{"type":"Feature","geometry":{"type":"Point","coordinates":[100.497347,13.748279]},"properties":{"q":"low-pressure","d":15.1,"f":3.0,"a":45.5,"v":2843750,"s":1,"dist":"Phra Nakhon","cl":"Phraya Si\u2013Si Kak rows"}},{"type":"Feature","geometry":{"type":"Point","coordinates":[100.497546,13.748286]},"properties":{"q":"low-pressure","d":15.1,"f":3.0,"a":45.5,"v":2843750,"s":1,"dist":"Phra Nakhon","cl":"Phraya Si\u2013Si Kak rows"}},{"type":"Feature","geometry":{"type":"Point","coordinates":[100.49856,13.748191]},"properties":{"q":"low-pressure","d":14.6,"f":3.9,"a":56.5,"v":3531250,"s":0,"dist":"Phra Nakhon","cl":"Phraya Si\u2013Si Kak rows"}},{"type":"Feature","geometry":{"type":"Point","coordinates":[100.497309,13.747915]},"properties":{"q":"low-pressure","d":15.4,"f":3.6,"a":56.0,"v":3500000,"s":1,"dist":"Phra Nakhon","cl":"Phraya Si\u2013Si Kak rows"}},{"type":"Feature","geometry":{"type":"Point","coordinates":[100.498039,13.74804]},"properties":{"q":"lawful-reuse","d":10.2,"f":4.1,"a":42.0,"v":2625000,"s":1,"dist":"Phra Nakhon","cl":"Phraya Si\u2013Si Kak rows"}},{"type":"Feature","geometry":{"type":"Point","coordinates":[100.497617,13.74811]},"properties":{"q":"tell-the-owner","d":13.5,"f":6.4,"a":81.8,"v":5112500,"s":1,"dist":"Phra Nakhon","cl":"Phraya Si\u2013Si Kak rows"}},{"type":"Feature","geometry":{"type":"Point","coordinates":[100.496994,13.748563]},"properties":{"q":"tell-the-owner","d":11.3,"f":6.3,"a":71.1,"v":4443750,"s":0,"dist":"Phra Nakhon","cl":"Phraya Si\u2013Si Kak rows"}},{"type":"Feature","geometry":{"type":"Point","coordinates":[100.498487,13.747339]},"properties":{"q":"lawful-reuse","d":9.8,"f":3.8,"a":37.5,"v":2343750,"s":0,"dist":"Phra Nakhon","cl":"Phraya Si\u2013Si Kak rows"}},{"type":"Feature","geometry":{"type":"Point","coordinates":[100.497832,13.747725]},"properties":{"q":"lawful-reuse","d":13.4,"f":3.3,"a":44.0,"v":2750000,"s":1,"dist":"Phra Nakhon","cl":"Phraya Si\u2013Si Kak rows"}},{"type":"Feature","geometry":{"type":"Point","coordinates":[100.496714,13.748318]},"properties":{"q":"low-pressure","d":15.5,"f":2.9,"a":45.8,"v":2862500,"s":1,"dist":"Phra Nakhon","cl":"Phraya Si\u2013Si Kak rows"}},{"type":"Feature","geometry":{"type":"Point","coordinates":[100.498426,13.747426]},"properties":{"q":"at-risk","d":30.1,"f":14.7,"a":310.1,"v":19381250,"s":0,"dist":"Phra Nakhon","cl":"Phraya Si\u2013Si Kak rows"}},{"type":"Feature","geometry":{"type":"Point","coordinates":[100.49733,13.748076]},"properties":{"q":"lawful-reuse","d":13.1,"f":4.0,"a":52.2,"v":3262500,"s":1,"dist":"Phra Nakhon","cl":"Phraya Si\u2013Si Kak rows"}},{"type":"Feature","geometry":{"type":"Point","coordinates":[100.498173,13.747485]},"properties":{"q":"at-risk","d":19.5,"f":9.6,"a":173.9,"v":10868750,"s":0,"dist":"Phra Nakhon","cl":"Phraya Si\u2013Si Kak rows"}},{"type":"Feature","geometry":{"type":"Point","coordinates":[100.496744,13.748323]},"properties":{"q":"low-pressure","d":15.5,"f":2.9,"a":45.8,"v":2862500,"s":1,"dist":"Phra Nakhon","cl":"Phraya Si\u2013Si Kak rows"}},{"type":"Feature","geometry":{"type":"Point","coordinates":[100.498625,13.748186]},"properties":{"q":"low-pressure","d":14.6,"f":3.5,"a":51.3,"v":3206250,"s":0,"dist":"Phra Nakhon","cl":"Phraya Si\u2013Si Kak rows"}},{"type":"Feature","geometry":{"type":"Point","coordinates":[100.497225,13.748288]},"properties":{"q":"at-risk","d":15.1,"f":6.0,"a":91.1,"v":5693750,"s":1,"dist":"Phra Nakhon","cl":"Phraya Si\u2013Si Kak rows"}},{"type":"Feature","geometry":{"type":"Point","coordinates":[100.497871,13.747814]},"properties":{"q":"lawful-reuse","d":12.4,"f":3.3,"a":40.9,"v":2556250,"s":1,"dist":"Phra Nakhon","cl":"Phraya Si\u2013Si Kak rows"}},{"type":"Feature","geometry":{"type":"Point","coordinates":[100.498495,13.748196]},"properties":{"q":"low-pressure","d":14.7,"f":3.6,"a":53.5,"v":3343750,"s":0,"dist":"Phra Nakhon","cl":"Phraya Si\u2013Si Kak rows"}},{"type":"Feature","geometry":{"type":"Point","coordinates":[100.497069,13.747893]},"properties":{"q":"lawful-reuse","d":9.2,"f":3.9,"a":36.0,"v":2250000,"s":0,"dist":"Phra Nakhon","cl":"Phraya Si\u2013Si Kak rows"}},{"type":"Feature","geometry":{"type":"Point","coordinates":[100.498183,13.747739]},"properties":{"q":"lawful-reuse","d":9.9,"f":3.5,"a":34.5,"v":2156250,"s":1,"dist":"Phra Nakhon","cl":"Phraya Si\u2013Si Kak rows"}},{"type":"Feature","geometry":{"type":"Point","coordinates":[100.498222,13.747848]},"properties":{"q":"lawful-reuse","d":10.9,"f":3.3,"a":35.8,"v":2237500,"s":1,"dist":"Phra Nakhon","cl":"Phraya Si\u2013Si Kak rows"}},{"type":"Feature","geometry":{"type":"Point","coordinates":[100.496871,13.748007]},"properties":{"q":"lawful-reuse","d":9.6,"f":3.9,"a":37.6,"v":2350000,"s":0,"dist":"Phra Nakhon","cl":"Phraya Si\u2013Si Kak rows"}},{"type":"Feature","geometry":{"type":"Point","coordinates":[100.497307,13.747882]},"properties":{"q":"low-pressure","d":15.4,"f":3.6,"a":55.9,"v":3493750,"s":1,"dist":"Phra Nakhon","cl":"Phraya Si\u2013Si Kak rows"}},{"type":"Feature","geometry":{"type":"Point","coordinates":[100.49754,13.747633]},"properties":{"q":"low-pressure","d":15.0,"f":3.2,"a":47.4,"v":2962500,"s":0,"dist":"Phra Nakhon","cl":"Phraya Si\u2013Si Kak rows"}},{"type":"Feature","geometry":{"type":"Point","coordinates":[100.4988,13.747956]},"properties":{"q":"at-risk","d":23.0,"f":7.1,"a":128.3,"v":8018750,"s":0,"dist":"Phra Nakhon","cl":"Phraya Si\u2013Si Kak rows"}},{"type":"Feature","geometry":{"type":"Point","coordinates":[100.49688,13.748314]},"properties":{"q":"low-pressure","d":15.5,"f":2.9,"a":45.8,"v":2862500,"s":1,"dist":"Phra Nakhon","cl":"Phraya Si\u2013Si Kak rows"}},{"type":"Feature","geometry":{"type":"Point","coordinates":[100.498077,13.748035]},"properties":{"q":"lawful-reuse","d":10.2,"f":4.1,"a":41.8,"v":2612500,"s":1,"dist":"Phra Nakhon","cl":"Phraya Si\u2013Si Kak rows"}},{"type":"Feature","geometry":{"type":"Point","coordinates":[100.497879,13.747878]},"properties":{"q":"lawful-reuse","d":12.4,"f":3.6,"a":44.5,"v":2781250,"s":1,"dist":"Phra Nakhon","cl":"Phraya Si\u2013Si Kak rows"}},{"type":"Feature","geometry":{"type":"Point","coordinates":[100.497959,13.748045]},"properties":{"q":"lawful-reuse","d":10.2,"f":4.4,"a":44.9,"v":2806250,"s":1,"dist":"Phra Nakhon","cl":"Phraya Si\u2013Si Kak rows"}},{"type":"Feature","geometry":{"type":"Point","coordinates":[100.49809,13.748228]},"properties":{"q":"low-pressure","d":15.3,"f":3.7,"a":55.9,"v":3493750,"s":1,"dist":"Phra Nakhon","cl":"Phraya Si\u2013Si Kak rows"}},{"type":"Feature","geometry":{"type":"Point","coordinates":[100.498002,13.748044]},"properties":{"q":"lawful-reuse","d":10.2,"f":4.1,"a":42.1,"v":2631250,"s":1,"dist":"Phra Nakhon","cl":"Phraya Si\u2013Si Kak rows"}},{"type":"Feature","geometry":{"type":"Point","coordinates":[100.49843,13.748201]},"properties":{"q":"at-risk","d":14.7,"f":4.5,"a":66.3,"v":4143750,"s":0,"dist":"Phra Nakhon","cl":"Phraya Si\u2013Si Kak rows"}},{"type":"Feature","geometry":{"type":"Point","coordinates":[100.497043,13.748303]},"properties":{"q":"low-pressure","d":15.5,"f":2.9,"a":45.8,"v":2862500,"s":1,"dist":"Phra Nakhon","cl":"Phraya Si\u2013Si Kak rows"}},{"type":"Feature","geometry":{"type":"Point","coordinates":[100.497311,13.747948]},"properties":{"q":"low-pressure","d":15.4,"f":3.6,"a":56.0,"v":3500000,"s":1,"dist":"Phra Nakhon","cl":"Phraya Si\u2013Si Kak rows"}},{"type":"Feature","geometry":{"type":"Point","coordinates":[100.49864,13.747805]},"properties":{"q":"at-risk","d":14.0,"f":7.7,"a":90.9,"v":5681250,"s":0,"dist":"Phra Nakhon","cl":"Phraya Si\u2013Si Kak rows"}},{"type":"Feature","geometry":{"type":"Point","coordinates":[100.497158,13.747818]},"properties":{"q":"lawful-reuse","d":9.7,"f":3.9,"a":38.0,"v":2375000,"s":0,"dist":"Phra Nakhon","cl":"Phraya Si\u2013Si Kak rows"}},{"type":"Feature","geometry":{"type":"Point","coordinates":[100.496624,13.748161]},"properties":{"q":"low-pressure","d":16.5,"f":3.1,"a":50.5,"v":3156250,"s":0,"dist":"Phra Nakhon","cl":"Phraya Si\u2013Si Kak rows"}},{"type":"Feature","geometry":{"type":"Point","coordinates":[100.497284,13.748565]},"properties":{"q":"at-risk","d":17.0,"f":10.2,"a":140.4,"v":8775000,"s":0,"dist":"Phra Nakhon","cl":"Phraya Si\u2013Si Kak rows"}},{"type":"Feature","geometry":{"type":"Point","coordinates":[100.49718,13.748291]},"properties":{"q":"low-pressure","d":15.1,"f":3.0,"a":45.6,"v":2850000,"s":1,"dist":"Phra Nakhon","cl":"Phraya Si\u2013Si Kak rows"}},{"type":"Feature","geometry":{"type":"Point","coordinates":[100.497071,13.747928]},"properties":{"q":"lawful-reuse","d":9.2,"f":3.9,"a":36.1,"v":2256250,"s":0,"dist":"Phra Nakhon","cl":"Phraya Si\u2013Si Kak rows"}},{"type":"Feature","geometry":{"type":"Point","coordinates":[100.497313,13.74798]},"properties":{"q":"low-pressure","d":15.4,"f":3.6,"a":55.9,"v":3493750,"s":1,"dist":"Phra Nakhon","cl":"Phraya Si\u2013Si Kak rows"}},{"type":"Feature","geometry":{"type":"Point","coordinates":[100.497163,13.747924]},"properties":{"q":"lawful-reuse","d":9.7,"f":3.9,"a":38.0,"v":2375000,"s":0,"dist":"Phra Nakhon","cl":"Phraya Si\u2013Si Kak rows"}},{"type":"Feature","geometry":{"type":"Point","coordinates":[100.498259,13.74821]},"properties":{"q":"low-pressure","d":15.2,"f":3.7,"a":55.9,"v":3493750,"s":1,"dist":"Phra Nakhon","cl":"Phraya Si\u2013Si Kak rows"}},{"type":"Feature","geometry":{"type":"Point","coordinates":[100.497583,13.747929]},"properties":{"q":"tell-the-owner","d":13.5,"f":8.2,"a":110.5,"v":6906250,"s":0,"dist":"Phra Nakhon","cl":"Phraya Si\u2013Si Kak rows"}},{"type":"Feature","geometry":{"type":"Point","coordinates":[100.496623,13.748105]},"properties":{"q":"low-pressure","d":16.5,"f":3.1,"a":50.5,"v":3156250,"s":0,"dist":"Phra Nakhon","cl":"Phraya Si\u2013Si Kak rows"}},{"type":"Feature","geometry":{"type":"Point","coordinates":[100.497565,13.748262]},"properties":{"q":"low-pressure","d":13.9,"f":2.5,"a":31.7,"v":1981250,"s":1,"dist":"Phra Nakhon","cl":"Phraya Si\u2013Si Kak rows"}},{"type":"Feature","geometry":{"type":"Point","coordinates":[100.497514,13.748266]},"properties":{"q":"low-pressure","d":15.1,"f":3.0,"a":45.5,"v":2843750,"s":1,"dist":"Phra Nakhon","cl":"Phraya Si\u2013Si Kak rows"}},{"type":"Feature","geometry":{"type":"Point","coordinates":[100.498161,13.747856]},"properties":{"q":"lawful-reuse","d":10.9,"f":3.3,"a":35.8,"v":2237500,"s":1,"dist":"Phra Nakhon","cl":"Phraya Si\u2013Si Kak rows"}},{"type":"Feature","geometry":{"type":"Point","coordinates":[100.497305,13.747849]},"properties":{"q":"low-pressure","d":15.4,"f":3.6,"a":55.9,"v":3493750,"s":0,"dist":"Phra Nakhon","cl":"Phraya Si\u2013Si Kak rows"}},{"type":"Feature","geometry":{"type":"Point","coordinates":[100.498247,13.747731]},"properties":{"q":"lawful-reuse","d":9.9,"f":3.5,"a":34.5,"v":2156250,"s":1,"dist":"Phra Nakhon","cl":"Phraya Si\u2013Si Kak rows"}},{"type":"Feature","geometry":{"type":"Point","coordinates":[100.497315,13.748013]},"properties":{"q":"low-pressure","d":15.4,"f":3.6,"a":56.1,"v":3506250,"s":1,"dist":"Phra Nakhon","cl":"Phraya Si\u2013Si Kak rows"}},{"type":"Feature","geometry":{"type":"Point","coordinates":[100.497166,13.747994]},"properties":{"q":"lawful-reuse","d":9.7,"f":3.9,"a":38.0,"v":2375000,"s":0,"dist":"Phra Nakhon","cl":"Phraya Si\u2013Si Kak rows"}},{"type":"Feature","geometry":{"type":"Point","coordinates":[100.497589,13.747988]},"properties":{"q":"lawful-reuse","d":13.5,"f":4.1,"a":55.3,"v":3456250,"s":1,"dist":"Phra Nakhon","cl":"Phraya Si\u2013Si Kak rows"}},{"type":"Feature","geometry":{"type":"Point","coordinates":[100.497875,13.747846]},"properties":{"q":"lawful-reuse","d":12.4,"f":3.6,"a":44.3,"v":2768750,"s":1,"dist":"Phra Nakhon","cl":"Phraya Si\u2013Si Kak rows"}},{"type":"Feature","geometry":{"type":"Point","coordinates":[100.498707,13.747888]},"properties":{"q":"at-risk","d":16.0,"f":6.2,"a":89.4,"v":5587500,"s":0,"dist":"Phra Nakhon","cl":"Phraya Si\u2013Si Kak rows"}},{"type":"Feature","geometry":{"type":"Point","coordinates":[100.497457,13.748001]},"properties":{"q":"low-pressure","d":14.3,"f":3.6,"a":51.7,"v":3231250,"s":1,"dist":"Phra Nakhon","cl":"Phraya Si\u2013Si Kak rows"}},{"type":"Feature","geometry":{"type":"Point","coordinates":[100.496968,13.748071]},"properties":{"q":"lawful-reuse","d":9.9,"f":3.9,"a":38.8,"v":2425000,"s":0,"dist":"Phra Nakhon","cl":"Phraya Si\u2013Si Kak rows"}},{"type":"Feature","geometry":{"type":"Point","coordinates":[100.497164,13.747959]},"properties":{"q":"lawful-reuse","d":9.7,"f":3.9,"a":38.0,"v":2375000,"s":0,"dist":"Phra Nakhon","cl":"Phraya Si\u2013Si Kak rows"}},{"type":"Feature","geometry":{"type":"Point","coordinates":[100.498101,13.747863]},"properties":{"q":"lawful-reuse","d":10.9,"f":3.3,"a":35.8,"v":2237500,"s":1,"dist":"Phra Nakhon","cl":"Phraya Si\u2013Si Kak rows"}},{"type":"Feature","geometry":{"type":"Point","coordinates":[100.49707,13.748302]},"properties":{"q":"low-pressure","d":15.5,"f":2.9,"a":45.8,"v":2862500,"s":1,"dist":"Phra Nakhon","cl":"Phraya Si\u2013Si Kak rows"}},{"type":"Feature","geometry":{"type":"Point","coordinates":[100.498226,13.748214]},"properties":{"q":"low-pressure","d":15.2,"f":3.7,"a":56.1,"v":3506250,"s":1,"dist":"Phra Nakhon","cl":"Phraya Si\u2013Si Kak rows"}},{"type":"Feature","geometry":{"type":"Point","coordinates":[100.497016,13.748305]},"properties":{"q":"low-pressure","d":15.5,"f":2.9,"a":45.8,"v":2862500,"s":1,"dist":"Phra Nakhon","cl":"Phraya Si\u2013Si Kak rows"}},{"type":"Feature","geometry":{"type":"Point","coordinates":[100.49807,13.747867]},"properties":{"q":"lawful-reuse","d":10.9,"f":3.3,"a":35.9,"v":2243750,"s":1,"dist":"Phra Nakhon","cl":"Phraya Si\u2013Si Kak rows"}},{"type":"Feature","geometry":{"type":"Point","coordinates":[100.498011,13.747751]},"properties":{"q":"lawful-reuse","d":11.8,"f":2.9,"a":34.1,"v":2131250,"s":1,"dist":"Phra Nakhon","cl":"Phraya Si\u2013Si Kak rows"}},{"type":"Feature","geometry":{"type":"Point","coordinates":[100.497949,13.747883]},"properties":{"q":"lawful-reuse","d":10.9,"f":3.3,"a":35.9,"v":2243750,"s":1,"dist":"Phra Nakhon","cl":"Phraya Si\u2013Si Kak rows"}},{"type":"Feature","geometry":{"type":"Point","coordinates":[100.497915,13.747675]},"properties":{"q":"at-risk","d":34.0,"f":9.1,"a":283.3,"v":17706250,"s":1,"dist":"Phra Nakhon","cl":"Phraya Si\u2013Si Kak rows"}},{"type":"Feature","geometry":{"type":"Point","coordinates":[100.49798,13.747879]},"properties":{"q":"lawful-reuse","d":10.9,"f":3.3,"a":35.8,"v":2237500,"s":1,"dist":"Phra Nakhon","cl":"Phraya Si\u2013Si Kak rows"}},{"type":"Feature","geometry":{"type":"Point","coordinates":[100.497301,13.747783]},"properties":{"q":"low-pressure","d":15.4,"f":3.6,"a":55.9,"v":3493750,"s":0,"dist":"Phra Nakhon","cl":"Phraya Si\u2013Si Kak rows"}},{"type":"Feature","geometry":{"type":"Point","coordinates":[100.497068,13.747858]},"properties":{"q":"lawful-reuse","d":9.2,"f":3.9,"a":36.1,"v":2256250,"s":0,"dist":"Phra Nakhon","cl":"Phraya Si\u2013Si Kak rows"}},{"type":"Feature","geometry":{"type":"Point","coordinates":[100.496934,13.74831]},"properties":{"q":"low-pressure","d":15.5,"f":2.9,"a":45.8,"v":2862500,"s":1,"dist":"Phra Nakhon","cl":"Phraya Si\u2013Si Kak rows"}},{"type":"Feature","geometry":{"type":"Point","coordinates":[100.496826,13.748318]},"properties":{"q":"low-pressure","d":15.5,"f":2.9,"a":45.8,"v":2862500,"s":1,"dist":"Phra Nakhon","cl":"Phraya Si\u2013Si Kak rows"}},{"type":"Feature","geometry":{"type":"Point","coordinates":[100.497041,13.748126]},"properties":{"q":"at-risk","d":31.1,"f":5.7,"a":178.5,"v":11156250,"s":1,"dist":"Phra Nakhon","cl":"Phraya Si\u2013Si Kak rows"}},{"type":"Feature","geometry":{"type":"Point","coordinates":[100.497367,13.748073]},"properties":{"q":"lawful-reuse","d":13.1,"f":4.0,"a":52.2,"v":3262500,"s":1,"dist":"Phra Nakhon","cl":"Phraya Si\u2013Si Kak rows"}},{"type":"Feature","geometry":{"type":"Point","coordinates":[100.498152,13.748026]},"properties":{"q":"lawful-reuse","d":10.2,"f":4.1,"a":41.8,"v":2612500,"s":1,"dist":"Phra Nakhon","cl":"Phraya Si\u2013Si Kak rows"}},{"type":"Feature","geometry":{"type":"Point","coordinates":[100.498345,13.747347]},"properties":{"q":"lawful-reuse","d":9.8,"f":4.4,"a":43.0,"v":2687500,"s":0,"dist":"Phra Nakhon","cl":"Phraya Si\u2013Si Kak rows"}},{"type":"Feature","geometry":{"type":"Point","coordinates":[100.497076,13.74807]},"properties":{"q":"lawful-reuse","d":9.2,"f":3.9,"a":36.2,"v":2262500,"s":0,"dist":"Phra Nakhon","cl":"Phraya Si\u2013Si Kak rows"}},{"type":"Feature","geometry":{"type":"Point","coordinates":[100.497453,13.747936]},"properties":{"q":"low-pressure","d":14.3,"f":3.6,"a":51.7,"v":3231250,"s":1,"dist":"Phra Nakhon","cl":"Phraya Si\u2013Si Kak rows"}},{"type":"Feature","geometry":{"type":"Point","coordinates":[100.49825,13.747954]},"properties":{"q":"lawful-reuse","d":8.1,"f":6.1,"a":49.7,"v":3106250,"s":0,"dist":"Phra Nakhon","cl":"Phraya Si\u2013Si Kak rows"}},{"type":"Feature","geometry":{"type":"Point","coordinates":[100.497152,13.748293]},"properties":{"q":"low-pressure","d":15.1,"f":3.0,"a":45.6,"v":2850000,"s":1,"dist":"Phra Nakhon","cl":"Phraya Si\u2013Si Kak rows"}},{"type":"Feature","geometry":{"type":"Point","coordinates":[100.498227,13.748018]},"properties":{"q":"lawful-reuse","d":10.2,"f":4.1,"a":41.7,"v":2606250,"s":1,"dist":"Phra Nakhon","cl":"Phraya Si\u2013Si Kak rows"}},{"type":"Feature","geometry":{"type":"Point","coordinates":[100.498351,13.747971]},"properties":{"q":"at-risk","d":21.5,"f":17.9,"a":239.6,"v":14975000,"s":0,"dist":"Phra Nakhon","cl":"Phraya Si\u2013Si Kak rows"}},{"type":"Feature","geometry":{"type":"Point","coordinates":[100.497169,13.748065]},"properties":{"q":"lawful-reuse","d":9.7,"f":3.9,"a":38.0,"v":2375000,"s":0,"dist":"Phra Nakhon","cl":"Phraya Si\u2013Si Kak rows"}},{"type":"Feature","geometry":{"type":"Point","coordinates":[100.497866,13.747772]},"properties":{"q":"tell-the-owner","d":12.5,"f":6.9,"a":84.1,"v":5256250,"s":0,"dist":"Phra Nakhon","cl":"Phraya Si\u2013Si Kak rows"}},{"type":"Feature","geometry":{"type":"Point","coordinates":[100.497464,13.74827]},"properties":{"q":"at-risk","d":15.1,"f":9.0,"a":136.6,"v":8537500,"s":0,"dist":"Phra Nakhon","cl":"Phraya Si\u2013Si Kak rows"}},{"type":"Feature","geometry":{"type":"Point","coordinates":[100.497598,13.748061]},"properties":{"q":"lawful-reuse","d":13.5,"f":4.1,"a":55.4,"v":3462500,"s":1,"dist":"Phra Nakhon","cl":"Phraya Si\u2013Si Kak rows"}},{"type":"Feature","geometry":{"type":"Point","coordinates":[100.497553,13.748408]},"properties":{"q":"at-risk","d":22.7,"f":3.5,"a":79.8,"v":4987500,"s":1,"dist":"Phra Nakhon","cl":"Phraya Si\u2013Si Kak rows"}},{"type":"Feature","geometry":{"type":"Point","coordinates":[100.497303,13.747816]},"properties":{"q":"low-pressure","d":15.4,"f":3.6,"a":56.0,"v":3500000,"s":0,"dist":"Phra Nakhon","cl":"Phraya Si\u2013Si Kak rows"}},{"type":"Feature","geometry":{"type":"Point","coordinates":[100.497072,13.747964]},"properties":{"q":"lawful-reuse","d":9.2,"f":3.9,"a":36.1,"v":2256250,"s":0,"dist":"Phra Nakhon","cl":"Phraya Si\u2013Si Kak rows"}},{"type":"Feature","geometry":{"type":"Point","coordinates":[100.496966,13.748036]},"properties":{"q":"lawful-reuse","d":9.9,"f":3.9,"a":38.7,"v":2418750,"s":0,"dist":"Phra Nakhon","cl":"Phraya Si\u2013Si Kak rows"}},{"type":"Feature","geometry":{"type":"Point","coordinates":[100.496771,13.748321]},"properties":{"q":"low-pressure","d":15.5,"f":2.9,"a":45.8,"v":2862500,"s":1,"dist":"Phra Nakhon","cl":"Phraya Si\u2013Si Kak rows"}},{"type":"Feature","geometry":{"type":"Point","coordinates":[100.498119,13.747746]},"properties":{"q":"lawful-reuse","d":9.9,"f":3.5,"a":34.5,"v":2156250,"s":1,"dist":"Phra Nakhon","cl":"Phraya Si\u2013Si Kak rows"}},{"type":"Feature","geometry":{"type":"Point","coordinates":[100.49806,13.747386]},"properties":{"q":"tell-the-owner","d":11.5,"f":5.3,"a":60.6,"v":3787500,"s":0,"dist":"Phra Nakhon","cl":"Phraya Si\u2013Si Kak rows"}},{"type":"Feature","geometry":{"type":"Point","coordinates":[100.498152,13.747965]},"properties":{"q":"lawful-reuse","d":6.1,"f":3.9,"a":23.5,"v":1468750,"s":0,"dist":"Phra Nakhon","cl":"Phraya Si\u2013Si Kak rows"}},{"type":"Feature","geometry":{"type":"Point","coordinates":[100.498131,13.74786]},"properties":{"q":"lawful-reuse","d":10.9,"f":3.3,"a":35.9,"v":2243750,"s":1,"dist":"Phra Nakhon","cl":"Phraya Si\u2013Si Kak rows"}},{"type":"Feature","geometry":{"type":"Point","coordinates":[100.497569,13.747804]},"properties":{"q":"lawful-reuse","d":13.5,"f":4.1,"a":55.3,"v":3456250,"s":1,"dist":"Phra Nakhon","cl":"Phraya Si\u2013Si Kak rows"}},{"type":"Feature","geometry":{"type":"Point","coordinates":[100.496989,13.748307]},"properties":{"q":"low-pressure","d":15.5,"f":2.9,"a":45.8,"v":2862500,"s":1,"dist":"Phra Nakhon","cl":"Phraya Si\u2013Si Kak rows"}},{"type":"Feature","geometry":{"type":"Point","coordinates":[100.497073,13.747999]},"properties":{"q":"lawful-reuse","d":9.2,"f":3.9,"a":36.1,"v":2256250,"s":0,"dist":"Phra Nakhon","cl":"Phraya Si\u2013Si Kak rows"}},{"type":"Feature","geometry":{"type":"Point","coordinates":[100.497294,13.748079]},"properties":{"q":"lawful-reuse","d":13.1,"f":4.0,"a":52.2,"v":3262500,"s":1,"dist":"Phra Nakhon","cl":"Phraya Si\u2013Si Kak rows"}},{"type":"Feature","geometry":{"type":"Point","coordinates":[100.498264,13.748013]},"properties":{"q":"lawful-reuse","d":10.2,"f":4.1,"a":41.8,"v":2612500,"s":1,"dist":"Phra Nakhon","cl":"Phraya Si\u2013Si Kak rows"}},{"type":"Feature","geometry":{"type":"Point","coordinates":[100.497984,13.747754]},"properties":{"q":"lawful-reuse","d":11.8,"f":2.9,"a":34.1,"v":2131250,"s":1,"dist":"Phra Nakhon","cl":"Phraya Si\u2013Si Kak rows"}},{"type":"Feature","geometry":{"type":"Point","coordinates":[100.497876,13.748066]},"properties":{"q":"tell-the-owner","d":12.4,"f":9.2,"a":107.6,"v":6725000,"s":0,"dist":"Phra Nakhon","cl":"Phraya Si\u2013Si Kak rows"}},{"type":"Feature","geometry":{"type":"Point","coordinates":[100.498295,13.747787]},"properties":{"q":"at-risk","d":16.5,"f":4.5,"a":73.6,"v":4600000,"s":1,"dist":"Phra Nakhon","cl":"Phraya Si\u2013Si Kak rows"}},{"type":"Feature","geometry":{"type":"Point","coordinates":[100.497477,13.748065]},"properties":{"q":"lawful-reuse","d":13.1,"f":4.0,"a":52.2,"v":3262500,"s":1,"dist":"Phra Nakhon","cl":"Phraya Si\u2013Si Kak rows"}},{"type":"Feature","geometry":{"type":"Point","coordinates":[100.498293,13.748206]},"properties":{"q":"low-pressure","d":15.2,"f":3.7,"a":56.1,"v":3506250,"s":1,"dist":"Phra Nakhon","cl":"Phraya Si\u2013Si Kak rows"}},{"type":"Feature","geometry":{"type":"Point","coordinates":[100.498189,13.748022]},"properties":{"q":"lawful-reuse","d":10.2,"f":4.1,"a":41.8,"v":2612500,"s":1,"dist":"Phra Nakhon","cl":"Phraya Si\u2013Si Kak rows"}},{"type":"Feature","geometry":{"type":"Point","coordinates":[100.498057,13.748232]},"properties":{"q":"low-pressure","d":15.3,"f":3.7,"a":56.5,"v":3531250,"s":1,"dist":"Phra Nakhon","cl":"Phraya Si\u2013Si Kak rows"}},{"type":"Feature","geometry":{"type":"Point","coordinates":[100.497075,13.748034]},"properties":{"q":"lawful-reuse","d":9.2,"f":3.9,"a":36.0,"v":2250000,"s":0,"dist":"Phra Nakhon","cl":"Phraya Si\u2013Si Kak rows"}},{"type":"Feature","geometry":{"type":"Point","coordinates":[100.49716,13.747853]},"properties":{"q":"lawful-reuse","d":9.7,"f":3.9,"a":38.0,"v":2375000,"s":0,"dist":"Phra Nakhon","cl":"Phraya Si\u2013Si Kak rows"}},{"type":"Feature","geometry":{"type":"Point","coordinates":[100.496798,13.748319]},"properties":{"q":"low-pressure","d":15.5,"f":2.9,"a":45.8,"v":2862500,"s":1,"dist":"Phra Nakhon","cl":"Phraya Si\u2013Si Kak rows"}},{"type":"Feature","geometry":{"type":"Point","coordinates":[100.49841,13.747771]},"properties":{"q":"at-risk","d":16.7,"f":5.1,"a":83.9,"v":5243750,"s":1,"dist":"Phra Nakhon","cl":"Phraya Si\u2013Si Kak rows"}},{"type":"Feature","geometry":{"type":"Point","coordinates":[100.496869,13.747971]},"properties":{"q":"lawful-reuse","d":9.6,"f":3.9,"a":37.5,"v":2343750,"s":0,"dist":"Phra Nakhon","cl":"Phraya Si\u2013Si Kak rows"}},{"type":"Feature","geometry":{"type":"Point","coordinates":[100.497446,13.747838]},"properties":{"q":"low-pressure","d":14.3,"f":3.6,"a":51.7,"v":3231250,"s":1,"dist":"Phra Nakhon","cl":"Phraya Si\u2013Si Kak rows"}},{"type":"Feature","geometry":{"type":"Point","coordinates":[100.496752,13.748011]},"properties":{"q":"lawful-reuse","d":10.7,"f":3.8,"a":40.6,"v":2537500,"s":0,"dist":"Phra Nakhon","cl":"Phraya Si\u2013Si Kak rows"}},{"type":"Feature","geometry":{"type":"Point","coordinates":[100.497161,13.747889]},"properties":{"q":"lawful-reuse","d":9.7,"f":3.9,"a":38.0,"v":2375000,"s":0,"dist":"Phra Nakhon","cl":"Phraya Si\u2013Si Kak rows"}},{"type":"Feature","geometry":{"type":"Point","coordinates":[100.497931,13.74776]},"properties":{"q":"lawful-reuse","d":11.8,"f":2.9,"a":34.1,"v":2131250,"s":1,"dist":"Phra Nakhon","cl":"Phraya Si\u2013Si Kak rows"}},{"type":"Feature","geometry":{"type":"Point","coordinates":[100.497087,13.74866]},"properties":{"q":"at-risk","d":25.8,"f":7.4,"a":190.0,"v":11875000,"s":1,"dist":"Phra Nakhon","cl":"Phraya Si\u2013Si Kak rows"}},{"type":"Feature","geometry":{"type":"Point","coordinates":[100.496962,13.74793]},"properties":{"q":"lawful-reuse","d":9.9,"f":3.9,"a":38.8,"v":2425000,"s":0,"dist":"Phra Nakhon","cl":"Phraya Si\u2013Si Kak rows"}},{"type":"Feature","geometry":{"type":"Point","coordinates":[100.49744,13.748067]},"properties":{"q":"lawful-reuse","d":13.1,"f":4.0,"a":52.2,"v":3262500,"s":1,"dist":"Phra Nakhon","cl":"Phraya Si\u2013Si Kak rows"}},{"type":"Feature","geometry":{"type":"Point","coordinates":[100.49804,13.747871]},"properties":{"q":"lawful-reuse","d":10.9,"f":3.3,"a":35.8,"v":2237500,"s":1,"dist":"Phra Nakhon","cl":"Phraya Si\u2013Si Kak rows"}},{"type":"Feature","geometry":{"type":"Point","coordinates":[100.497442,13.747773]},"properties":{"q":"low-pressure","d":14.4,"f":3.6,"a":51.7,"v":3231250,"s":0,"dist":"Phra Nakhon","cl":"Phraya Si\u2013Si Kak rows"}},{"type":"Feature","geometry":{"type":"Point","coordinates":[100.4969,13.748627]},"properties":{"q":"at-risk","d":25.4,"f":7.8,"a":197.0,"v":12312500,"s":1,"dist":"Phra Nakhon","cl":"Phraya Si\u2013Si Kak rows"}},{"type":"Feature","geometry":{"type":"Point","coordinates":[100.496622,13.748077]},"properties":{"q":"low-pressure","d":16.5,"f":3.1,"a":50.7,"v":3168750,"s":0,"dist":"Phra Nakhon","cl":"Phraya Si\u2013Si Kak rows"}},{"type":"Feature","geometry":{"type":"Point","coordinates":[100.498191,13.747852]},"properties":{"q":"lawful-reuse","d":10.9,"f":3.3,"a":36.0,"v":2250000,"s":1,"dist":"Phra Nakhon","cl":"Phraya Si\u2013Si Kak rows"}},{"type":"Feature","geometry":{"type":"Point","coordinates":[100.496907,13.748312]},"properties":{"q":"low-pressure","d":15.5,"f":2.9,"a":45.7,"v":2856250,"s":1,"dist":"Phra Nakhon","cl":"Phraya Si\u2013Si Kak rows"}},{"type":"Feature","geometry":{"type":"Point","coordinates":[100.497573,13.747841]},"properties":{"q":"lawful-reuse","d":13.5,"f":4.1,"a":55.3,"v":3456250,"s":1,"dist":"Phra Nakhon","cl":"Phraya Si\u2013Si Kak rows"}},{"type":"Feature","geometry":{"type":"Point","coordinates":[100.497299,13.74775]},"properties":{"q":"low-pressure","d":15.4,"f":3.6,"a":56.0,"v":3500000,"s":0,"dist":"Phra Nakhon","cl":"Phraya Si\u2013Si Kak rows"}},{"type":"Feature","geometry":{"type":"Point","coordinates":[100.498124,13.748225]},"properties":{"q":"low-pressure","d":15.3,"f":3.7,"a":56.0,"v":3500000,"s":1,"dist":"Phra Nakhon","cl":"Phraya Si\u2013Si Kak rows"}},{"type":"Feature","geometry":{"type":"Point","coordinates":[100.498593,13.748188]},"properties":{"q":"low-pressure","d":14.6,"f":3.4,"a":49.5,"v":3093750,"s":0,"dist":"Phra Nakhon","cl":"Phraya Si\u2013Si Kak rows"}},{"type":"Feature","geometry":{"type":"Point","coordinates":[100.497167,13.74803]},"properties":{"q":"lawful-reuse","d":9.7,"f":3.9,"a":38.0,"v":2375000,"s":0,"dist":"Phra Nakhon","cl":"Phraya Si\u2013Si Kak rows"}},{"type":"Feature","geometry":{"type":"Point","coordinates":[100.497257,13.748082]},"properties":{"q":"lawful-reuse","d":13.1,"f":4.0,"a":52.2,"v":3262500,"s":1,"dist":"Phra Nakhon","cl":"Phraya Si\u2013Si Kak rows"}},{"type":"Feature","geometry":{"type":"Point","coordinates":[100.497513,13.748062]},"properties":{"q":"lawful-reuse","d":13.1,"f":4.0,"a":52.2,"v":3262500,"s":1,"dist":"Phra Nakhon","cl":"Phraya Si\u2013Si Kak rows"}},{"type":"Feature","geometry":{"type":"Point","coordinates":[100.497403,13.74807]},"properties":{"q":"lawful-reuse","d":13.1,"f":4.0,"a":52.2,"v":3262500,"s":1,"dist":"Phra Nakhon","cl":"Phraya Si\u2013Si Kak rows"}},{"type":"Feature","geometry":{"type":"Point","coordinates":[100.496732,13.748567]},"properties":{"q":"at-risk","d":28.3,"f":6.2,"a":174.5,"v":10906250,"s":1,"dist":"Phra Nakhon","cl":"Phraya Si\u2013Si Kak rows"}},{"type":"Feature","geometry":{"type":"Point","coordinates":[100.497577,13.747878]},"properties":{"q":"lawful-reuse","d":13.5,"f":4.1,"a":55.3,"v":3456250,"s":1,"dist":"Phra Nakhon","cl":"Phraya Si\u2013Si Kak rows"}},{"type":"Feature","geometry":{"type":"Point","coordinates":[100.498037,13.747748]},"properties":{"q":"lawful-reuse","d":11.8,"f":2.9,"a":34.1,"v":2131250,"s":1,"dist":"Phra Nakhon","cl":"Phraya Si\u2013Si Kak rows"}},{"type":"Feature","geometry":{"type":"Point","coordinates":[100.49801,13.747875]},"properties":{"q":"lawful-reuse","d":10.9,"f":3.3,"a":35.9,"v":2243750,"s":1,"dist":"Phra Nakhon","cl":"Phraya Si\u2013Si Kak rows"}},{"type":"Feature","geometry":{"type":"Point","coordinates":[100.49744,13.747741]},"properties":{"q":"low-pressure","d":14.3,"f":3.6,"a":51.7,"v":3231250,"s":0,"dist":"Phra Nakhon","cl":"Phraya Si\u2013Si Kak rows"}},{"type":"Feature","geometry":{"type":"Point","coordinates":[100.510075,13.740411]},"properties":{"q":"at-risk","d":13.9,"f":5.3,"a":69.8,"v":4362500,"s":0,"dist":"Samphanthawong","cl":"Plaeng Nam micro-street"}},{"type":"Feature","geometry":{"type":"Point","coordinates":[100.51001,13.74138]},"properties":{"q":"at-risk","d":15.1,"f":11.2,"a":156.8,"v":9800000,"s":0,"dist":"Samphanthawong","cl":"Plaeng Nam micro-street"}},{"type":"Feature","geometry":{"type":"Point","coordinates":[100.510002,13.74164]},"properties":{"q":"tell-the-owner","d":12.8,"f":4.4,"a":57.1,"v":3568750,"s":1,"dist":"Samphanthawong","cl":"Plaeng Nam micro-street"}},{"type":"Feature","geometry":{"type":"Point","coordinates":[100.510227,13.740875]},"properties":{"q":"at-risk","d":23.8,"f":15.9,"a":186.4,"v":11650000,"s":0,"dist":"Samphanthawong","cl":"Plaeng Nam micro-street"}},{"type":"Feature","geometry":{"type":"Point","coordinates":[100.510439,13.740727]},"properties":{"q":"at-risk","d":36.6,"f":10.7,"a":315.3,"v":19706250,"s":1,"dist":"Samphanthawong","cl":"Plaeng Nam micro-street"}},{"type":"Feature","geometry":{"type":"Point","coordinates":[100.51029,13.741132]},"properties":{"q":"at-risk","d":35.4,"f":8.9,"a":274.0,"v":17125000,"s":1,"dist":"Samphanthawong","cl":"Plaeng Nam micro-street"}},{"type":"Feature","geometry":{"type":"Point","coordinates":[100.510192,13.741347]},"properties":{"q":"low-pressure","d":16.8,"f":3.9,"a":53.3,"v":3331250,"s":1,"dist":"Samphanthawong","cl":"Plaeng Nam micro-street"}},{"type":"Feature","geometry":{"type":"Point","coordinates":[100.509197,13.7416]},"properties":{"q":"at-risk","d":25.7,"f":9.1,"a":232.1,"v":14506250,"s":0,"dist":"Samphanthawong","cl":"Plaeng Nam micro-street"}},{"type":"Feature","geometry":{"type":"Point","coordinates":[100.510466,13.740606]},"properties":{"q":"at-risk","d":40.9,"f":10.3,"a":401.1,"v":25068750,"s":1,"dist":"Samphanthawong","cl":"Plaeng Nam micro-street"}},{"type":"Feature","geometry":{"type":"Point","coordinates":[100.510135,13.741315]},"properties":{"q":"lawful-reuse","d":10.4,"f":4.5,"a":40.0,"v":2500000,"s":1,"dist":"Samphanthawong","cl":"Plaeng Nam micro-street"}},{"type":"Feature","geometry":{"type":"Point","coordinates":[100.509809,13.740791]},"properties":{"q":"at-risk","d":29.9,"f":10.3,"a":306.9,"v":19181250,"s":0,"dist":"Samphanthawong","cl":"Plaeng Nam micro-street"}},{"type":"Feature","geometry":{"type":"Point","coordinates":[100.509352,13.741754]},"properties":{"q":"tell-the-owner","d":13.5,"f":7.7,"a":104.3,"v":6518750,"s":0,"dist":"Samphanthawong","cl":"Plaeng Nam micro-street"}},{"type":"Feature","geometry":{"type":"Point","coordinates":[100.509469,13.741404]},"properties":{"q":"lawful-reuse","d":9.0,"f":4.3,"a":38.1,"v":2381250,"s":0,"dist":"Samphanthawong","cl":"Plaeng Nam micro-street"}},{"type":"Feature","geometry":{"type":"Point","coordinates":[100.510068,13.741239]},"properties":{"q":"lawful-reuse","d":8.1,"f":3.5,"a":25.6,"v":1600000,"s":1,"dist":"Samphanthawong","cl":"Plaeng Nam micro-street"}},{"type":"Feature","geometry":{"type":"Point","coordinates":[100.510227,13.741364]},"properties":{"q":"low-pressure","d":14.8,"f":3.1,"a":43.2,"v":2700000,"s":1,"dist":"Samphanthawong","cl":"Plaeng Nam micro-street"}},{"type":"Feature","geometry":{"type":"Point","coordinates":[100.510369,13.740477]},"properties":{"q":"at-risk","d":45.1,"f":15.4,"a":508.3,"v":31768750,"s":0,"dist":"Samphanthawong","cl":"Plaeng Nam micro-street"}},{"type":"Feature","geometry":{"type":"Point","coordinates":[100.509914,13.741205]},"properties":{"q":"at-risk","d":21.3,"f":7.2,"a":152.7,"v":9543750,"s":1,"dist":"Samphanthawong","cl":"Plaeng Nam micro-street"}},{"type":"Feature","geometry":{"type":"Point","coordinates":[100.509669,13.74135]},"properties":{"q":"lawful-reuse","d":6.9,"f":2.5,"a":17.2,"v":1075000,"s":1,"dist":"Samphanthawong","cl":"Plaeng Nam micro-street"}},{"type":"Feature","geometry":{"type":"Point","coordinates":[100.509672,13.741184]},"properties":{"q":"tell-the-owner","d":10.6,"f":5.5,"a":58.9,"v":3681250,"s":0,"dist":"Samphanthawong","cl":"Plaeng Nam micro-street"}},{"type":"Feature","geometry":{"type":"Point","coordinates":[100.510183,13.741178]},"properties":{"q":"at-risk","d":37.9,"f":12.2,"a":415.6,"v":25975000,"s":1,"dist":"Samphanthawong","cl":"Plaeng Nam micro-street"}},{"type":"Feature","geometry":{"type":"Point","coordinates":[100.509645,13.741752]},"properties":{"q":"lawful-reuse","d":5.8,"f":4.4,"a":25.5,"v":1593750,"s":0,"dist":"Samphanthawong","cl":"Plaeng Nam micro-street"}},{"type":"Feature","geometry":{"type":"Point","coordinates":[100.509601,13.74185]},"properties":{"q":"lawful-reuse","d":7.9,"f":3.1,"a":24.0,"v":1500000,"s":1,"dist":"Samphanthawong","cl":"Plaeng Nam micro-street"}},{"type":"Feature","geometry":{"type":"Point","coordinates":[100.509729,13.741118]},"properties":{"q":"tell-the-owner","d":12.5,"f":7.1,"a":88.6,"v":5537500,"s":0,"dist":"Samphanthawong","cl":"Plaeng Nam micro-street"}},{"type":"Feature","geometry":{"type":"Point","coordinates":[100.509718,13.741501]},"properties":{"q":"lawful-reuse","d":6.6,"f":2.8,"a":18.5,"v":1156250,"s":0,"dist":"Samphanthawong","cl":"Plaeng Nam micro-street"}},{"type":"Feature","geometry":{"type":"Point","coordinates":[100.509712,13.741363]},"properties":{"q":"lawful-reuse","d":8.6,"f":4.4,"a":28.1,"v":1756250,"s":0,"dist":"Samphanthawong","cl":"Plaeng Nam micro-street"}},{"type":"Feature","geometry":{"type":"Point","coordinates":[100.509555,13.741768]},"properties":{"q":"tell-the-owner","d":10.8,"f":7.1,"a":76.5,"v":4781250,"s":0,"dist":"Samphanthawong","cl":"Plaeng Nam micro-street"}},{"type":"Feature","geometry":{"type":"Point","coordinates":[100.509404,13.741263]},"properties":{"q":"lawful-reuse","d":9.0,"f":4.3,"a":38.0,"v":2375000,"s":0,"dist":"Samphanthawong","cl":"Plaeng Nam micro-street"}},{"type":"Feature","geometry":{"type":"Point","coordinates":[100.509597,13.741313]},"properties":{"q":"tell-the-owner","d":13.1,"f":7.5,"a":97.6,"v":6100000,"s":0,"dist":"Samphanthawong","cl":"Plaeng Nam micro-street"}},{"type":"Feature","geometry":{"type":"Point","coordinates":[100.510078,13.740913]},"properties":{"q":"at-risk","d":21.3,"f":12.8,"a":249.3,"v":15581250,"s":0,"dist":"Samphanthawong","cl":"Plaeng Nam micro-street"}},{"type":"Feature","geometry":{"type":"Point","coordinates":[100.510085,13.74127]},"properties":{"q":"lawful-reuse","d":6.6,"f":3.2,"a":19.0,"v":1187500,"s":0,"dist":"Samphanthawong","cl":"Plaeng Nam micro-street"}},{"type":"Feature","geometry":{"type":"Point","coordinates":[100.509485,13.741439]},"properties":{"q":"lawful-reuse","d":9.0,"f":4.3,"a":38.0,"v":2375000,"s":0,"dist":"Samphanthawong","cl":"Plaeng Nam micro-street"}},{"type":"Feature","geometry":{"type":"Point","coordinates":[100.509715,13.741268]},"properties":{"q":"at-risk","d":13.7,"f":9.0,"a":123.8,"v":7737500,"s":0,"dist":"Samphanthawong","cl":"Plaeng Nam micro-street"}},{"type":"Feature","geometry":{"type":"Point","coordinates":[100.510114,13.741286]},"properties":{"q":"lawful-reuse","d":10.6,"f":3.6,"a":30.3,"v":1893750,"s":1,"dist":"Samphanthawong","cl":"Plaeng Nam micro-street"}},{"type":"Feature","geometry":{"type":"Point","coordinates":[100.509755,13.741982]},"properties":{"q":"at-risk","d":32.4,"f":4.5,"a":145.4,"v":9087500,"s":1,"dist":"Samphanthawong","cl":"Plaeng Nam micro-street"}},{"type":"Feature","geometry":{"type":"Point","coordinates":[100.509453,13.741369]},"properties":{"q":"lawful-reuse","d":9.0,"f":4.3,"a":38.0,"v":2375000,"s":0,"dist":"Samphanthawong","cl":"Plaeng Nam micro-street"}},{"type":"Feature","geometry":{"type":"Point","coordinates":[100.50942,13.741298]},"properties":{"q":"lawful-reuse","d":9.0,"f":4.3,"a":38.1,"v":2381250,"s":0,"dist":"Samphanthawong","cl":"Plaeng Nam micro-street"}},{"type":"Feature","geometry":{"type":"Point","coordinates":[100.509617,13.741899]},"properties":{"q":"tell-the-owner","d":10.1,"f":7.3,"a":73.4,"v":4587500,"s":0,"dist":"Samphanthawong","cl":"Plaeng Nam micro-street"}},{"type":"Feature","geometry":{"type":"Point","coordinates":[100.510094,13.741473]},"properties":{"q":"tell-the-owner","d":10.6,"f":6.2,"a":60.8,"v":3800000,"s":0,"dist":"Samphanthawong","cl":"Plaeng Nam micro-street"}},{"type":"Feature","geometry":{"type":"Point","coordinates":[100.510384,13.740976]},"properties":{"q":"at-risk","d":33.0,"f":15.9,"a":481.2,"v":30075000,"s":0,"dist":"Samphanthawong","cl":"Plaeng Nam micro-street"}},{"type":"Feature","geometry":{"type":"Point","coordinates":[100.510353,13.741343]},"properties":{"q":"tell-the-owner","d":12.5,"f":7.5,"a":81.1,"v":5068750,"s":0,"dist":"Samphanthawong","cl":"Plaeng Nam micro-street"}},{"type":"Feature","geometry":{"type":"Point","coordinates":[100.509999,13.741051]},"properties":{"q":"at-risk","d":33.5,"f":13.2,"a":386.3,"v":24143750,"s":1,"dist":"Samphanthawong","cl":"Plaeng Nam micro-street"}},{"type":"Feature","geometry":{"type":"Point","coordinates":[100.509698,13.740906]},"properties":{"q":"at-risk","d":23.3,"f":10.5,"a":196.6,"v":12287500,"s":0,"dist":"Samphanthawong","cl":"Plaeng Nam micro-street"}},{"type":"Feature","geometry":{"type":"Point","coordinates":[100.509437,13.741334]},"properties":{"q":"lawful-reuse","d":9.0,"f":4.3,"a":38.0,"v":2375000,"s":0,"dist":"Samphanthawong","cl":"Plaeng Nam micro-street"}},{"type":"Feature","geometry":{"type":"Point","coordinates":[100.498024,13.751653]},"properties":{"q":"at-risk","d":16.7,"f":4.0,"a":62.3,"v":3893750,"s":1,"dist":"Phra Nakhon","cl":"Sam Phraeng"}},{"type":"Feature","geometry":{"type":"Point","coordinates":[100.496476,13.751764]},"properties":{"q":"lawful-reuse","d":12.8,"f":5.0,"a":34.9,"v":2181250,"s":1,"dist":"Phra Nakhon","cl":"Sam Phraeng"}},{"type":"Feature","geometry":{"type":"Point","coordinates":[100.497487,13.752365]},"properties":{"q":"lawful-reuse","d":12.2,"f":2.9,"a":34.8,"v":2175000,"s":0,"dist":"Phra Nakhon","cl":"Sam Phraeng"}},{"type":"Feature","geometry":{"type":"Point","coordinates":[100.496809,13.751975]},"properties":{"q":"low-pressure","d":14.9,"f":3.7,"a":55.4,"v":3462500,"s":1,"dist":"Phra Nakhon","cl":"Sam Phraeng"}},{"type":"Feature","geometry":{"type":"Point","coordinates":[100.496709,13.75177]},"properties":{"q":"lawful-reuse","d":12.9,"f":3.1,"a":40.4,"v":2525000,"s":1,"dist":"Phra Nakhon","cl":"Sam Phraeng"}},{"type":"Feature","geometry":{"type":"Point","coordinates":[100.498411,13.751202]},"properties":{"q":"tell-the-owner","d":13.4,"f":5.8,"a":78.2,"v":4887500,"s":0,"dist":"Phra Nakhon","cl":"Sam Phraeng"}},{"type":"Feature","geometry":{"type":"Point","coordinates":[100.496775,13.751972]},"properties":{"q":"low-pressure","d":14.9,"f":3.5,"a":52.7,"v":3293750,"s":1,"dist":"Phra Nakhon","cl":"Sam Phraeng"}},{"type":"Feature","geometry":{"type":"Point","coordinates":[100.497166,13.752344]},"properties":{"q":"lawful-reuse","d":12.6,"f":2.9,"a":36.1,"v":2256250,"s":1,"dist":"Phra Nakhon","cl":"Sam Phraeng"}},{"type":"Feature","geometry":{"type":"Point","coordinates":[100.498381,13.75082]},"properties":{"q":"at-risk","d":18.7,"f":6.9,"a":129.5,"v":8093750,"s":1,"dist":"Phra Nakhon","cl":"Sam Phraeng"}},{"type":"Feature","geometry":{"type":"Point","coordinates":[100.497406,13.752236]},"properties":{"q":"at-risk","d":14.6,"f":3.9,"a":57.1,"v":3568750,"s":1,"dist":"Phra Nakhon","cl":"Sam Phraeng"}},{"type":"Feature","geometry":{"type":"Point","coordinates":[100.497867,13.751728]},"properties":{"q":"lawful-reuse","d":12.6,"f":3.6,"a":45.1,"v":2818750,"s":1,"dist":"Phra Nakhon","cl":"Sam Phraeng"}},{"type":"Feature","geometry":{"type":"Point","coordinates":[100.496738,13.752317]},"properties":{"q":"lawful-reuse","d":13.1,"f":2.9,"a":37.9,"v":2368750,"s":0,"dist":"Phra Nakhon","cl":"Sam Phraeng"}},{"type":"Feature","geometry":{"type":"Point","coordinates":[100.49737,13.752233]},"properties":{"q":"low-pressure","d":14.6,"f":3.9,"a":57.0,"v":3562500,"s":1,"dist":"Phra Nakhon","cl":"Sam Phraeng"}},{"type":"Feature","geometry":{"type":"Point","coordinates":[100.497935,13.752107]},"properties":{"q":"lawful-reuse","d":8.1,"f":3.6,"a":29.1,"v":1818750,"s":0,"dist":"Phra Nakhon","cl":"Sam Phraeng"}},{"type":"Feature","geometry":{"type":"Point","coordinates":[100.496838,13.751977]},"properties":{"q":"low-pressure","d":15.1,"f":4.1,"a":45.2,"v":2825000,"s":1,"dist":"Phra Nakhon","cl":"Sam Phraeng"}},{"type":"Feature","geometry":{"type":"Point","coordinates":[100.496899,13.752327]},"properties":{"q":"lawful-reuse","d":12.9,"f":2.9,"a":37.2,"v":2325000,"s":1,"dist":"Phra Nakhon","cl":"Sam Phraeng"}},{"type":"Feature","geometry":{"type":"Point","coordinates":[100.496952,13.751652]},"properties":{"q":"low-pressure","d":14.5,"f":3.1,"a":44.4,"v":2775000,"s":1,"dist":"Phra Nakhon","cl":"Sam Phraeng"}},{"type":"Feature","geometry":{"type":"Point","coordinates":[100.496516,13.751938]},"properties":{"q":"low-pressure","d":14.3,"f":3.6,"a":52.3,"v":3268750,"s":1,"dist":"Phra Nakhon","cl":"Sam Phraeng"}},{"type":"Feature","geometry":{"type":"Point","coordinates":[100.496655,13.752297]},"properties":{"q":"lawful-reuse","d":11.1,"f":3.3,"a":36.8,"v":2300000,"s":0,"dist":"Phra Nakhon","cl":"Sam Phraeng"}},{"type":"Feature","geometry":{"type":"Point","coordinates":[100.496872,13.751786]},"properties":{"q":"lawful-reuse","d":12.9,"f":3.1,"a":40.3,"v":2518750,"s":1,"dist":"Phra Nakhon","cl":"Sam Phraeng"}},{"type":"Feature","geometry":{"type":"Point","coordinates":[100.497354,13.752356]},"properties":{"q":"lawful-reuse","d":12.4,"f":2.9,"a":35.4,"v":2212500,"s":1,"dist":"Phra Nakhon","cl":"Sam Phraeng"}},{"type":"Feature","geometry":{"type":"Point","coordinates":[100.497405,13.751674]},"properties":{"q":"lawful-reuse","d":13.2,"f":3.0,"a":39.8,"v":2487500,"s":1,"dist":"Phra Nakhon","cl":"Sam Phraeng"}},{"type":"Feature","geometry":{"type":"Point","coordinates":[100.497553,13.75155]},"properties":{"q":"at-risk","d":16.6,"f":5.7,"a":90.9,"v":5681250,"s":1,"dist":"Phra Nakhon","cl":"Sam Phraeng"}},{"type":"Feature","geometry":{"type":"Point","coordinates":[100.497467,13.75167]},"properties":{"q":"lawful-reuse","d":13.4,"f":3.0,"a":40.3,"v":2518750,"s":1,"dist":"Phra Nakhon","cl":"Sam Phraeng"}},{"type":"Feature","geometry":{"type":"Point","coordinates":[100.4977,13.751683]},"properties":{"q":"lawful-reuse","d":12.5,"f":3.6,"a":44.6,"v":2787500,"s":1,"dist":"Phra Nakhon","cl":"Sam Phraeng"}},{"type":"Feature","geometry":{"type":"Point","coordinates":[100.497731,13.75226]},"properties":{"q":"low-pressure","d":14.6,"f":3.9,"a":56.9,"v":3556250,"s":0,"dist":"Phra Nakhon","cl":"Sam Phraeng"}},{"type":"Feature","geometry":{"type":"Point","coordinates":[100.496483,13.751934]},"properties":{"q":"low-pressure","d":14.4,"f":3.6,"a":52.2,"v":3262500,"s":1,"dist":"Phra Nakhon","cl":"Sam Phraeng"}},{"type":"Feature","geometry":{"type":"Point","coordinates":[100.49668,13.751767]},"properties":{"q":"lawful-reuse","d":12.9,"f":3.1,"a":40.3,"v":2518750,"s":1,"dist":"Phra Nakhon","cl":"Sam Phraeng"}},{"type":"Feature","geometry":{"type":"Point","coordinates":[100.498626,13.75079]},"properties":{"q":"at-risk","d":18.2,"f":8.8,"a":159.5,"v":9968750,"s":0,"dist":"Phra Nakhon","cl":"Sam Phraeng"}},{"type":"Feature","geometry":{"type":"Point","coordinates":[100.497045,13.752208]},"properties":{"q":"at-risk","d":14.6,"f":3.9,"a":57.2,"v":3575000,"s":1,"dist":"Phra Nakhon","cl":"Sam Phraeng"}},{"type":"Feature","geometry":{"type":"Point","coordinates":[100.496786,13.751777]},"properties":{"q":"lawful-reuse","d":12.9,"f":3.1,"a":40.4,"v":2525000,"s":1,"dist":"Phra Nakhon","cl":"Sam Phraeng"}},{"type":"Feature","geometry":{"type":"Point","coordinates":[100.498206,13.750812]},"properties":{"q":"at-risk","d":16.5,"f":7.0,"a":115.5,"v":7218750,"s":0,"dist":"Phra Nakhon","cl":"Sam Phraeng"}},{"type":"Feature","geometry":{"type":"Point","coordinates":[100.49714,13.752342]},"properties":{"q":"lawful-reuse","d":12.6,"f":2.9,"a":36.2,"v":2262500,"s":1,"dist":"Phra Nakhon","cl":"Sam Phraeng"}},{"type":"Feature","geometry":{"type":"Point","coordinates":[100.497732,13.751708]},"properties":{"q":"lawful-reuse","d":12.5,"f":3.6,"a":44.6,"v":2787500,"s":1,"dist":"Phra Nakhon","cl":"Sam Phraeng"}},{"type":"Feature","geometry":{"type":"Point","coordinates":[100.497968,13.75211]},"properties":{"q":"lawful-reuse","d":8.2,"f":3.6,"a":29.1,"v":1818750,"s":0,"dist":"Phra Nakhon","cl":"Sam Phraeng"}},{"type":"Feature","geometry":{"type":"Point","coordinates":[100.496949,13.752495]},"properties":{"q":"lawful-reuse","d":13.0,"f":3.2,"a":39.9,"v":2493750,"s":0,"dist":"Phra Nakhon","cl":"Sam Phraeng"}},{"type":"Feature","geometry":{"type":"Point","coordinates":[100.49763,13.751675]},"properties":{"q":"lawful-reuse","d":9.2,"f":5.9,"a":31.5,"v":1968750,"s":0,"dist":"Phra Nakhon","cl":"Sam Phraeng"}},{"type":"Feature","geometry":{"type":"Point","coordinates":[100.496818,13.752201]},"properties":{"q":"at-risk","d":25.8,"f":14.3,"a":356.5,"v":22281250,"s":0,"dist":"Phra Nakhon","cl":"Sam Phraeng"}},{"type":"Feature","geometry":{"type":"Point","coordinates":[100.496682,13.752304]},"properties":{"q":"lawful-reuse","d":13.1,"f":3.3,"a":42.5,"v":2656250,"s":0,"dist":"Phra Nakhon","cl":"Sam Phraeng"}},{"type":"Feature","geometry":{"type":"Point","coordinates":[100.497009,13.752205]},"properties":{"q":"low-pressure","d":14.6,"f":3.9,"a":57.0,"v":3562500,"s":1,"dist":"Phra Nakhon","cl":"Sam Phraeng"}},{"type":"Feature","geometry":{"type":"Point","coordinates":[100.498576,13.750944]},"properties":{"q":"at-risk","d":27.4,"f":7.3,"a":199.5,"v":12468750,"s":1,"dist":"Phra Nakhon","cl":"Sam Phraeng"}},{"type":"Feature","geometry":{"type":"Point","coordinates":[100.497905,13.751845]},"properties":{"q":"lawful-reuse","d":7.6,"f":3.7,"a":27.9,"v":1743750,"s":0,"dist":"Phra Nakhon","cl":"Sam Phraeng"}},{"type":"Feature","geometry":{"type":"Point","coordinates":[100.496594,13.751758]},"properties":{"q":"lawful-reuse","d":12.9,"f":3.1,"a":40.4,"v":2525000,"s":1,"dist":"Phra Nakhon","cl":"Sam Phraeng"}},{"type":"Feature","geometry":{"type":"Point","coordinates":[100.496738,13.751773]},"properties":{"q":"lawful-reuse","d":12.9,"f":3.1,"a":40.3,"v":2518750,"s":1,"dist":"Phra Nakhon","cl":"Sam Phraeng"}},{"type":"Feature","geometry":{"type":"Point","coordinates":[100.496903,13.752024]},"properties":{"q":"lawful-reuse","d":13.0,"f":3.8,"a":26.4,"v":1650000,"s":1,"dist":"Phra Nakhon","cl":"Sam Phraeng"}},{"type":"Feature","geometry":{"type":"Point","coordinates":[100.498001,13.752114]},"properties":{"q":"lawful-reuse","d":8.2,"f":3.6,"a":29.1,"v":1818750,"s":0,"dist":"Phra Nakhon","cl":"Sam Phraeng"}},{"type":"Feature","geometry":{"type":"Point","coordinates":[100.497327,13.752354]},"properties":{"q":"lawful-reuse","d":12.4,"f":2.9,"a":35.4,"v":2212500,"s":1,"dist":"Phra Nakhon","cl":"Sam Phraeng"}},{"type":"Feature","geometry":{"type":"Point","coordinates":[100.497096,13.752512]},"properties":{"q":"low-pressure","d":14.0,"f":3.2,"a":42.1,"v":2631250,"s":0,"dist":"Phra Nakhon","cl":"Sam Phraeng"}},{"type":"Feature","geometry":{"type":"Point","coordinates":[100.498028,13.752034]},"properties":{"q":"at-risk","d":17.7,"f":9.1,"a":150.1,"v":9381250,"s":0,"dist":"Phra Nakhon","cl":"Sam Phraeng"}},{"type":"Feature","geometry":{"type":"Point","coordinates":[100.497587,13.752249]},"properties":{"q":"at-risk","d":14.6,"f":3.9,"a":57.1,"v":3568750,"s":1,"dist":"Phra Nakhon","cl":"Sam Phraeng"}},{"type":"Feature","geometry":{"type":"Point","coordinates":[100.497008,13.752502]},"properties":{"q":"lawful-reuse","d":13.4,"f":3.2,"a":40.5,"v":2531250,"s":0,"dist":"Phra Nakhon","cl":"Sam Phraeng"}},{"type":"Feature","geometry":{"type":"Point","coordinates":[100.49665,13.751952]},"properties":{"q":"low-pressure","d":14.3,"f":3.6,"a":52.2,"v":3262500,"s":1,"dist":"Phra Nakhon","cl":"Sam Phraeng"}},{"type":"Feature","geometry":{"type":"Point","coordinates":[100.497623,13.752252]},"properties":{"q":"low-pressure","d":14.6,"f":3.9,"a":57.0,"v":3562500,"s":1,"dist":"Phra Nakhon","cl":"Sam Phraeng"}},{"type":"Feature","geometry":{"type":"Point","coordinates":[100.497568,13.75237]},"properties":{"q":"lawful-reuse","d":12.2,"f":2.9,"a":34.4,"v":2150000,"s":0,"dist":"Phra Nakhon","cl":"Sam Phraeng"}},{"type":"Feature","geometry":{"type":"Point","coordinates":[100.497442,13.752238]},"properties":{"q":"at-risk","d":14.6,"f":3.9,"a":57.1,"v":3568750,"s":1,"dist":"Phra Nakhon","cl":"Sam Phraeng"}},{"type":"Feature","geometry":{"type":"Point","coordinates":[100.497842,13.751589]},"properties":{"q":"at-risk","d":16.8,"f":5.4,"a":90.8,"v":5675000,"s":1,"dist":"Phra Nakhon","cl":"Sam Phraeng"}},{"type":"Feature","geometry":{"type":"Point","coordinates":[100.496872,13.752325]},"properties":{"q":"lawful-reuse","d":12.9,"f":2.9,"a":37.2,"v":2325000,"s":1,"dist":"Phra Nakhon","cl":"Sam Phraeng"}},{"type":"Feature","geometry":{"type":"Point","coordinates":[100.496845,13.752323]},"properties":{"q":"lawful-reuse","d":12.9,"f":2.9,"a":37.5,"v":2343750,"s":1,"dist":"Phra Nakhon","cl":"Sam Phraeng"}},{"type":"Feature","geometry":{"type":"Point","coordinates":[100.497659,13.752255]},"properties":{"q":"at-risk","d":14.6,"f":3.9,"a":57.1,"v":3568750,"s":1,"dist":"Phra Nakhon","cl":"Sam Phraeng"}},{"type":"Feature","geometry":{"type":"Point","coordinates":[100.498365,13.75109]},"properties":{"q":"at-risk","d":17.4,"f":6.7,"a":114.7,"v":7168750,"s":1,"dist":"Phra Nakhon","cl":"Sam Phraeng"}},{"type":"Feature","geometry":{"type":"Point","coordinates":[100.496867,13.751952]},"properties":{"q":"low-pressure","d":16.3,"f":4.7,"a":48.5,"v":3031250,"s":1,"dist":"Phra Nakhon","cl":"Sam Phraeng"}},{"type":"Feature","geometry":{"type":"Point","coordinates":[100.497885,13.752044]},"properties":{"q":"lawful-reuse","d":7.6,"f":3.7,"a":28.0,"v":1750000,"s":0,"dist":"Phra Nakhon","cl":"Sam Phraeng"}},{"type":"Feature","geometry":{"type":"Point","coordinates":[100.496783,13.752061]},"properties":{"q":"tell-the-owner","d":12.9,"f":8.7,"a":111.8,"v":6987500,"s":0,"dist":"Phra Nakhon","cl":"Sam Phraeng"}},{"type":"Feature","geometry":{"type":"Point","coordinates":[100.497895,13.751945]},"properties":{"q":"lawful-reuse","d":7.6,"f":3.7,"a":28.0,"v":1750000,"s":0,"dist":"Phra Nakhon","cl":"Sam Phraeng"}},{"type":"Feature","geometry":{"type":"Point","coordinates":[100.497792,13.751583]},"properties":{"q":"at-risk","d":16.8,"f":5.4,"a":90.7,"v":5668750,"s":1,"dist":"Phra Nakhon","cl":"Sam Phraeng"}},{"type":"Feature","geometry":{"type":"Point","coordinates":[100.497898,13.751911]},"properties":{"q":"lawful-reuse","d":7.6,"f":3.7,"a":28.0,"v":1750000,"s":0,"dist":"Phra Nakhon","cl":"Sam Phraeng"}},{"type":"Feature","geometry":{"type":"Point","coordinates":[100.497808,13.752269]},"properties":{"q":"low-pressure","d":13.6,"f":3.3,"a":45.5,"v":2843750,"s":0,"dist":"Phra Nakhon","cl":"Sam Phraeng"}},{"type":"Feature","geometry":{"type":"Point","coordinates":[100.497262,13.752224]},"properties":{"q":"low-pressure","d":14.6,"f":3.9,"a":57.0,"v":3562500,"s":1,"dist":"Phra Nakhon","cl":"Sam Phraeng"}},{"type":"Feature","geometry":{"type":"Point","coordinates":[100.497941,13.751547]},"properties":{"q":"at-risk","d":19.8,"f":8.5,"a":84.2,"v":5262500,"s":1,"dist":"Phra Nakhon","cl":"Sam Phraeng"}},{"type":"Feature","geometry":{"type":"Point","coordinates":[100.496623,13.751761]},"properties":{"q":"lawful-reuse","d":12.9,"f":3.1,"a":40.3,"v":2518750,"s":1,"dist":"Phra Nakhon","cl":"Sam Phraeng"}},{"type":"Feature","geometry":{"type":"Point","coordinates":[100.496929,13.751698]},"properties":{"q":"at-risk","d":14.5,"f":6.1,"a":88.4,"v":5525000,"s":0,"dist":"Phra Nakhon","cl":"Sam Phraeng"}},{"type":"Feature","geometry":{"type":"Point","coordinates":[100.49755,13.752247]},"properties":{"q":"at-risk","d":14.6,"f":3.9,"a":57.1,"v":3568750,"s":1,"dist":"Phra Nakhon","cl":"Sam Phraeng"}},{"type":"Feature","geometry":{"type":"Point","coordinates":[100.497701,13.752378]},"properties":{"q":"lawful-reuse","d":12.0,"f":2.9,"a":33.9,"v":2118750,"s":0,"dist":"Phra Nakhon","cl":"Sam Phraeng"}},{"type":"Feature","geometry":{"type":"Point","coordinates":[100.497765,13.751712]},"properties":{"q":"lawful-reuse","d":12.5,"f":3.6,"a":44.8,"v":2800000,"s":1,"dist":"Phra Nakhon","cl":"Sam Phraeng"}},{"type":"Feature","geometry":{"type":"Point","coordinates":[100.496652,13.751764]},"properties":{"q":"lawful-reuse","d":12.9,"f":3.1,"a":40.4,"v":2525000,"s":1,"dist":"Phra Nakhon","cl":"Sam Phraeng"}},{"type":"Feature","geometry":{"type":"Point","coordinates":[100.496963,13.751773]},"properties":{"q":"tell-the-owner","d":13.2,"f":8.1,"a":60.0,"v":3750000,"s":0,"dist":"Phra Nakhon","cl":"Sam Phraeng"}},{"type":"Feature","geometry":{"type":"Point","coordinates":[100.497082,13.752211]},"properties":{"q":"at-risk","d":14.6,"f":3.9,"a":57.2,"v":3575000,"s":1,"dist":"Phra Nakhon","cl":"Sam Phraeng"}},{"type":"Feature","geometry":{"type":"Point","coordinates":[100.497033,13.752335]},"properties":{"q":"lawful-reuse","d":12.7,"f":2.9,"a":36.6,"v":2287500,"s":1,"dist":"Phra Nakhon","cl":"Sam Phraeng"}},{"type":"Feature","geometry":{"type":"Point","coordinates":[100.498299,13.751202]},"properties":{"q":"lawful-reuse","d":5.8,"f":4.1,"a":24.0,"v":1500000,"s":0,"dist":"Phra Nakhon","cl":"Sam Phraeng"}},{"type":"Feature","geometry":{"type":"Point","coordinates":[100.497981,13.751613]},"properties":{"q":"at-risk","d":21.6,"f":8.7,"a":143.7,"v":8981250,"s":1,"dist":"Phra Nakhon","cl":"Sam Phraeng"}},{"type":"Feature","geometry":{"type":"Point","coordinates":[100.4973,13.752353]},"properties":{"q":"lawful-reuse","d":12.4,"f":2.9,"a":35.5,"v":2218750,"s":1,"dist":"Phra Nakhon","cl":"Sam Phraeng"}},{"type":"Feature","geometry":{"type":"Point","coordinates":[100.497502,13.751545]},"properties":{"q":"at-risk","d":16.7,"f":5.6,"a":91.4,"v":5712500,"s":1,"dist":"Phra Nakhon","cl":"Sam Phraeng"}},{"type":"Feature","geometry":{"type":"Point","coordinates":[100.497407,13.752359]},"properties":{"q":"lawful-reuse","d":12.3,"f":2.9,"a":35.1,"v":2193750,"s":1,"dist":"Phra Nakhon","cl":"Sam Phraeng"}},{"type":"Feature","geometry":{"type":"Point","coordinates":[100.497798,13.751716]},"properties":{"q":"lawful-reuse","d":12.5,"f":3.6,"a":44.9,"v":2806250,"s":1,"dist":"Phra Nakhon","cl":"Sam Phraeng"}},{"type":"Feature","geometry":{"type":"Point","coordinates":[100.497307,13.751909]},"properties":{"q":"at-risk","d":20.3,"f":13.3,"a":269.3,"v":16831250,"s":0,"dist":"Phra Nakhon","cl":"Sam Phraeng"}},{"type":"Feature","geometry":{"type":"Point","coordinates":[100.497663,13.751643]},"properties":{"q":"lawful-reuse","d":8.5,"f":3.3,"a":26.6,"v":1662500,"s":1,"dist":"Phra Nakhon","cl":"Sam Phraeng"}},{"type":"Feature","geometry":{"type":"Point","coordinates":[100.496742,13.75197]},"properties":{"q":"low-pressure","d":14.9,"f":3.7,"a":55.0,"v":3437500,"s":1,"dist":"Phra Nakhon","cl":"Sam Phraeng"}},{"type":"Feature","geometry":{"type":"Point","coordinates":[100.497932,13.751739]},"properties":{"q":"lawful-reuse","d":8.1,"f":6.9,"a":40.8,"v":2550000,"s":0,"dist":"Phra Nakhon","cl":"Sam Phraeng"}},{"type":"Feature","geometry":{"type":"Point","coordinates":[100.498259,13.751277]},"properties":{"q":"lawful-reuse","d":8.6,"f":5.1,"a":44.3,"v":2768750,"s":0,"dist":"Phra Nakhon","cl":"Sam Phraeng"}},{"type":"Feature","geometry":{"type":"Point","coordinates":[100.497901,13.751878]},"properties":{"q":"lawful-reuse","d":7.6,"f":3.7,"a":28.0,"v":1750000,"s":0,"dist":"Phra Nakhon","cl":"Sam Phraeng"}},{"type":"Feature","geometry":{"type":"Point","coordinates":[100.49753,13.751625]},"properties":{"q":"lawful-reuse","d":8.5,"f":4.2,"a":33.2,"v":2075000,"s":0,"dist":"Phra Nakhon","cl":"Sam Phraeng"}},{"type":"Feature","geometry":{"type":"Point","coordinates":[100.498212,13.751124]},"properties":{"q":"at-risk","d":15.6,"f":4.4,"a":67.6,"v":4225000,"s":1,"dist":"Phra Nakhon","cl":"Sam Phraeng"}},{"type":"Feature","geometry":{"type":"Point","coordinates":[100.496765,13.752318]},"properties":{"q":"lawful-reuse","d":13.1,"f":2.9,"a":37.7,"v":2356250,"s":0,"dist":"Phra Nakhon","cl":"Sam Phraeng"}},{"type":"Feature","geometry":{"type":"Point","coordinates":[100.497334,13.75223]},"properties":{"q":"at-risk","d":14.6,"f":3.9,"a":57.2,"v":3575000,"s":1,"dist":"Phra Nakhon","cl":"Sam Phraeng"}},{"type":"Feature","geometry":{"type":"Point","coordinates":[100.497247,13.752349]},"properties":{"q":"lawful-reuse","d":12.5,"f":2.9,"a":35.8,"v":2237500,"s":1,"dist":"Phra Nakhon","cl":"Sam Phraeng"}},{"type":"Feature","geometry":{"type":"Point","coordinates":[100.496481,13.752004]},"properties":{"q":"at-risk","d":20.8,"f":6.3,"a":126.9,"v":7931250,"s":0,"dist":"Phra Nakhon","cl":"Sam Phraeng"}},{"type":"Feature","geometry":{"type":"Point","coordinates":[100.498256,13.750783]},"properties":{"q":"tell-the-owner","d":10.8,"f":5.9,"a":63.9,"v":3993750,"s":0,"dist":"Phra Nakhon","cl":"Sam Phraeng"}},{"type":"Feature","geometry":{"type":"Point","coordinates":[100.498023,13.75188]},"properties":{"q":"at-risk","d":13.9,"f":8.0,"a":101.4,"v":6337500,"s":0,"dist":"Phra Nakhon","cl":"Sam Phraeng"}},{"type":"Feature","geometry":{"type":"Point","coordinates":[100.498051,13.751333]},"properties":{"q":"lawful-reuse","d":5.8,"f":3.7,"a":21.6,"v":1350000,"s":0,"dist":"Phra Nakhon","cl":"Sam Phraeng"}},{"type":"Feature","geometry":{"type":"Point","coordinates":[100.49738,13.752358]},"properties":{"q":"lawful-reuse","d":12.3,"f":2.9,"a":35.2,"v":2200000,"s":1,"dist":"Phra Nakhon","cl":"Sam Phraeng"}},{"type":"Feature","geometry":{"type":"Point","coordinates":[100.498088,13.751721]},"properties":{"q":"at-risk","d":21.0,"f":7.6,"a":111.3,"v":6956250,"s":1,"dist":"Phra Nakhon","cl":"Sam Phraeng"}},{"type":"Feature","geometry":{"type":"Point","coordinates":[100.497378,13.751671]},"properties":{"q":"lawful-reuse","d":13.1,"f":3.0,"a":39.5,"v":2468750,"s":1,"dist":"Phra Nakhon","cl":"Sam Phraeng"}},{"type":"Feature","geometry":{"type":"Point","coordinates":[100.497644,13.751565]},"properties":{"q":"at-risk","d":16.8,"f":5.4,"a":90.8,"v":5675000,"s":1,"dist":"Phra Nakhon","cl":"Sam Phraeng"}},{"type":"Feature","geometry":{"type":"Point","coordinates":[100.496902,13.752063]},"properties":{"q":"low-pressure","d":13.7,"f":3.5,"a":47.8,"v":2987500,"s":1,"dist":"Phra Nakhon","cl":"Sam Phraeng"}},{"type":"Feature","geometry":{"type":"Point","coordinates":[100.49692,13.752493]},"properties":{"q":"lawful-reuse","d":13.0,"f":3.2,"a":39.8,"v":2487500,"s":0,"dist":"Phra Nakhon","cl":"Sam Phraeng"}},{"type":"Feature","geometry":{"type":"Point","coordinates":[100.498264,13.751118]},"properties":{"q":"at-risk","d":15.5,"f":9.6,"a":149.5,"v":9343750,"s":0,"dist":"Phra Nakhon","cl":"Sam Phraeng"}},{"type":"Feature","geometry":{"type":"Point","coordinates":[100.498489,13.751137]},"properties":{"q":"at-risk","d":19.3,"f":5.9,"a":114.3,"v":7143750,"s":1,"dist":"Phra Nakhon","cl":"Sam Phraeng"}},{"type":"Feature","geometry":{"type":"Point","coordinates":[100.497831,13.75172]},"properties":{"q":"lawful-reuse","d":12.6,"f":3.6,"a":44.9,"v":2806250,"s":1,"dist":"Phra Nakhon","cl":"Sam Phraeng"}},{"type":"Feature","geometry":{"type":"Point","coordinates":[100.497668,13.751706]},"properties":{"q":"lawful-reuse","d":9.2,"f":6.6,"a":35.3,"v":2206250,"s":0,"dist":"Phra Nakhon","cl":"Sam Phraeng"}},{"type":"Feature","geometry":{"type":"Point","coordinates":[100.496536,13.751752]},"properties":{"q":"lawful-reuse","d":12.9,"f":3.1,"a":40.3,"v":2518750,"s":1,"dist":"Phra Nakhon","cl":"Sam Phraeng"}},{"type":"Feature","geometry":{"type":"Point","coordinates":[100.498493,13.75121]},"properties":{"q":"lawful-reuse","d":8.9,"f":5.7,"a":50.5,"v":3156250,"s":0,"dist":"Phra Nakhon","cl":"Sam Phraeng"}},{"type":"Feature","geometry":{"type":"Point","coordinates":[100.497908,13.751812]},"properties":{"q":"lawful-reuse","d":7.6,"f":3.7,"a":28.0,"v":1750000,"s":0,"dist":"Phra Nakhon","cl":"Sam Phraeng"}},{"type":"Feature","geometry":{"type":"Point","coordinates":[100.497674,13.752377]},"properties":{"q":"lawful-reuse","d":12.1,"f":2.9,"a":33.9,"v":2118750,"s":0,"dist":"Phra Nakhon","cl":"Sam Phraeng"}},{"type":"Feature","geometry":{"type":"Point","coordinates":[100.498017,13.751954]},"properties":{"q":"at-risk","d":13.8,"f":6.2,"a":86.0,"v":5375000,"s":0,"dist":"Phra Nakhon","cl":"Sam Phraeng"}},{"type":"Feature","geometry":{"type":"Point","coordinates":[100.497461,13.752363]},"properties":{"q":"lawful-reuse","d":12.3,"f":2.9,"a":35.0,"v":2187500,"s":0,"dist":"Phra Nakhon","cl":"Sam Phraeng"}},{"type":"Feature","geometry":{"type":"Point","coordinates":[100.498228,13.751005]},"properties":{"q":"at-risk","d":14.1,"f":10.4,"a":146.2,"v":9137500,"s":0,"dist":"Phra Nakhon","cl":"Sam Phraeng"}},{"type":"Feature","geometry":{"type":"Point","coordinates":[100.498051,13.75168]},"properties":{"q":"at-risk","d":15.6,"f":4.7,"a":62.5,"v":3906250,"s":1,"dist":"Phra Nakhon","cl":"Sam Phraeng"}},{"type":"Feature","geometry":{"type":"Point","coordinates":[100.497648,13.752375]},"properties":{"q":"lawful-reuse","d":12.1,"f":2.9,"a":34.1,"v":2131250,"s":0,"dist":"Phra Nakhon","cl":"Sam Phraeng"}},{"type":"Feature","geometry":{"type":"Point","coordinates":[100.496907,13.752098]},"properties":{"q":"low-pressure","d":13.7,"f":3.7,"a":51.0,"v":3187500,"s":1,"dist":"Phra Nakhon","cl":"Sam Phraeng"}},{"type":"Feature","geometry":{"type":"Point","coordinates":[100.497118,13.752213]},"properties":{"q":"low-pressure","d":14.6,"f":3.9,"a":57.0,"v":3562500,"s":1,"dist":"Phra Nakhon","cl":"Sam Phraeng"}},{"type":"Feature","geometry":{"type":"Point","coordinates":[100.49655,13.751942]},"properties":{"q":"low-pressure","d":14.3,"f":3.6,"a":52.3,"v":3268750,"s":1,"dist":"Phra Nakhon","cl":"Sam Phraeng"}},{"type":"Feature","geometry":{"type":"Point","coordinates":[100.49689,13.752491]},"properties":{"q":"lawful-reuse","d":13.0,"f":3.3,"a":40.8,"v":2550000,"s":0,"dist":"Phra Nakhon","cl":"Sam Phraeng"}},{"type":"Feature","geometry":{"type":"Point","coordinates":[100.497478,13.752241]},"properties":{"q":"low-pressure","d":14.6,"f":3.9,"a":57.0,"v":3562500,"s":1,"dist":"Phra Nakhon","cl":"Sam Phraeng"}},{"type":"Feature","geometry":{"type":"Point","coordinates":[100.496581,13.751954]},"properties":{"q":"low-pressure","d":14.3,"f":3.6,"a":52.2,"v":3262500,"s":1,"dist":"Phra Nakhon","cl":"Sam Phraeng"}},{"type":"Feature","geometry":{"type":"Point","coordinates":[100.496931,13.751989]},"properties":{"q":"low-pressure","d":15.5,"f":5.3,"a":47.8,"v":2987500,"s":1,"dist":"Phra Nakhon","cl":"Sam Phraeng"}},{"type":"Feature","geometry":{"type":"Point","coordinates":[100.497154,13.752216]},"properties":{"q":"at-risk","d":14.6,"f":3.9,"a":57.2,"v":3575000,"s":1,"dist":"Phra Nakhon","cl":"Sam Phraeng"}},{"type":"Feature","geometry":{"type":"Point","coordinates":[100.497006,13.752334]},"properties":{"q":"lawful-reuse","d":12.7,"f":2.9,"a":36.7,"v":2293750,"s":1,"dist":"Phra Nakhon","cl":"Sam Phraeng"}},{"type":"Feature","geometry":{"type":"Point","coordinates":[100.497838,13.752272]},"properties":{"q":"low-pressure","d":13.6,"f":3.3,"a":45.5,"v":2843750,"s":0,"dist":"Phra Nakhon","cl":"Sam Phraeng"}},{"type":"Feature","geometry":{"type":"Point","coordinates":[100.496815,13.75178]},"properties":{"q":"lawful-reuse","d":12.9,"f":3.1,"a":40.3,"v":2518750,"s":1,"dist":"Phra Nakhon","cl":"Sam Phraeng"}},{"type":"Feature","geometry":{"type":"Point","coordinates":[100.497259,13.752002]},"properties":{"q":"at-risk","d":31.3,"f":7.3,"a":227.8,"v":14237500,"s":1,"dist":"Phra Nakhon","cl":"Sam Phraeng"}},{"type":"Feature","geometry":{"type":"Point","coordinates":[100.497515,13.751665]},"properties":{"q":"lawful-reuse","d":8.7,"f":6.2,"a":35.0,"v":2187500,"s":0,"dist":"Phra Nakhon","cl":"Sam Phraeng"}},{"type":"Feature","geometry":{"type":"Point","coordinates":[100.496819,13.752322]},"properties":{"q":"lawful-reuse","d":13.0,"f":2.9,"a":37.5,"v":2343750,"s":1,"dist":"Phra Nakhon","cl":"Sam Phraeng"}},{"type":"Feature","geometry":{"type":"Point","coordinates":[100.496952,13.75233]},"properties":{"q":"lawful-reuse","d":12.8,"f":2.9,"a":36.9,"v":2306250,"s":1,"dist":"Phra Nakhon","cl":"Sam Phraeng"}},{"type":"Feature","geometry":{"type":"Point","coordinates":[100.497037,13.752505]},"properties":{"q":"low-pressure","d":13.6,"f":3.2,"a":40.9,"v":2556250,"s":0,"dist":"Phra Nakhon","cl":"Sam Phraeng"}},{"type":"Feature","geometry":{"type":"Point","coordinates":[100.497067,13.752508]},"properties":{"q":"low-pressure","d":13.8,"f":3.2,"a":41.6,"v":2600000,"s":0,"dist":"Phra Nakhon","cl":"Sam Phraeng"}},{"type":"Feature","geometry":{"type":"Point","coordinates":[100.496684,13.751956]},"properties":{"q":"low-pressure","d":14.3,"f":3.6,"a":52.3,"v":3268750,"s":1,"dist":"Phra Nakhon","cl":"Sam Phraeng"}},{"type":"Feature","geometry":{"type":"Point","coordinates":[100.498425,13.751069]},"properties":{"q":"lawful-reuse","d":6.6,"f":5.3,"a":35.3,"v":2206250,"s":0,"dist":"Phra Nakhon","cl":"Sam Phraeng"}},{"type":"Feature","geometry":{"type":"Point","coordinates":[100.497298,13.752227]},"properties":{"q":"at-risk","d":14.6,"f":3.9,"a":57.2,"v":3575000,"s":1,"dist":"Phra Nakhon","cl":"Sam Phraeng"}},{"type":"Feature","geometry":{"type":"Point","coordinates":[100.496712,13.752315]},"properties":{"q":"lawful-reuse","d":13.2,"f":2.9,"a":37.9,"v":2368750,"s":0,"dist":"Phra Nakhon","cl":"Sam Phraeng"}},{"type":"Feature","geometry":{"type":"Point","coordinates":[100.497273,13.752351]},"properties":{"q":"lawful-reuse","d":12.5,"f":2.9,"a":35.6,"v":2225000,"s":1,"dist":"Phra Nakhon","cl":"Sam Phraeng"}},{"type":"Feature","geometry":{"type":"Point","coordinates":[100.497767,13.752263]},"properties":{"q":"at-risk","d":14.6,"f":3.9,"a":57.1,"v":3568750,"s":0,"dist":"Phra Nakhon","cl":"Sam Phraeng"}},{"type":"Feature","geometry":{"type":"Point","coordinates":[100.497086,13.752339]},"properties":{"q":"lawful-reuse","d":12.6,"f":2.9,"a":36.4,"v":2275000,"s":1,"dist":"Phra Nakhon","cl":"Sam Phraeng"}},{"type":"Feature","geometry":{"type":"Point","coordinates":[100.49719,13.752219]},"properties":{"q":"at-risk","d":14.6,"f":3.9,"a":57.2,"v":3575000,"s":1,"dist":"Phra Nakhon","cl":"Sam Phraeng"}},{"type":"Feature","geometry":{"type":"Point","coordinates":[100.497059,13.752337]},"properties":{"q":"lawful-reuse","d":12.7,"f":2.9,"a":36.5,"v":2281250,"s":1,"dist":"Phra Nakhon","cl":"Sam Phraeng"}},{"type":"Feature","geometry":{"type":"Point","coordinates":[100.49651,13.751738]},"properties":{"q":"lawful-reuse","d":12.9,"f":3.1,"a":40.2,"v":2512500,"s":1,"dist":"Phra Nakhon","cl":"Sam Phraeng"}},{"type":"Feature","geometry":{"type":"Point","coordinates":[100.497594,13.752371]},"properties":{"q":"lawful-reuse","d":12.1,"f":2.9,"a":34.4,"v":2150000,"s":0,"dist":"Phra Nakhon","cl":"Sam Phraeng"}},{"type":"Feature","geometry":{"type":"Point","coordinates":[100.496766,13.751772]},"properties":{"q":"lawful-reuse","d":13.0,"f":2.0,"a":25.9,"v":1618750,"s":1,"dist":"Phra Nakhon","cl":"Sam Phraeng"}},{"type":"Feature","geometry":{"type":"Point","coordinates":[100.497126,13.752515]},"properties":{"q":"low-pressure","d":14.2,"f":3.2,"a":42.7,"v":2668750,"s":0,"dist":"Phra Nakhon","cl":"Sam Phraeng"}},{"type":"Feature","geometry":{"type":"Point","coordinates":[100.496617,13.751949]},"properties":{"q":"low-pressure","d":14.3,"f":3.6,"a":52.3,"v":3268750,"s":1,"dist":"Phra Nakhon","cl":"Sam Phraeng"}},{"type":"Feature","geometry":{"type":"Point","coordinates":[100.496912,13.751808]},"properties":{"q":"tell-the-owner","d":13.2,"f":8.3,"a":61.3,"v":3831250,"s":0,"dist":"Phra Nakhon","cl":"Sam Phraeng"}},{"type":"Feature","geometry":{"type":"Point","coordinates":[100.498297,13.750621]},"properties":{"q":"at-risk","d":23.7,"f":6.7,"a":157.8,"v":9862500,"s":0,"dist":"Phra Nakhon","cl":"Sam Phraeng"}},{"type":"Feature","geometry":{"type":"Point","coordinates":[100.497193,13.752346]},"properties":{"q":"lawful-reuse","d":12.5,"f":2.9,"a":36.0,"v":2250000,"s":1,"dist":"Phra Nakhon","cl":"Sam Phraeng"}},{"type":"Feature","geometry":{"type":"Point","coordinates":[100.497911,13.751778]},"properties":{"q":"lawful-reuse","d":7.6,"f":3.7,"a":28.0,"v":1750000,"s":0,"dist":"Phra Nakhon","cl":"Sam Phraeng"}},{"type":"Feature","geometry":{"type":"Point","coordinates":[100.49722,13.752347]},"properties":{"q":"lawful-reuse","d":12.5,"f":2.9,"a":35.9,"v":2243750,"s":1,"dist":"Phra Nakhon","cl":"Sam Phraeng"}},{"type":"Feature","geometry":{"type":"Point","coordinates":[100.497888,13.752011]},"properties":{"q":"lawful-reuse","d":7.6,"f":3.7,"a":27.9,"v":1743750,"s":0,"dist":"Phra Nakhon","cl":"Sam Phraeng"}},{"type":"Feature","geometry":{"type":"Point","coordinates":[100.496926,13.752329]},"properties":{"q":"lawful-reuse","d":12.8,"f":2.9,"a":37.1,"v":2318750,"s":1,"dist":"Phra Nakhon","cl":"Sam Phraeng"}},{"type":"Feature","geometry":{"type":"Point","coordinates":[100.496917,13.75194]},"properties":{"q":"low-pressure","d":15.9,"f":5.7,"a":47.4,"v":2962500,"s":1,"dist":"Phra Nakhon","cl":"Sam Phraeng"}},{"type":"Feature","geometry":{"type":"Point","coordinates":[100.496922,13.752046]},"properties":{"q":"lawful-reuse","d":11.4,"f":3.4,"a":26.2,"v":1637500,"s":1,"dist":"Phra Nakhon","cl":"Sam Phraeng"}},{"type":"Feature","geometry":{"type":"Point","coordinates":[100.497891,13.751978]},"properties":{"q":"lawful-reuse","d":7.6,"f":3.7,"a":27.9,"v":1743750,"s":0,"dist":"Phra Nakhon","cl":"Sam Phraeng"}},{"type":"Feature","geometry":{"type":"Point","coordinates":[100.497226,13.752222]},"properties":{"q":"at-risk","d":14.6,"f":3.9,"a":57.2,"v":3575000,"s":1,"dist":"Phra Nakhon","cl":"Sam Phraeng"}},{"type":"Feature","geometry":{"type":"Point","coordinates":[100.497621,13.752373]},"properties":{"q":"lawful-reuse","d":12.1,"f":2.9,"a":34.2,"v":2137500,"s":0,"dist":"Phra Nakhon","cl":"Sam Phraeng"}},{"type":"Feature","geometry":{"type":"Point","coordinates":[100.497723,13.751575]},"properties":{"q":"at-risk","d":16.8,"f":10.8,"a":181.5,"v":11343750,"s":0,"dist":"Phra Nakhon","cl":"Sam Phraeng"}},{"type":"Feature","geometry":{"type":"Point","coordinates":[100.49645,13.752077]},"properties":{"q":"at-risk","d":21.1,"f":6.5,"a":134.6,"v":8412500,"s":0,"dist":"Phra Nakhon","cl":"Sam Phraeng"}},{"type":"Feature","geometry":{"type":"Point","coordinates":[100.497514,13.752244]},"properties":{"q":"at-risk","d":14.6,"f":3.9,"a":57.1,"v":3568750,"s":1,"dist":"Phra Nakhon","cl":"Sam Phraeng"}},{"type":"Feature","geometry":{"type":"Point","coordinates":[100.497695,13.752258]},"properties":{"q":"at-risk","d":14.6,"f":3.9,"a":57.1,"v":3568750,"s":0,"dist":"Phra Nakhon","cl":"Sam Phraeng"}},{"type":"Feature","geometry":{"type":"Point","coordinates":[100.497514,13.752366]},"properties":{"q":"lawful-reuse","d":12.2,"f":2.9,"a":34.6,"v":2162500,"s":0,"dist":"Phra Nakhon","cl":"Sam Phraeng"}},{"type":"Feature","geometry":{"type":"Point","coordinates":[100.497541,13.752368]},"properties":{"q":"lawful-reuse","d":12.2,"f":2.9,"a":34.5,"v":2156250,"s":0,"dist":"Phra Nakhon","cl":"Sam Phraeng"}},{"type":"Feature","geometry":{"type":"Point","coordinates":[100.496979,13.752332]},"properties":{"q":"lawful-reuse","d":12.8,"f":2.9,"a":36.9,"v":2306250,"s":1,"dist":"Phra Nakhon","cl":"Sam Phraeng"}},{"type":"Feature","geometry":{"type":"Point","coordinates":[100.497432,13.751939]},"properties":{"q":"at-risk","d":20.7,"f":6.8,"a":141.5,"v":8843750,"s":1,"dist":"Phra Nakhon","cl":"Sam Phraeng"}},{"type":"Feature","geometry":{"type":"Point","coordinates":[100.497113,13.752341]},"properties":{"q":"lawful-reuse","d":12.6,"f":2.9,"a":36.4,"v":2275000,"s":1,"dist":"Phra Nakhon","cl":"Sam Phraeng"}},{"type":"Feature","geometry":{"type":"Point","coordinates":[100.497433,13.751677]},"properties":{"q":"lawful-reuse","d":13.3,"f":3.0,"a":40.0,"v":2500000,"s":1,"dist":"Phra Nakhon","cl":"Sam Phraeng"}},{"type":"Feature","geometry":{"type":"Point","coordinates":[100.497434,13.752361]},"properties":{"q":"lawful-reuse","d":12.3,"f":2.9,"a":35.0,"v":2187500,"s":1,"dist":"Phra Nakhon","cl":"Sam Phraeng"}},{"type":"Feature","geometry":{"type":"Point","coordinates":[100.496979,13.752498]},"properties":{"q":"lawful-reuse","d":13.2,"f":3.2,"a":39.9,"v":2493750,"s":0,"dist":"Phra Nakhon","cl":"Sam Phraeng"}},{"type":"Feature","geometry":{"type":"Point","coordinates":[100.49751,13.751923]},"properties":{"q":"at-risk","d":15.7,"f":5.0,"a":78.3,"v":4893750,"s":1,"dist":"Phra Nakhon","cl":"Sam Phraeng"}},{"type":"Feature","geometry":{"type":"Point","coordinates":[100.497891,13.751595]},"properties":{"q":"at-risk","d":16.9,"f":5.4,"a":90.8,"v":5675000,"s":1,"dist":"Phra Nakhon","cl":"Sam Phraeng"}},{"type":"Feature","geometry":{"type":"Point","coordinates":[100.498396,13.750667]},"properties":{"q":"tell-the-owner","d":11.6,"f":5.7,"a":66.5,"v":4156250,"s":0,"dist":"Phra Nakhon","cl":"Sam Phraeng"}},{"type":"Feature","geometry":{"type":"Point","coordinates":[100.496565,13.751755]},"properties":{"q":"lawful-reuse","d":12.9,"f":3.1,"a":40.2,"v":2512500,"s":1,"dist":"Phra Nakhon","cl":"Sam Phraeng"}},{"type":"Feature","geometry":{"type":"Point","coordinates":[100.496792,13.75232]},"properties":{"q":"lawful-reuse","d":13.0,"f":2.9,"a":37.6,"v":2350000,"s":0,"dist":"Phra Nakhon","cl":"Sam Phraeng"}},{"type":"Feature","geometry":{"type":"Point","coordinates":[100.496847,13.751771]},"properties":{"q":"lawful-reuse","d":12.9,"f":3.1,"a":40.4,"v":2525000,"s":1,"dist":"Phra Nakhon","cl":"Sam Phraeng"}},{"type":"Feature","geometry":{"type":"Point","coordinates":[100.496973,13.752202]},"properties":{"q":"at-risk","d":14.6,"f":3.9,"a":57.2,"v":3575000,"s":1,"dist":"Phra Nakhon","cl":"Sam Phraeng"}},{"type":"Feature","geometry":{"type":"Point","coordinates":[100.504065,13.740077]},"properties":{"q":"at-risk","d":15.4,"f":5.2,"a":69.1,"v":4318750,"s":1,"dist":"Samphanthawong","cl":"Song Wat trade street"}},{"type":"Feature","geometry":{"type":"Point","coordinates":[100.507647,13.73885]},"properties":{"q":"tell-the-owner","d":11.6,"f":5.6,"a":65.5,"v":4093750,"s":0,"dist":"Samphanthawong","cl":"Song Wat trade street"}},{"type":"Feature","geometry":{"type":"Point","coordinates":[100.506733,13.739339]},"properties":{"q":"at-risk","d":18.7,"f":7.9,"a":148.1,"v":9256250,"s":0,"dist":"Samphanthawong","cl":"Song Wat trade street"}},{"type":"Feature","geometry":{"type":"Point","coordinates":[100.506949,13.738881]},"properties":{"q":"lawful-reuse","d":10.0,"f":5.2,"a":51.6,"v":3225000,"s":0,"dist":"Samphanthawong","cl":"Song Wat trade street"}},{"type":"Feature","geometry":{"type":"Point","coordinates":[100.509123,13.73801]},"properties":{"q":"at-risk","d":17.2,"f":7.9,"a":134.3,"v":8393750,"s":0,"dist":"Samphanthawong","cl":"Song Wat trade street"}},{"type":"Feature","geometry":{"type":"Point","coordinates":[100.507955,13.738143]},"properties":{"q":"at-risk","d":21.2,"f":14.0,"a":296.2,"v":18512500,"s":0,"dist":"Samphanthawong","cl":"Song Wat trade street"}},{"type":"Feature","geometry":{"type":"Point","coordinates":[100.506431,13.739137]},"properties":{"q":"lawful-reuse","d":5.6,"f":4.4,"a":24.2,"v":1512500,"s":0,"dist":"Samphanthawong","cl":"Song Wat trade street"}},{"type":"Feature","geometry":{"type":"Point","coordinates":[100.505927,13.739454]},"properties":{"q":"at-risk","d":14.4,"f":8.5,"a":123.3,"v":7706250,"s":0,"dist":"Samphanthawong","cl":"Song Wat trade street"}},{"type":"Feature","geometry":{"type":"Point","coordinates":[100.505165,13.739473]},"properties":{"q":"lawful-reuse","d":6.8,"f":3.2,"a":21.7,"v":1356250,"s":1,"dist":"Samphanthawong","cl":"Song Wat trade street"}},{"type":"Feature","geometry":{"type":"Point","coordinates":[100.503238,13.739709]},"properties":{"q":"at-risk","d":15.3,"f":6.6,"a":101.4,"v":6337500,"s":0,"dist":"Samphanthawong","cl":"Song Wat trade street"}},{"type":"Feature","geometry":{"type":"Point","coordinates":[100.509075,13.736863]},"properties":{"q":"at-risk","d":15.6,"f":4.6,"a":70.7,"v":4418750,"s":0,"dist":"Samphanthawong","cl":"Song Wat trade street"}},{"type":"Feature","geometry":{"type":"Point","coordinates":[100.507637,13.73892]},"properties":{"q":"lawful-reuse","d":11.0,"f":1.8,"a":20.1,"v":1256250,"s":0,"dist":"Samphanthawong","cl":"Song Wat trade street"}},{"type":"Feature","geometry":{"type":"Point","coordinates":[100.506343,13.739251]},"properties":{"q":"lawful-reuse","d":5.0,"f":3.6,"a":17.9,"v":1118750,"s":0,"dist":"Samphanthawong","cl":"Song Wat trade street"}},{"type":"Feature","geometry":{"type":"Point","coordinates":[100.508901,13.737837]},"properties":{"q":"at-risk","d":18.4,"f":12.5,"a":228.9,"v":14306250,"s":0,"dist":"Samphanthawong","cl":"Song Wat trade street"}},{"type":"Feature","geometry":{"type":"Point","coordinates":[100.509692,13.737407]},"properties":{"q":"at-risk","d":21.3,"f":5.6,"a":92.9,"v":5806250,"s":1,"dist":"Samphanthawong","cl":"Song Wat trade street"}},{"type":"Feature","geometry":{"type":"Point","coordinates":[100.509738,13.737129]},"properties":{"q":"tell-the-owner","d":12.4,"f":6.0,"a":74.9,"v":4681250,"s":0,"dist":"Samphanthawong","cl":"Song Wat trade street"}},{"type":"Feature","geometry":{"type":"Point","coordinates":[100.504723,13.739739]},"properties":{"q":"tell-the-owner","d":12.3,"f":7.1,"a":72.1,"v":4506250,"s":0,"dist":"Samphanthawong","cl":"Song Wat trade street"}},{"type":"Feature","geometry":{"type":"Point","coordinates":[100.505121,13.739764]},"properties":{"q":"at-risk","d":24.7,"f":16.3,"a":292.7,"v":18293750,"s":0,"dist":"Samphanthawong","cl":"Song Wat trade street"}},{"type":"Feature","geometry":{"type":"Point","coordinates":[100.508579,13.73781]},"properties":{"q":"lawful-reuse","d":8.6,"f":6.3,"a":53.9,"v":3368750,"s":0,"dist":"Samphanthawong","cl":"Song Wat trade street"}},{"type":"Feature","geometry":{"type":"Point","coordinates":[100.509162,13.736953]},"properties":{"q":"at-risk","d":15.8,"f":4.6,"a":71.4,"v":4462500,"s":1,"dist":"Samphanthawong","cl":"Song Wat trade street"}},{"type":"Feature","geometry":{"type":"Point","coordinates":[100.503672,13.739346]},"properties":{"q":"lawful-reuse","d":13.3,"f":4.0,"a":45.8,"v":2862500,"s":1,"dist":"Samphanthawong","cl":"Song Wat trade street"}},{"type":"Feature","geometry":{"type":"Point","coordinates":[100.509279,13.737332]},"properties":{"q":"at-risk","d":19.6,"f":8.0,"a":147.3,"v":9206250,"s":1,"dist":"Samphanthawong","cl":"Song Wat trade street"}},{"type":"Feature","geometry":{"type":"Point","coordinates":[100.504066,13.739429]},"properties":{"q":"lawful-reuse","d":6.5,"f":4.7,"a":30.7,"v":1918750,"s":0,"dist":"Samphanthawong","cl":"Song Wat trade street"}},{"type":"Feature","geometry":{"type":"Point","coordinates":[100.506801,13.738791]},"properties":{"q":"lawful-reuse","d":9.6,"f":7.6,"a":46.7,"v":2918750,"s":0,"dist":"Samphanthawong","cl":"Song Wat trade street"}},{"type":"Feature","geometry":{"type":"Point","coordinates":[100.509262,13.737807]},"properties":{"q":"at-risk","d":35.4,"f":13.2,"a":464.8,"v":29050000,"s":0,"dist":"Samphanthawong","cl":"Song Wat trade street"}},{"type":"Feature","geometry":{"type":"Point","coordinates":[100.509104,13.736893]},"properties":{"q":"at-risk","d":15.7,"f":4.6,"a":70.8,"v":4425000,"s":0,"dist":"Samphanthawong","cl":"Song Wat trade street"}},{"type":"Feature","geometry":{"type":"Point","coordinates":[100.506365,13.739116]},"properties":{"q":"lawful-reuse","d":6.9,"f":4.9,"a":34.3,"v":2143750,"s":0,"dist":"Samphanthawong","cl":"Song Wat trade street"}},{"type":"Feature","geometry":{"type":"Point","coordinates":[100.510154,13.73679]},"properties":{"q":"tell-the-owner","d":11.2,"f":9.2,"a":102.2,"v":6387500,"s":0,"dist":"Samphanthawong","cl":"Song Wat trade street"}},{"type":"Feature","geometry":{"type":"Point","coordinates":[100.508716,13.737989]},"properties":{"q":"at-risk","d":20.4,"f":6.3,"a":128.0,"v":8000000,"s":1,"dist":"Samphanthawong","cl":"Song Wat trade street"}},{"type":"Feature","geometry":{"type":"Point","coordinates":[100.507753,13.73808]},"properties":{"q":"at-risk","d":37.8,"f":11.0,"a":373.0,"v":23312500,"s":1,"dist":"Samphanthawong","cl":"Song Wat trade street"}},{"type":"Feature","geometry":{"type":"Point","coordinates":[100.506263,13.738981]},"properties":{"q":"at-risk","d":13.6,"f":6.3,"a":85.4,"v":5337500,"s":1,"dist":"Samphanthawong","cl":"Song Wat trade street"}},{"type":"Feature","geometry":{"type":"Point","coordinates":[100.507676,13.738589]},"properties":{"q":"tell-the-owner","d":12.6,"f":6.7,"a":83.7,"v":5231250,"s":0,"dist":"Samphanthawong","cl":"Song Wat trade street"}},{"type":"Feature","geometry":{"type":"Point","coordinates":[100.504547,13.739285]},"properties":{"q":"at-risk","d":16.7,"f":7.1,"a":105.1,"v":6568750,"s":0,"dist":"Samphanthawong","cl":"Song Wat trade street"}},{"type":"Feature","geometry":{"type":"Point","coordinates":[100.505344,13.739367]},"properties":{"q":"lawful-reuse","d":7.6,"f":5.4,"a":41.4,"v":2587500,"s":0,"dist":"Samphanthawong","cl":"Song Wat trade street"}},{"type":"Feature","geometry":{"type":"Point","coordinates":[100.509082,13.737399]},"properties":{"q":"at-risk","d":22.8,"f":14.7,"a":303.0,"v":18937500,"s":0,"dist":"Samphanthawong","cl":"Song Wat trade street"}},{"type":"Feature","geometry":{"type":"Point","coordinates":[100.507965,13.73848]},"properties":{"q":"at-risk","d":14.9,"f":7.9,"a":114.8,"v":7175000,"s":0,"dist":"Samphanthawong","cl":"Song Wat trade street"}},{"type":"Feature","geometry":{"type":"Point","coordinates":[100.50409,13.739731]},"properties":{"q":"lawful-reuse","d":5.9,"f":4.0,"a":23.7,"v":1481250,"s":0,"dist":"Samphanthawong","cl":"Song Wat trade street"}},{"type":"Feature","geometry":{"type":"Point","coordinates":[100.509252,13.737014]},"properties":{"q":"tell-the-owner","d":13.3,"f":6.4,"a":81.1,"v":5068750,"s":0,"dist":"Samphanthawong","cl":"Song Wat trade street"}},{"type":"Feature","geometry":{"type":"Point","coordinates":[100.505129,13.739512]},"properties":{"q":"tell-the-owner","d":10.8,"f":8.8,"a":94.9,"v":5931250,"s":0,"dist":"Samphanthawong","cl":"Song Wat trade street"}},{"type":"Feature","geometry":{"type":"Point","coordinates":[100.50784,13.738337]},"properties":{"q":"tell-the-owner","d":10.2,"f":6.8,"a":69.1,"v":4318750,"s":0,"dist":"Samphanthawong","cl":"Song Wat trade street"}},{"type":"Feature","geometry":{"type":"Point","coordinates":[100.508853,13.738092]},"properties":{"q":"at-risk","d":18.0,"f":6.3,"a":112.9,"v":7056250,"s":0,"dist":"Samphanthawong","cl":"Song Wat trade street"}},{"type":"Feature","geometry":{"type":"Point","coordinates":[100.505581,13.739488]},"properties":{"q":"lawful-reuse","d":6.1,"f":5.0,"a":30.4,"v":1900000,"s":0,"dist":"Samphanthawong","cl":"Song Wat trade street"}},{"type":"Feature","geometry":{"type":"Point","coordinates":[100.505559,13.739624]},"properties":{"q":"lawful-reuse","d":12.0,"f":4.6,"a":55.1,"v":3443750,"s":1,"dist":"Samphanthawong","cl":"Song Wat trade street"}},{"type":"Feature","geometry":{"type":"Point","coordinates":[100.5078,13.738278]},"properties":{"q":"tell-the-owner","d":11.1,"f":5.7,"a":63.7,"v":3981250,"s":1,"dist":"Samphanthawong","cl":"Song Wat trade street"}},{"type":"Feature","geometry":{"type":"Point","coordinates":[100.507565,13.738248]},"properties":{"q":"at-risk","d":16.6,"f":11.0,"a":181.4,"v":11337500,"s":0,"dist":"Samphanthawong","cl":"Song Wat trade street"}},{"type":"Feature","geometry":{"type":"Point","coordinates":[100.507473,13.738323]},"properties":{"q":"at-risk","d":13.7,"f":10.0,"a":136.6,"v":8537500,"s":0,"dist":"Samphanthawong","cl":"Song Wat trade street"}},{"type":"Feature","geometry":{"type":"Point","coordinates":[100.508264,13.738126]},"properties":{"q":"tell-the-owner","d":9.9,"f":6.2,"a":60.7,"v":3793750,"s":0,"dist":"Samphanthawong","cl":"Song Wat trade street"}},{"type":"Feature","geometry":{"type":"Point","coordinates":[100.504482,13.739887]},"properties":{"q":"at-risk","d":32.4,"f":16.3,"a":509.1,"v":31818750,"s":0,"dist":"Samphanthawong","cl":"Song Wat trade street"}},{"type":"Feature","geometry":{"type":"Point","coordinates":[100.506395,13.738796]},"properties":{"q":"lawful-reuse","d":9.8,"f":5.0,"a":48.8,"v":3050000,"s":0,"dist":"Samphanthawong","cl":"Song Wat trade street"}},{"type":"Feature","geometry":{"type":"Point","coordinates":[100.503746,13.739604]},"properties":{"q":"lawful-reuse","d":9.4,"f":3.5,"a":33.2,"v":2075000,"s":1,"dist":"Samphanthawong","cl":"Song Wat trade street"}},{"type":"Feature","geometry":{"type":"Point","coordinates":[100.505521,13.739496]},"properties":{"q":"tell-the-owner","d":10.7,"f":8.8,"a":94.5,"v":5906250,"s":0,"dist":"Samphanthawong","cl":"Song Wat trade street"}},{"type":"Feature","geometry":{"type":"Point","coordinates":[100.509413,13.737673]},"properties":{"q":"at-risk","d":25.9,"f":13.0,"a":336.8,"v":21050000,"s":0,"dist":"Samphanthawong","cl":"Song Wat trade street"}},{"type":"Feature","geometry":{"type":"Point","coordinates":[100.506586,13.738889]},"properties":{"q":"lawful-reuse","d":10.2,"f":5.2,"a":52.9,"v":3306250,"s":1,"dist":"Samphanthawong","cl":"Song Wat trade street"}},{"type":"Feature","geometry":{"type":"Point","coordinates":[100.50386,13.739957]},"properties":{"q":"at-risk","d":20.6,"f":13.4,"a":275.1,"v":17193750,"s":0,"dist":"Samphanthawong","cl":"Song Wat trade street"}},{"type":"Feature","geometry":{"type":"Point","coordinates":[100.505414,13.739573]},"properties":{"q":"tell-the-owner","d":13.0,"f":7.9,"a":94.7,"v":5918750,"s":0,"dist":"Samphanthawong","cl":"Song Wat trade street"}},{"type":"Feature","geometry":{"type":"Point","coordinates":[100.506938,13.73874]},"properties":{"q":"tell-the-owner","d":12.1,"f":8.6,"a":104.2,"v":6512500,"s":0,"dist":"Samphanthawong","cl":"Song Wat trade street"}},{"type":"Feature","geometry":{"type":"Point","coordinates":[100.504678,13.73965]},"properties":{"q":"at-risk","d":14.4,"f":7.8,"a":89.6,"v":5600000,"s":0,"dist":"Samphanthawong","cl":"Song Wat trade street"}},{"type":"Feature","geometry":{"type":"Point","coordinates":[100.508711,13.737627]},"properties":{"q":"at-risk","d":20.5,"f":6.1,"a":123.8,"v":7737500,"s":1,"dist":"Samphanthawong","cl":"Song Wat trade street"}},{"type":"Feature","geometry":{"type":"Point","coordinates":[100.507754,13.738681]},"properties":{"q":"tell-the-owner","d":12.9,"f":8.8,"a":113.1,"v":7068750,"s":0,"dist":"Samphanthawong","cl":"Song Wat trade street"}},{"type":"Feature","geometry":{"type":"Point","coordinates":[100.509595,13.736787]},"properties":{"q":"low-pressure","d":18.9,"f":2.7,"a":42.8,"v":2675000,"s":1,"dist":"Samphanthawong","cl":"Song Wat trade street"}},{"type":"Feature","geometry":{"type":"Point","coordinates":[100.507576,13.738845]},"properties":{"q":"at-risk","d":16.6,"f":5.3,"a":88.2,"v":5512500,"s":1,"dist":"Samphanthawong","cl":"Song Wat trade street"}},{"type":"Feature","geometry":{"type":"Point","coordinates":[100.508475,13.737781]},"properties":{"q":"tell-the-owner","d":10.2,"f":6.0,"a":61.6,"v":3850000,"s":0,"dist":"Samphanthawong","cl":"Song Wat trade street"}},{"type":"Feature","geometry":{"type":"Point","coordinates":[100.506603,13.739202]},"properties":{"q":"tell-the-owner","d":11.2,"f":7.4,"a":82.7,"v":5168750,"s":0,"dist":"Samphanthawong","cl":"Song Wat trade street"}},{"type":"Feature","geometry":{"type":"Point","coordinates":[100.505343,13.739747]},"properties":{"q":"tell-the-owner","d":11.7,"f":9.2,"a":98.3,"v":6143750,"s":0,"dist":"Samphanthawong","cl":"Song Wat trade street"}},{"type":"Feature","geometry":{"type":"Point","coordinates":[100.508539,13.737853]},"properties":{"q":"lawful-reuse","d":9.3,"f":5.6,"a":51.5,"v":3218750,"s":0,"dist":"Samphanthawong","cl":"Song Wat trade street"}},{"type":"Feature","geometry":{"type":"Point","coordinates":[100.502639,13.740245]},"properties":{"q":"at-risk","d":14.7,"f":9.0,"a":131.8,"v":8237500,"s":0,"dist":"Samphanthawong","cl":"Song Wat trade street"}},{"type":"Feature","geometry":{"type":"Point","coordinates":[100.503972,13.739744]},"properties":{"q":"lawful-reuse","d":12.8,"f":4.1,"a":52.8,"v":3300000,"s":1,"dist":"Samphanthawong","cl":"Song Wat trade street"}},{"type":"Feature","geometry":{"type":"Point","coordinates":[100.508593,13.738169]},"properties":{"q":"at-risk","d":16.6,"f":6.2,"a":97.1,"v":6068750,"s":1,"dist":"Samphanthawong","cl":"Song Wat trade street"}},{"type":"Feature","geometry":{"type":"Point","coordinates":[100.506208,13.739345]},"properties":{"q":"lawful-reuse","d":9.2,"f":5.8,"a":53.1,"v":3318750,"s":0,"dist":"Samphanthawong","cl":"Song Wat trade street"}},{"type":"Feature","geometry":{"type":"Point","coordinates":[100.509511,13.737175]},"properties":{"q":"at-risk","d":29.5,"f":14.4,"a":338.7,"v":21168750,"s":1,"dist":"Samphanthawong","cl":"Song Wat trade street"}},{"type":"Feature","geometry":{"type":"Point","coordinates":[100.506468,13.738953]},"properties":{"q":"at-risk","d":27.4,"f":18.9,"a":477.4,"v":29837500,"s":0,"dist":"Samphanthawong","cl":"Song Wat trade street"}},{"type":"Feature","geometry":{"type":"Point","coordinates":[100.503991,13.739506]},"properties":{"q":"tell-the-owner","d":12.9,"f":9.4,"a":95.6,"v":5975000,"s":0,"dist":"Samphanthawong","cl":"Song Wat trade street"}},{"type":"Feature","geometry":{"type":"Point","coordinates":[100.50539,13.739534]},"properties":{"q":"lawful-reuse","d":4.9,"f":3.8,"a":18.6,"v":1162500,"s":0,"dist":"Samphanthawong","cl":"Song Wat trade street"}},{"type":"Feature","geometry":{"type":"Point","coordinates":[100.504225,13.739382]},"properties":{"q":"lawful-reuse","d":8.2,"f":3.2,"a":21.5,"v":1343750,"s":0,"dist":"Samphanthawong","cl":"Song Wat trade street"}},{"type":"Feature","geometry":{"type":"Point","coordinates":[100.505313,13.739496]},"properties":{"q":"lawful-reuse","d":10.6,"f":5.1,"a":53.9,"v":3368750,"s":1,"dist":"Samphanthawong","cl":"Song Wat trade street"}},{"type":"Feature","geometry":{"type":"Point","coordinates":[100.506048,13.739233]},"properties":{"q":"lawful-reuse","d":7.0,"f":3.5,"a":24.7,"v":1543750,"s":1,"dist":"Samphanthawong","cl":"Song Wat trade street"}},{"type":"Feature","geometry":{"type":"Point","coordinates":[100.509686,13.737168]},"properties":{"q":"at-risk","d":19.2,"f":11.9,"a":154.2,"v":9637500,"s":0,"dist":"Samphanthawong","cl":"Song Wat trade street"}},{"type":"Feature","geometry":{"type":"Point","coordinates":[100.503613,13.739637]},"properties":{"q":"lawful-reuse","d":8.4,"f":4.1,"a":34.5,"v":2156250,"s":1,"dist":"Samphanthawong","cl":"Song Wat trade street"}},{"type":"Feature","geometry":{"type":"Point","coordinates":[100.510006,13.736415]},"properties":{"q":"at-risk","d":16.2,"f":3.6,"a":58.4,"v":3650000,"s":0,"dist":"Samphanthawong","cl":"Song Wat trade street"}},{"type":"Feature","geometry":{"type":"Point","coordinates":[100.50744,13.738902]},"properties":{"q":"lawful-reuse","d":8.6,"f":3.6,"a":31.0,"v":1937500,"s":0,"dist":"Samphanthawong","cl":"Song Wat trade street"}},{"type":"Feature","geometry":{"type":"Point","coordinates":[100.509575,13.736844]},"properties":{"q":"at-risk","d":20.6,"f":10.4,"a":170.3,"v":10643750,"s":0,"dist":"Samphanthawong","cl":"Song Wat trade street"}},{"type":"Feature","geometry":{"type":"Point","coordinates":[100.508908,13.738163]},"properties":{"q":"at-risk","d":16.5,"f":7.2,"a":118.0,"v":7375000,"s":0,"dist":"Samphanthawong","cl":"Song Wat trade street"}},{"type":"Feature","geometry":{"type":"Point","coordinates":[100.508645,13.738122]},"properties":{"q":"at-risk","d":14.0,"f":6.3,"a":87.7,"v":5481250,"s":0,"dist":"Samphanthawong","cl":"Song Wat trade street"}},{"type":"Feature","geometry":{"type":"Point","coordinates":[100.509707,13.737336]},"properties":{"q":"at-risk","d":22.2,"f":11.5,"a":255.5,"v":15968750,"s":0,"dist":"Samphanthawong","cl":"Song Wat trade street"}},{"type":"Feature","geometry":{"type":"Point","coordinates":[100.506689,13.739304]},"properties":{"q":"lawful-reuse","d":11.9,"f":4.3,"a":51.5,"v":3218750,"s":0,"dist":"Samphanthawong","cl":"Song Wat trade street"}},{"type":"Feature","geometry":{"type":"Point","coordinates":[100.50955,13.737651]},"properties":{"q":"lawful-reuse","d":11.7,"f":3.5,"a":40.9,"v":2556250,"s":0,"dist":"Samphanthawong","cl":"Song Wat trade street"}},{"type":"Feature","geometry":{"type":"Point","coordinates":[100.502683,13.740454]},"properties":{"q":"at-risk","d":14.6,"f":6.0,"a":87.9,"v":5493750,"s":1,"dist":"Samphanthawong","cl":"Song Wat trade street"}},{"type":"Feature","geometry":{"type":"Point","coordinates":[100.50639,13.739468]},"properties":{"q":"lawful-reuse","d":8.6,"f":4.4,"a":38.3,"v":2393750,"s":0,"dist":"Samphanthawong","cl":"Song Wat trade street"}},{"type":"Feature","geometry":{"type":"Point","coordinates":[100.504084,13.739948]},"properties":{"q":"at-risk","d":17.3,"f":9.5,"a":138.4,"v":8650000,"s":0,"dist":"Samphanthawong","cl":"Song Wat trade street"}},{"type":"Feature","geometry":{"type":"Point","coordinates":[100.504018,13.739814]},"properties":{"q":"at-risk","d":13.8,"f":9.8,"a":112.4,"v":7025000,"s":0,"dist":"Samphanthawong","cl":"Song Wat trade street"}},{"type":"Feature","geometry":{"type":"Point","coordinates":[100.504345,13.739721]},"properties":{"q":"lawful-reuse","d":7.5,"f":2.9,"a":21.9,"v":1368750,"s":1,"dist":"Samphanthawong","cl":"Song Wat trade street"}},{"type":"Feature","geometry":{"type":"Point","coordinates":[100.502179,13.740414]},"properties":{"q":"lawful-reuse","d":6.4,"f":3.4,"a":21.7,"v":1356250,"s":0,"dist":"Samphanthawong","cl":"Song Wat trade street"}},{"type":"Feature","geometry":{"type":"Point","coordinates":[100.506508,13.739275]},"properties":{"q":"tell-the-owner","d":12.6,"f":7.9,"a":99.4,"v":6212500,"s":0,"dist":"Samphanthawong","cl":"Song Wat trade street"}},{"type":"Feature","geometry":{"type":"Point","coordinates":[100.508475,13.738048]},"properties":{"q":"lawful-reuse","d":7.2,"f":4.0,"a":26.9,"v":1681250,"s":0,"dist":"Samphanthawong","cl":"Song Wat trade street"}},{"type":"Feature","geometry":{"type":"Point","coordinates":[100.506663,13.73843]},"properties":{"q":"at-risk","d":18.3,"f":8.1,"a":148.1,"v":9256250,"s":0,"dist":"Samphanthawong","cl":"Song Wat trade street"}},{"type":"Feature","geometry":{"type":"Point","coordinates":[100.506437,13.73927]},"properties":{"q":"lawful-reuse","d":5.8,"f":4.4,"a":25.1,"v":1568750,"s":0,"dist":"Samphanthawong","cl":"Song Wat trade street"}},{"type":"Feature","geometry":{"type":"Point","coordinates":[100.505365,13.73945]},"properties":{"q":"lawful-reuse","d":10.4,"f":5.2,"a":53.8,"v":3362500,"s":1,"dist":"Samphanthawong","cl":"Song Wat trade street"}},{"type":"Feature","geometry":{"type":"Point","coordinates":[100.506445,13.739378]},"properties":{"q":"lawful-reuse","d":7.2,"f":4.3,"a":30.8,"v":1925000,"s":0,"dist":"Samphanthawong","cl":"Song Wat trade street"}},{"type":"Feature","geometry":{"type":"Point","coordinates":[100.506649,13.739252]},"properties":{"q":"tell-the-owner","d":10.8,"f":6.4,"a":68.4,"v":4275000,"s":0,"dist":"Samphanthawong","cl":"Song Wat trade street"}},{"type":"Feature","geometry":{"type":"Point","coordinates":[100.50772,13.738187]},"properties":{"q":"at-risk","d":16.7,"f":14.2,"a":168.4,"v":10525000,"s":0,"dist":"Samphanthawong","cl":"Song Wat trade street"}},{"type":"Feature","geometry":{"type":"Point","coordinates":[100.5063,13.739376]},"properties":{"q":"at-risk","d":18.3,"f":8.6,"a":120.7,"v":7543750,"s":0,"dist":"Samphanthawong","cl":"Song Wat trade street"}},{"type":"Feature","geometry":{"type":"Point","coordinates":[100.503954,13.739372]},"properties":{"q":"lawful-reuse","d":10.8,"f":3.8,"a":30.7,"v":1918750,"s":1,"dist":"Samphanthawong","cl":"Song Wat trade street"}},{"type":"Feature","geometry":{"type":"Point","coordinates":[100.505859,13.739334]},"properties":{"q":"at-risk","d":14.5,"f":10.6,"a":153.9,"v":9618750,"s":0,"dist":"Samphanthawong","cl":"Song Wat trade street"}},{"type":"Feature","geometry":{"type":"Point","coordinates":[100.507724,13.738425]},"properties":{"q":"tell-the-owner","d":10.5,"f":7.2,"a":75.5,"v":4718750,"s":0,"dist":"Samphanthawong","cl":"Song Wat trade street"}},{"type":"Feature","geometry":{"type":"Point","coordinates":[100.503994,13.740153]},"properties":{"q":"low-pressure","d":15.2,"f":2.8,"a":43.1,"v":2693750,"s":0,"dist":"Samphanthawong","cl":"Song Wat trade street"}},{"type":"Feature","geometry":{"type":"Point","coordinates":[100.507372,13.738516]},"properties":{"q":"at-risk","d":16.7,"f":9.8,"a":163.3,"v":10206250,"s":0,"dist":"Samphanthawong","cl":"Song Wat trade street"}},{"type":"Feature","geometry":{"type":"Point","coordinates":[100.504461,13.739099]},"properties":{"q":"lawful-reuse","d":9.3,"f":3.9,"a":27.6,"v":1725000,"s":0,"dist":"Samphanthawong","cl":"Song Wat trade street"}},{"type":"Feature","geometry":{"type":"Point","coordinates":[100.504085,13.739508]},"properties":{"q":"lawful-reuse","d":12.9,"f":3.3,"a":42.8,"v":2675000,"s":1,"dist":"Samphanthawong","cl":"Song Wat trade street"}},{"type":"Feature","geometry":{"type":"Point","coordinates":[100.50732,13.738926]},"properties":{"q":"at-risk","d":25.3,"f":8.6,"a":218.2,"v":13637500,"s":1,"dist":"Samphanthawong","cl":"Song Wat trade street"}},{"type":"Feature","geometry":{"type":"Point","coordinates":[100.506309,13.739042]},"properties":{"q":"tell-the-owner","d":11.7,"f":9.7,"a":113.0,"v":7062500,"s":0,"dist":"Samphanthawong","cl":"Song Wat trade street"}},{"type":"Feature","geometry":{"type":"Point","coordinates":[100.509579,13.736708]},"properties":{"q":"tell-the-owner","d":11.2,"f":6.9,"a":57.9,"v":3618750,"s":0,"dist":"Samphanthawong","cl":"Song Wat trade street"}},{"type":"Feature","geometry":{"type":"Point","coordinates":[100.508549,13.737998]},"properties":{"q":"at-risk","d":18.1,"f":11.2,"a":184.2,"v":11512500,"s":0,"dist":"Samphanthawong","cl":"Song Wat trade street"}},{"type":"Feature","geometry":{"type":"Point","coordinates":[100.507631,13.738531]},"properties":{"q":"tell-the-owner","d":12.5,"f":6.9,"a":86.3,"v":5393750,"s":0,"dist":"Samphanthawong","cl":"Song Wat trade street"}},{"type":"Feature","geometry":{"type":"Point","coordinates":[100.506072,13.739423]},"properties":{"q":"at-risk","d":16.7,"f":9.3,"a":149.8,"v":9362500,"s":0,"dist":"Samphanthawong","cl":"Song Wat trade street"}},{"type":"Feature","geometry":{"type":"Point","coordinates":[100.509185,13.737089]},"properties":{"q":"tell-the-owner","d":11.6,"f":7.7,"a":70.0,"v":4375000,"s":0,"dist":"Samphanthawong","cl":"Song Wat trade street"}},{"type":"Feature","geometry":{"type":"Point","coordinates":[100.502559,13.740408]},"properties":{"q":"at-risk","d":22.4,"f":6.5,"a":144.2,"v":9012500,"s":1,"dist":"Samphanthawong","cl":"Song Wat trade street"}},{"type":"Feature","geometry":{"type":"Point","coordinates":[100.504485,13.739333]},"properties":{"q":"at-risk","d":16.2,"f":6.8,"a":105.0,"v":6562500,"s":0,"dist":"Samphanthawong","cl":"Song Wat trade street"}},{"type":"Feature","geometry":{"type":"Point","coordinates":[100.504851,13.739276]},"properties":{"q":"at-risk","d":36.4,"f":15.1,"a":536.6,"v":33537500,"s":0,"dist":"Samphanthawong","cl":"Song Wat trade street"}},{"type":"Feature","geometry":{"type":"Point","coordinates":[100.509315,13.737398]},"properties":{"q":"tell-the-owner","d":13.3,"f":9.1,"a":120.0,"v":7500000,"s":0,"dist":"Samphanthawong","cl":"Song Wat trade street"}},{"type":"Feature","geometry":{"type":"Point","coordinates":[100.504294,13.739173]},"properties":{"q":"tell-the-owner","d":12.2,"f":5.3,"a":61.5,"v":3843750,"s":0,"dist":"Samphanthawong","cl":"Song Wat trade street"}},{"type":"Feature","geometry":{"type":"Point","coordinates":[100.508078,13.738052]},"properties":{"q":"at-risk","d":17.4,"f":10.2,"a":176.9,"v":11056250,"s":1,"dist":"Samphanthawong","cl":"Song Wat trade street"}},{"type":"Feature","geometry":{"type":"Point","coordinates":[100.509601,13.737104]},"properties":{"q":"at-risk","d":18.5,"f":13.5,"a":174.4,"v":10900000,"s":0,"dist":"Samphanthawong","cl":"Song Wat trade street"}},{"type":"Feature","geometry":{"type":"Point","coordinates":[100.507561,13.738403]},"properties":{"q":"tell-the-owner","d":10.0,"f":7.9,"a":78.6,"v":4912500,"s":0,"dist":"Samphanthawong","cl":"Song Wat trade street"}},{"type":"Feature","geometry":{"type":"Point","coordinates":[100.50948,13.736886]},"properties":{"q":"at-risk","d":20.8,"f":10.7,"a":177.7,"v":11106250,"s":0,"dist":"Samphanthawong","cl":"Song Wat trade street"}},{"type":"Feature","geometry":{"type":"Point","coordinates":[100.507593,13.738451]},"properties":{"q":"tell-the-owner","d":8.9,"f":7.2,"a":63.6,"v":3975000,"s":0,"dist":"Samphanthawong","cl":"Song Wat trade street"}},{"type":"Feature","geometry":{"type":"Point","coordinates":[100.50995,13.736612]},"properties":{"q":"tell-the-owner","d":11.6,"f":6.0,"a":69.4,"v":4337500,"s":0,"dist":"Samphanthawong","cl":"Song Wat trade street"}},{"type":"Feature","geometry":{"type":"Point","coordinates":[100.504654,13.739392]},"properties":{"q":"lawful-reuse","d":7.5,"f":3.5,"a":26.4,"v":1650000,"s":0,"dist":"Samphanthawong","cl":"Song Wat trade street"}},{"type":"Feature","geometry":{"type":"Point","coordinates":[100.507861,13.738657]},"properties":{"q":"lawful-reuse","d":9.8,"f":6.2,"a":42.9,"v":2681250,"s":0,"dist":"Samphanthawong","cl":"Song Wat trade street"}},{"type":"Feature","geometry":{"type":"Point","coordinates":[100.507905,13.738262]},"properties":{"q":"at-risk","d":14.4,"f":7.5,"a":107.6,"v":6725000,"s":1,"dist":"Samphanthawong","cl":"Song Wat trade street"}},{"type":"Feature","geometry":{"type":"Point","coordinates":[100.509236,13.737055]},"properties":{"q":"lawful-reuse","d":12.6,"f":4.5,"a":54.3,"v":3393750,"s":1,"dist":"Samphanthawong","cl":"Song Wat trade street"}},{"type":"Feature","geometry":{"type":"Point","coordinates":[100.509931,13.73635]},"properties":{"q":"at-risk","d":16.2,"f":3.6,"a":58.4,"v":3650000,"s":0,"dist":"Samphanthawong","cl":"Song Wat trade street"}},{"type":"Feature","geometry":{"type":"Point","coordinates":[100.50908,13.737085]},"properties":{"q":"at-risk","d":21.2,"f":8.6,"a":182.1,"v":11381250,"s":0,"dist":"Samphanthawong","cl":"Song Wat trade street"}},{"type":"Feature","geometry":{"type":"Point","coordinates":[100.504236,13.739939]},"properties":{"q":"at-risk","d":22.2,"f":11.5,"a":175.8,"v":10987500,"s":0,"dist":"Samphanthawong","cl":"Song Wat trade street"}},{"type":"Feature","geometry":{"type":"Point","coordinates":[100.506198,13.739516]},"properties":{"q":"at-risk","d":17.4,"f":5.2,"a":91.2,"v":5700000,"s":1,"dist":"Samphanthawong","cl":"Song Wat trade street"}},{"type":"Feature","geometry":{"type":"Point","coordinates":[100.508161,13.737829]},"properties":{"q":"lawful-reuse","d":7.2,"f":4.4,"a":31.6,"v":1975000,"s":0,"dist":"Samphanthawong","cl":"Song Wat trade street"}},{"type":"Feature","geometry":{"type":"Point","coordinates":[100.507906,13.738584]},"properties":{"q":"lawful-reuse","d":9.3,"f":2.7,"a":25.4,"v":1587500,"s":1,"dist":"Samphanthawong","cl":"Song Wat trade street"}},{"type":"Feature","geometry":{"type":"Point","coordinates":[100.505797,13.739229]},"properties":{"q":"lawful-reuse","d":7.1,"f":5.3,"a":37.7,"v":2356250,"s":0,"dist":"Samphanthawong","cl":"Song Wat trade street"}},{"type":"Feature","geometry":{"type":"Point","coordinates":[100.505486,13.739063]},"properties":{"q":"at-risk","d":13.9,"f":6.3,"a":87.4,"v":5462500,"s":0,"dist":"Samphanthawong","cl":"Song Wat trade street"}},{"type":"Feature","geometry":{"type":"Point","coordinates":[100.509133,13.736923]},"properties":{"q":"at-risk","d":15.8,"f":4.6,"a":71.2,"v":4450000,"s":0,"dist":"Samphanthawong","cl":"Song Wat trade street"}},{"type":"Feature","geometry":{"type":"Point","coordinates":[100.507375,13.738023]},"properties":{"q":"at-risk","d":17.7,"f":8.7,"a":154.4,"v":9650000,"s":0,"dist":"Samphanthawong","cl":"Song Wat trade street"}},{"type":"Feature","geometry":{"type":"Point","coordinates":[100.508202,13.737574]},"properties":{"q":"at-risk","d":24.8,"f":10.2,"a":252.0,"v":15750000,"s":0,"dist":"Samphanthawong","cl":"Song Wat trade street"}},{"type":"Feature","geometry":{"type":"Point","coordinates":[100.506396,13.739098]},"properties":{"q":"lawful-reuse","d":7.6,"f":4.7,"a":35.6,"v":2225000,"s":0,"dist":"Samphanthawong","cl":"Song Wat trade street"}},{"type":"Feature","geometry":{"type":"Point","coordinates":[100.506595,13.738666]},"properties":{"q":"at-risk","d":13.6,"f":9.0,"a":121.4,"v":7587500,"s":0,"dist":"Samphanthawong","cl":"Song Wat trade street"}},{"type":"Feature","geometry":{"type":"Point","coordinates":[100.508768,13.737917]},"properties":{"q":"lawful-reuse","d":7.6,"f":6.3,"a":47.8,"v":2987500,"s":0,"dist":"Samphanthawong","cl":"Song Wat trade street"}},{"type":"Feature","geometry":{"type":"Point","coordinates":[100.506672,13.739139]},"properties":{"q":"tell-the-owner","d":10.1,"f":7.9,"a":79.3,"v":4956250,"s":0,"dist":"Samphanthawong","cl":"Song Wat trade street"}},{"type":"Feature","geometry":{"type":"Point","coordinates":[100.509956,13.736371]},"properties":{"q":"at-risk","d":16.2,"f":3.6,"a":58.3,"v":3643750,"s":0,"dist":"Samphanthawong","cl":"Song Wat trade street"}},{"type":"Feature","geometry":{"type":"Point","coordinates":[100.50681,13.738616]},"properties":{"q":"at-risk","d":19.5,"f":9.0,"a":175.0,"v":10937500,"s":0,"dist":"Samphanthawong","cl":"Song Wat trade street"}},{"type":"Feature","geometry":{"type":"Point","coordinates":[100.503866,13.739545]},"properties":{"q":"at-risk","d":16.9,"f":12.5,"a":210.4,"v":13150000,"s":0,"dist":"Samphanthawong","cl":"Song Wat trade street"}},{"type":"Feature","geometry":{"type":"Point","coordinates":[100.503826,13.739433]},"properties":{"q":"lawful-reuse","d":12.2,"f":4.3,"a":52.8,"v":3300000,"s":1,"dist":"Samphanthawong","cl":"Song Wat trade street"}},{"type":"Feature","geometry":{"type":"Point","coordinates":[100.505366,13.739121]},"properties":{"q":"at-risk","d":20.2,"f":9.1,"a":184.6,"v":11537500,"s":0,"dist":"Samphanthawong","cl":"Song Wat trade street"}},{"type":"Feature","geometry":{"type":"Point","coordinates":[100.506295,13.739243]},"properties":{"q":"at-risk","d":17.0,"f":3.6,"a":61.4,"v":3837500,"s":1,"dist":"Samphanthawong","cl":"Song Wat trade street"}},{"type":"Feature","geometry":{"type":"Point","coordinates":[100.509012,13.737115]},"properties":{"q":"at-risk","d":21.2,"f":5.6,"a":117.9,"v":7368750,"s":1,"dist":"Samphanthawong","cl":"Song Wat trade street"}},{"type":"Feature","geometry":{"type":"Point","coordinates":[100.505917,13.739143]},"properties":{"q":"at-risk","d":21.5,"f":16.6,"a":356.9,"v":22306250,"s":0,"dist":"Samphanthawong","cl":"Song Wat trade street"}},{"type":"Feature","geometry":{"type":"Point","coordinates":[100.507166,13.7391]},"properties":{"q":"tell-the-owner","d":13.3,"f":7.1,"a":94.6,"v":5912500,"s":0,"dist":"Samphanthawong","cl":"Song Wat trade street"}},{"type":"Feature","geometry":{"type":"Point","coordinates":[100.503404,13.739371]},"properties":{"q":"lawful-reuse","d":8.0,"f":2.7,"a":18.1,"v":1131250,"s":0,"dist":"Samphanthawong","cl":"Song Wat trade street"}},{"type":"Feature","geometry":{"type":"Point","coordinates":[100.509755,13.737249]},"properties":{"q":"tell-the-owner","d":11.2,"f":6.8,"a":75.9,"v":4743750,"s":0,"dist":"Samphanthawong","cl":"Song Wat trade street"}},{"type":"Feature","geometry":{"type":"Point","coordinates":[100.502491,13.740339]},"properties":{"q":"lawful-reuse","d":9.4,"f":3.5,"a":33.0,"v":2062500,"s":1,"dist":"Samphanthawong","cl":"Song Wat trade street"}},{"type":"Feature","geometry":{"type":"Point","coordinates":[100.506209,13.738949]},"properties":{"q":"at-risk","d":25.3,"f":16.4,"a":263.4,"v":16462500,"s":0,"dist":"Samphanthawong","cl":"Song Wat trade street"}},{"type":"Feature","geometry":{"type":"Point","coordinates":[100.507472,13.738003]},"properties":{"q":"at-risk","d":21.0,"f":9.4,"a":197.6,"v":12350000,"s":0,"dist":"Samphanthawong","cl":"Song Wat trade street"}},{"type":"Feature","geometry":{"type":"Point","coordinates":[100.503439,13.739566]},"properties":{"q":"at-risk","d":14.3,"f":9.1,"a":121.0,"v":7562500,"s":0,"dist":"Samphanthawong","cl":"Song Wat trade street"}},{"type":"Feature","geometry":{"type":"Point","coordinates":[100.50832,13.737781]},"properties":{"q":"at-risk","d":16.5,"f":10.7,"a":154.7,"v":9668750,"s":0,"dist":"Samphanthawong","cl":"Song Wat trade street"}},{"type":"Feature","geometry":{"type":"Point","coordinates":[100.50982,13.736434]},"properties":{"q":"at-risk","d":14.5,"f":4.7,"a":67.7,"v":4231250,"s":0,"dist":"Samphanthawong","cl":"Song Wat trade street"}},{"type":"Feature","geometry":{"type":"Point","coordinates":[100.505023,13.739234]},"properties":{"q":"at-risk","d":28.8,"f":11.9,"a":342.2,"v":21387500,"s":0,"dist":"Samphanthawong","cl":"Song Wat trade street"}},{"type":"Feature","geometry":{"type":"Point","coordinates":[100.508604,13.737897]},"properties":{"q":"lawful-reuse","d":9.2,"f":4.4,"a":40.2,"v":2512500,"s":0,"dist":"Samphanthawong","cl":"Song Wat trade street"}},{"type":"Feature","geometry":{"type":"Point","coordinates":[100.505343,13.739576]},"properties":{"q":"lawful-reuse","d":7.8,"f":5.1,"a":39.9,"v":2493750,"s":0,"dist":"Samphanthawong","cl":"Song Wat trade street"}},{"type":"Feature","geometry":{"type":"Point","coordinates":[100.508182,13.737977]},"properties":{"q":"at-risk","d":18.7,"f":11.9,"a":211.6,"v":13225000,"s":0,"dist":"Samphanthawong","cl":"Song Wat trade street"}},{"type":"Feature","geometry":{"type":"Point","coordinates":[100.509574,13.737509]},"properties":{"q":"at-risk","d":30.7,"f":9.5,"a":293.0,"v":18312500,"s":1,"dist":"Samphanthawong","cl":"Song Wat trade street"}},{"type":"Feature","geometry":{"type":"Point","coordinates":[100.502141,13.740571]},"properties":{"q":"at-risk","d":33.0,"f":10.9,"a":359.9,"v":22493750,"s":1,"dist":"Samphanthawong","cl":"Song Wat trade street"}},{"type":"Feature","geometry":{"type":"Point","coordinates":[100.509634,13.737449]},"properties":{"q":"at-risk","d":21.5,"f":6.4,"a":130.5,"v":8156250,"s":1,"dist":"Samphanthawong","cl":"Song Wat trade street"}},{"type":"Feature","geometry":{"type":"Point","coordinates":[100.502511,13.740497]},"properties":{"q":"lawful-reuse","d":7.8,"f":5.4,"a":41.9,"v":2618750,"s":0,"dist":"Samphanthawong","cl":"Song Wat trade street"}},{"type":"Feature","geometry":{"type":"Point","coordinates":[100.506832,13.739047]},"properties":{"q":"at-risk","d":23.7,"f":19.0,"a":403.7,"v":25231250,"s":0,"dist":"Samphanthawong","cl":"Song Wat trade street"}},{"type":"Feature","geometry":{"type":"Point","coordinates":[100.509638,13.736796]},"properties":{"q":"lawful-reuse","d":8.6,"f":3.7,"a":20.3,"v":1268750,"s":0,"dist":"Samphanthawong","cl":"Song Wat trade street"}},{"type":"Feature","geometry":{"type":"Point","coordinates":[100.503423,13.740345]},"properties":{"q":"tell-the-owner","d":12.2,"f":4.9,"a":59.8,"v":3737500,"s":0,"dist":"Samphanthawong","cl":"Song Wat trade street"}},{"type":"Feature","geometry":{"type":"Point","coordinates":[100.50627,13.739305]},"properties":{"q":"lawful-reuse","d":5.8,"f":4.0,"a":23.1,"v":1443750,"s":0,"dist":"Samphanthawong","cl":"Song Wat trade street"}},{"type":"Feature","geometry":{"type":"Point","coordinates":[100.505748,13.739431]},"properties":{"q":"at-risk","d":51.8,"f":19.3,"a":654.5,"v":40906250,"s":1,"dist":"Samphanthawong","cl":"Song Wat trade street"}},{"type":"Feature","geometry":{"type":"Point","coordinates":[100.504175,13.739787]},"properties":{"q":"at-risk","d":14.3,"f":8.9,"a":109.9,"v":6868750,"s":0,"dist":"Samphanthawong","cl":"Song Wat trade street"}},{"type":"Feature","geometry":{"type":"Point","coordinates":[100.506322,13.738831]},"properties":{"q":"lawful-reuse","d":8.3,"f":6.8,"a":56.0,"v":3500000,"s":0,"dist":"Samphanthawong","cl":"Song Wat trade street"}},{"type":"Feature","geometry":{"type":"Point","coordinates":[100.506322,13.739471]},"properties":{"q":"lawful-reuse","d":9.7,"f":4.2,"a":40.4,"v":2525000,"s":0,"dist":"Samphanthawong","cl":"Song Wat trade street"}},{"type":"Feature","geometry":{"type":"Point","coordinates":[100.503846,13.739812]},"properties":{"q":"at-risk","d":15.4,"f":8.7,"a":109.3,"v":6831250,"s":0,"dist":"Samphanthawong","cl":"Song Wat trade street"}},{"type":"Feature","geometry":{"type":"Point","coordinates":[100.50611,13.739732]},"properties":{"q":"lawful-reuse","d":11.8,"f":4.7,"a":55.5,"v":3468750,"s":0,"dist":"Samphanthawong","cl":"Song Wat trade street"}},{"type":"Feature","geometry":{"type":"Point","coordinates":[100.503537,13.739985]},"properties":{"q":"tell-the-owner","d":12.5,"f":5.6,"a":69.8,"v":4362500,"s":0,"dist":"Samphanthawong","cl":"Song Wat trade street"}},{"type":"Feature","geometry":{"type":"Point","coordinates":[100.503117,13.739694]},"properties":{"q":"low-pressure","d":16.5,"f":2.9,"a":47.7,"v":2981250,"s":0,"dist":"Samphanthawong","cl":"Song Wat trade street"}},{"type":"Feature","geometry":{"type":"Point","coordinates":[100.509981,13.736393]},"properties":{"q":"at-risk","d":16.2,"f":3.6,"a":58.4,"v":3650000,"s":0,"dist":"Samphanthawong","cl":"Song Wat trade street"}},{"type":"Feature","geometry":{"type":"Point","coordinates":[100.506028,13.739322]},"properties":{"q":"lawful-reuse","d":10.2,"f":4.4,"a":45.1,"v":2818750,"s":1,"dist":"Samphanthawong","cl":"Song Wat trade street"}},{"type":"Feature","geometry":{"type":"Point","coordinates":[100.506161,13.739243]},"properties":{"q":"lawful-reuse","d":7.5,"f":4.1,"a":30.7,"v":1918750,"s":0,"dist":"Samphanthawong","cl":"Song Wat trade street"}},{"type":"Feature","geometry":{"type":"Point","coordinates":[100.50767,13.738358]},"properties":{"q":"lawful-reuse","d":8.0,"f":4.8,"a":37.9,"v":2368750,"s":1,"dist":"Samphanthawong","cl":"Song Wat trade street"}},{"type":"Feature","geometry":{"type":"Point","coordinates":[100.50396,13.739698]},"properties":{"q":"tell-the-owner","d":12.8,"f":6.0,"a":76.8,"v":4800000,"s":1,"dist":"Samphanthawong","cl":"Song Wat trade street"}},{"type":"Feature","geometry":{"type":"Point","coordinates":[100.50599,13.739268]},"properties":{"q":"tell-the-owner","d":11.7,"f":6.7,"a":78.4,"v":4900000,"s":1,"dist":"Samphanthawong","cl":"Song Wat trade street"}},{"type":"Feature","geometry":{"type":"Point","coordinates":[100.506879,13.738786]},"properties":{"q":"at-risk","d":15.1,"f":4.9,"a":72.4,"v":4525000,"s":1,"dist":"Samphanthawong","cl":"Song Wat trade street"}},{"type":"Feature","geometry":{"type":"Point","coordinates":[100.509139,13.736952]},"properties":{"q":"at-risk","d":32.2,"f":15.8,"a":496.2,"v":31012500,"s":0,"dist":"Samphanthawong","cl":"Song Wat trade street"}},{"type":"Feature","geometry":{"type":"Point","coordinates":[100.509212,13.737547]},"properties":{"q":"at-risk","d":25.9,"f":13.0,"a":336.7,"v":21043750,"s":0,"dist":"Samphanthawong","cl":"Song Wat trade street"}},{"type":"Feature","geometry":{"type":"Point","coordinates":[100.503878,13.739328]},"properties":{"q":"at-risk","d":14.0,"f":5.5,"a":70.1,"v":4381250,"s":0,"dist":"Samphanthawong","cl":"Song Wat trade street"}},{"type":"Feature","geometry":{"type":"Point","coordinates":[100.509252,13.737253]},"properties":{"q":"at-risk","d":21.4,"f":13.3,"a":139.2,"v":8700000,"s":0,"dist":"Samphanthawong","cl":"Song Wat trade street"}},{"type":"Feature","geometry":{"type":"Point","coordinates":[100.505016,13.739577]},"properties":{"q":"at-risk","d":16.9,"f":10.8,"a":175.1,"v":10943750,"s":0,"dist":"Samphanthawong","cl":"Song Wat trade street"}},{"type":"Feature","geometry":{"type":"Point","coordinates":[100.505673,13.739605]},"properties":{"q":"tell-the-owner","d":12.9,"f":10.1,"a":130.5,"v":8156250,"s":0,"dist":"Samphanthawong","cl":"Song Wat trade street"}},{"type":"Feature","geometry":{"type":"Point","coordinates":[100.503387,13.740035]},"properties":{"q":"tell-the-owner","d":11.7,"f":7.1,"a":83.3,"v":5206250,"s":0,"dist":"Samphanthawong","cl":"Song Wat trade street"}},{"type":"Feature","geometry":{"type":"Point","coordinates":[100.505535,13.739658]},"properties":{"q":"lawful-reuse","d":6.4,"f":4.1,"a":26.1,"v":1631250,"s":0,"dist":"Samphanthawong","cl":"Song Wat trade street"}},{"type":"Feature","geometry":{"type":"Point","coordinates":[100.507324,13.738449]},"properties":{"q":"at-risk","d":14.7,"f":9.8,"a":114.7,"v":7168750,"s":0,"dist":"Samphanthawong","cl":"Song Wat trade street"}},{"type":"Feature","geometry":{"type":"Point","coordinates":[100.508205,13.738319]},"properties":{"q":"at-risk","d":17.0,"f":12.2,"a":189.9,"v":11868750,"s":0,"dist":"Samphanthawong","cl":"Song Wat trade street"}},{"type":"Feature","geometry":{"type":"Point","coordinates":[100.50833,13.738029]},"properties":{"q":"tell-the-owner","d":11.1,"f":5.3,"a":59.0,"v":3687500,"s":0,"dist":"Samphanthawong","cl":"Song Wat trade street"}},{"type":"Feature","geometry":{"type":"Point","coordinates":[100.506341,13.739405]},"properties":{"q":"at-risk","d":20.4,"f":3.8,"a":76.6,"v":4787500,"s":1,"dist":"Samphanthawong","cl":"Song Wat trade street"}},{"type":"Feature","geometry":{"type":"Point","coordinates":[100.507189,13.738971]},"properties":{"q":"at-risk","d":21.7,"f":9.0,"a":194.5,"v":12156250,"s":0,"dist":"Samphanthawong","cl":"Song Wat trade street"}},{"type":"Feature","geometry":{"type":"Point","coordinates":[100.508585,13.738368]},"properties":{"q":"at-risk","d":15.9,"f":5.1,"a":81.8,"v":5112500,"s":0,"dist":"Samphanthawong","cl":"Song Wat trade street"}},{"type":"Feature","geometry":{"type":"Point","coordinates":[100.508167,13.738506]},"properties":{"q":"lawful-reuse","d":10.4,"f":4.3,"a":44.4,"v":2775000,"s":0,"dist":"Samphanthawong","cl":"Song Wat trade street"}},{"type":"Feature","geometry":{"type":"Point","coordinates":[100.507351,13.738733]},"properties":{"q":"tell-the-owner","d":13.0,"f":4.6,"a":59.5,"v":3718750,"s":1,"dist":"Samphanthawong","cl":"Song Wat trade street"}},{"type":"Feature","geometry":{"type":"Point","coordinates":[100.506275,13.73918]},"properties":{"q":"tell-the-owner","d":12.5,"f":7.6,"a":93.8,"v":5862500,"s":0,"dist":"Samphanthawong","cl":"Song Wat trade street"}},{"type":"Feature","geometry":{"type":"Point","coordinates":[100.507765,13.738534]},"properties":{"q":"at-risk","d":14.6,"f":6.8,"a":98.9,"v":6181250,"s":0,"dist":"Samphanthawong","cl":"Song Wat trade street"}},{"type":"Feature","geometry":{"type":"Point","coordinates":[100.502371,13.740578]},"properties":{"q":"at-risk","d":21.4,"f":16.0,"a":340.2,"v":21262500,"s":0,"dist":"Samphanthawong","cl":"Song Wat trade street"}},{"type":"Feature","geometry":{"type":"Point","coordinates":[100.50064,13.749559]},"properties":{"q":"at-risk","d":25.6,"f":8.2,"a":208.5,"v":13031250,"s":0,"dist":"Phra Nakhon","cl":"Srasong\u2013Longtha rows"}},{"type":"Feature","geometry":{"type":"Point","coordinates":[100.500615,13.748672]},"properties":{"q":"tell-the-owner","d":9.1,"f":7.1,"a":64.4,"v":4025000,"s":0,"dist":"Phra Nakhon","cl":"Srasong\u2013Longtha rows"}},{"type":"Feature","geometry":{"type":"Point","coordinates":[100.500338,13.749816]},"properties":{"q":"at-risk","d":13.6,"f":5.7,"a":77.1,"v":4818750,"s":0,"dist":"Phra Nakhon","cl":"Srasong\u2013Longtha rows"}},{"type":"Feature","geometry":{"type":"Point","coordinates":[100.49944,13.750074]},"properties":{"q":"tell-the-owner","d":12.0,"f":8.9,"a":106.5,"v":6656250,"s":0,"dist":"Phra Nakhon","cl":"Srasong\u2013Longtha rows"}},{"type":"Feature","geometry":{"type":"Point","coordinates":[100.500399,13.749224]},"properties":{"q":"at-risk","d":42.1,"f":8.1,"a":341.2,"v":21325000,"s":1,"dist":"Phra Nakhon","cl":"Srasong\u2013Longtha rows"}},{"type":"Feature","geometry":{"type":"Point","coordinates":[100.50035,13.748813]},"properties":{"q":"at-risk","d":40.6,"f":8.0,"a":324.2,"v":20262500,"s":1,"dist":"Phra Nakhon","cl":"Srasong\u2013Longtha rows"}},{"type":"Feature","geometry":{"type":"Point","coordinates":[100.500993,13.748736]},"properties":{"q":"at-risk","d":42.1,"f":8.1,"a":341.0,"v":21312500,"s":1,"dist":"Phra Nakhon","cl":"Srasong\u2013Longtha rows"}},{"type":"Feature","geometry":{"type":"Point","coordinates":[100.500715,13.748767]},"properties":{"q":"at-risk","d":42.1,"f":8.1,"a":341.4,"v":21337500,"s":1,"dist":"Phra Nakhon","cl":"Srasong\u2013Longtha rows"}},{"type":"Feature","geometry":{"type":"Point","coordinates":[100.500482,13.749212]},"properties":{"q":"at-risk","d":42.1,"f":8.1,"a":340.9,"v":21306250,"s":1,"dist":"Phra Nakhon","cl":"Srasong\u2013Longtha rows"}},{"type":"Feature","geometry":{"type":"Point","coordinates":[100.499665,13.749937]},"properties":{"q":"at-risk","d":38.1,"f":9.2,"a":350.1,"v":21881250,"s":1,"dist":"Phra Nakhon","cl":"Srasong\u2013Longtha rows"}},{"type":"Feature","geometry":{"type":"Point","coordinates":[100.50053,13.749557]},"properties":{"q":"at-risk","d":13.6,"f":5.7,"a":77.2,"v":4825000,"s":0,"dist":"Phra Nakhon","cl":"Srasong\u2013Longtha rows"}},{"type":"Feature","geometry":{"type":"Point","coordinates":[100.499792,13.749841]},"properties":{"q":"lawful-reuse","d":7.2,"f":6.2,"a":44.5,"v":2781250,"s":0,"dist":"Phra Nakhon","cl":"Srasong\u2013Longtha rows"}},{"type":"Feature","geometry":{"type":"Point","coordinates":[100.500637,13.748843]},"properties":{"q":"at-risk","d":24.5,"f":8.8,"a":216.7,"v":13543750,"s":1,"dist":"Phra Nakhon","cl":"Srasong\u2013Longtha rows"}},{"type":"Feature","geometry":{"type":"Point","coordinates":[100.499997,13.749308]},"properties":{"q":"lawful-reuse","d":8.1,"f":6.6,"a":53.8,"v":3362500,"s":0,"dist":"Phra Nakhon","cl":"Srasong\u2013Longtha rows"}},{"type":"Feature","geometry":{"type":"Point","coordinates":[100.500032,13.749377]},"properties":{"q":"lawful-reuse","d":8.3,"f":3.9,"a":31.9,"v":1993750,"s":1,"dist":"Phra Nakhon","cl":"Srasong\u2013Longtha rows"}},{"type":"Feature","geometry":{"type":"Point","coordinates":[100.500763,13.749176]},"properties":{"q":"at-risk","d":42.1,"f":8.1,"a":341.4,"v":21337500,"s":0,"dist":"Phra Nakhon","cl":"Srasong\u2013Longtha rows"}},{"type":"Feature","geometry":{"type":"Point","coordinates":[100.500915,13.748812]},"properties":{"q":"at-risk","d":24.6,"f":8.8,"a":216.5,"v":13531250,"s":1,"dist":"Phra Nakhon","cl":"Srasong\u2013Longtha rows"}},{"type":"Feature","geometry":{"type":"Point","coordinates":[100.501187,13.748719]},"properties":{"q":"at-risk","d":40.6,"f":8.2,"a":333.3,"v":20831250,"s":0,"dist":"Phra Nakhon","cl":"Srasong\u2013Longtha rows"}},{"type":"Feature","geometry":{"type":"Point","coordinates":[100.499853,13.750236]},"properties":{"q":"at-risk","d":15.0,"f":9.0,"a":135.2,"v":8450000,"s":0,"dist":"Phra Nakhon","cl":"Srasong\u2013Longtha rows"}},{"type":"Feature","geometry":{"type":"Point","coordinates":[100.499805,13.750053]},"properties":{"q":"lawful-reuse","d":7.0,"f":3.6,"a":25.3,"v":1581250,"s":1,"dist":"Phra Nakhon","cl":"Srasong\u2013Longtha rows"}},{"type":"Feature","geometry":{"type":"Point","coordinates":[100.499649,13.750073]},"properties":{"q":"lawful-reuse","d":8.4,"f":5.0,"a":41.9,"v":2618750,"s":0,"dist":"Phra Nakhon","cl":"Srasong\u2013Longtha rows"}},{"type":"Feature","geometry":{"type":"Point","coordinates":[100.499369,13.749747]},"properties":{"q":"lawful-reuse","d":10.6,"f":4.6,"a":49.3,"v":3081250,"s":0,"dist":"Phra Nakhon","cl":"Srasong\u2013Longtha rows"}},{"type":"Feature","geometry":{"type":"Point","coordinates":[100.500006,13.749224]},"properties":{"q":"lawful-reuse","d":10.5,"f":4.8,"a":50.6,"v":3162500,"s":0,"dist":"Phra Nakhon","cl":"Srasong\u2013Longtha rows"}},{"type":"Feature","geometry":{"type":"Point","coordinates":[100.499411,13.749848]},"properties":{"q":"lawful-reuse","d":10.1,"f":4.3,"a":43.9,"v":2743750,"s":0,"dist":"Phra Nakhon","cl":"Srasong\u2013Longtha rows"}},{"type":"Feature","geometry":{"type":"Point","coordinates":[100.50042,13.749512]},"properties":{"q":"at-risk","d":13.7,"f":5.6,"a":77.2,"v":4825000,"s":0,"dist":"Phra Nakhon","cl":"Srasong\u2013Longtha rows"}},{"type":"Feature","geometry":{"type":"Point","coordinates":[100.500821,13.748757]},"properties":{"q":"at-risk","d":42.1,"f":8.1,"a":341.4,"v":21337500,"s":1,"dist":"Phra Nakhon","cl":"Srasong\u2013Longtha rows"}},{"type":"Feature","geometry":{"type":"Point","coordinates":[100.499704,13.750259]},"properties":{"q":"tell-the-owner","d":11.3,"f":8.2,"a":92.6,"v":5787500,"s":0,"dist":"Phra Nakhon","cl":"Srasong\u2013Longtha rows"}},{"type":"Feature","geometry":{"type":"Point","coordinates":[100.500877,13.749166]},"properties":{"q":"at-risk","d":42.1,"f":8.1,"a":341.1,"v":21318750,"s":0,"dist":"Phra Nakhon","cl":"Srasong\u2013Longtha rows"}},{"type":"Feature","geometry":{"type":"Point","coordinates":[100.500435,13.748804]},"properties":{"q":"at-risk","d":40.6,"f":8.2,"a":333.4,"v":20837500,"s":1,"dist":"Phra Nakhon","cl":"Srasong\u2013Longtha rows"}},{"type":"Feature","geometry":{"type":"Point","coordinates":[100.499484,13.749784]},"properties":{"q":"at-risk","d":26.5,"f":10.3,"a":273.6,"v":17100000,"s":0,"dist":"Phra Nakhon","cl":"Srasong\u2013Longtha rows"}},{"type":"Feature","geometry":{"type":"Point","coordinates":[100.500591,13.749197]},"properties":{"q":"at-risk","d":42.1,"f":8.1,"a":341.0,"v":21312500,"s":1,"dist":"Phra Nakhon","cl":"Srasong\u2013Longtha rows"}},{"type":"Feature","geometry":{"type":"Point","coordinates":[100.499951,13.749725]},"properties":{"q":"at-risk","d":25.3,"f":13.8,"a":349.4,"v":21837500,"s":1,"dist":"Phra Nakhon","cl":"Srasong\u2013Longtha rows"}},{"type":"Feature","geometry":{"type":"Point","coordinates":[100.499645,13.74975]},"properties":{"q":"at-risk","d":25.6,"f":11.3,"a":289.4,"v":18087500,"s":0,"dist":"Phra Nakhon","cl":"Srasong\u2013Longtha rows"}},{"type":"Feature","geometry":{"type":"Point","coordinates":[100.499827,13.749003]},"properties":{"q":"at-risk","d":19.5,"f":9.9,"a":193.0,"v":12062500,"s":0,"dist":"Phra Nakhon","cl":"Srasong\u2013Longtha rows"}},{"type":"Feature","geometry":{"type":"Point","coordinates":[100.501103,13.74873]},"properties":{"q":"at-risk","d":40.6,"f":8.0,"a":324.2,"v":20262500,"s":0,"dist":"Phra Nakhon","cl":"Srasong\u2013Longtha rows"}},{"type":"Feature","geometry":{"type":"Point","coordinates":[100.500298,13.749387]},"properties":{"q":"at-risk","d":20.2,"f":12.1,"a":236.3,"v":14768750,"s":0,"dist":"Phra Nakhon","cl":"Srasong\u2013Longtha rows"}},{"type":"Feature","geometry":{"type":"Point","coordinates":[100.499851,13.749935]},"properties":{"q":"lawful-reuse","d":8.8,"f":4.7,"a":40.9,"v":2556250,"s":1,"dist":"Phra Nakhon","cl":"Srasong\u2013Longtha rows"}},{"type":"Feature","geometry":{"type":"Point","coordinates":[100.500075,13.74981]},"properties":{"q":"tell-the-owner","d":9.0,"f":6.9,"a":62.1,"v":3881250,"s":0,"dist":"Phra Nakhon","cl":"Srasong\u2013Longtha rows"}},{"type":"Feature","geometry":{"type":"Point","coordinates":[100.499883,13.749387]},"properties":{"q":"at-risk","d":21.0,"f":12.4,"a":259.8,"v":16237500,"s":0,"dist":"Phra Nakhon","cl":"Srasong\u2013Longtha rows"}},{"type":"Feature","geometry":{"type":"Point","coordinates":[100.499782,13.749739]},"properties":{"q":"lawful-reuse","d":7.4,"f":4.6,"a":34.0,"v":2125000,"s":0,"dist":"Phra Nakhon","cl":"Srasong\u2013Longtha rows"}},{"type":"Feature","geometry":{"type":"Point","coordinates":[100.500306,13.749583]},"properties":{"q":"at-risk","d":13.6,"f":5.7,"a":77.1,"v":4818750,"s":1,"dist":"Phra Nakhon","cl":"Srasong\u2013Longtha rows"}},{"type":"Feature","geometry":{"type":"Point","coordinates":[100.500243,13.748828]},"properties":{"q":"at-risk","d":29.8,"f":14.7,"a":405.5,"v":25343750,"s":0,"dist":"Phra Nakhon","cl":"Srasong\u2013Longtha rows"}},{"type":"Feature","geometry":{"type":"Point","coordinates":[100.500062,13.750027]},"properties":{"q":"at-risk","d":25.7,"f":9.5,"a":243.5,"v":15218750,"s":1,"dist":"Phra Nakhon","cl":"Srasong\u2013Longtha rows"}},{"type":"Feature","geometry":{"type":"Point","coordinates":[100.499576,13.75019]},"properties":{"q":"lawful-reuse","d":6.8,"f":5.2,"a":35.8,"v":2237500,"s":0,"dist":"Phra Nakhon","cl":"Srasong\u2013Longtha rows"}},{"type":"Feature","geometry":{"type":"Point","coordinates":[100.499839,13.750149]},"properties":{"q":"lawful-reuse","d":6.5,"f":5.2,"a":33.7,"v":2106250,"s":0,"dist":"Phra Nakhon","cl":"Srasong\u2013Longtha rows"}},{"type":"Feature","geometry":{"type":"Point","coordinates":[100.499749,13.75044]},"properties":{"q":"tell-the-owner","d":11.9,"f":6.4,"a":76.5,"v":4781250,"s":0,"dist":"Phra Nakhon","cl":"Srasong\u2013Longtha rows"}},{"type":"Feature","geometry":{"type":"Point","coordinates":[100.5008,13.748527]},"properties":{"q":"at-risk","d":129.2,"f":12.9,"a":1584.6,"v":99037500,"s":1,"dist":"Phra Nakhon","cl":"Srasong\u2013Longtha rows"}},{"type":"Feature","geometry":{"type":"Point","coordinates":[100.500024,13.749902]},"properties":{"q":"lawful-reuse","d":8.3,"f":3.7,"a":30.5,"v":1906250,"s":0,"dist":"Phra Nakhon","cl":"Srasong\u2013Longtha rows"}},{"type":"Feature","geometry":{"type":"Point","coordinates":[100.499318,13.749818]},"properties":{"q":"lawful-reuse","d":10.9,"f":4.5,"a":48.9,"v":3056250,"s":0,"dist":"Phra Nakhon","cl":"Srasong\u2013Longtha rows"}},{"type":"Feature","geometry":{"type":"Point","coordinates":[100.500685,13.749252]},"properties":{"q":"at-risk","d":24.6,"f":8.8,"a":216.8,"v":13550000,"s":1,"dist":"Phra Nakhon","cl":"Srasong\u2013Longtha rows"}},{"type":"Feature","geometry":{"type":"Point","coordinates":[100.499975,13.749045]},"properties":{"q":"at-risk","d":26.9,"f":6.9,"a":185.5,"v":11593750,"s":1,"dist":"Phra Nakhon","cl":"Srasong\u2013Longtha rows"}},{"type":"Feature","geometry":{"type":"Point","coordinates":[100.499924,13.749238]},"properties":{"q":"lawful-reuse","d":6.4,"f":4.9,"a":31.2,"v":1950000,"s":0,"dist":"Phra Nakhon","cl":"Srasong\u2013Longtha rows"}},{"type":"Feature","geometry":{"type":"Point","coordinates":[100.500543,13.748788]},"properties":{"q":"at-risk","d":42.1,"f":8.1,"a":341.0,"v":21312500,"s":1,"dist":"Phra Nakhon","cl":"Srasong\u2013Longtha rows"}},{"type":"Feature","geometry":{"type":"Point","coordinates":[100.500277,13.74908]},"properties":{"q":"at-risk","d":27.3,"f":12.6,"a":335.2,"v":20950000,"s":1,"dist":"Phra Nakhon","cl":"Srasong\u2013Longtha rows"}},{"type":"Feature","geometry":{"type":"Point","coordinates":[100.50032,13.749698]},"properties":{"q":"lawful-reuse","d":8.2,"f":5.2,"a":42.2,"v":2637500,"s":0,"dist":"Phra Nakhon","cl":"Srasong\u2013Longtha rows"}},{"type":"Feature","geometry":{"type":"Point","coordinates":[100.513511,13.733304]},"properties":{"q":"low-pressure","d":18.1,"f":3.1,"a":55.8,"v":3487500,"s":1,"dist":"Samphanthawong","cl":"Talad Noi back lanes"}},{"type":"Feature","geometry":{"type":"Point","coordinates":[100.512541,13.734856]},"properties":{"q":"low-pressure","d":15.4,"f":3.8,"a":55.6,"v":3475000,"s":1,"dist":"Samphanthawong","cl":"Talad Noi back lanes"}},{"type":"Feature","geometry":{"type":"Point","coordinates":[100.513363,13.732067]},"properties":{"q":"at-risk","d":27.2,"f":7.2,"a":180.9,"v":11306250,"s":0,"dist":"Samphanthawong","cl":"Talad Noi back lanes"}},{"type":"Feature","geometry":{"type":"Point","coordinates":[100.512568,13.734258]},"properties":{"q":"at-risk","d":28.3,"f":12.1,"a":286.1,"v":17881250,"s":1,"dist":"Samphanthawong","cl":"Talad Noi back lanes"}},{"type":"Feature","geometry":{"type":"Point","coordinates":[100.51284,13.733426]},"properties":{"q":"at-risk","d":29.0,"f":9.9,"a":282.3,"v":17643750,"s":1,"dist":"Samphanthawong","cl":"Talad Noi back lanes"}},{"type":"Feature","geometry":{"type":"Point","coordinates":[100.513146,13.733516]},"properties":{"q":"at-risk","d":16.7,"f":5.3,"a":88.3,"v":5518750,"s":1,"dist":"Samphanthawong","cl":"Talad Noi back lanes"}},{"type":"Feature","geometry":{"type":"Point","coordinates":[100.512579,13.734794]},"properties":{"q":"lawful-reuse","d":12.9,"f":4.2,"a":48.4,"v":3025000,"s":1,"dist":"Samphanthawong","cl":"Talad Noi back lanes"}},{"type":"Feature","geometry":{"type":"Point","coordinates":[100.511839,13.735395]},"properties":{"q":"tell-the-owner","d":11.4,"f":7.6,"a":69.7,"v":4356250,"s":0,"dist":"Samphanthawong","cl":"Talad Noi back lanes"}},{"type":"Feature","geometry":{"type":"Point","coordinates":[100.513268,13.733548]},"properties":{"q":"lawful-reuse","d":10.9,"f":3.9,"a":41.9,"v":2618750,"s":1,"dist":"Samphanthawong","cl":"Talad Noi back lanes"}},{"type":"Feature","geometry":{"type":"Point","coordinates":[100.513211,13.732662]},"properties":{"q":"lawful-reuse","d":6.8,"f":3.8,"a":26.0,"v":1625000,"s":0,"dist":"Samphanthawong","cl":"Talad Noi back lanes"}},{"type":"Feature","geometry":{"type":"Point","coordinates":[100.513466,13.733192]},"properties":{"q":"lawful-reuse","d":9.0,"f":6.2,"a":55.0,"v":3437500,"s":0,"dist":"Samphanthawong","cl":"Talad Noi back lanes"}},{"type":"Feature","geometry":{"type":"Point","coordinates":[100.513891,13.732098]},"properties":{"q":"at-risk","d":15.6,"f":4.4,"a":67.8,"v":4237500,"s":0,"dist":"Samphanthawong","cl":"Talad Noi back lanes"}},{"type":"Feature","geometry":{"type":"Point","coordinates":[100.513389,13.732708]},"properties":{"q":"lawful-reuse","d":12.3,"f":4.1,"a":50.6,"v":3162500,"s":1,"dist":"Samphanthawong","cl":"Talad Noi back lanes"}},{"type":"Feature","geometry":{"type":"Point","coordinates":[100.513182,13.733386]},"properties":{"q":"low-pressure","d":14.9,"f":3.8,"a":55.5,"v":3468750,"s":1,"dist":"Samphanthawong","cl":"Talad Noi back lanes"}},{"type":"Feature","geometry":{"type":"Point","coordinates":[100.512822,13.733607]},"properties":{"q":"at-risk","d":29.2,"f":12.8,"a":307.0,"v":19187500,"s":1,"dist":"Samphanthawong","cl":"Talad Noi back lanes"}},{"type":"Feature","geometry":{"type":"Point","coordinates":[100.513293,13.7339]},"properties":{"q":"lawful-reuse","d":11.5,"f":3.9,"a":44.0,"v":2750000,"s":0,"dist":"Samphanthawong","cl":"Talad Noi back lanes"}},{"type":"Feature","geometry":{"type":"Point","coordinates":[100.512922,13.734049]},"properties":{"q":"at-risk","d":19.5,"f":16.1,"a":263.4,"v":16462500,"s":0,"dist":"Samphanthawong","cl":"Talad Noi back lanes"}},{"type":"Feature","geometry":{"type":"Point","coordinates":[100.511707,13.735258]},"properties":{"q":"lawful-reuse","d":10.8,"f":4.6,"a":47.6,"v":2975000,"s":1,"dist":"Samphanthawong","cl":"Talad Noi back lanes"}},{"type":"Feature","geometry":{"type":"Point","coordinates":[100.512519,13.734594]},"properties":{"q":"at-risk","d":14.8,"f":8.0,"a":103.3,"v":6456250,"s":0,"dist":"Samphanthawong","cl":"Talad Noi back lanes"}},{"type":"Feature","geometry":{"type":"Point","coordinates":[100.512191,13.735131]},"properties":{"q":"at-risk","d":18.1,"f":3.6,"a":58.0,"v":3625000,"s":1,"dist":"Samphanthawong","cl":"Talad Noi back lanes"}},{"type":"Feature","geometry":{"type":"Point","coordinates":[100.512826,13.734381]},"properties":{"q":"at-risk","d":16.1,"f":3.6,"a":57.9,"v":3618750,"s":1,"dist":"Samphanthawong","cl":"Talad Noi back lanes"}},{"type":"Feature","geometry":{"type":"Point","coordinates":[100.513639,13.733156]},"properties":{"q":"lawful-reuse","d":8.1,"f":3.2,"a":25.7,"v":1606250,"s":0,"dist":"Samphanthawong","cl":"Talad Noi back lanes"}},{"type":"Feature","geometry":{"type":"Point","coordinates":[100.512038,13.735312]},"properties":{"q":"low-pressure","d":14.0,"f":3.2,"a":43.8,"v":2737500,"s":1,"dist":"Samphanthawong","cl":"Talad Noi back lanes"}},{"type":"Feature","geometry":{"type":"Point","coordinates":[100.513106,13.733661]},"properties":{"q":"at-risk","d":16.7,"f":6.2,"a":103.6,"v":6475000,"s":1,"dist":"Samphanthawong","cl":"Talad Noi back lanes"}},{"type":"Feature","geometry":{"type":"Point","coordinates":[100.512847,13.734316]},"properties":{"q":"at-risk","d":16.2,"f":3.6,"a":58.3,"v":3643750,"s":1,"dist":"Samphanthawong","cl":"Talad Noi back lanes"}},{"type":"Feature","geometry":{"type":"Point","coordinates":[100.513215,13.733128]},"properties":{"q":"lawful-reuse","d":10.9,"f":3.4,"a":36.4,"v":2275000,"s":1,"dist":"Samphanthawong","cl":"Talad Noi back lanes"}},{"type":"Feature","geometry":{"type":"Point","coordinates":[100.513669,13.733153]},"properties":{"q":"lawful-reuse","d":8.1,"f":3.2,"a":25.7,"v":1606250,"s":0,"dist":"Samphanthawong","cl":"Talad Noi back lanes"}},{"type":"Feature","geometry":{"type":"Point","coordinates":[100.512774,13.73349]},"properties":{"q":"lawful-reuse","d":8.6,"f":6.1,"a":51.1,"v":3193750,"s":0,"dist":"Samphanthawong","cl":"Talad Noi back lanes"}},{"type":"Feature","geometry":{"type":"Point","coordinates":[100.512032,13.735445]},"properties":{"q":"at-risk","d":15.3,"f":7.1,"a":97.6,"v":6100000,"s":0,"dist":"Samphanthawong","cl":"Talad Noi back lanes"}},{"type":"Feature","geometry":{"type":"Point","coordinates":[100.513424,13.732601]},"properties":{"q":"lawful-reuse","d":12.3,"f":4.1,"a":50.7,"v":3168750,"s":1,"dist":"Samphanthawong","cl":"Talad Noi back lanes"}},{"type":"Feature","geometry":{"type":"Point","coordinates":[100.513756,13.733143]},"properties":{"q":"lawful-reuse","d":8.1,"f":3.2,"a":25.7,"v":1606250,"s":0,"dist":"Samphanthawong","cl":"Talad Noi back lanes"}},{"type":"Feature","geometry":{"type":"Point","coordinates":[100.513165,13.73282]},"properties":{"q":"lawful-reuse","d":8.8,"f":3.4,"a":29.4,"v":1837500,"s":1,"dist":"Samphanthawong","cl":"Talad Noi back lanes"}},{"type":"Feature","geometry":{"type":"Point","coordinates":[100.512136,13.735359]},"properties":{"q":"lawful-reuse","d":8.4,"f":4.0,"a":33.0,"v":2062500,"s":0,"dist":"Samphanthawong","cl":"Talad Noi back lanes"}},{"type":"Feature","geometry":{"type":"Point","coordinates":[100.513395,13.733112]},"properties":{"q":"lawful-reuse","d":8.3,"f":3.3,"a":27.2,"v":1700000,"s":1,"dist":"Samphanthawong","cl":"Talad Noi back lanes"}},{"type":"Feature","geometry":{"type":"Point","coordinates":[100.51354,13.733302]},"properties":{"q":"low-pressure","d":18.1,"f":3.1,"a":55.8,"v":3487500,"s":1,"dist":"Samphanthawong","cl":"Talad Noi back lanes"}},{"type":"Feature","geometry":{"type":"Point","coordinates":[100.512777,13.733319]},"properties":{"q":"at-risk","d":20.1,"f":16.4,"a":328.5,"v":20531250,"s":0,"dist":"Samphanthawong","cl":"Talad Noi back lanes"}},{"type":"Feature","geometry":{"type":"Point","coordinates":[100.513235,13.733056]},"properties":{"q":"tell-the-owner","d":10.4,"f":6.9,"a":69.2,"v":4325000,"s":0,"dist":"Samphanthawong","cl":"Talad Noi back lanes"}},{"type":"Feature","geometry":{"type":"Point","coordinates":[100.514066,13.732741]},"properties":{"q":"at-risk","d":31.5,"f":4.1,"a":128.9,"v":8056250,"s":0,"dist":"Samphanthawong","cl":"Talad Noi back lanes"}},{"type":"Feature","geometry":{"type":"Point","coordinates":[100.51336,13.733213]},"properties":{"q":"lawful-reuse","d":9.3,"f":3.6,"a":33.3,"v":2081250,"s":1,"dist":"Samphanthawong","cl":"Talad Noi back lanes"}},{"type":"Feature","geometry":{"type":"Point","coordinates":[100.513223,13.733232]},"properties":{"q":"low-pressure","d":14.6,"f":4.1,"a":48.4,"v":3025000,"s":1,"dist":"Samphanthawong","cl":"Talad Noi back lanes"}},{"type":"Feature","geometry":{"type":"Point","coordinates":[100.513559,13.733496]},"properties":{"q":"low-pressure","d":15.1,"f":3.8,"a":54.9,"v":3431250,"s":0,"dist":"Samphanthawong","cl":"Talad Noi back lanes"}},{"type":"Feature","geometry":{"type":"Point","coordinates":[100.5133,13.733114]},"properties":{"q":"lawful-reuse","d":8.3,"f":3.7,"a":30.4,"v":1900000,"s":1,"dist":"Samphanthawong","cl":"Talad Noi back lanes"}},{"type":"Feature","geometry":{"type":"Point","coordinates":[100.513283,13.732917]},"properties":{"q":"tell-the-owner","d":12.9,"f":9.2,"a":111.0,"v":6937500,"s":0,"dist":"Samphanthawong","cl":"Talad Noi back lanes"}},{"type":"Feature","geometry":{"type":"Point","coordinates":[100.513332,13.733113]},"properties":{"q":"lawful-reuse","d":8.3,"f":3.5,"a":28.8,"v":1800000,"s":1,"dist":"Samphanthawong","cl":"Talad Noi back lanes"}},{"type":"Feature","geometry":{"type":"Point","coordinates":[100.51287,13.734149]},"properties":{"q":"lawful-reuse","d":13.4,"f":3.2,"a":41.4,"v":2587500,"s":1,"dist":"Samphanthawong","cl":"Talad Noi back lanes"}},{"type":"Feature","geometry":{"type":"Point","coordinates":[100.513468,13.732464]},"properties":{"q":"lawful-reuse","d":12.5,"f":3.6,"a":45.4,"v":2837500,"s":1,"dist":"Samphanthawong","cl":"Talad Noi back lanes"}},{"type":"Feature","geometry":{"type":"Point","coordinates":[100.511662,13.735076]},"properties":{"q":"lawful-reuse","d":10.8,"f":4.8,"a":46.6,"v":2912500,"s":1,"dist":"Samphanthawong","cl":"Talad Noi back lanes"}},{"type":"Feature","geometry":{"type":"Point","coordinates":[100.512416,13.734503]},"properties":{"q":"lawful-reuse","d":8.2,"f":7.2,"a":53.8,"v":3362500,"s":0,"dist":"Samphanthawong","cl":"Talad Noi back lanes"}},{"type":"Feature","geometry":{"type":"Point","coordinates":[100.513785,13.73314]},"properties":{"q":"lawful-reuse","d":8.1,"f":3.2,"a":25.7,"v":1606250,"s":0,"dist":"Samphanthawong","cl":"Talad Noi back lanes"}},{"type":"Feature","geometry":{"type":"Point","coordinates":[100.511674,13.735586]},"properties":{"q":"tell-the-owner","d":11.7,"f":6.6,"a":73.1,"v":4568750,"s":0,"dist":"Samphanthawong","cl":"Talad Noi back lanes"}},{"type":"Feature","geometry":{"type":"Point","coordinates":[100.511417,13.735152]},"properties":{"q":"at-risk","d":26.9,"f":11.8,"a":215.4,"v":13462500,"s":0,"dist":"Samphanthawong","cl":"Talad Noi back lanes"}},{"type":"Feature","geometry":{"type":"Point","coordinates":[100.51329,13.733213]},"properties":{"q":"lawful-reuse","d":10.8,"f":3.9,"a":35.6,"v":2225000,"s":1,"dist":"Samphanthawong","cl":"Talad Noi back lanes"}},{"type":"Feature","geometry":{"type":"Point","coordinates":[100.513398,13.733314]},"properties":{"q":"low-pressure","d":18.1,"f":3.1,"a":55.8,"v":3487500,"s":1,"dist":"Samphanthawong","cl":"Talad Noi back lanes"}},{"type":"Feature","geometry":{"type":"Point","coordinates":[100.513266,13.733095]},"properties":{"q":"lawful-reuse","d":8.6,"f":2.9,"a":18.4,"v":1150000,"s":1,"dist":"Samphanthawong","cl":"Talad Noi back lanes"}},{"type":"Feature","geometry":{"type":"Point","coordinates":[100.513217,13.733262]},"properties":{"q":"low-pressure","d":14.7,"f":3.5,"a":51.0,"v":3187500,"s":1,"dist":"Samphanthawong","cl":"Talad Noi back lanes"}},{"type":"Feature","geometry":{"type":"Point","coordinates":[100.513341,13.73332]},"properties":{"q":"low-pressure","d":18.1,"f":3.1,"a":55.8,"v":3487500,"s":1,"dist":"Samphanthawong","cl":"Talad Noi back lanes"}},{"type":"Feature","geometry":{"type":"Point","coordinates":[100.51288,13.733489]},"properties":{"q":"at-risk","d":20.3,"f":5.9,"a":114.0,"v":7125000,"s":1,"dist":"Samphanthawong","cl":"Talad Noi back lanes"}},{"type":"Feature","geometry":{"type":"Point","coordinates":[100.513465,13.733667]},"properties":{"q":"low-pressure","d":13.7,"f":3.9,"a":51.1,"v":3193750,"s":0,"dist":"Samphanthawong","cl":"Talad Noi back lanes"}},{"type":"Feature","geometry":{"type":"Point","coordinates":[100.512819,13.734408]},"properties":{"q":"low-pressure","d":16.1,"f":3.5,"a":46.8,"v":2925000,"s":1,"dist":"Samphanthawong","cl":"Talad Noi back lanes"}},{"type":"Feature","geometry":{"type":"Point","coordinates":[100.513129,13.734124]},"properties":{"q":"lawful-reuse","d":10.4,"f":3.4,"a":34.7,"v":2168750,"s":0,"dist":"Samphanthawong","cl":"Talad Noi back lanes"}},{"type":"Feature","geometry":{"type":"Point","coordinates":[100.513509,13.73319]},"properties":{"q":"lawful-reuse","d":8.8,"f":3.7,"a":30.8,"v":1925000,"s":0,"dist":"Samphanthawong","cl":"Talad Noi back lanes"}},{"type":"Feature","geometry":{"type":"Point","coordinates":[100.513457,13.732924]},"properties":{"q":"at-risk","d":24.1,"f":11.4,"a":218.2,"v":13637500,"s":1,"dist":"Samphanthawong","cl":"Talad Noi back lanes"}},{"type":"Feature","geometry":{"type":"Point","coordinates":[100.513659,13.733331]},"properties":{"q":"lawful-reuse","d":10.0,"f":3.2,"a":32.4,"v":2025000,"s":0,"dist":"Samphanthawong","cl":"Talad Noi back lanes"}},{"type":"Feature","geometry":{"type":"Point","coordinates":[100.513532,13.732277]},"properties":{"q":"lawful-reuse","d":12.5,"f":3.6,"a":45.5,"v":2843750,"s":1,"dist":"Samphanthawong","cl":"Talad Noi back lanes"}},{"type":"Feature","geometry":{"type":"Point","coordinates":[100.512211,13.73419]},"properties":{"q":"at-risk","d":24.1,"f":9.6,"a":230.6,"v":14412500,"s":1,"dist":"Samphanthawong","cl":"Talad Noi back lanes"}},{"type":"Feature","geometry":{"type":"Point","coordinates":[100.511762,13.73541]},"properties":{"q":"lawful-reuse","d":10.4,"f":5.3,"a":55.2,"v":3450000,"s":1,"dist":"Samphanthawong","cl":"Talad Noi back lanes"}},{"type":"Feature","geometry":{"type":"Point","coordinates":[100.513455,13.733309]},"properties":{"q":"low-pressure","d":18.1,"f":3.1,"a":55.6,"v":3475000,"s":1,"dist":"Samphanthawong","cl":"Talad Noi back lanes"}},{"type":"Feature","geometry":{"type":"Point","coordinates":[100.513412,13.732637]},"properties":{"q":"lawful-reuse","d":12.3,"f":4.1,"a":50.6,"v":3162500,"s":1,"dist":"Samphanthawong","cl":"Talad Noi back lanes"}},{"type":"Feature","geometry":{"type":"Point","coordinates":[100.513158,13.73285]},"properties":{"q":"lawful-reuse","d":8.8,"f":3.4,"a":29.4,"v":1837500,"s":1,"dist":"Samphanthawong","cl":"Talad Noi back lanes"}},{"type":"Feature","geometry":{"type":"Point","coordinates":[100.513559,13.733108]},"properties":{"q":"lawful-reuse","d":8.3,"f":3.8,"a":31.3,"v":1956250,"s":0,"dist":"Samphanthawong","cl":"Talad Noi back lanes"}},{"type":"Feature","geometry":{"type":"Point","coordinates":[100.513836,13.732083]},"properties":{"q":"at-risk","d":15.6,"f":8.7,"a":135.6,"v":8475000,"s":0,"dist":"Samphanthawong","cl":"Talad Noi back lanes"}},{"type":"Feature","geometry":{"type":"Point","coordinates":[100.513446,13.732344]},"properties":{"q":"at-risk","d":37.7,"f":15.6,"a":155.7,"v":9731250,"s":0,"dist":"Samphanthawong","cl":"Talad Noi back lanes"}},{"type":"Feature","geometry":{"type":"Point","coordinates":[100.513929,13.732108]},"properties":{"q":"at-risk","d":15.6,"f":4.4,"a":68.0,"v":4250000,"s":0,"dist":"Samphanthawong","cl":"Talad Noi back lanes"}},{"type":"Feature","geometry":{"type":"Point","coordinates":[100.513483,13.733307]},"properties":{"q":"low-pressure","d":18.1,"f":3.1,"a":55.8,"v":3487500,"s":1,"dist":"Samphanthawong","cl":"Talad Noi back lanes"}},{"type":"Feature","geometry":{"type":"Point","coordinates":[100.513219,13.73339]},"properties":{"q":"at-risk","d":24.1,"f":10.7,"a":127.9,"v":7993750,"s":1,"dist":"Samphanthawong","cl":"Talad Noi back lanes"}},{"type":"Feature","geometry":{"type":"Point","coordinates":[100.513225,13.733913]},"properties":{"q":"lawful-reuse","d":11.4,"f":3.7,"a":41.9,"v":2618750,"s":0,"dist":"Samphanthawong","cl":"Talad Noi back lanes"}},{"type":"Feature","geometry":{"type":"Point","coordinates":[100.512237,13.735233]},"properties":{"q":"tell-the-owner","d":13.1,"f":6.4,"a":77.5,"v":4843750,"s":0,"dist":"Samphanthawong","cl":"Talad Noi back lanes"}},{"type":"Feature","geometry":{"type":"Point","coordinates":[100.511549,13.735589]},"properties":{"q":"at-risk","d":19.0,"f":6.3,"a":102.1,"v":6381250,"s":1,"dist":"Samphanthawong","cl":"Talad Noi back lanes"}},{"type":"Feature","geometry":{"type":"Point","coordinates":[100.513774,13.732065]},"properties":{"q":"at-risk","d":15.6,"f":4.4,"a":68.0,"v":4250000,"s":1,"dist":"Samphanthawong","cl":"Talad Noi back lanes"}},{"type":"Feature","geometry":{"type":"Point","coordinates":[100.513458,13.733513]},"properties":{"q":"low-pressure","d":14.9,"f":3.8,"a":53.6,"v":3350000,"s":0,"dist":"Samphanthawong","cl":"Talad Noi back lanes"}},{"type":"Feature","geometry":{"type":"Point","coordinates":[100.513727,13.733146]},"properties":{"q":"lawful-reuse","d":8.1,"f":3.2,"a":25.7,"v":1606250,"s":0,"dist":"Samphanthawong","cl":"Talad Noi back lanes"}},{"type":"Feature","geometry":{"type":"Point","coordinates":[100.513731,13.733236]},"properties":{"q":"lawful-reuse","d":8.0,"f":3.3,"a":26.5,"v":1656250,"s":0,"dist":"Samphanthawong","cl":"Talad Noi back lanes"}},{"type":"Feature","geometry":{"type":"Point","coordinates":[100.512876,13.734127]},"properties":{"q":"lawful-reuse","d":13.2,"f":3.2,"a":42.0,"v":2625000,"s":1,"dist":"Samphanthawong","cl":"Talad Noi back lanes"}},{"type":"Feature","geometry":{"type":"Point","coordinates":[100.513165,13.734116]},"properties":{"q":"lawful-reuse","d":10.3,"f":4.4,"a":45.2,"v":2825000,"s":0,"dist":"Samphanthawong","cl":"Talad Noi back lanes"}},{"type":"Feature","geometry":{"type":"Point","coordinates":[100.513221,13.733097]},"properties":{"q":"lawful-reuse","d":10.7,"f":3.6,"a":37.4,"v":2337500,"s":1,"dist":"Samphanthawong","cl":"Talad Noi back lanes"}},{"type":"Feature","geometry":{"type":"Point","coordinates":[100.511503,13.735435]},"properties":{"q":"tell-the-owner","d":12.1,"f":9.8,"a":98.7,"v":6168750,"s":0,"dist":"Samphanthawong","cl":"Talad Noi back lanes"}},{"type":"Feature","geometry":{"type":"Point","coordinates":[100.51331,13.733324]},"properties":{"q":"low-pressure","d":18.1,"f":3.1,"a":55.7,"v":3481250,"s":1,"dist":"Samphanthawong","cl":"Talad Noi back lanes"}},{"type":"Feature","geometry":{"type":"Point","coordinates":[100.513701,13.73324]},"properties":{"q":"lawful-reuse","d":8.0,"f":3.3,"a":26.5,"v":1656250,"s":0,"dist":"Samphanthawong","cl":"Talad Noi back lanes"}},{"type":"Feature","geometry":{"type":"Point","coordinates":[100.513525,13.733502]},"properties":{"q":"low-pressure","d":15.0,"f":3.8,"a":54.4,"v":3400000,"s":0,"dist":"Samphanthawong","cl":"Talad Noi back lanes"}},{"type":"Feature","geometry":{"type":"Point","coordinates":[100.513525,13.733109]},"properties":{"q":"lawful-reuse","d":8.3,"f":3.4,"a":28.2,"v":1762500,"s":0,"dist":"Samphanthawong","cl":"Talad Noi back lanes"}},{"type":"Feature","geometry":{"type":"Point","coordinates":[100.513878,13.732842]},"properties":{"q":"at-risk","d":16.7,"f":3.7,"a":58.7,"v":3668750,"s":0,"dist":"Samphanthawong","cl":"Talad Noi back lanes"}},{"type":"Feature","geometry":{"type":"Point","coordinates":[100.511798,13.735641]},"properties":{"q":"lawful-reuse","d":5.8,"f":3.4,"a":19.6,"v":1225000,"s":0,"dist":"Samphanthawong","cl":"Talad Noi back lanes"}},{"type":"Feature","geometry":{"type":"Point","coordinates":[100.514007,13.73213]},"properties":{"q":"at-risk","d":15.6,"f":4.4,"a":67.9,"v":4243750,"s":0,"dist":"Samphanthawong","cl":"Talad Noi back lanes"}},{"type":"Feature","geometry":{"type":"Point","coordinates":[100.512121,13.734661]},"properties":{"q":"at-risk","d":35.7,"f":23.7,"a":556.9,"v":34806250,"s":0,"dist":"Samphanthawong","cl":"Talad Noi back lanes"}},{"type":"Feature","geometry":{"type":"Point","coordinates":[100.513968,13.732119]},"properties":{"q":"at-risk","d":15.6,"f":4.4,"a":67.8,"v":4237500,"s":0,"dist":"Samphanthawong","cl":"Talad Noi back lanes"}},{"type":"Feature","geometry":{"type":"Point","coordinates":[100.512374,13.734759]},"properties":{"q":"at-risk","d":28.4,"f":16.5,"a":380.1,"v":23756250,"s":0,"dist":"Samphanthawong","cl":"Talad Noi back lanes"}},{"type":"Feature","geometry":{"type":"Point","coordinates":[100.512561,13.734827]},"properties":{"q":"at-risk","d":14.7,"f":4.2,"a":57.4,"v":3587500,"s":1,"dist":"Samphanthawong","cl":"Talad Noi back lanes"}},{"type":"Feature","geometry":{"type":"Point","coordinates":[100.513426,13.733312]},"properties":{"q":"low-pressure","d":18.1,"f":3.1,"a":55.8,"v":3487500,"s":1,"dist":"Samphanthawong","cl":"Talad Noi back lanes"}},{"type":"Feature","geometry":{"type":"Point","coordinates":[100.51364,13.733247]},"properties":{"q":"lawful-reuse","d":8.0,"f":3.3,"a":26.5,"v":1656250,"s":0,"dist":"Samphanthawong","cl":"Talad Noi back lanes"}},{"type":"Feature","geometry":{"type":"Point","coordinates":[100.512974,13.734156]},"properties":{"q":"lawful-reuse","d":10.9,"f":6.6,"a":40.8,"v":2550000,"s":0,"dist":"Samphanthawong","cl":"Talad Noi back lanes"}},{"type":"Feature","geometry":{"type":"Point","coordinates":[100.512383,13.734432]},"properties":{"q":"at-risk","d":13.7,"f":8.4,"a":101.2,"v":6325000,"s":1,"dist":"Samphanthawong","cl":"Talad Noi back lanes"}},{"type":"Feature","geometry":{"type":"Point","coordinates":[100.513479,13.732433]},"properties":{"q":"lawful-reuse","d":12.5,"f":3.6,"a":45.5,"v":2843750,"s":1,"dist":"Samphanthawong","cl":"Talad Noi back lanes"}},{"type":"Feature","geometry":{"type":"Point","coordinates":[100.513615,13.732736]},"properties":{"q":"at-risk","d":53.2,"f":32.7,"a":1135.7,"v":70981250,"s":0,"dist":"Samphanthawong","cl":"Talad Noi back lanes"}},{"type":"Feature","geometry":{"type":"Point","coordinates":[100.51361,13.733159]},"properties":{"q":"lawful-reuse","d":8.1,"f":3.2,"a":25.7,"v":1606250,"s":0,"dist":"Samphanthawong","cl":"Talad Noi back lanes"}},{"type":"Feature","geometry":{"type":"Point","coordinates":[100.513059,13.734139]},"properties":{"q":"lawful-reuse","d":10.5,"f":4.4,"a":46.0,"v":2875000,"s":0,"dist":"Samphanthawong","cl":"Talad Noi back lanes"}},{"type":"Feature","geometry":{"type":"Point","coordinates":[100.513259,13.733907]},"properties":{"q":"lawful-reuse","d":11.4,"f":3.8,"a":43.0,"v":2687500,"s":0,"dist":"Samphanthawong","cl":"Talad Noi back lanes"}},{"type":"Feature","geometry":{"type":"Point","coordinates":[100.513341,13.733015]},"properties":{"q":"at-risk","d":38.2,"f":13.0,"a":373.4,"v":23337500,"s":1,"dist":"Samphanthawong","cl":"Talad Noi back lanes"}},{"type":"Feature","geometry":{"type":"Point","coordinates":[100.51337,13.733317]},"properties":{"q":"low-pressure","d":18.1,"f":3.1,"a":55.8,"v":3487500,"s":1,"dist":"Samphanthawong","cl":"Talad Noi back lanes"}},{"type":"Feature","geometry":{"type":"Point","coordinates":[100.512836,13.734349]},"properties":{"q":"at-risk","d":16.2,"f":3.9,"a":62.8,"v":3925000,"s":1,"dist":"Samphanthawong","cl":"Talad Noi back lanes"}},{"type":"Feature","geometry":{"type":"Point","coordinates":[100.513072,13.733739]},"properties":{"q":"at-risk","d":19.8,"f":4.4,"a":86.0,"v":5375000,"s":1,"dist":"Samphanthawong","cl":"Talad Noi back lanes"}},{"type":"Feature","geometry":{"type":"Point","coordinates":[100.513435,13.732525]},"properties":{"q":"lawful-reuse","d":12.5,"f":3.6,"a":45.5,"v":2843750,"s":1,"dist":"Samphanthawong","cl":"Talad Noi back lanes"}},{"type":"Feature","geometry":{"type":"Point","coordinates":[100.512144,13.73447]},"properties":{"q":"at-risk","d":13.8,"f":7.3,"a":87.5,"v":5468750,"s":0,"dist":"Samphanthawong","cl":"Talad Noi back lanes"}},{"type":"Feature","geometry":{"type":"Point","coordinates":[100.513061,13.733689]},"properties":{"q":"at-risk","d":19.9,"f":4.3,"a":84.8,"v":5300000,"s":1,"dist":"Samphanthawong","cl":"Talad Noi back lanes"}},{"type":"Feature","geometry":{"type":"Point","coordinates":[100.513364,13.733112]},"properties":{"q":"lawful-reuse","d":8.3,"f":3.4,"a":27.9,"v":1743750,"s":1,"dist":"Samphanthawong","cl":"Talad Noi back lanes"}},{"type":"Feature","geometry":{"type":"Point","coordinates":[100.5132,13.73332]},"properties":{"q":"low-pressure","d":14.7,"f":3.2,"a":46.9,"v":2931250,"s":1,"dist":"Samphanthawong","cl":"Talad Noi back lanes"}},{"type":"Feature","geometry":{"type":"Point","coordinates":[100.513458,13.732496]},"properties":{"q":"lawful-reuse","d":12.5,"f":3.6,"a":45.4,"v":2837500,"s":1,"dist":"Samphanthawong","cl":"Talad Noi back lanes"}},{"type":"Feature","geometry":{"type":"Point","coordinates":[100.511567,13.7352]},"properties":{"q":"lawful-reuse","d":5.9,"f":3.5,"a":20.3,"v":1268750,"s":0,"dist":"Samphanthawong","cl":"Talad Noi back lanes"}},{"type":"Feature","geometry":{"type":"Point","coordinates":[100.5135,13.732371]},"properties":{"q":"lawful-reuse","d":12.5,"f":3.6,"a":45.4,"v":2837500,"s":1,"dist":"Samphanthawong","cl":"Talad Noi back lanes"}},{"type":"Feature","geometry":{"type":"Point","coordinates":[100.513422,13.733194]},"properties":{"q":"lawful-reuse","d":9.0,"f":2.8,"a":25.3,"v":1581250,"s":1,"dist":"Samphanthawong","cl":"Talad Noi back lanes"}},{"type":"Feature","geometry":{"type":"Point","coordinates":[100.513192,13.733352]},"properties":{"q":"at-risk","d":14.6,"f":4.0,"a":58.0,"v":3625000,"s":1,"dist":"Samphanthawong","cl":"Talad Noi back lanes"}},{"type":"Feature","geometry":{"type":"Point","coordinates":[100.513436,13.732566]},"properties":{"q":"lawful-reuse","d":12.3,"f":4.1,"a":50.7,"v":3168750,"s":1,"dist":"Samphanthawong","cl":"Talad Noi back lanes"}},{"type":"Feature","geometry":{"type":"Point","coordinates":[100.513396,13.733212]},"properties":{"q":"lawful-reuse","d":9.3,"f":3.0,"a":27.0,"v":1687500,"s":1,"dist":"Samphanthawong","cl":"Talad Noi back lanes"}},{"type":"Feature","geometry":{"type":"Point","coordinates":[100.513401,13.732672]},"properties":{"q":"lawful-reuse","d":12.3,"f":4.1,"a":50.6,"v":3162500,"s":1,"dist":"Samphanthawong","cl":"Talad Noi back lanes"}},{"type":"Feature","geometry":{"type":"Point","coordinates":[100.5131,13.732783]},"properties":{"q":"at-risk","d":22.6,"f":5.8,"a":93.0,"v":5812500,"s":1,"dist":"Samphanthawong","cl":"Talad Noi back lanes"}},{"type":"Feature","geometry":{"type":"Point","coordinates":[100.51301,13.73413]},"properties":{"q":"lawful-reuse","d":10.5,"f":3.8,"a":40.0,"v":2500000,"s":0,"dist":"Samphanthawong","cl":"Talad Noi back lanes"}},{"type":"Feature","geometry":{"type":"Point","coordinates":[100.512716,13.734066]},"properties":{"q":"at-risk","d":21.1,"f":15.8,"a":267.1,"v":16693750,"s":0,"dist":"Samphanthawong","cl":"Talad Noi back lanes"}},{"type":"Feature","geometry":{"type":"Point","coordinates":[100.513332,13.733215]},"properties":{"q":"lawful-reuse","d":9.5,"f":4.1,"a":38.3,"v":2393750,"s":1,"dist":"Samphanthawong","cl":"Talad Noi back lanes"}},{"type":"Feature","geometry":{"type":"Point","coordinates":[100.511605,13.73529]},"properties":{"q":"tell-the-owner","d":13.2,"f":9.9,"a":91.1,"v":5693750,"s":0,"dist":"Samphanthawong","cl":"Talad Noi back lanes"}},{"type":"Feature","geometry":{"type":"Point","coordinates":[100.513061,13.733777]},"properties":{"q":"at-risk","d":19.8,"f":4.2,"a":83.6,"v":5225000,"s":1,"dist":"Samphanthawong","cl":"Talad Noi back lanes"}},{"type":"Feature","geometry":{"type":"Point","coordinates":[100.513977,13.732838]},"properties":{"q":"at-risk","d":16.5,"f":3.6,"a":58.8,"v":3675000,"s":0,"dist":"Samphanthawong","cl":"Talad Noi back lanes"}},{"type":"Feature","geometry":{"type":"Point","coordinates":[100.512482,13.733952]},"properties":{"q":"lawful-reuse","d":10.0,"f":7.1,"a":54.9,"v":3431250,"s":0,"dist":"Samphanthawong","cl":"Talad Noi back lanes"}},{"type":"Feature","geometry":{"type":"Point","coordinates":[100.513515,13.732327]},"properties":{"q":"tell-the-owner","d":12.5,"f":7.3,"a":90.8,"v":5675000,"s":0,"dist":"Samphanthawong","cl":"Talad Noi back lanes"}},{"type":"Feature","geometry":{"type":"Point","coordinates":[100.51312,13.733609]},"properties":{"q":"at-risk","d":16.8,"f":5.4,"a":90.6,"v":5662500,"s":1,"dist":"Samphanthawong","cl":"Talad Noi back lanes"}},{"type":"Feature","geometry":{"type":"Point","coordinates":[100.512599,13.734752]},"properties":{"q":"lawful-reuse","d":10.5,"f":6.7,"a":48.0,"v":3000000,"s":0,"dist":"Samphanthawong","cl":"Talad Noi back lanes"}},{"type":"Feature","geometry":{"type":"Point","coordinates":[100.51367,13.733243]},"properties":{"q":"lawful-reuse","d":8.0,"f":3.3,"a":26.5,"v":1656250,"s":0,"dist":"Samphanthawong","cl":"Talad Noi back lanes"}},{"type":"Feature","geometry":{"type":"Point","coordinates":[100.512857,13.734285]},"properties":{"q":"at-risk","d":16.2,"f":3.7,"a":60.2,"v":3762500,"s":1,"dist":"Samphanthawong","cl":"Talad Noi back lanes"}},{"type":"Feature","geometry":{"type":"Point","coordinates":[100.512319,13.734997]},"properties":{"q":"at-risk","d":20.8,"f":3.5,"a":68.7,"v":4293750,"s":1,"dist":"Samphanthawong","cl":"Talad Noi back lanes"}},{"type":"Feature","geometry":{"type":"Point","coordinates":[100.51288,13.734248]},"properties":{"q":"at-risk","d":16.2,"f":6.9,"a":85.7,"v":5356250,"s":0,"dist":"Samphanthawong","cl":"Talad Noi back lanes"}},{"type":"Feature","geometry":{"type":"Point","coordinates":[100.513031,13.733849]},"properties":{"q":"at-risk","d":20.5,"f":4.4,"a":86.8,"v":5425000,"s":1,"dist":"Samphanthawong","cl":"Talad Noi back lanes"}},{"type":"Feature","geometry":{"type":"Point","coordinates":[100.513096,13.734131]},"properties":{"q":"lawful-reuse","d":10.4,"f":4.0,"a":41.4,"v":2587500,"s":0,"dist":"Samphanthawong","cl":"Talad Noi back lanes"}},{"type":"Feature","geometry":{"type":"Point","coordinates":[100.513694,13.732046]},"properties":{"q":"at-risk","d":15.6,"f":4.4,"a":59.0,"v":3687500,"s":1,"dist":"Samphanthawong","cl":"Talad Noi back lanes"}},{"type":"Feature","geometry":{"type":"Point","coordinates":[100.51179,13.735105]},"properties":{"q":"lawful-reuse","d":8.3,"f":3.6,"a":26.9,"v":1681250,"s":1,"dist":"Samphanthawong","cl":"Talad Noi back lanes"}},{"type":"Feature","geometry":{"type":"Point","coordinates":[100.512919,13.734093]},"properties":{"q":"low-pressure","d":13.8,"f":4.6,"a":47.6,"v":2975000,"s":1,"dist":"Samphanthawong","cl":"Talad Noi back lanes"}},{"type":"Feature","geometry":{"type":"Point","coordinates":[100.512991,13.733888]},"properties":{"q":"at-risk","d":20.7,"f":7.7,"a":120.8,"v":7550000,"s":1,"dist":"Samphanthawong","cl":"Talad Noi back lanes"}},{"type":"Feature","geometry":{"type":"Point","coordinates":[100.512237,13.734936]},"properties":{"q":"at-risk","d":14.9,"f":8.0,"a":79.8,"v":4987500,"s":0,"dist":"Samphanthawong","cl":"Talad Noi back lanes"}},{"type":"Feature","geometry":{"type":"Point","coordinates":[100.513426,13.733111]},"properties":{"q":"lawful-reuse","d":8.3,"f":3.5,"a":29.2,"v":1825000,"s":1,"dist":"Samphanthawong","cl":"Talad Noi back lanes"}},{"type":"Feature","geometry":{"type":"Point","coordinates":[100.513233,13.733682]},"properties":{"q":"at-risk","d":27.5,"f":14.8,"a":340.4,"v":21275000,"s":0,"dist":"Samphanthawong","cl":"Talad Noi back lanes"}},{"type":"Feature","geometry":{"type":"Point","coordinates":[100.513192,13.734092]},"properties":{"q":"lawful-reuse","d":10.2,"f":2.8,"a":28.6,"v":1787500,"s":0,"dist":"Samphanthawong","cl":"Talad Noi back lanes"}},{"type":"Feature","geometry":{"type":"Point","coordinates":[100.512208,13.734281]},"properties":{"q":"at-risk","d":20.6,"f":7.5,"a":151.7,"v":9481250,"s":1,"dist":"Samphanthawong","cl":"Talad Noi back lanes"}},{"type":"Feature","geometry":{"type":"Point","coordinates":[100.513113,13.732657]},"properties":{"q":"at-risk","d":22.9,"f":6.1,"a":107.1,"v":6693750,"s":1,"dist":"Samphanthawong","cl":"Talad Noi back lanes"}},{"type":"Feature","geometry":{"type":"Point","coordinates":[100.513209,13.733292]},"properties":{"q":"low-pressure","d":14.7,"f":3.4,"a":49.8,"v":3112500,"s":1,"dist":"Samphanthawong","cl":"Talad Noi back lanes"}},{"type":"Feature","geometry":{"type":"Point","coordinates":[100.512869,13.734183]},"properties":{"q":"low-pressure","d":13.9,"f":4.3,"a":50.8,"v":3175000,"s":1,"dist":"Samphanthawong","cl":"Talad Noi back lanes"}},{"type":"Feature","geometry":{"type":"Point","coordinates":[100.513911,13.732844]},"properties":{"q":"at-risk","d":16.5,"f":3.6,"a":58.8,"v":3675000,"s":0,"dist":"Samphanthawong","cl":"Talad Noi back lanes"}},{"type":"Feature","geometry":{"type":"Point","coordinates":[100.511779,13.735242]},"properties":{"q":"lawful-reuse","d":10.4,"f":5.5,"a":51.7,"v":3231250,"s":1,"dist":"Samphanthawong","cl":"Talad Noi back lanes"}},{"type":"Feature","geometry":{"type":"Point","coordinates":[100.512148,13.734364]},"properties":{"q":"tell-the-owner","d":13.1,"f":5.8,"a":68.3,"v":4268750,"s":0,"dist":"Samphanthawong","cl":"Talad Noi back lanes"}},{"type":"Feature","geometry":{"type":"Point","coordinates":[100.51349,13.732402]},"properties":{"q":"lawful-reuse","d":12.5,"f":3.6,"a":45.3,"v":2831250,"s":1,"dist":"Samphanthawong","cl":"Talad Noi back lanes"}},{"type":"Feature","geometry":{"type":"Point","coordinates":[100.513785,13.732238]},"properties":{"q":"at-risk","d":29.1,"f":12.5,"a":334.8,"v":20925000,"s":0,"dist":"Samphanthawong","cl":"Talad Noi back lanes"}},{"type":"Feature","geometry":{"type":"Point","coordinates":[100.51323,13.73317]},"properties":{"q":"lawful-reuse","d":13.1,"f":2.9,"a":28.4,"v":1775000,"s":1,"dist":"Samphanthawong","cl":"Talad Noi back lanes"}},{"type":"Feature","geometry":{"type":"Point","coordinates":[100.513735,13.732055]},"properties":{"q":"at-risk","d":15.6,"f":4.4,"a":67.8,"v":4237500,"s":1,"dist":"Samphanthawong","cl":"Talad Noi back lanes"}},{"type":"Feature","geometry":{"type":"Point","coordinates":[100.513568,13.733299]},"properties":{"q":"low-pressure","d":18.1,"f":3.1,"a":55.8,"v":3487500,"s":0,"dist":"Samphanthawong","cl":"Talad Noi back lanes"}},{"type":"Feature","geometry":{"type":"Point","coordinates":[100.513099,13.734263]},"properties":{"q":"tell-the-owner","d":13.5,"f":4.8,"a":60.2,"v":3762500,"s":0,"dist":"Samphanthawong","cl":"Talad Noi back lanes"}},{"type":"Feature","geometry":{"type":"Point","coordinates":[100.513698,13.733149]},"properties":{"q":"lawful-reuse","d":8.1,"f":3.2,"a":25.7,"v":1606250,"s":0,"dist":"Samphanthawong","cl":"Talad Noi back lanes"}},{"type":"Feature","geometry":{"type":"Point","coordinates":[100.512999,13.733164]},"properties":{"q":"at-risk","d":18.8,"f":8.2,"a":146.8,"v":9175000,"s":1,"dist":"Samphanthawong","cl":"Talad Noi back lanes"}},{"type":"Feature","geometry":{"type":"Point","coordinates":[100.512517,13.734108]},"properties":{"q":"at-risk","d":29.5,"f":20.2,"a":493.2,"v":30825000,"s":0,"dist":"Samphanthawong","cl":"Talad Noi back lanes"}},{"type":"Feature","geometry":{"type":"Point","coordinates":[100.513493,13.73311]},"properties":{"q":"lawful-reuse","d":8.3,"f":3.7,"a":30.3,"v":1893750,"s":0,"dist":"Samphanthawong","cl":"Talad Noi back lanes"}},{"type":"Feature","geometry":{"type":"Point","coordinates":[100.512809,13.733683]},"properties":{"q":"at-risk","d":25.2,"f":11.2,"a":240.1,"v":15006250,"s":1,"dist":"Samphanthawong","cl":"Talad Noi back lanes"}},{"type":"Feature","geometry":{"type":"Point","coordinates":[100.512731,13.734631]},"properties":{"q":"lawful-reuse","d":8.3,"f":4.8,"a":36.3,"v":2268750,"s":0,"dist":"Samphanthawong","cl":"Talad Noi back lanes"}},{"type":"Feature","geometry":{"type":"Point","coordinates":[100.511748,13.735521]},"properties":{"q":"lawful-reuse","d":9.4,"f":6.1,"a":53.2,"v":3325000,"s":0,"dist":"Samphanthawong","cl":"Talad Noi back lanes"}},{"type":"Feature","geometry":{"type":"Point","coordinates":[100.512062,13.735612]},"properties":{"q":"lawful-reuse","d":10.9,"f":4.4,"a":46.5,"v":2906250,"s":0,"dist":"Samphanthawong","cl":"Talad Noi back lanes"}},{"type":"Feature","geometry":{"type":"Point","coordinates":[100.512047,13.735028]},"properties":{"q":"at-risk","d":26.6,"f":21.8,"a":371.4,"v":23212500,"s":0,"dist":"Samphanthawong","cl":"Talad Noi back lanes"}},{"type":"Feature","geometry":{"type":"Point","coordinates":[100.513202,13.733194]},"properties":{"q":"low-pressure","d":14.0,"f":4.0,"a":51.4,"v":3212500,"s":1,"dist":"Samphanthawong","cl":"Talad Noi back lanes"}},{"type":"Feature","geometry":{"type":"Point","coordinates":[100.513459,13.73311]},"properties":{"q":"lawful-reuse","d":8.3,"f":3.6,"a":29.6,"v":1850000,"s":1,"dist":"Samphanthawong","cl":"Talad Noi back lanes"}},{"type":"Feature","geometry":{"type":"Point","coordinates":[100.512166,13.735299]},"properties":{"q":"tell-the-owner","d":13.1,"f":4.9,"a":58.8,"v":3675000,"s":1,"dist":"Samphanthawong","cl":"Talad Noi back lanes"}},{"type":"Feature","geometry":{"type":"Point","coordinates":[100.511666,13.735484]},"properties":{"q":"lawful-reuse","d":8.0,"f":3.9,"a":29.5,"v":1843750,"s":1,"dist":"Samphanthawong","cl":"Talad Noi back lanes"}},{"type":"Feature","geometry":{"type":"Point","coordinates":[100.512013,13.735714]},"properties":{"q":"at-risk","d":26.4,"f":10.0,"a":163.2,"v":10200000,"s":0,"dist":"Samphanthawong","cl":"Talad Noi back lanes"}},{"type":"Feature","geometry":{"type":"Point","coordinates":[100.513133,13.733562]},"properties":{"q":"at-risk","d":16.8,"f":5.3,"a":89.2,"v":5575000,"s":1,"dist":"Samphanthawong","cl":"Talad Noi back lanes"}},{"type":"Feature","geometry":{"type":"Point","coordinates":[100.511981,13.73518]},"properties":{"q":"lawful-reuse","d":5.7,"f":3.6,"a":20.3,"v":1268750,"s":0,"dist":"Samphanthawong","cl":"Talad Noi back lanes"}},{"type":"Feature","geometry":{"type":"Point","coordinates":[100.512707,13.733437]},"properties":{"q":"at-risk","d":16.4,"f":7.2,"a":112.5,"v":7031250,"s":0,"dist":"Samphanthawong","cl":"Talad Noi back lanes"}},{"type":"Feature","geometry":{"type":"Point","coordinates":[100.513105,13.732719]},"properties":{"q":"at-risk","d":22.7,"f":7.4,"a":164.6,"v":10287500,"s":1,"dist":"Samphanthawong","cl":"Talad Noi back lanes"}},{"type":"Feature","geometry":{"type":"Point","coordinates":[100.513944,13.732841]},"properties":{"q":"at-risk","d":16.5,"f":3.6,"a":59.0,"v":3687500,"s":0,"dist":"Samphanthawong","cl":"Talad Noi back lanes"}},{"type":"Feature","geometry":{"type":"Point","coordinates":[100.513335,13.732679]},"properties":{"q":"at-risk","d":38.0,"f":16.0,"a":160.9,"v":10056250,"s":0,"dist":"Samphanthawong","cl":"Talad Noi back lanes"}},{"type":"Feature","geometry":{"type":"Point","coordinates":[100.511688,13.735014]},"properties":{"q":"at-risk","d":13.8,"f":8.9,"a":122.6,"v":7662500,"s":0,"dist":"Samphanthawong","cl":"Talad Noi back lanes"}},{"type":"Feature","geometry":{"type":"Point","coordinates":[100.512313,13.735197]},"properties":{"q":"at-risk","d":25.9,"f":9.7,"a":166.3,"v":10393750,"s":0,"dist":"Samphanthawong","cl":"Talad Noi back lanes"}},{"type":"Feature","geometry":{"type":"Point","coordinates":[100.513492,13.733508]},"properties":{"q":"low-pressure","d":15.0,"f":3.8,"a":53.9,"v":3368750,"s":0,"dist":"Samphanthawong","cl":"Talad Noi back lanes"}},{"type":"Feature","geometry":{"type":"Point","coordinates":[100.511475,13.735291]},"properties":{"q":"at-risk","d":16.1,"f":11.1,"a":162.0,"v":10125000,"s":0,"dist":"Samphanthawong","cl":"Talad Noi back lanes"}},{"type":"Feature","geometry":{"type":"Point","coordinates":[100.511633,13.735126]},"properties":{"q":"lawful-reuse","d":6.0,"f":4.2,"a":23.6,"v":1475000,"s":0,"dist":"Samphanthawong","cl":"Talad Noi back lanes"}},{"type":"Feature","geometry":{"type":"Point","coordinates":[100.513046,13.733812]},"properties":{"q":"at-risk","d":21.1,"f":5.0,"a":86.8,"v":5425000,"s":1,"dist":"Samphanthawong","cl":"Talad Noi back lanes"}},{"type":"Feature","geometry":{"type":"Point","coordinates":[100.512548,13.733783]},"properties":{"q":"at-risk","d":29.8,"f":22.2,"a":483.0,"v":30187500,"s":0,"dist":"Samphanthawong","cl":"Talad Noi back lanes"}},{"type":"Feature","geometry":{"type":"Point","coordinates":[100.478931,13.720045]},"properties":{"q":"low-pressure","d":14.0,"f":4.9,"a":66.7,"v":1417375,"s":1,"dist":"Thon Buri","cl":"Talat Phlu railway-market rows"}},{"type":"Feature","geometry":{"type":"Point","coordinates":[100.478792,13.71997]},"properties":{"q":"low-pressure","d":17.9,"f":4.9,"a":84.9,"v":1804125,"s":1,"dist":"Thon Buri","cl":"Talat Phlu railway-market rows"}},{"type":"Feature","geometry":{"type":"Point","coordinates":[100.477738,13.720427]},"properties":{"q":"low-pressure","d":15.0,"f":5.8,"a":74.1,"v":1574625,"s":0,"dist":"Thon Buri","cl":"Talat Phlu railway-market rows"}},{"type":"Feature","geometry":{"type":"Point","coordinates":[100.477414,13.721769]},"properties":{"q":"lawful-reuse","d":13.1,"f":5.1,"a":62.1,"v":1319625,"s":0,"dist":"Thon Buri","cl":"Talat Phlu railway-market rows"}},{"type":"Feature","geometry":{"type":"Point","coordinates":[100.477701,13.720491]},"properties":{"q":"at-risk","d":43.3,"f":20.8,"a":617.0,"v":13111250,"s":0,"dist":"Thon Buri","cl":"Talat Phlu railway-market rows"}},{"type":"Feature","geometry":{"type":"Point","coordinates":[100.478674,13.72011]},"properties":{"q":"lawful-reuse","d":12.3,"f":6.1,"a":73.3,"v":1557625,"s":0,"dist":"Thon Buri","cl":"Talat Phlu railway-market rows"}},{"type":"Feature","geometry":{"type":"Point","coordinates":[100.478108,13.720907]},"properties":{"q":"lawful-reuse","d":7.7,"f":4.8,"a":35.9,"v":762875,"s":0,"dist":"Thon Buri","cl":"Talat Phlu railway-market rows"}},{"type":"Feature","geometry":{"type":"Point","coordinates":[100.478142,13.720663]},"properties":{"q":"at-risk","d":27.6,"f":13.3,"a":352.7,"v":7494875,"s":1,"dist":"Thon Buri","cl":"Talat Phlu railway-market rows"}},{"type":"Feature","geometry":{"type":"Point","coordinates":[100.478431,13.720787]},"properties":{"q":"lawful-reuse","d":7.4,"f":6.0,"a":43.1,"v":915875,"s":0,"dist":"Thon Buri","cl":"Talat Phlu railway-market rows"}},{"type":"Feature","geometry":{"type":"Point","coordinates":[100.478487,13.720218]},"properties":{"q":"lawful-reuse","d":12.5,"f":4.0,"a":47.0,"v":998750,"s":1,"dist":"Thon Buri","cl":"Talat Phlu railway-market rows"}},{"type":"Feature","geometry":{"type":"Point","coordinates":[100.478117,13.720558]},"properties":{"q":"low-pressure","d":18.9,"f":4.0,"a":71.4,"v":1517250,"s":1,"dist":"Thon Buri","cl":"Talat Phlu railway-market rows"}},{"type":"Feature","geometry":{"type":"Point","coordinates":[100.47878,13.719895]},"properties":{"q":"low-pressure","d":20.7,"f":7.1,"a":144.3,"v":3066375,"s":0,"dist":"Thon Buri","cl":"Talat Phlu railway-market rows"}},{"type":"Feature","geometry":{"type":"Point","coordinates":[100.478682,13.720648]},"properties":{"q":"at-risk","d":25.7,"f":10.4,"a":250.5,"v":5323125,"s":1,"dist":"Thon Buri","cl":"Talat Phlu railway-market rows"}},{"type":"Feature","geometry":{"type":"Point","coordinates":[100.478166,13.721018]},"properties":{"q":"lawful-reuse","d":7.4,"f":4.9,"a":30.6,"v":650250,"s":0,"dist":"Thon Buri","cl":"Talat Phlu railway-market rows"}},{"type":"Feature","geometry":{"type":"Point","coordinates":[100.478429,13.720616]},"properties":{"q":"lawful-reuse","d":9.2,"f":3.3,"a":29.3,"v":622625,"s":1,"dist":"Thon Buri","cl":"Talat Phlu railway-market rows"}},{"type":"Feature","geometry":{"type":"Point","coordinates":[100.477974,13.720592]},"properties":{"q":"low-pressure","d":19.4,"f":4.5,"a":85.9,"v":1825375,"s":1,"dist":"Thon Buri","cl":"Talat Phlu railway-market rows"}},{"type":"Feature","geometry":{"type":"Point","coordinates":[100.478488,13.720535]},"properties":{"q":"at-risk","d":31.2,"f":11.2,"a":332.9,"v":7074125,"s":1,"dist":"Thon Buri","cl":"Talat Phlu railway-market rows"}},{"type":"Feature","geometry":{"type":"Point","coordinates":[100.477603,13.720889]},"properties":{"q":"at-risk","d":38.0,"f":8.7,"a":280.3,"v":5956375,"s":1,"dist":"Thon Buri","cl":"Talat Phlu railway-market rows"}},{"type":"Feature","geometry":{"type":"Point","coordinates":[100.477591,13.720827]},"properties":{"q":"lawful-reuse","d":7.8,"f":4.2,"a":30.8,"v":654500,"s":0,"dist":"Thon Buri","cl":"Talat Phlu railway-market rows"}},{"type":"Feature","geometry":{"type":"Point","coordinates":[100.477852,13.721236]},"properties":{"q":"at-risk","d":26.2,"f":21.1,"a":520.5,"v":11060625,"s":0,"dist":"Thon Buri","cl":"Talat Phlu railway-market rows"}},{"type":"Feature","geometry":{"type":"Point","coordinates":[100.477691,13.72132]},"properties":{"q":"lawful-reuse","d":6.5,"f":4.6,"a":16.4,"v":348500,"s":0,"dist":"Thon Buri","cl":"Talat Phlu railway-market rows"}},{"type":"Feature","geometry":{"type":"Point","coordinates":[100.47763,13.721372]},"properties":{"q":"lawful-reuse","d":8.9,"f":2.6,"a":20.8,"v":442000,"s":1,"dist":"Thon Buri","cl":"Talat Phlu railway-market rows"}},{"type":"Feature","geometry":{"type":"Point","coordinates":[100.478626,13.720241]},"properties":{"q":"at-risk","d":21.2,"f":9.1,"a":189.7,"v":4031125,"s":1,"dist":"Thon Buri","cl":"Talat Phlu railway-market rows"}},{"type":"Feature","geometry":{"type":"Point","coordinates":[100.477594,13.721114]},"properties":{"q":"at-risk","d":27.9,"f":12.7,"a":329.7,"v":7006125,"s":1,"dist":"Thon Buri","cl":"Talat Phlu railway-market rows"}},{"type":"Feature","geometry":{"type":"Point","coordinates":[100.478184,13.720932]},"properties":{"q":"lawful-reuse","d":5.1,"f":4.2,"a":20.8,"v":442000,"s":0,"dist":"Thon Buri","cl":"Talat Phlu railway-market rows"}},{"type":"Feature","geometry":{"type":"Point","coordinates":[100.47785,13.720849]},"properties":{"q":"lawful-reuse","d":5.7,"f":4.6,"a":25.4,"v":539750,"s":0,"dist":"Thon Buri","cl":"Talat Phlu railway-market rows"}},{"type":"Feature","geometry":{"type":"Point","coordinates":[100.478556,13.720699]},"properties":{"q":"at-risk","d":18.0,"f":14.2,"a":242.4,"v":5151000,"s":0,"dist":"Thon Buri","cl":"Talat Phlu railway-market rows"}},{"type":"Feature","geometry":{"type":"Point","coordinates":[100.478053,13.721]},"properties":{"q":"low-pressure","d":17.1,"f":13.5,"a":150.9,"v":3206625,"s":0,"dist":"Thon Buri","cl":"Talat Phlu railway-market rows"}},{"type":"Feature","geometry":{"type":"Point","coordinates":[100.477717,13.721368]},"properties":{"q":"low-pressure","d":17.3,"f":9.0,"a":111.3,"v":2365125,"s":0,"dist":"Thon Buri","cl":"Talat Phlu railway-market rows"}},{"type":"Feature","geometry":{"type":"Point","coordinates":[100.478263,13.720696]},"properties":{"q":"lawful-reuse","d":12.0,"f":3.1,"a":33.1,"v":703375,"s":1,"dist":"Thon Buri","cl":"Talat Phlu railway-market rows"}},{"type":"Feature","geometry":{"type":"Point","coordinates":[100.478849,13.720155]},"properties":{"q":"low-pressure","d":15.3,"f":9.4,"a":142.3,"v":3023875,"s":0,"dist":"Thon Buri","cl":"Talat Phlu railway-market rows"}},{"type":"Feature","geometry":{"type":"Point","coordinates":[100.477479,13.721314]},"properties":{"q":"low-pressure","d":14.6,"f":12.0,"a":119.2,"v":2533000,"s":0,"dist":"Thon Buri","cl":"Talat Phlu railway-market rows"}},{"type":"Feature","geometry":{"type":"Point","coordinates":[100.477997,13.72087]},"properties":{"q":"at-risk","d":18.3,"f":11.8,"a":216.2,"v":4594250,"s":0,"dist":"Thon Buri","cl":"Talat Phlu railway-market rows"}},{"type":"Feature","geometry":{"type":"Point","coordinates":[100.478112,13.7213]},"properties":{"q":"low-pressure","d":16.7,"f":6.1,"a":100.1,"v":2127125,"s":0,"dist":"Thon Buri","cl":"Talat Phlu railway-market rows"}},{"type":"Feature","geometry":{"type":"Point","coordinates":[100.47856,13.720117]},"properties":{"q":"lawful-reuse","d":10.7,"f":7.0,"a":71.8,"v":1525750,"s":0,"dist":"Thon Buri","cl":"Talat Phlu railway-market rows"}},{"type":"Feature","geometry":{"type":"Point","coordinates":[100.478963,13.720181]},"properties":{"q":"low-pressure","d":13.9,"f":9.7,"a":129.8,"v":2758250,"s":0,"dist":"Thon Buri","cl":"Talat Phlu railway-market rows"}},{"type":"Feature","geometry":{"type":"Point","coordinates":[100.477849,13.721406]},"properties":{"q":"low-pressure","d":18.7,"f":10.4,"a":139.5,"v":2964375,"s":0,"dist":"Thon Buri","cl":"Talat Phlu railway-market rows"}},{"type":"Feature","geometry":{"type":"Point","coordinates":[100.478775,13.720032]},"properties":{"q":"low-pressure","d":17.5,"f":6.8,"a":107.4,"v":2282250,"s":1,"dist":"Thon Buri","cl":"Talat Phlu railway-market rows"}},{"type":"Feature","geometry":{"type":"Point","coordinates":[100.477875,13.720963]},"properties":{"q":"low-pressure","d":14.7,"f":8.8,"a":119.2,"v":2533000,"s":0,"dist":"Thon Buri","cl":"Talat Phlu railway-market rows"}},{"type":"Feature","geometry":{"type":"Point","coordinates":[100.477794,13.721346]},"properties":{"q":"lawful-reuse","d":6.8,"f":4.0,"a":19.4,"v":412250,"s":0,"dist":"Thon Buri","cl":"Talat Phlu railway-market rows"}},{"type":"Feature","geometry":{"type":"Point","coordinates":[100.477514,13.721327]},"properties":{"q":"lawful-reuse","d":7.7,"f":3.0,"a":18.7,"v":397375,"s":1,"dist":"Thon Buri","cl":"Talat Phlu railway-market rows"}},{"type":"Feature","geometry":{"type":"Point","coordinates":[100.477599,13.721347]},"properties":{"q":"lawful-reuse","d":13.0,"f":11.2,"a":107.1,"v":2275875,"s":0,"dist":"Thon Buri","cl":"Talat Phlu railway-market rows"}},{"type":"Feature","geometry":{"type":"Point","coordinates":[100.478373,13.720983]},"properties":{"q":"low-pressure","d":16.0,"f":7.9,"a":66.9,"v":1421625,"s":0,"dist":"Thon Buri","cl":"Talat Phlu railway-market rows"}},{"type":"Feature","geometry":{"type":"Point","coordinates":[100.478344,13.720664]},"properties":{"q":"at-risk","d":19.0,"f":9.5,"a":171.7,"v":3648625,"s":1,"dist":"Thon Buri","cl":"Talat Phlu railway-market rows"}},{"type":"Feature","geometry":{"type":"Point","coordinates":[100.478919,13.720308]},"properties":{"q":"lawful-reuse","d":10.5,"f":9.0,"a":91.4,"v":1942250,"s":0,"dist":"Thon Buri","cl":"Talat Phlu railway-market rows"}},{"type":"Feature","geometry":{"type":"Point","coordinates":[100.478521,13.720345]},"properties":{"q":"at-risk","d":70.2,"f":11.9,"a":796.4,"v":16923500,"s":1,"dist":"Thon Buri","cl":"Talat Phlu railway-market rows"}},{"type":"Feature","geometry":{"type":"Point","coordinates":[100.478264,13.720545]},"properties":{"q":"low-pressure","d":17.7,"f":8.7,"a":147.8,"v":3140750,"s":1,"dist":"Thon Buri","cl":"Talat Phlu railway-market rows"}},{"type":"Feature","geometry":{"type":"Point","coordinates":[100.478501,13.720063]},"properties":{"q":"lawful-reuse","d":10.6,"f":6.2,"a":51.2,"v":1088000,"s":0,"dist":"Thon Buri","cl":"Talat Phlu railway-market rows"}},{"type":"Feature","geometry":{"type":"Point","coordinates":[100.478349,13.720192]},"properties":{"q":"lawful-reuse","d":12.2,"f":5.8,"a":69.1,"v":1468375,"s":0,"dist":"Thon Buri","cl":"Talat Phlu railway-market rows"}},{"type":"Feature","geometry":{"type":"Point","coordinates":[100.477584,13.72123]},"properties":{"q":"at-risk","d":27.1,"f":9.7,"a":261.4,"v":5554750,"s":1,"dist":"Thon Buri","cl":"Talat Phlu railway-market rows"}},{"type":"Feature","geometry":{"type":"Point","coordinates":[100.479019,13.720333]},"properties":{"q":"lawful-reuse","d":5.9,"f":4.0,"a":23.6,"v":501500,"s":0,"dist":"Thon Buri","cl":"Talat Phlu railway-market rows"}},{"type":"Feature","geometry":{"type":"Point","coordinates":[100.499251,13.753859]},"properties":{"q":"low-pressure","d":15.2,"f":3.6,"a":53.8,"v":3362500,"s":1,"dist":"Phra Nakhon","cl":"Tanao Road rows"}},{"type":"Feature","geometry":{"type":"Point","coordinates":[100.498592,13.753562]},"properties":{"q":"tell-the-owner","d":12.5,"f":7.0,"a":84.4,"v":5275000,"s":0,"dist":"Phra Nakhon","cl":"Tanao Road rows"}},{"type":"Feature","geometry":{"type":"Point","coordinates":[100.498898,13.758928]},"properties":{"q":"at-risk","d":27.0,"f":13.0,"a":352.0,"v":22000000,"s":0,"dist":"Phra Nakhon","cl":"Tanao Road rows"}},{"type":"Feature","geometry":{"type":"Point","coordinates":[100.498179,13.7523]},"properties":{"q":"low-pressure","d":13.6,"f":3.3,"a":45.5,"v":2843750,"s":1,"dist":"Phra Nakhon","cl":"Tanao Road rows"}},{"type":"Feature","geometry":{"type":"Point","coordinates":[100.498183,13.752409]},"properties":{"q":"lawful-reuse","d":11.6,"f":2.9,"a":31.9,"v":1993750,"s":1,"dist":"Phra Nakhon","cl":"Tanao Road rows"}},{"type":"Feature","geometry":{"type":"Point","coordinates":[100.499073,13.753206]},"properties":{"q":"lawful-reuse","d":12.6,"f":2.4,"a":28.0,"v":1750000,"s":1,"dist":"Phra Nakhon","cl":"Tanao Road rows"}},{"type":"Feature","geometry":{"type":"Point","coordinates":[100.498877,13.759291]},"properties":{"q":"at-risk","d":23.7,"f":6.9,"a":135.7,"v":8481250,"s":0,"dist":"Phra Nakhon","cl":"Tanao Road rows"}},{"type":"Feature","geometry":{"type":"Point","coordinates":[100.499089,13.75276]},"properties":{"q":"lawful-reuse","d":11.3,"f":3.6,"a":40.3,"v":2518750,"s":0,"dist":"Phra Nakhon","cl":"Tanao Road rows"}},{"type":"Feature","geometry":{"type":"Point","coordinates":[100.498599,13.753669]},"properties":{"q":"lawful-reuse","d":11.5,"f":3.5,"a":39.0,"v":2437500,"s":1,"dist":"Phra Nakhon","cl":"Tanao Road rows"}},{"type":"Feature","geometry":{"type":"Point","coordinates":[100.498578,13.751635]},"properties":{"q":"at-risk","d":14.8,"f":11.3,"a":166.9,"v":10431250,"s":0,"dist":"Phra Nakhon","cl":"Tanao Road rows"}},{"type":"Feature","geometry":{"type":"Point","coordinates":[100.498264,13.759655]},"properties":{"q":"tell-the-owner","d":10.8,"f":6.9,"a":74.3,"v":4643750,"s":0,"dist":"Phra Nakhon","cl":"Tanao Road rows"}},{"type":"Feature","geometry":{"type":"Point","coordinates":[100.498629,13.759804]},"properties":{"q":"lawful-reuse","d":6.4,"f":3.6,"a":23.0,"v":1437500,"s":0,"dist":"Phra Nakhon","cl":"Tanao Road rows"}},{"type":"Feature","geometry":{"type":"Point","coordinates":[100.498361,13.753492]},"properties":{"q":"tell-the-owner","d":12.7,"f":6.0,"a":75.2,"v":4700000,"s":0,"dist":"Phra Nakhon","cl":"Tanao Road rows"}},{"type":"Feature","geometry":{"type":"Point","coordinates":[100.49831,13.753111]},"properties":{"q":"lawful-reuse","d":10.4,"f":3.6,"a":37.1,"v":2318750,"s":0,"dist":"Phra Nakhon","cl":"Tanao Road rows"}},{"type":"Feature","geometry":{"type":"Point","coordinates":[100.499027,13.758827]},"properties":{"q":"lawful-reuse","d":12.2,"f":3.5,"a":42.5,"v":2656250,"s":0,"dist":"Phra Nakhon","cl":"Tanao Road rows"}},{"type":"Feature","geometry":{"type":"Point","coordinates":[100.498426,13.754309]},"properties":{"q":"tell-the-owner","d":12.1,"f":6.0,"a":72.4,"v":4525000,"s":0,"dist":"Phra Nakhon","cl":"Tanao Road rows"}},{"type":"Feature","geometry":{"type":"Point","coordinates":[100.498727,13.758033]},"properties":{"q":"at-risk","d":19.6,"f":5.1,"a":89.6,"v":5600000,"s":1,"dist":"Phra Nakhon","cl":"Tanao Road rows"}},{"type":"Feature","geometry":{"type":"Point","coordinates":[100.499084,13.753937]},"properties":{"q":"at-risk","d":24.6,"f":4.6,"a":113.3,"v":7081250,"s":1,"dist":"Phra Nakhon","cl":"Tanao Road rows"}},{"type":"Feature","geometry":{"type":"Point","coordinates":[100.498067,13.752121]},"properties":{"q":"lawful-reuse","d":8.2,"f":3.6,"a":29.1,"v":1818750,"s":0,"dist":"Phra Nakhon","cl":"Tanao Road rows"}},{"type":"Feature","geometry":{"type":"Point","coordinates":[100.498739,13.755006]},"properties":{"q":"lawful-reuse","d":9.7,"f":5.0,"a":48.4,"v":3025000,"s":0,"dist":"Phra Nakhon","cl":"Tanao Road rows"}},{"type":"Feature","geometry":{"type":"Point","coordinates":[100.498585,13.755137]},"properties":{"q":"at-risk","d":20.9,"f":5.5,"a":115.0,"v":7187500,"s":1,"dist":"Phra Nakhon","cl":"Tanao Road rows"}},{"type":"Feature","geometry":{"type":"Point","coordinates":[100.498669,13.756081]},"properties":{"q":"low-pressure","d":13.7,"f":2.5,"a":33.8,"v":2112500,"s":1,"dist":"Phra Nakhon","cl":"Tanao Road rows"}},{"type":"Feature","geometry":{"type":"Point","coordinates":[100.498182,13.758343]},"properties":{"q":"at-risk","d":14.8,"f":8.1,"a":120.0,"v":7500000,"s":0,"dist":"Phra Nakhon","cl":"Tanao Road rows"}},{"type":"Feature","geometry":{"type":"Point","coordinates":[100.498183,13.758662]},"properties":{"q":"at-risk","d":15.8,"f":3.7,"a":59.0,"v":3687500,"s":1,"dist":"Phra Nakhon","cl":"Tanao Road rows"}},{"type":"Feature","geometry":{"type":"Point","coordinates":[100.499023,13.752756]},"properties":{"q":"lawful-reuse","d":11.5,"f":3.6,"a":41.0,"v":2562500,"s":1,"dist":"Phra Nakhon","cl":"Tanao Road rows"}},{"type":"Feature","geometry":{"type":"Point","coordinates":[100.498961,13.758386]},"properties":{"q":"lawful-reuse","d":12.2,"f":3.7,"a":45.6,"v":2850000,"s":1,"dist":"Phra Nakhon","cl":"Tanao Road rows"}},{"type":"Feature","geometry":{"type":"Point","coordinates":[100.498625,13.753938]},"properties":{"q":"lawful-reuse","d":10.4,"f":3.8,"a":39.7,"v":2481250,"s":1,"dist":"Phra Nakhon","cl":"Tanao Road rows"}},{"type":"Feature","geometry":{"type":"Point","coordinates":[100.499129,13.753931]},"properties":{"q":"at-risk","d":24.6,"f":4.6,"a":114.0,"v":7125000,"s":1,"dist":"Phra Nakhon","cl":"Tanao Road rows"}},{"type":"Feature","geometry":{"type":"Point","coordinates":[100.498969,13.756507]},"properties":{"q":"at-risk","d":35.6,"f":13.3,"a":474.5,"v":29656250,"s":1,"dist":"Phra Nakhon","cl":"Tanao Road rows"}},{"type":"Feature","geometry":{"type":"Point","coordinates":[100.49866,13.759198]},"properties":{"q":"at-risk","d":24.0,"f":10.3,"a":211.9,"v":13243750,"s":1,"dist":"Phra Nakhon","cl":"Tanao Road rows"}},{"type":"Feature","geometry":{"type":"Point","coordinates":[100.498607,13.75544]},"properties":{"q":"lawful-reuse","d":6.7,"f":5.5,"a":37.1,"v":2318750,"s":0,"dist":"Phra Nakhon","cl":"Tanao Road rows"}},{"type":"Feature","geometry":{"type":"Point","coordinates":[100.49877,13.753885]},"properties":{"q":"lawful-reuse","d":11.5,"f":3.6,"a":41.4,"v":2587500,"s":1,"dist":"Phra Nakhon","cl":"Tanao Road rows"}},{"type":"Feature","geometry":{"type":"Point","coordinates":[100.498992,13.753035]},"properties":{"q":"at-risk","d":14.1,"f":8.5,"a":120.5,"v":7531250,"s":0,"dist":"Phra Nakhon","cl":"Tanao Road rows"}},{"type":"Feature","geometry":{"type":"Point","coordinates":[100.498262,13.752658]},"properties":{"q":"lawful-reuse","d":12.6,"f":3.5,"a":42.4,"v":2650000,"s":1,"dist":"Phra Nakhon","cl":"Tanao Road rows"}},{"type":"Feature","geometry":{"type":"Point","coordinates":[100.499094,13.753037]},"properties":{"q":"at-risk","d":14.1,"f":4.3,"a":60.1,"v":3756250,"s":1,"dist":"Phra Nakhon","cl":"Tanao Road rows"}},{"type":"Feature","geometry":{"type":"Point","coordinates":[100.498581,13.753417]},"properties":{"q":"lawful-reuse","d":13.4,"f":3.5,"a":46.4,"v":2900000,"s":1,"dist":"Phra Nakhon","cl":"Tanao Road rows"}},{"type":"Feature","geometry":{"type":"Point","coordinates":[100.498166,13.752801]},"properties":{"q":"lawful-reuse","d":11.7,"f":3.1,"a":35.2,"v":2200000,"s":0,"dist":"Phra Nakhon","cl":"Tanao Road rows"}},{"type":"Feature","geometry":{"type":"Point","coordinates":[100.498391,13.759517]},"properties":{"q":"at-risk","d":30.0,"f":15.6,"a":381.3,"v":23831250,"s":1,"dist":"Phra Nakhon","cl":"Tanao Road rows"}},{"type":"Feature","geometry":{"type":"Point","coordinates":[100.498307,13.753079]},"properties":{"q":"lawful-reuse","d":10.4,"f":3.5,"a":36.1,"v":2256250,"s":1,"dist":"Phra Nakhon","cl":"Tanao Road rows"}},{"type":"Feature","geometry":{"type":"Point","coordinates":[100.499103,13.752271]},"properties":{"q":"lawful-reuse","d":12.5,"f":3.9,"a":47.7,"v":2981250,"s":0,"dist":"Phra Nakhon","cl":"Tanao Road rows"}},{"type":"Feature","geometry":{"type":"Point","coordinates":[100.498369,13.753556]},"properties":{"q":"lawful-reuse","d":12.8,"f":3.0,"a":37.7,"v":2356250,"s":0,"dist":"Phra Nakhon","cl":"Tanao Road rows"}},{"type":"Feature","geometry":{"type":"Point","coordinates":[100.498769,13.75802]},"properties":{"q":"at-risk","d":18.8,"f":5.1,"a":85.5,"v":5343750,"s":1,"dist":"Phra Nakhon","cl":"Tanao Road rows"}},{"type":"Feature","geometry":{"type":"Point","coordinates":[100.498409,13.758667]},"properties":{"q":"at-risk","d":40.2,"f":15.1,"a":553.1,"v":34568750,"s":1,"dist":"Phra Nakhon","cl":"Tanao Road rows"}},{"type":"Feature","geometry":{"type":"Point","coordinates":[100.498175,13.75967]},"properties":{"q":"lawful-reuse","d":7.6,"f":4.5,"a":33.7,"v":2106250,"s":0,"dist":"Phra Nakhon","cl":"Tanao Road rows"}},{"type":"Feature","geometry":{"type":"Point","coordinates":[100.498614,13.759902]},"properties":{"q":"tell-the-owner","d":10.0,"f":6.8,"a":67.8,"v":4237500,"s":0,"dist":"Phra Nakhon","cl":"Tanao Road rows"}},{"type":"Feature","geometry":{"type":"Point","coordinates":[100.498034,13.752117]},"properties":{"q":"lawful-reuse","d":8.2,"f":3.6,"a":29.2,"v":1825000,"s":0,"dist":"Phra Nakhon","cl":"Tanao Road rows"}},{"type":"Feature","geometry":{"type":"Point","coordinates":[100.498925,13.753272]},"properties":{"q":"at-risk","d":19.6,"f":4.4,"a":84.7,"v":5293750,"s":1,"dist":"Phra Nakhon","cl":"Tanao Road rows"}},{"type":"Feature","geometry":{"type":"Point","coordinates":[100.498241,13.752329]},"properties":{"q":"lawful-reuse","d":8.8,"f":3.7,"a":29.9,"v":1868750,"s":0,"dist":"Phra Nakhon","cl":"Tanao Road rows"}},{"type":"Feature","geometry":{"type":"Point","coordinates":[100.498112,13.758377]},"properties":{"q":"low-pressure","d":15.1,"f":3.5,"a":43.9,"v":2743750,"s":0,"dist":"Phra Nakhon","cl":"Tanao Road rows"}},{"type":"Feature","geometry":{"type":"Point","coordinates":[100.498995,13.758547]},"properties":{"q":"lawful-reuse","d":12.2,"f":3.5,"a":42.4,"v":2650000,"s":0,"dist":"Phra Nakhon","cl":"Tanao Road rows"}},{"type":"Feature","geometry":{"type":"Point","coordinates":[100.498439,13.751632]},"properties":{"q":"at-risk","d":17.8,"f":8.1,"a":72.2,"v":4512500,"s":0,"dist":"Phra Nakhon","cl":"Tanao Road rows"}},{"type":"Feature","geometry":{"type":"Point","coordinates":[100.498388,13.753718]},"properties":{"q":"lawful-reuse","d":13.0,"f":3.0,"a":38.2,"v":2387500,"s":0,"dist":"Phra Nakhon","cl":"Tanao Road rows"}},{"type":"Feature","geometry":{"type":"Point","coordinates":[100.498645,13.754046]},"properties":{"q":"lawful-reuse","d":10.4,"f":3.8,"a":39.7,"v":2481250,"s":1,"dist":"Phra Nakhon","cl":"Tanao Road rows"}},{"type":"Feature","geometry":{"type":"Point","coordinates":[100.498369,13.751873]},"properties":{"q":"at-risk","d":14.3,"f":5.9,"a":82.3,"v":5143750,"s":1,"dist":"Phra Nakhon","cl":"Tanao Road rows"}},{"type":"Feature","geometry":{"type":"Point","coordinates":[100.498701,13.756575]},"properties":{"q":"lawful-reuse","d":9.8,"f":5.8,"a":56.5,"v":3531250,"s":0,"dist":"Phra Nakhon","cl":"Tanao Road rows"}},{"type":"Feature","geometry":{"type":"Point","coordinates":[100.499371,13.753825]},"properties":{"q":"at-risk","d":15.1,"f":6.5,"a":95.4,"v":5962500,"s":0,"dist":"Phra Nakhon","cl":"Tanao Road rows"}},{"type":"Feature","geometry":{"type":"Point","coordinates":[100.498126,13.760246]},"properties":{"q":"at-risk","d":21.6,"f":8.7,"a":188.5,"v":11781250,"s":0,"dist":"Phra Nakhon","cl":"Tanao Road rows"}},{"type":"Feature","geometry":{"type":"Point","coordinates":[100.498603,13.75372]},"properties":{"q":"tell-the-owner","d":11.4,"f":7.0,"a":75.4,"v":4712500,"s":0,"dist":"Phra Nakhon","cl":"Tanao Road rows"}},{"type":"Feature","geometry":{"type":"Point","coordinates":[100.498644,13.758059]},"properties":{"q":"at-risk","d":21.4,"f":5.0,"a":98.0,"v":6125000,"s":1,"dist":"Phra Nakhon","cl":"Tanao Road rows"}},{"type":"Feature","geometry":{"type":"Point","coordinates":[100.498306,13.758814]},"properties":{"q":"at-risk","d":25.5,"f":13.4,"a":326.2,"v":20387500,"s":0,"dist":"Phra Nakhon","cl":"Tanao Road rows"}},{"type":"Feature","geometry":{"type":"Point","coordinates":[100.498935,13.75386]},"properties":{"q":"lawful-reuse","d":11.5,"f":3.6,"a":41.4,"v":2587500,"s":1,"dist":"Phra Nakhon","cl":"Tanao Road rows"}},{"type":"Feature","geometry":{"type":"Point","coordinates":[100.498807,13.755355]},"properties":{"q":"lawful-reuse","d":9.7,"f":4.1,"a":39.6,"v":2475000,"s":1,"dist":"Phra Nakhon","cl":"Tanao Road rows"}},{"type":"Feature","geometry":{"type":"Point","coordinates":[100.498967,13.753933]},"properties":{"q":"at-risk","d":41.4,"f":18.7,"a":588.3,"v":36768750,"s":1,"dist":"Phra Nakhon","cl":"Tanao Road rows"}},{"type":"Feature","geometry":{"type":"Point","coordinates":[100.498968,13.753855]},"properties":{"q":"lawful-reuse","d":11.5,"f":3.6,"a":41.4,"v":2587500,"s":1,"dist":"Phra Nakhon","cl":"Tanao Road rows"}},{"type":"Feature","geometry":{"type":"Point","coordinates":[100.499011,13.753214]},"properties":{"q":"lawful-reuse","d":13.2,"f":2.4,"a":29.4,"v":1837500,"s":1,"dist":"Phra Nakhon","cl":"Tanao Road rows"}},{"type":"Feature","geometry":{"type":"Point","coordinates":[100.498896,13.759111]},"properties":{"q":"at-risk","d":17.4,"f":9.0,"a":156.2,"v":9762500,"s":0,"dist":"Phra Nakhon","cl":"Tanao Road rows"}},{"type":"Feature","geometry":{"type":"Point","coordinates":[100.498493,13.760269]},"properties":{"q":"lawful-reuse","d":12.0,"f":2.6,"a":30.7,"v":1918750,"s":0,"dist":"Phra Nakhon","cl":"Tanao Road rows"}},{"type":"Feature","geometry":{"type":"Point","coordinates":[100.498354,13.758973]},"properties":{"q":"at-risk","d":23.4,"f":8.9,"a":183.6,"v":11475000,"s":1,"dist":"Phra Nakhon","cl":"Tanao Road rows"}},{"type":"Feature","geometry":{"type":"Point","coordinates":[100.498597,13.753638]},"properties":{"q":"lawful-reuse","d":11.7,"f":3.5,"a":39.9,"v":2493750,"s":1,"dist":"Phra Nakhon","cl":"Tanao Road rows"}},{"type":"Feature","geometry":{"type":"Point","coordinates":[100.498792,13.752742]},"properties":{"q":"lawful-reuse","d":12.2,"f":3.6,"a":43.0,"v":2687500,"s":1,"dist":"Phra Nakhon","cl":"Tanao Road rows"}},{"type":"Feature","geometry":{"type":"Point","coordinates":[100.498337,13.75817]},"properties":{"q":"at-risk","d":25.8,"f":20.6,"a":373.0,"v":23312500,"s":0,"dist":"Phra Nakhon","cl":"Tanao Road rows"}},{"type":"Feature","geometry":{"type":"Point","coordinates":[100.498705,13.759101]},"properties":{"q":"at-risk","d":21.5,"f":14.4,"a":262.2,"v":16387500,"s":0,"dist":"Phra Nakhon","cl":"Tanao Road rows"}},{"type":"Feature","geometry":{"type":"Point","coordinates":[100.498709,13.758475]},"properties":{"q":"tell-the-owner","d":12.3,"f":8.2,"a":92.2,"v":5762500,"s":0,"dist":"Phra Nakhon","cl":"Tanao Road rows"}},{"type":"Feature","geometry":{"type":"Point","coordinates":[100.498433,13.754377]},"properties":{"q":"tell-the-owner","d":12.1,"f":6.0,"a":72.4,"v":4525000,"s":0,"dist":"Phra Nakhon","cl":"Tanao Road rows"}},{"type":"Feature","geometry":{"type":"Point","coordinates":[100.498649,13.758763]},"properties":{"q":"at-risk","d":62.5,"f":24.4,"a":1043.2,"v":65200000,"s":1,"dist":"Phra Nakhon","cl":"Tanao Road rows"}},{"type":"Feature","geometry":{"type":"Point","coordinates":[100.498527,13.758982]},"properties":{"q":"lawful-reuse","d":9.0,"f":4.9,"a":44.6,"v":2787500,"s":1,"dist":"Phra Nakhon","cl":"Tanao Road rows"}},{"type":"Feature","geometry":{"type":"Point","coordinates":[100.498919,13.754325]},"properties":{"q":"at-risk","d":14.1,"f":7.8,"a":110.3,"v":6893750,"s":0,"dist":"Phra Nakhon","cl":"Tanao Road rows"}},{"type":"Feature","geometry":{"type":"Point","coordinates":[100.498822,13.751692]},"properties":{"q":"at-risk","d":15.3,"f":5.5,"a":85.1,"v":5318750,"s":0,"dist":"Phra Nakhon","cl":"Tanao Road rows"}},{"type":"Feature","geometry":{"type":"Point","coordinates":[100.499121,13.752584]},"properties":{"q":"lawful-reuse","d":8.7,"f":4.2,"a":35.9,"v":2243750,"s":0,"dist":"Phra Nakhon","cl":"Tanao Road rows"}},{"type":"Feature","geometry":{"type":"Point","coordinates":[100.498884,13.753274]},"properties":{"q":"at-risk","d":20.0,"f":4.4,"a":86.5,"v":5406250,"s":1,"dist":"Phra Nakhon","cl":"Tanao Road rows"}},{"type":"Feature","geometry":{"type":"Point","coordinates":[100.498506,13.752909]},"properties":{"q":"tell-the-owner","d":12.7,"f":7.8,"a":94.5,"v":5906250,"s":0,"dist":"Phra Nakhon","cl":"Tanao Road rows"}},{"type":"Feature","geometry":{"type":"Point","coordinates":[100.498363,13.753427]},"properties":{"q":"tell-the-owner","d":12.6,"f":6.0,"a":74.4,"v":4650000,"s":0,"dist":"Phra Nakhon","cl":"Tanao Road rows"}},{"type":"Feature","geometry":{"type":"Point","coordinates":[100.499009,13.758672]},"properties":{"q":"lawful-reuse","d":12.2,"f":3.5,"a":42.5,"v":2656250,"s":0,"dist":"Phra Nakhon","cl":"Tanao Road rows"}},{"type":"Feature","geometry":{"type":"Point","coordinates":[100.49815,13.751826]},"properties":{"q":"at-risk","d":15.4,"f":5.0,"a":76.4,"v":4775000,"s":1,"dist":"Phra Nakhon","cl":"Tanao Road rows"}},{"type":"Feature","geometry":{"type":"Point","coordinates":[100.498724,13.753891]},"properties":{"q":"tell-the-owner","d":11.5,"f":7.2,"a":82.8,"v":5175000,"s":0,"dist":"Phra Nakhon","cl":"Tanao Road rows"}},{"type":"Feature","geometry":{"type":"Point","coordinates":[100.498054,13.752288]},"properties":{"q":"low-pressure","d":13.6,"f":3.3,"a":45.5,"v":2843750,"s":0,"dist":"Phra Nakhon","cl":"Tanao Road rows"}},{"type":"Feature","geometry":{"type":"Point","coordinates":[100.498396,13.752089]},"properties":{"q":"at-risk","d":14.1,"f":7.0,"a":96.4,"v":6025000,"s":0,"dist":"Phra Nakhon","cl":"Tanao Road rows"}},{"type":"Feature","geometry":{"type":"Point","coordinates":[100.499186,13.753869]},"properties":{"q":"low-pressure","d":15.2,"f":3.6,"a":53.9,"v":3368750,"s":1,"dist":"Phra Nakhon","cl":"Tanao Road rows"}},{"type":"Feature","geometry":{"type":"Point","coordinates":[100.498725,13.753659]},"properties":{"q":"lawful-reuse","d":12.9,"f":3.5,"a":43.3,"v":2706250,"s":1,"dist":"Phra Nakhon","cl":"Tanao Road rows"}},{"type":"Feature","geometry":{"type":"Point","coordinates":[100.499102,13.752236]},"properties":{"q":"lawful-reuse","d":12.6,"f":3.9,"a":48.2,"v":3012500,"s":0,"dist":"Phra Nakhon","cl":"Tanao Road rows"}},{"type":"Feature","geometry":{"type":"Point","coordinates":[100.498681,13.756138]},"properties":{"q":"lawful-reuse","d":12.4,"f":3.0,"a":37.4,"v":2337500,"s":1,"dist":"Phra Nakhon","cl":"Tanao Road rows"}},{"type":"Feature","geometry":{"type":"Point","coordinates":[100.498642,13.753975]},"properties":{"q":"lawful-reuse","d":10.4,"f":3.8,"a":39.7,"v":2481250,"s":1,"dist":"Phra Nakhon","cl":"Tanao Road rows"}},{"type":"Feature","geometry":{"type":"Point","coordinates":[100.498402,13.754917]},"properties":{"q":"at-risk","d":26.2,"f":8.3,"a":216.1,"v":13506250,"s":0,"dist":"Phra Nakhon","cl":"Tanao Road rows"}},{"type":"Feature","geometry":{"type":"Point","coordinates":[100.498577,13.753354]},"properties":{"q":"low-pressure","d":13.9,"f":3.5,"a":48.2,"v":3012500,"s":1,"dist":"Phra Nakhon","cl":"Tanao Road rows"}},{"type":"Feature","geometry":{"type":"Point","coordinates":[100.499296,13.753579]},"properties":{"q":"lawful-reuse","d":11.7,"f":2.8,"a":32.8,"v":2050000,"s":0,"dist":"Phra Nakhon","cl":"Tanao Road rows"}},{"type":"Feature","geometry":{"type":"Point","coordinates":[100.499102,13.752201]},"properties":{"q":"lawful-reuse","d":12.8,"f":3.9,"a":48.9,"v":3056250,"s":0,"dist":"Phra Nakhon","cl":"Tanao Road rows"}},{"type":"Feature","geometry":{"type":"Point","coordinates":[100.498806,13.753647]},"properties":{"q":"tell-the-owner","d":12.7,"f":7.0,"a":86.5,"v":5406250,"s":1,"dist":"Phra Nakhon","cl":"Tanao Road rows"}},{"type":"Feature","geometry":{"type":"Point","coordinates":[100.498594,13.75348]},"properties":{"q":"lawful-reuse","d":12.9,"f":3.5,"a":44.4,"v":2775000,"s":1,"dist":"Phra Nakhon","cl":"Tanao Road rows"}},{"type":"Feature","geometry":{"type":"Point","coordinates":[100.499002,13.758609]},"properties":{"q":"lawful-reuse","d":12.2,"f":3.5,"a":42.4,"v":2650000,"s":0,"dist":"Phra Nakhon","cl":"Tanao Road rows"}},{"type":"Feature","geometry":{"type":"Point","coordinates":[100.498686,13.758046]},"properties":{"q":"at-risk","d":20.5,"f":5.0,"a":93.7,"v":5856250,"s":1,"dist":"Phra Nakhon","cl":"Tanao Road rows"}},{"type":"Feature","geometry":{"type":"Point","coordinates":[100.498545,13.759612]},"properties":{"q":"at-risk","d":25.6,"f":15.6,"a":316.5,"v":19781250,"s":0,"dist":"Phra Nakhon","cl":"Tanao Road rows"}},{"type":"Feature","geometry":{"type":"Point","coordinates":[100.498491,13.752723]},"properties":{"q":"lawful-reuse","d":13.0,"f":3.9,"a":48.4,"v":3025000,"s":1,"dist":"Phra Nakhon","cl":"Tanao Road rows"}},{"type":"Feature","geometry":{"type":"Point","coordinates":[100.498999,13.758578]},"properties":{"q":"lawful-reuse","d":12.2,"f":3.5,"a":42.4,"v":2650000,"s":0,"dist":"Phra Nakhon","cl":"Tanao Road rows"}},{"type":"Feature","geometry":{"type":"Point","coordinates":[100.49912,13.754255]},"properties":{"q":"at-risk","d":16.7,"f":8.6,"a":142.6,"v":8912500,"s":0,"dist":"Phra Nakhon","cl":"Tanao Road rows"}},{"type":"Feature","geometry":{"type":"Point","coordinates":[100.498076,13.752402]},"properties":{"q":"lawful-reuse","d":11.7,"f":2.9,"a":32.3,"v":2018750,"s":0,"dist":"Phra Nakhon","cl":"Tanao Road rows"}},{"type":"Feature","geometry":{"type":"Point","coordinates":[100.499102,13.752166]},"properties":{"q":"lawful-reuse","d":13.0,"f":3.9,"a":49.4,"v":3087500,"s":0,"dist":"Phra Nakhon","cl":"Tanao Road rows"}},{"type":"Feature","geometry":{"type":"Point","coordinates":[100.498415,13.752349]},"properties":{"q":"lawful-reuse","d":11.5,"f":3.2,"a":35.6,"v":2225000,"s":1,"dist":"Phra Nakhon","cl":"Tanao Road rows"}},{"type":"Feature","geometry":{"type":"Point","coordinates":[100.499032,13.753211]},"properties":{"q":"lawful-reuse","d":13.0,"f":2.4,"a":29.1,"v":1818750,"s":1,"dist":"Phra Nakhon","cl":"Tanao Road rows"}},{"type":"Feature","geometry":{"type":"Point","coordinates":[100.498374,13.753599]},"properties":{"q":"tell-the-owner","d":12.9,"f":6.0,"a":75.8,"v":4737500,"s":0,"dist":"Phra Nakhon","cl":"Tanao Road rows"}},{"type":"Feature","geometry":{"type":"Point","coordinates":[100.498566,13.75332]},"properties":{"q":"low-pressure","d":14.2,"f":3.5,"a":49.1,"v":3068750,"s":1,"dist":"Phra Nakhon","cl":"Tanao Road rows"}},{"type":"Feature","geometry":{"type":"Point","coordinates":[100.499134,13.753037]},"properties":{"q":"at-risk","d":14.1,"f":4.3,"a":60.3,"v":3768750,"s":0,"dist":"Phra Nakhon","cl":"Tanao Road rows"}},{"type":"Feature","geometry":{"type":"Point","coordinates":[100.497929,13.759911]},"properties":{"q":"at-risk","d":33.3,"f":8.0,"a":256.9,"v":16056250,"s":0,"dist":"Phra Nakhon","cl":"Tanao Road rows"}},{"type":"Feature","geometry":{"type":"Point","coordinates":[100.498129,13.752406]},"properties":{"q":"lawful-reuse","d":11.7,"f":2.9,"a":32.2,"v":2012500,"s":0,"dist":"Phra Nakhon","cl":"Tanao Road rows"}},{"type":"Feature","geometry":{"type":"Point","coordinates":[100.499152,13.753603]},"properties":{"q":"lawful-reuse","d":13.3,"f":3.6,"a":47.7,"v":2981250,"s":1,"dist":"Phra Nakhon","cl":"Tanao Road rows"}},{"type":"Feature","geometry":{"type":"Point","coordinates":[100.498988,13.758485]},"properties":{"q":"lawful-reuse","d":12.2,"f":3.5,"a":42.4,"v":2650000,"s":0,"dist":"Phra Nakhon","cl":"Tanao Road rows"}},{"type":"Feature","geometry":{"type":"Point","coordinates":[100.498626,13.752732]},"properties":{"q":"lawful-reuse","d":12.8,"f":3.6,"a":44.6,"v":2787500,"s":1,"dist":"Phra Nakhon","cl":"Tanao Road rows"}},{"type":"Feature","geometry":{"type":"Point","coordinates":[100.498659,13.752734]},"properties":{"q":"lawful-reuse","d":12.7,"f":3.6,"a":44.2,"v":2762500,"s":1,"dist":"Phra Nakhon","cl":"Tanao Road rows"}},{"type":"Feature","geometry":{"type":"Point","coordinates":[100.498698,13.751884]},"properties":{"q":"tell-the-owner","d":11.1,"f":8.7,"a":96.3,"v":6018750,"s":0,"dist":"Phra Nakhon","cl":"Tanao Road rows"}},{"type":"Feature","geometry":{"type":"Point","coordinates":[100.499006,13.75864]},"properties":{"q":"lawful-reuse","d":12.2,"f":3.5,"a":42.4,"v":2650000,"s":0,"dist":"Phra Nakhon","cl":"Tanao Road rows"}},{"type":"Feature","geometry":{"type":"Point","coordinates":[100.498588,13.753512]},"properties":{"q":"lawful-reuse","d":12.7,"f":3.5,"a":43.6,"v":2725000,"s":1,"dist":"Phra Nakhon","cl":"Tanao Road rows"}},{"type":"Feature","geometry":{"type":"Point","coordinates":[100.498529,13.754731]},"properties":{"q":"at-risk","d":19.6,"f":10.0,"a":182.2,"v":11387500,"s":0,"dist":"Phra Nakhon","cl":"Tanao Road rows"}},{"type":"Feature","geometry":{"type":"Point","coordinates":[100.498133,13.752128]},"properties":{"q":"lawful-reuse","d":8.2,"f":3.6,"a":29.1,"v":1818750,"s":0,"dist":"Phra Nakhon","cl":"Tanao Road rows"}},{"type":"Feature","geometry":{"type":"Point","coordinates":[100.498412,13.756004]},"properties":{"q":"tell-the-owner","d":12.6,"f":5.5,"a":69.1,"v":4318750,"s":0,"dist":"Phra Nakhon","cl":"Tanao Road rows"}},{"type":"Feature","geometry":{"type":"Point","coordinates":[100.498525,13.758557]},"properties":{"q":"at-risk","d":22.2,"f":17.9,"a":331.7,"v":20731250,"s":0,"dist":"Phra Nakhon","cl":"Tanao Road rows"}},{"type":"Feature","geometry":{"type":"Point","coordinates":[100.498403,13.75217]},"properties":{"q":"at-risk","d":14.1,"f":10.4,"a":142.5,"v":8906250,"s":0,"dist":"Phra Nakhon","cl":"Tanao Road rows"}},{"type":"Feature","geometry":{"type":"Point","coordinates":[100.498732,13.752961]},"properties":{"q":"at-risk","d":41.4,"f":31.4,"a":1090.0,"v":68125000,"s":0,"dist":"Phra Nakhon","cl":"Tanao Road rows"}},{"type":"Feature","geometry":{"type":"Point","coordinates":[100.49825,13.752915]},"properties":{"q":"at-risk","d":14.8,"f":5.0,"a":72.6,"v":4537500,"s":1,"dist":"Phra Nakhon","cl":"Tanao Road rows"}},{"type":"Feature","geometry":{"type":"Point","coordinates":[100.498838,13.7542]},"properties":{"q":"at-risk","d":55.9,"f":17.1,"a":738.8,"v":46175000,"s":1,"dist":"Phra Nakhon","cl":"Tanao Road rows"}},{"type":"Feature","geometry":{"type":"Point","coordinates":[100.498502,13.75196]},"properties":{"q":"at-risk","d":23.0,"f":11.9,"a":273.3,"v":17081250,"s":0,"dist":"Phra Nakhon","cl":"Tanao Road rows"}},{"type":"Feature","geometry":{"type":"Point","coordinates":[100.498739,13.753217]},"properties":{"q":"lawful-reuse","d":10.3,"f":4.6,"a":42.5,"v":2656250,"s":1,"dist":"Phra Nakhon","cl":"Tanao Road rows"}},{"type":"Feature","geometry":{"type":"Point","coordinates":[100.498486,13.75819]},"properties":{"q":"tell-the-owner","d":13.2,"f":8.4,"a":110.9,"v":6931250,"s":0,"dist":"Phra Nakhon","cl":"Tanao Road rows"}},{"type":"Feature","geometry":{"type":"Point","coordinates":[100.498526,13.752497]},"properties":{"q":"at-risk","d":35.4,"f":27.4,"a":781.0,"v":48812500,"s":0,"dist":"Phra Nakhon","cl":"Tanao Road rows"}},{"type":"Feature","geometry":{"type":"Point","coordinates":[100.498858,13.752746]},"properties":{"q":"lawful-reuse","d":12.0,"f":3.6,"a":42.4,"v":2650000,"s":1,"dist":"Phra Nakhon","cl":"Tanao Road rows"}},{"type":"Feature","geometry":{"type":"Point","coordinates":[100.49864,13.754012]},"properties":{"q":"lawful-reuse","d":10.4,"f":3.8,"a":39.6,"v":2475000,"s":1,"dist":"Phra Nakhon","cl":"Tanao Road rows"}},{"type":"Feature","geometry":{"type":"Point","coordinates":[100.498984,13.758454]},"properties":{"q":"lawful-reuse","d":12.2,"f":3.5,"a":42.4,"v":2650000,"s":0,"dist":"Phra Nakhon","cl":"Tanao Road rows"}},{"type":"Feature","geometry":{"type":"Point","coordinates":[100.498175,13.752004]},"properties":{"q":"at-risk","d":15.4,"f":5.0,"a":76.4,"v":4775000,"s":1,"dist":"Phra Nakhon","cl":"Tanao Road rows"}},{"type":"Feature","geometry":{"type":"Point","coordinates":[100.499226,13.75657]},"properties":{"q":"at-risk","d":27.8,"f":9.8,"a":191.9,"v":11993750,"s":0,"dist":"Phra Nakhon","cl":"Tanao Road rows"}},{"type":"Feature","geometry":{"type":"Point","coordinates":[100.498595,13.753606]},"properties":{"q":"lawful-reuse","d":12.0,"f":3.5,"a":40.9,"v":2556250,"s":1,"dist":"Phra Nakhon","cl":"Tanao Road rows"}},{"type":"Feature","geometry":{"type":"Point","coordinates":[100.498694,13.756499]},"properties":{"q":"lawful-reuse","d":6.2,"f":3.4,"a":21.2,"v":1325000,"s":0,"dist":"Phra Nakhon","cl":"Tanao Road rows"}},{"type":"Feature","geometry":{"type":"Point","coordinates":[100.498263,13.752689]},"properties":{"q":"lawful-reuse","d":13.2,"f":3.5,"a":44.4,"v":2775000,"s":1,"dist":"Phra Nakhon","cl":"Tanao Road rows"}},{"type":"Feature","geometry":{"type":"Point","coordinates":[100.498367,13.759639]},"properties":{"q":"lawful-reuse","d":7.7,"f":3.8,"a":22.7,"v":1418750,"s":1,"dist":"Phra Nakhon","cl":"Tanao Road rows"}},{"type":"Feature","geometry":{"type":"Point","coordinates":[100.498474,13.755087]},"properties":{"q":"tell-the-owner","d":13.1,"f":7.7,"a":100.5,"v":6281250,"s":0,"dist":"Phra Nakhon","cl":"Tanao Road rows"}},{"type":"Feature","geometry":{"type":"Point","coordinates":[100.498593,13.752731]},"properties":{"q":"lawful-reuse","d":12.9,"f":3.6,"a":44.9,"v":2806250,"s":1,"dist":"Phra Nakhon","cl":"Tanao Road rows"}},{"type":"Feature","geometry":{"type":"Point","coordinates":[100.499055,13.753036]},"properties":{"q":"at-risk","d":14.1,"f":4.3,"a":60.1,"v":3756250,"s":1,"dist":"Phra Nakhon","cl":"Tanao Road rows"}},{"type":"Feature","geometry":{"type":"Point","coordinates":[100.499056,13.752758]},"properties":{"q":"lawful-reuse","d":11.4,"f":3.6,"a":40.6,"v":2537500,"s":1,"dist":"Phra Nakhon","cl":"Tanao Road rows"}},{"type":"Feature","geometry":{"type":"Point","coordinates":[100.498156,13.751871]},"properties":{"q":"at-risk","d":15.4,"f":4.9,"a":76.2,"v":4762500,"s":1,"dist":"Phra Nakhon","cl":"Tanao Road rows"}},{"type":"Feature","geometry":{"type":"Point","coordinates":[100.49899,13.753216]},"properties":{"q":"lawful-reuse","d":13.4,"f":2.4,"a":30.0,"v":1875000,"s":1,"dist":"Phra Nakhon","cl":"Tanao Road rows"}},{"type":"Feature","geometry":{"type":"Point","coordinates":[100.498725,13.752738]},"properties":{"q":"lawful-reuse","d":12.5,"f":3.6,"a":43.6,"v":2725000,"s":1,"dist":"Phra Nakhon","cl":"Tanao Road rows"}},{"type":"Feature","geometry":{"type":"Point","coordinates":[100.498304,13.753048]},"properties":{"q":"lawful-reuse","d":10.3,"f":3.5,"a":36.0,"v":2250000,"s":1,"dist":"Phra Nakhon","cl":"Tanao Road rows"}},{"type":"Feature","geometry":{"type":"Point","coordinates":[100.499174,13.752799]},"properties":{"q":"at-risk","d":21.9,"f":3.8,"a":75.9,"v":4743750,"s":0,"dist":"Phra Nakhon","cl":"Tanao Road rows"}},{"type":"Feature","geometry":{"type":"Point","coordinates":[100.498744,13.759787]},"properties":{"q":"at-risk","d":14.7,"f":8.5,"a":112.5,"v":7031250,"s":0,"dist":"Phra Nakhon","cl":"Tanao Road rows"}},{"type":"Feature","geometry":{"type":"Point","coordinates":[100.498685,13.759373]},"properties":{"q":"at-risk","d":16.9,"f":7.5,"a":112.7,"v":7043750,"s":0,"dist":"Phra Nakhon","cl":"Tanao Road rows"}},{"type":"Feature","geometry":{"type":"Point","coordinates":[100.498584,13.759828]},"properties":{"q":"tell-the-owner","d":8.3,"f":7.2,"a":60.2,"v":3762500,"s":0,"dist":"Phra Nakhon","cl":"Tanao Road rows"}},{"type":"Feature","geometry":{"type":"Point","coordinates":[100.498886,13.755747]},"properties":{"q":"at-risk","d":22.7,"f":12.0,"a":272.5,"v":17031250,"s":0,"dist":"Phra Nakhon","cl":"Tanao Road rows"}},{"type":"Feature","geometry":{"type":"Point","coordinates":[100.498754,13.751655]},"properties":{"q":"at-risk","d":14.7,"f":5.7,"a":83.5,"v":5218750,"s":1,"dist":"Phra Nakhon","cl":"Tanao Road rows"}},{"type":"Feature","geometry":{"type":"Point","coordinates":[100.498475,13.758899]},"properties":{"q":"lawful-reuse","d":8.5,"f":6.2,"a":52.1,"v":3256250,"s":0,"dist":"Phra Nakhon","cl":"Tanao Road rows"}},{"type":"Feature","geometry":{"type":"Point","coordinates":[100.499046,13.7553]},"properties":{"q":"at-risk","d":19.1,"f":9.8,"a":186.4,"v":11650000,"s":0,"dist":"Phra Nakhon","cl":"Tanao Road rows"}},{"type":"Feature","geometry":{"type":"Point","coordinates":[100.498361,13.759037]},"properties":{"q":"lawful-reuse","d":7.5,"f":3.7,"a":26.5,"v":1656250,"s":1,"dist":"Phra Nakhon","cl":"Tanao Road rows"}},{"type":"Feature","geometry":{"type":"Point","coordinates":[100.499052,13.753209]},"properties":{"q":"lawful-reuse","d":12.8,"f":2.4,"a":28.6,"v":1787500,"s":1,"dist":"Phra Nakhon","cl":"Tanao Road rows"}},{"type":"Feature","geometry":{"type":"Point","coordinates":[100.498553,13.760007]},"properties":{"q":"at-risk","d":15.0,"f":6.2,"a":88.9,"v":5556250,"s":0,"dist":"Phra Nakhon","cl":"Tanao Road rows"}},{"type":"Feature","geometry":{"type":"Point","coordinates":[100.499306,13.753956]},"properties":{"q":"at-risk","d":29.9,"f":10.2,"a":290.7,"v":18168750,"s":0,"dist":"Phra Nakhon","cl":"Tanao Road rows"}},{"type":"Feature","geometry":{"type":"Point","coordinates":[100.498259,13.752596]},"properties":{"q":"lawful-reuse","d":11.5,"f":3.5,"a":38.6,"v":2412500,"s":1,"dist":"Phra Nakhon","cl":"Tanao Road rows"}},{"type":"Feature","geometry":{"type":"Point","coordinates":[100.499075,13.753607]},"properties":{"q":"tell-the-owner","d":13.2,"f":9.1,"a":116.6,"v":7287500,"s":0,"dist":"Phra Nakhon","cl":"Tanao Road rows"}},{"type":"Feature","geometry":{"type":"Point","coordinates":[100.498663,13.753668]},"properties":{"q":"lawful-reuse","d":13.0,"f":3.5,"a":43.4,"v":2712500,"s":1,"dist":"Phra Nakhon","cl":"Tanao Road rows"}},{"type":"Feature","geometry":{"type":"Point","coordinates":[100.498744,13.758342]},"properties":{"q":"low-pressure","d":14.1,"f":4.4,"a":56.9,"v":3556250,"s":1,"dist":"Phra Nakhon","cl":"Tanao Road rows"}},{"type":"Feature","geometry":{"type":"Point","coordinates":[100.498825,13.752744]},"properties":{"q":"lawful-reuse","d":12.1,"f":3.6,"a":42.8,"v":2675000,"s":1,"dist":"Phra Nakhon","cl":"Tanao Road rows"}},{"type":"Feature","geometry":{"type":"Point","coordinates":[100.498707,13.758357]},"properties":{"q":"lawful-reuse","d":12.9,"f":4.4,"a":52.0,"v":3250000,"s":1,"dist":"Phra Nakhon","cl":"Tanao Road rows"}},{"type":"Feature","geometry":{"type":"Point","coordinates":[100.498053,13.758911]},"properties":{"q":"at-risk","d":16.9,"f":9.1,"a":143.7,"v":8981250,"s":0,"dist":"Phra Nakhon","cl":"Tanao Road rows"}},{"type":"Feature","geometry":{"type":"Point","coordinates":[100.498499,13.752826]},"properties":{"q":"lawful-reuse","d":12.8,"f":3.9,"a":47.7,"v":2981250,"s":1,"dist":"Phra Nakhon","cl":"Tanao Road rows"}},{"type":"Feature","geometry":{"type":"Point","coordinates":[100.498866,13.75467]},"properties":{"q":"at-risk","d":20.7,"f":12.7,"a":261.8,"v":16362500,"s":0,"dist":"Phra Nakhon","cl":"Tanao Road rows"}},{"type":"Feature","geometry":{"type":"Point","coordinates":[100.498568,13.753228]},"properties":{"q":"low-pressure","d":14.9,"f":3.5,"a":51.7,"v":3231250,"s":1,"dist":"Phra Nakhon","cl":"Tanao Road rows"}},{"type":"Feature","geometry":{"type":"Point","coordinates":[100.499215,13.753861]},"properties":{"q":"low-pressure","d":15.2,"f":3.6,"a":53.8,"v":3362500,"s":1,"dist":"Phra Nakhon","cl":"Tanao Road rows"}},{"type":"Feature","geometry":{"type":"Point","coordinates":[100.498399,13.752236]},"properties":{"q":"lawful-reuse","d":11.5,"f":3.2,"a":35.6,"v":2225000,"s":1,"dist":"Phra Nakhon","cl":"Tanao Road rows"}},{"type":"Feature","geometry":{"type":"Point","coordinates":[100.498075,13.759675]},"properties":{"q":"at-risk","d":39.3,"f":15.1,"a":414.0,"v":25875000,"s":1,"dist":"Phra Nakhon","cl":"Tanao Road rows"}},{"type":"Feature","geometry":{"type":"Point","coordinates":[100.498253,13.752956]},"properties":{"q":"at-risk","d":14.8,"f":4.3,"a":62.8,"v":3925000,"s":1,"dist":"Phra Nakhon","cl":"Tanao Road rows"}},{"type":"Feature","geometry":{"type":"Point","coordinates":[100.498902,13.752555]},"properties":{"q":"at-risk","d":13.7,"f":8.8,"a":120.4,"v":7525000,"s":0,"dist":"Phra Nakhon","cl":"Tanao Road rows"}},{"type":"Feature","geometry":{"type":"Point","coordinates":[100.498442,13.759021]},"properties":{"q":"lawful-reuse","d":7.3,"f":5.1,"a":34.9,"v":2181250,"s":0,"dist":"Phra Nakhon","cl":"Tanao Road rows"}},{"type":"Feature","geometry":{"type":"Point","coordinates":[100.498407,13.752292]},"properties":{"q":"lawful-reuse","d":11.5,"f":3.2,"a":35.6,"v":2225000,"s":1,"dist":"Phra Nakhon","cl":"Tanao Road rows"}},{"type":"Feature","geometry":{"type":"Point","coordinates":[100.498236,13.752412]},"properties":{"q":"lawful-reuse","d":11.6,"f":2.9,"a":31.7,"v":1981250,"s":1,"dist":"Phra Nakhon","cl":"Tanao Road rows"}},{"type":"Feature","geometry":{"type":"Point","coordinates":[100.499154,13.753874]},"properties":{"q":"low-pressure","d":15.2,"f":3.6,"a":54.1,"v":3381250,"s":1,"dist":"Phra Nakhon","cl":"Tanao Road rows"}},{"type":"Feature","geometry":{"type":"Point","coordinates":[100.498181,13.752048]},"properties":{"q":"at-risk","d":15.4,"f":4.9,"a":76.2,"v":4762500,"s":1,"dist":"Phra Nakhon","cl":"Tanao Road rows"}},{"type":"Feature","geometry":{"type":"Point","coordinates":[100.498891,13.752748]},"properties":{"q":"lawful-reuse","d":11.9,"f":3.6,"a":42.1,"v":2631250,"s":1,"dist":"Phra Nakhon","cl":"Tanao Road rows"}},{"type":"Feature","geometry":{"type":"Point","coordinates":[100.498209,13.752411]},"properties":{"q":"lawful-reuse","d":11.6,"f":2.9,"a":31.9,"v":1993750,"s":1,"dist":"Phra Nakhon","cl":"Tanao Road rows"}},{"type":"Feature","geometry":{"type":"Point","coordinates":[100.498273,13.758571]},"properties":{"q":"lawful-reuse","d":9.0,"f":6.2,"a":55.5,"v":3468750,"s":0,"dist":"Phra Nakhon","cl":"Tanao Road rows"}},{"type":"Feature","geometry":{"type":"Point","coordinates":[100.498366,13.753529]},"properties":{"q":"lawful-reuse","d":12.7,"f":3.0,"a":37.8,"v":2362500,"s":0,"dist":"Phra Nakhon","cl":"Tanao Road rows"}},{"type":"Feature","geometry":{"type":"Point","coordinates":[100.498939,13.753629]},"properties":{"q":"lawful-reuse","d":12.0,"f":4.1,"a":49.5,"v":3093750,"s":1,"dist":"Phra Nakhon","cl":"Tanao Road rows"}},{"type":"Feature","geometry":{"type":"Point","coordinates":[100.498336,13.751825]},"properties":{"q":"at-risk","d":14.3,"f":5.6,"a":80.9,"v":5056250,"s":1,"dist":"Phra Nakhon","cl":"Tanao Road rows"}},{"type":"Feature","geometry":{"type":"Point","coordinates":[100.498579,13.753386]},"properties":{"q":"low-pressure","d":13.7,"f":3.5,"a":47.1,"v":2943750,"s":1,"dist":"Phra Nakhon","cl":"Tanao Road rows"}},{"type":"Feature","geometry":{"type":"Point","coordinates":[100.498411,13.752321]},"properties":{"q":"lawful-reuse","d":11.5,"f":3.2,"a":35.6,"v":2225000,"s":1,"dist":"Phra Nakhon","cl":"Tanao Road rows"}},{"type":"Feature","geometry":{"type":"Point","coordinates":[100.49826,13.752627]},"properties":{"q":"lawful-reuse","d":12.0,"f":3.5,"a":40.5,"v":2531250,"s":1,"dist":"Phra Nakhon","cl":"Tanao Road rows"}},{"type":"Feature","geometry":{"type":"Point","coordinates":[100.49856,13.758085]},"properties":{"q":"at-risk","d":23.3,"f":5.0,"a":106.3,"v":6643750,"s":1,"dist":"Phra Nakhon","cl":"Tanao Road rows"}},{"type":"Feature","geometry":{"type":"Point","coordinates":[100.498694,13.753664]},"properties":{"q":"lawful-reuse","d":12.9,"f":3.5,"a":43.5,"v":2718750,"s":1,"dist":"Phra Nakhon","cl":"Tanao Road rows"}},{"type":"Feature","geometry":{"type":"Point","coordinates":[100.498426,13.752378]},"properties":{"q":"lawful-reuse","d":11.4,"f":3.2,"a":35.6,"v":2225000,"s":1,"dist":"Phra Nakhon","cl":"Tanao Road rows"}},{"type":"Feature","geometry":{"type":"Point","coordinates":[100.498584,13.753449]},"properties":{"q":"lawful-reuse","d":13.2,"f":3.5,"a":45.5,"v":2843750,"s":1,"dist":"Phra Nakhon","cl":"Tanao Road rows"}},{"type":"Feature","geometry":{"type":"Point","coordinates":[100.498692,13.752736]},"properties":{"q":"lawful-reuse","d":12.6,"f":3.6,"a":43.9,"v":2743750,"s":1,"dist":"Phra Nakhon","cl":"Tanao Road rows"}},{"type":"Feature","geometry":{"type":"Point","coordinates":[100.498555,13.753262]},"properties":{"q":"low-pressure","d":14.7,"f":3.5,"a":50.8,"v":3175000,"s":1,"dist":"Phra Nakhon","cl":"Tanao Road rows"}},{"type":"Feature","geometry":{"type":"Point","coordinates":[100.498758,13.756526]},"properties":{"q":"lawful-reuse","d":5.9,"f":3.1,"a":18.3,"v":1143750,"s":0,"dist":"Phra Nakhon","cl":"Tanao Road rows"}},{"type":"Feature","geometry":{"type":"Point","coordinates":[100.498375,13.751925]},"properties":{"q":"at-risk","d":14.1,"f":5.9,"a":81.2,"v":5075000,"s":1,"dist":"Phra Nakhon","cl":"Tanao Road rows"}},{"type":"Feature","geometry":{"type":"Point","coordinates":[100.498423,13.752406]},"properties":{"q":"lawful-reuse","d":11.5,"f":3.3,"a":36.4,"v":2275000,"s":1,"dist":"Phra Nakhon","cl":"Tanao Road rows"}},{"type":"Feature","geometry":{"type":"Point","coordinates":[100.498902,13.753635]},"properties":{"q":"lawful-reuse","d":12.0,"f":4.1,"a":49.5,"v":3093750,"s":1,"dist":"Phra Nakhon","cl":"Tanao Road rows"}},{"type":"Feature","geometry":{"type":"Point","coordinates":[100.498864,13.754539]},"properties":{"q":"at-risk","d":26.3,"f":11.0,"a":288.4,"v":18025000,"s":1,"dist":"Phra Nakhon","cl":"Tanao Road rows"}},{"type":"Feature","geometry":{"type":"Point","coordinates":[100.49867,13.758372]},"properties":{"q":"lawful-reuse","d":11.7,"f":4.4,"a":47.0,"v":2937500,"s":1,"dist":"Phra Nakhon","cl":"Tanao Road rows"}},{"type":"Feature","geometry":{"type":"Point","coordinates":[100.499024,13.758796]},"properties":{"q":"lawful-reuse","d":12.2,"f":3.5,"a":42.4,"v":2650000,"s":0,"dist":"Phra Nakhon","cl":"Tanao Road rows"}},{"type":"Feature","geometry":{"type":"Point","coordinates":[100.498221,13.758587]},"properties":{"q":"lawful-reuse","d":9.0,"f":4.3,"a":38.8,"v":2425000,"s":0,"dist":"Phra Nakhon","cl":"Tanao Road rows"}},{"type":"Feature","geometry":{"type":"Point","coordinates":[100.498843,13.753277]},"properties":{"q":"at-risk","d":20.4,"f":4.4,"a":88.5,"v":5531250,"s":1,"dist":"Phra Nakhon","cl":"Tanao Road rows"}},{"type":"Feature","geometry":{"type":"Point","coordinates":[100.498975,13.751708]},"properties":{"q":"at-risk","d":15.3,"f":5.5,"a":85.1,"v":5318750,"s":0,"dist":"Phra Nakhon","cl":"Tanao Road rows"}},{"type":"Feature","geometry":{"type":"Point","coordinates":[100.499013,13.758703]},"properties":{"q":"lawful-reuse","d":12.2,"f":3.5,"a":42.4,"v":2650000,"s":0,"dist":"Phra Nakhon","cl":"Tanao Road rows"}},{"type":"Feature","geometry":{"type":"Point","coordinates":[100.49894,13.755164]},"properties":{"q":"lawful-reuse","d":8.1,"f":6.4,"a":51.5,"v":3218750,"s":0,"dist":"Phra Nakhon","cl":"Tanao Road rows"}},{"type":"Feature","geometry":{"type":"Point","coordinates":[100.498602,13.758072]},"properties":{"q":"at-risk","d":22.3,"f":5.0,"a":102.2,"v":6387500,"s":1,"dist":"Phra Nakhon","cl":"Tanao Road rows"}},{"type":"Feature","geometry":{"type":"Point","coordinates":[100.498817,13.752554]},"properties":{"q":"tell-the-owner","d":12.9,"f":8.8,"a":114.3,"v":7143750,"s":0,"dist":"Phra Nakhon","cl":"Tanao Road rows"}},{"type":"Feature","geometry":{"type":"Point","coordinates":[100.498147,13.752294]},"properties":{"q":"low-pressure","d":13.6,"f":3.3,"a":45.5,"v":2843750,"s":0,"dist":"Phra Nakhon","cl":"Tanao Road rows"}},{"type":"Feature","geometry":{"type":"Point","coordinates":[100.498043,13.758408]},"properties":{"q":"at-risk","d":15.5,"f":4.3,"a":67.0,"v":4187500,"s":0,"dist":"Phra Nakhon","cl":"Tanao Road rows"}},{"type":"Feature","geometry":{"type":"Point","coordinates":[100.499031,13.758858]},"properties":{"q":"lawful-reuse","d":12.2,"f":3.5,"a":42.4,"v":2650000,"s":0,"dist":"Phra Nakhon","cl":"Tanao Road rows"}},{"type":"Feature","geometry":{"type":"Point","coordinates":[100.498948,13.758285]},"properties":{"q":"lawful-reuse","d":12.2,"f":3.7,"a":45.6,"v":2850000,"s":1,"dist":"Phra Nakhon","cl":"Tanao Road rows"}},{"type":"Feature","geometry":{"type":"Point","coordinates":[100.499102,13.752132]},"properties":{"q":"lawful-reuse","d":13.2,"f":3.9,"a":50.0,"v":3125000,"s":0,"dist":"Phra Nakhon","cl":"Tanao Road rows"}},{"type":"Feature","geometry":{"type":"Point","coordinates":[100.498675,13.75601]},"properties":{"q":"lawful-reuse","d":6.3,"f":3.5,"a":21.9,"v":1368750,"s":0,"dist":"Phra Nakhon","cl":"Tanao Road rows"}},{"type":"Feature","geometry":{"type":"Point","coordinates":[100.498991,13.758516]},"properties":{"q":"lawful-reuse","d":12.2,"f":3.5,"a":42.5,"v":2656250,"s":0,"dist":"Phra Nakhon","cl":"Tanao Road rows"}},{"type":"Feature","geometry":{"type":"Point","coordinates":[100.498178,13.752963]},"properties":{"q":"low-pressure","d":13.6,"f":3.5,"a":48.0,"v":3000000,"s":0,"dist":"Phra Nakhon","cl":"Tanao Road rows"}},{"type":"Feature","geometry":{"type":"Point","coordinates":[100.499017,13.758734]},"properties":{"q":"lawful-reuse","d":12.2,"f":3.5,"a":42.4,"v":2650000,"s":0,"dist":"Phra Nakhon","cl":"Tanao Road rows"}},{"type":"Feature","geometry":{"type":"Point","coordinates":[100.498857,13.752397]},"properties":{"q":"at-risk","d":19.1,"f":11.6,"a":168.8,"v":10550000,"s":0,"dist":"Phra Nakhon","cl":"Tanao Road rows"}},{"type":"Feature","geometry":{"type":"Point","coordinates":[100.498243,13.760155]},"properties":{"q":"at-risk","d":22.2,"f":12.0,"a":264.4,"v":16525000,"s":0,"dist":"Phra Nakhon","cl":"Tanao Road rows"}},{"type":"Feature","geometry":{"type":"Point","coordinates":[100.498606,13.752301]},"properties":{"q":"at-risk","d":27.3,"f":19.1,"a":467.1,"v":29193750,"s":0,"dist":"Phra Nakhon","cl":"Tanao Road rows"}},{"type":"Feature","geometry":{"type":"Point","coordinates":[100.498474,13.752683]},"properties":{"q":"tell-the-owner","d":12.8,"f":5.9,"a":70.9,"v":4431250,"s":1,"dist":"Phra Nakhon","cl":"Tanao Road rows"}},{"type":"Feature","geometry":{"type":"Point","coordinates":[100.498856,13.753872]},"properties":{"q":"tell-the-owner","d":11.5,"f":7.2,"a":82.9,"v":5181250,"s":1,"dist":"Phra Nakhon","cl":"Tanao Road rows"}},{"type":"Feature","geometry":{"type":"Point","coordinates":[100.49856,13.752729]},"properties":{"q":"lawful-reuse","d":13.0,"f":3.6,"a":45.2,"v":2825000,"s":1,"dist":"Phra Nakhon","cl":"Tanao Road rows"}},{"type":"Feature","geometry":{"type":"Point","coordinates":[100.498977,13.753623]},"properties":{"q":"lawful-reuse","d":12.0,"f":4.1,"a":49.4,"v":3087500,"s":1,"dist":"Phra Nakhon","cl":"Tanao Road rows"}},{"type":"Feature","geometry":{"type":"Point","coordinates":[100.498633,13.758386]},"properties":{"q":"lawful-reuse","d":10.5,"f":4.5,"a":42.1,"v":2631250,"s":1,"dist":"Phra Nakhon","cl":"Tanao Road rows"}},{"type":"Feature","geometry":{"type":"Point","coordinates":[100.498102,13.752404]},"properties":{"q":"lawful-reuse","d":11.7,"f":2.9,"a":32.3,"v":2018750,"s":0,"dist":"Phra Nakhon","cl":"Tanao Road rows"}},{"type":"Feature","geometry":{"type":"Point","coordinates":[100.49838,13.751608]},"properties":{"q":"at-risk","d":19.4,"f":7.7,"a":90.0,"v":5625000,"s":0,"dist":"Phra Nakhon","cl":"Tanao Road rows"}},{"type":"Feature","geometry":{"type":"Point","coordinates":[100.499015,13.753618]},"properties":{"q":"lawful-reuse","d":12.0,"f":4.1,"a":49.5,"v":3093750,"s":1,"dist":"Phra Nakhon","cl":"Tanao Road rows"}},{"type":"Feature","geometry":{"type":"Point","coordinates":[100.498482,13.759902]},"properties":{"q":"lawful-reuse","d":7.5,"f":6.5,"a":49.3,"v":3081250,"s":0,"dist":"Phra Nakhon","cl":"Tanao Road rows"}},{"type":"Feature","geometry":{"type":"Point","coordinates":[100.498502,13.758138]},"properties":{"q":"at-risk","d":26.9,"f":12.1,"a":208.4,"v":13025000,"s":1,"dist":"Phra Nakhon","cl":"Tanao Road rows"}},{"type":"Feature","geometry":{"type":"Point","coordinates":[100.49892,13.755291]},"properties":{"q":"at-risk","d":16.8,"f":11.7,"a":151.8,"v":9487500,"s":0,"dist":"Phra Nakhon","cl":"Tanao Road rows"}},{"type":"Feature","geometry":{"type":"Point","coordinates":[100.498116,13.752292]},"properties":{"q":"low-pressure","d":13.6,"f":3.4,"a":45.6,"v":2850000,"s":0,"dist":"Phra Nakhon","cl":"Tanao Road rows"}},{"type":"Feature","geometry":{"type":"Point","coordinates":[100.498704,13.756285]},"properties":{"q":"tell-the-owner","d":12.3,"f":6.7,"a":82.8,"v":5175000,"s":0,"dist":"Phra Nakhon","cl":"Tanao Road rows"}},{"type":"Feature","geometry":{"type":"Point","coordinates":[100.498385,13.753691]},"properties":{"q":"lawful-reuse","d":12.9,"f":3.0,"a":38.2,"v":2387500,"s":0,"dist":"Phra Nakhon","cl":"Tanao Road rows"}},{"type":"Feature","geometry":{"type":"Point","coordinates":[100.498561,13.753194]},"properties":{"q":"low-pressure","d":15.2,"f":3.5,"a":47.9,"v":2993750,"s":1,"dist":"Phra Nakhon","cl":"Tanao Road rows"}},{"type":"Feature","geometry":{"type":"Point","coordinates":[100.498378,13.758086]},"properties":{"q":"tell-the-owner","d":11.0,"f":6.6,"a":62.2,"v":3887500,"s":0,"dist":"Phra Nakhon","cl":"Tanao Road rows"}},{"type":"Feature","geometry":{"type":"Point","coordinates":[100.49902,13.758765]},"properties":{"q":"lawful-reuse","d":12.2,"f":3.5,"a":42.4,"v":2650000,"s":0,"dist":"Phra Nakhon","cl":"Tanao Road rows"}},{"type":"Feature","geometry":{"type":"Point","coordinates":[100.498915,13.75613]},"properties":{"q":"at-risk","d":40.5,"f":13.3,"a":536.6,"v":33537500,"s":1,"dist":"Phra Nakhon","cl":"Tanao Road rows"}},{"type":"Feature","geometry":{"type":"Point","coordinates":[100.498448,13.759085]},"properties":{"q":"lawful-reuse","d":6.3,"f":4.8,"a":30.2,"v":1887500,"s":0,"dist":"Phra Nakhon","cl":"Tanao Road rows"}},{"type":"Feature","geometry":{"type":"Point","coordinates":[100.498974,13.753496]},"properties":{"q":"at-risk","d":24.0,"f":16.8,"a":399.9,"v":24993750,"s":0,"dist":"Phra Nakhon","cl":"Tanao Road rows"}},{"type":"Feature","geometry":{"type":"Point","coordinates":[100.498138,13.752801]},"properties":{"q":"lawful-reuse","d":11.7,"f":3.1,"a":35.5,"v":2218750,"s":0,"dist":"Phra Nakhon","cl":"Tanao Road rows"}},{"type":"Feature","geometry":{"type":"Point","coordinates":[100.498666,13.753919]},"properties":{"q":"lawful-reuse","d":11.6,"f":4.7,"a":42.2,"v":2637500,"s":1,"dist":"Phra Nakhon","cl":"Tanao Road rows"}},{"type":"Feature","geometry":{"type":"Point","coordinates":[100.497976,13.758845]},"properties":{"q":"at-risk","d":17.4,"f":8.3,"a":137.0,"v":8562500,"s":0,"dist":"Phra Nakhon","cl":"Tanao Road rows"}},{"type":"Feature","geometry":{"type":"Point","coordinates":[100.498156,13.752407]},"properties":{"q":"lawful-reuse","d":11.7,"f":2.9,"a":32.1,"v":2006250,"s":0,"dist":"Phra Nakhon","cl":"Tanao Road rows"}},{"type":"Feature","geometry":{"type":"Point","coordinates":[100.499114,13.756757]},"properties":{"q":"at-risk","d":30.2,"f":14.3,"a":224.1,"v":14006250,"s":0,"dist":"Phra Nakhon","cl":"Tanao Road rows"}},{"type":"Feature","geometry":{"type":"Point","coordinates":[100.498638,13.759987]},"properties":{"q":"at-risk","d":18.3,"f":6.0,"a":103.4,"v":6462500,"s":1,"dist":"Phra Nakhon","cl":"Tanao Road rows"}},{"type":"Feature","geometry":{"type":"Point","coordinates":[100.498198,13.759561]},"properties":{"q":"at-risk","d":13.8,"f":11.6,"a":149.8,"v":9362500,"s":0,"dist":"Phra Nakhon","cl":"Tanao Road rows"}},{"type":"Feature","geometry":{"type":"Point","coordinates":[100.498805,13.758978]},"properties":{"q":"at-risk","d":15.3,"f":6.3,"a":91.5,"v":5718750,"s":0,"dist":"Phra Nakhon","cl":"Tanao Road rows"}},{"type":"Feature","geometry":{"type":"Point","coordinates":[100.498252,13.758299]},"properties":{"q":"at-risk","d":14.8,"f":8.1,"a":120.0,"v":7500000,"s":0,"dist":"Phra Nakhon","cl":"Tanao Road rows"}},{"type":"Feature","geometry":{"type":"Point","coordinates":[100.498756,13.753655]},"properties":{"q":"lawful-reuse","d":12.8,"f":3.5,"a":43.3,"v":2706250,"s":1,"dist":"Phra Nakhon","cl":"Tanao Road rows"}},{"type":"Feature","geometry":{"type":"Point","coordinates":[100.499317,13.753849]},"properties":{"q":"low-pressure","d":15.2,"f":3.6,"a":53.7,"v":3356250,"s":0,"dist":"Phra Nakhon","cl":"Tanao Road rows"}},{"type":"Feature","geometry":{"type":"Point","coordinates":[100.498425,13.754245]},"properties":{"q":"low-pressure","d":17.5,"f":3.1,"a":45.5,"v":2843750,"s":0,"dist":"Phra Nakhon","cl":"Tanao Road rows"}},{"type":"Feature","geometry":{"type":"Point","coordinates":[100.498502,13.752861]},"properties":{"q":"lawful-reuse","d":12.7,"f":3.9,"a":47.6,"v":2975000,"s":1,"dist":"Phra Nakhon","cl":"Tanao Road rows"}},{"type":"Feature","geometry":{"type":"Point","coordinates":[100.498257,13.752565]},"properties":{"q":"lawful-reuse","d":10.9,"f":3.5,"a":36.5,"v":2281250,"s":1,"dist":"Phra Nakhon","cl":"Tanao Road rows"}},{"type":"Feature","geometry":{"type":"Point","coordinates":[100.499051,13.755409]},"properties":{"q":"lawful-reuse","d":8.0,"f":2.4,"a":19.5,"v":1218750,"s":1,"dist":"Phra Nakhon","cl":"Tanao Road rows"}},{"type":"Feature","geometry":{"type":"Point","coordinates":[100.498427,13.752435]},"properties":{"q":"lawful-reuse","d":11.4,"f":3.2,"a":34.8,"v":2175000,"s":1,"dist":"Phra Nakhon","cl":"Tanao Road rows"}},{"type":"Feature","geometry":{"type":"Point","coordinates":[100.498496,13.752792]},"properties":{"q":"lawful-reuse","d":12.9,"f":3.9,"a":48.0,"v":3000000,"s":1,"dist":"Phra Nakhon","cl":"Tanao Road rows"}},{"type":"Feature","geometry":{"type":"Point","coordinates":[100.498265,13.75272]},"properties":{"q":"low-pressure","d":13.7,"f":3.5,"a":46.4,"v":2900000,"s":1,"dist":"Phra Nakhon","cl":"Tanao Road rows"}},{"type":"Feature","geometry":{"type":"Point","coordinates":[100.49838,13.753653]},"properties":{"q":"tell-the-owner","d":13.0,"f":6.0,"a":76.1,"v":4756250,"s":0,"dist":"Phra Nakhon","cl":"Tanao Road rows"}},{"type":"Feature","geometry":{"type":"Point","coordinates":[100.498803,13.75388]},"properties":{"q":"lawful-reuse","d":11.5,"f":3.6,"a":41.4,"v":2587500,"s":1,"dist":"Phra Nakhon","cl":"Tanao Road rows"}},{"type":"Feature","geometry":{"type":"Point","coordinates":[100.498251,13.75892]},"properties":{"q":"tell-the-owner","d":11.8,"f":7.6,"a":83.0,"v":5187500,"s":0,"dist":"Phra Nakhon","cl":"Tanao Road rows"}},{"type":"Feature","geometry":{"type":"Point","coordinates":[100.499093,13.753204]},"properties":{"q":"lawful-reuse","d":12.4,"f":2.4,"a":27.6,"v":1725000,"s":1,"dist":"Phra Nakhon","cl":"Tanao Road rows"}},{"type":"Feature","geometry":{"type":"Point","coordinates":[100.498494,13.751625]},"properties":{"q":"at-risk","d":14.8,"f":5.7,"a":83.5,"v":5218750,"s":1,"dist":"Phra Nakhon","cl":"Tanao Road rows"}},{"type":"Feature","geometry":{"type":"Point","coordinates":[100.498942,13.758218]},"properties":{"q":"lawful-reuse","d":10.1,"f":3.8,"a":27.1,"v":1693750,"s":0,"dist":"Phra Nakhon","cl":"Tanao Road rows"}},{"type":"Feature","geometry":{"type":"Point","coordinates":[100.499076,13.756131]},"properties":{"q":"at-risk","d":15.9,"f":13.2,"a":210.1,"v":13131250,"s":0,"dist":"Phra Nakhon","cl":"Tanao Road rows"}},{"type":"Feature","geometry":{"type":"Point","coordinates":[100.498694,13.756048]},"properties":{"q":"lawful-reuse","d":6.1,"f":2.7,"a":16.7,"v":1043750,"s":0,"dist":"Phra Nakhon","cl":"Tanao Road rows"}},{"type":"Feature","geometry":{"type":"Point","coordinates":[100.498431,13.752463]},"properties":{"q":"lawful-reuse","d":11.4,"f":3.2,"a":35.4,"v":2212500,"s":1,"dist":"Phra Nakhon","cl":"Tanao Road rows"}},{"type":"Feature","geometry":{"type":"Point","coordinates":[100.498718,13.759437]},"properties":{"q":"tell-the-owner","d":13.5,"f":6.5,"a":74.0,"v":4625000,"s":0,"dist":"Phra Nakhon","cl":"Tanao Road rows"}},{"type":"Feature","geometry":{"type":"Point","coordinates":[100.49813,13.758748]},"properties":{"q":"at-risk","d":25.0,"f":13.5,"a":301.7,"v":18856250,"s":0,"dist":"Phra Nakhon","cl":"Tanao Road rows"}},{"type":"Feature","geometry":{"type":"Point","coordinates":[100.498673,13.754389]},"properties":{"q":"lawful-reuse","d":10.3,"f":4.1,"a":42.0,"v":2625000,"s":0,"dist":"Phra Nakhon","cl":"Tanao Road rows"}},{"type":"Feature","geometry":{"type":"Point","coordinates":[100.498648,13.755849]},"properties":{"q":"at-risk","d":17.4,"f":11.9,"a":206.4,"v":12900000,"s":0,"dist":"Phra Nakhon","cl":"Tanao Road rows"}},{"type":"Feature","geometry":{"type":"Point","coordinates":[100.498902,13.753865]},"properties":{"q":"lawful-reuse","d":11.5,"f":3.6,"a":41.4,"v":2587500,"s":1,"dist":"Phra Nakhon","cl":"Tanao Road rows"}},{"type":"Feature","geometry":{"type":"Point","coordinates":[100.498803,13.759243]},"properties":{"q":"low-pressure","d":14.1,"f":3.6,"a":50.6,"v":3162500,"s":1,"dist":"Phra Nakhon","cl":"Tanao Road rows"}},{"type":"Feature","geometry":{"type":"Point","coordinates":[100.498672,13.756106]},"properties":{"q":"lawful-reuse","d":13.3,"f":3.3,"a":43.4,"v":2712500,"s":1,"dist":"Phra Nakhon","cl":"Tanao Road rows"}},{"type":"Feature","geometry":{"type":"Point","coordinates":[100.49899,13.752754]},"properties":{"q":"lawful-reuse","d":11.6,"f":3.6,"a":41.2,"v":2575000,"s":1,"dist":"Phra Nakhon","cl":"Tanao Road rows"}},{"type":"Feature","geometry":{"type":"Point","coordinates":[100.498632,13.759301]},"properties":{"q":"at-risk","d":13.8,"f":8.3,"a":104.8,"v":6550000,"s":0,"dist":"Phra Nakhon","cl":"Tanao Road rows"}},{"type":"Feature","geometry":{"type":"Point","coordinates":[100.499103,13.752305]},"properties":{"q":"lawful-reuse","d":12.3,"f":3.9,"a":47.0,"v":2937500,"s":0,"dist":"Phra Nakhon","cl":"Tanao Road rows"}},{"type":"Feature","geometry":{"type":"Point","coordinates":[100.49846,13.756957]},"properties":{"q":"at-risk","d":75.2,"f":24.6,"a":1565.6,"v":97850000,"s":0,"dist":"Phra Nakhon","cl":"Tanao Road rows"}},{"type":"Feature","geometry":{"type":"Point","coordinates":[100.498264,13.752412]},"properties":{"q":"lawful-reuse","d":11.5,"f":2.9,"a":31.3,"v":1956250,"s":1,"dist":"Phra Nakhon","cl":"Tanao Road rows"}},{"type":"Feature","geometry":{"type":"Point","coordinates":[100.498256,13.752996]},"properties":{"q":"at-risk","d":14.8,"f":4.5,"a":65.5,"v":4093750,"s":0,"dist":"Phra Nakhon","cl":"Tanao Road rows"}},{"type":"Feature","geometry":{"type":"Point","coordinates":[100.498802,13.753279]},"properties":{"q":"at-risk","d":20.8,"f":4.4,"a":90.3,"v":5643750,"s":1,"dist":"Phra Nakhon","cl":"Tanao Road rows"}},{"type":"Feature","geometry":{"type":"Point","coordinates":[100.498695,13.756213]},"properties":{"q":"tell-the-owner","d":12.3,"f":10.1,"a":123.7,"v":7731250,"s":0,"dist":"Phra Nakhon","cl":"Tanao Road rows"}},{"type":"Feature","geometry":{"type":"Point","coordinates":[100.498811,13.758007]},"properties":{"q":"at-risk","d":18.3,"f":5.0,"a":81.3,"v":5081250,"s":1,"dist":"Phra Nakhon","cl":"Tanao Road rows"}},{"type":"Feature","geometry":{"type":"Point","coordinates":[100.498924,13.75275]},"properties":{"q":"lawful-reuse","d":11.8,"f":3.6,"a":41.8,"v":2612500,"s":1,"dist":"Phra Nakhon","cl":"Tanao Road rows"}},{"type":"Feature","geometry":{"type":"Point","coordinates":[100.498694,13.754607]},"properties":{"q":"lawful-reuse","d":10.4,"f":2.9,"a":29.9,"v":1868750,"s":1,"dist":"Phra Nakhon","cl":"Tanao Road rows"}},{"type":"Feature","geometry":{"type":"Point","coordinates":[100.498387,13.75976]},"properties":{"q":"tell-the-owner","d":12.3,"f":10.2,"a":125.0,"v":7812500,"s":0,"dist":"Phra Nakhon","cl":"Tanao Road rows"}},{"type":"Feature","geometry":{"type":"Point","coordinates":[100.498135,13.758366]},"properties":{"q":"at-risk","d":14.8,"f":4.1,"a":60.1,"v":3756250,"s":0,"dist":"Phra Nakhon","cl":"Tanao Road rows"}},{"type":"Feature","geometry":{"type":"Point","coordinates":[100.49865,13.754081]},"properties":{"q":"lawful-reuse","d":10.4,"f":3.8,"a":39.7,"v":2481250,"s":1,"dist":"Phra Nakhon","cl":"Tanao Road rows"}},{"type":"Feature","geometry":{"type":"Point","coordinates":[100.498855,13.758299]},"properties":{"q":"at-risk","d":18.0,"f":4.3,"a":71.8,"v":4487500,"s":1,"dist":"Phra Nakhon","cl":"Tanao Road rows"}},{"type":"Feature","geometry":{"type":"Point","coordinates":[100.498403,13.752264]},"properties":{"q":"lawful-reuse","d":11.5,"f":3.2,"a":35.6,"v":2225000,"s":1,"dist":"Phra Nakhon","cl":"Tanao Road rows"}},{"type":"Feature","geometry":{"type":"Point","coordinates":[100.499284,13.753854]},"properties":{"q":"low-pressure","d":15.2,"f":3.6,"a":53.7,"v":3356250,"s":0,"dist":"Phra Nakhon","cl":"Tanao Road rows"}},{"type":"Feature","geometry":{"type":"Point","coordinates":[100.499312,13.754502]},"properties":{"q":"lawful-reuse","d":9.8,"f":3.8,"a":37.4,"v":2337500,"s":0,"dist":"Phra Nakhon","cl":"Tanao Road rows"}},{"type":"Feature","geometry":{"type":"Point","coordinates":[100.498305,13.759092]},"properties":{"q":"lawful-reuse","d":12.3,"f":4.8,"a":51.3,"v":3206250,"s":1,"dist":"Phra Nakhon","cl":"Tanao Road rows"}},{"type":"Feature","geometry":{"type":"Point","coordinates":[100.498682,13.751647]},"properties":{"q":"at-risk","d":14.8,"f":11.3,"a":166.9,"v":10431250,"s":0,"dist":"Phra Nakhon","cl":"Tanao Road rows"}},{"type":"Feature","geometry":{"type":"Point","coordinates":[100.499173,13.753038]},"properties":{"q":"at-risk","d":14.1,"f":4.3,"a":60.1,"v":3756250,"s":0,"dist":"Phra Nakhon","cl":"Tanao Road rows"}},{"type":"Feature","geometry":{"type":"Point","coordinates":[100.4981,13.752124]},"properties":{"q":"lawful-reuse","d":8.2,"f":3.6,"a":29.2,"v":1825000,"s":0,"dist":"Phra Nakhon","cl":"Tanao Road rows"}},{"type":"Feature","geometry":{"type":"Point","coordinates":[100.498387,13.75201]},"properties":{"q":"at-risk","d":14.2,"f":12.0,"a":163.9,"v":10243750,"s":0,"dist":"Phra Nakhon","cl":"Tanao Road rows"}},{"type":"Feature","geometry":{"type":"Point","coordinates":[100.498803,13.758318]},"properties":{"q":"at-risk","d":16.5,"f":8.7,"a":128.6,"v":8037500,"s":0,"dist":"Phra Nakhon","cl":"Tanao Road rows"}},{"type":"Feature","geometry":{"type":"Point","coordinates":[100.498957,13.752752]},"properties":{"q":"lawful-reuse","d":11.7,"f":3.6,"a":41.5,"v":2593750,"s":1,"dist":"Phra Nakhon","cl":"Tanao Road rows"}},{"type":"Feature","geometry":{"type":"Point","coordinates":[100.499042,13.75596]},"properties":{"q":"at-risk","d":18.4,"f":9.1,"a":167.1,"v":10443750,"s":0,"dist":"Phra Nakhon","cl":"Tanao Road rows"}},{"type":"Feature","geometry":{"type":"Point","coordinates":[100.498255,13.752534]},"properties":{"q":"lawful-reuse","d":10.3,"f":3.5,"a":34.6,"v":2162500,"s":1,"dist":"Phra Nakhon","cl":"Tanao Road rows"}},{"type":"Feature","geometry":{"type":"Point","coordinates":[100.49894,13.758249]},"properties":{"q":"lawful-reuse","d":12.2,"f":3.7,"a":45.6,"v":2850000,"s":1,"dist":"Phra Nakhon","cl":"Tanao Road rows"}},{"type":"Feature","geometry":{"type":"Point","coordinates":[100.498479,13.755903]},"properties":{"q":"at-risk","d":16.6,"f":9.0,"a":149.7,"v":9356250,"s":0,"dist":"Phra Nakhon","cl":"Tanao Road rows"}},{"type":"Feature","geometry":{"type":"Point","coordinates":[100.498857,13.759219]},"properties":{"q":"tell-the-owner","d":10.8,"f":5.4,"a":58.1,"v":3631250,"s":0,"dist":"Phra Nakhon","cl":"Tanao Road rows"}},{"type":"Feature","geometry":{"type":"Point","coordinates":[100.498085,13.75229]},"properties":{"q":"low-pressure","d":13.6,"f":3.3,"a":45.5,"v":2843750,"s":0,"dist":"Phra Nakhon","cl":"Tanao Road rows"}},{"type":"Feature","geometry":{"type":"Point","coordinates":[100.498758,13.75274]},"properties":{"q":"lawful-reuse","d":12.4,"f":3.6,"a":43.3,"v":2706250,"s":1,"dist":"Phra Nakhon","cl":"Tanao Road rows"}},{"type":"Feature","geometry":{"type":"Point","coordinates":[100.498965,13.75327]},"properties":{"q":"at-risk","d":19.2,"f":4.4,"a":82.7,"v":5168750,"s":1,"dist":"Phra Nakhon","cl":"Tanao Road rows"}},{"type":"Feature","geometry":{"type":"Point","coordinates":[100.498311,13.758279]},"properties":{"q":"tell-the-owner","d":12.2,"f":5.1,"a":60.6,"v":3787500,"s":0,"dist":"Phra Nakhon","cl":"Tanao Road rows"}},{"type":"Feature","geometry":{"type":"Point","coordinates":[100.498493,13.752757]},"properties":{"q":"lawful-reuse","d":13.0,"f":3.9,"a":48.1,"v":3006250,"s":1,"dist":"Phra Nakhon","cl":"Tanao Road rows"}},{"type":"Feature","geometry":{"type":"Point","coordinates":[100.498267,13.752751]},"properties":{"q":"low-pressure","d":14.3,"f":3.5,"a":48.4,"v":3025000,"s":1,"dist":"Phra Nakhon","cl":"Tanao Road rows"}},{"type":"Feature","geometry":{"type":"Point","coordinates":[100.497528,13.760633]},"properties":{"q":"at-risk","d":31.6,"f":10.0,"a":304.8,"v":19050000,"s":1,"dist":"Phra Nakhon","cl":"Tani Road rows"}},{"type":"Feature","geometry":{"type":"Point","coordinates":[100.498747,13.76033]},"properties":{"q":"at-risk","d":14.6,"f":11.1,"a":104.3,"v":6518750,"s":0,"dist":"Phra Nakhon","cl":"Tani Road rows"}},{"type":"Feature","geometry":{"type":"Point","coordinates":[100.497033,13.760686]},"properties":{"q":"at-risk","d":27.6,"f":12.5,"a":343.8,"v":21487500,"s":0,"dist":"Phra Nakhon","cl":"Tani Road rows"}},{"type":"Feature","geometry":{"type":"Point","coordinates":[100.49689,13.760657]},"properties":{"q":"at-risk","d":17.7,"f":6.4,"a":113.9,"v":7118750,"s":1,"dist":"Phra Nakhon","cl":"Tani Road rows"}},{"type":"Feature","geometry":{"type":"Point","coordinates":[100.498819,13.760436]},"properties":{"q":"lawful-reuse","d":9.2,"f":5.1,"a":47.2,"v":2950000,"s":0,"dist":"Phra Nakhon","cl":"Tani Road rows"}},{"type":"Feature","geometry":{"type":"Point","coordinates":[100.496746,13.760119]},"properties":{"q":"at-risk","d":30.2,"f":13.1,"a":373.8,"v":23362500,"s":0,"dist":"Phra Nakhon","cl":"Tani Road rows"}},{"type":"Feature","geometry":{"type":"Point","coordinates":[100.497689,13.760515]},"properties":{"q":"at-risk","d":15.3,"f":5.3,"a":81.4,"v":5087500,"s":1,"dist":"Phra Nakhon","cl":"Tani Road rows"}},{"type":"Feature","geometry":{"type":"Point","coordinates":[100.49676,13.760256]},"properties":{"q":"lawful-reuse","d":13.5,"f":3.9,"a":51.2,"v":3200000,"s":1,"dist":"Phra Nakhon","cl":"Tani Road rows"}},{"type":"Feature","geometry":{"type":"Point","coordinates":[100.498927,13.760297]},"properties":{"q":"tell-the-owner","d":9.0,"f":7.6,"a":67.9,"v":4243750,"s":0,"dist":"Phra Nakhon","cl":"Tani Road rows"}},{"type":"Feature","geometry":{"type":"Point","coordinates":[100.498333,13.760363]},"properties":{"q":"lawful-reuse","d":5.4,"f":3.0,"a":16.1,"v":1006250,"s":0,"dist":"Phra Nakhon","cl":"Tani Road rows"}},{"type":"Feature","geometry":{"type":"Point","coordinates":[100.49888,13.760395]},"properties":{"q":"lawful-reuse","d":7.5,"f":5.2,"a":39.2,"v":2450000,"s":0,"dist":"Phra Nakhon","cl":"Tani Road rows"}},{"type":"Feature","geometry":{"type":"Point","coordinates":[100.499037,13.760429]},"properties":{"q":"tell-the-owner","d":13.4,"f":5.1,"a":67.8,"v":4237500,"s":1,"dist":"Phra Nakhon","cl":"Tani Road rows"}},{"type":"Feature","geometry":{"type":"Point","coordinates":[100.49691,13.760805]},"properties":{"q":"lawful-reuse","d":8.6,"f":3.7,"a":31.9,"v":1993750,"s":0,"dist":"Phra Nakhon","cl":"Tani Road rows"}},{"type":"Feature","geometry":{"type":"Point","coordinates":[100.498876,13.760216]},"properties":{"q":"at-risk","d":15.2,"f":9.0,"a":135.9,"v":8493750,"s":0,"dist":"Phra Nakhon","cl":"Tani Road rows"}},{"type":"Feature","geometry":{"type":"Point","coordinates":[100.496566,13.760857]},"properties":{"q":"at-risk","d":14.2,"f":5.9,"a":80.5,"v":5031250,"s":0,"dist":"Phra Nakhon","cl":"Tani Road rows"}},{"type":"Feature","geometry":{"type":"Point","coordinates":[100.498646,13.760234]},"properties":{"q":"at-risk","d":13.8,"f":4.4,"a":60.1,"v":3756250,"s":1,"dist":"Phra Nakhon","cl":"Tani Road rows"}},{"type":"Feature","geometry":{"type":"Point","coordinates":[100.497857,13.760213]},"properties":{"q":"tell-the-owner","d":13.0,"f":6.3,"a":81.7,"v":5106250,"s":0,"dist":"Phra Nakhon","cl":"Tani Road rows"}},{"type":"Feature","geometry":{"type":"Point","coordinates":[100.498517,13.760405]},"properties":{"q":"at-risk","d":16.9,"f":9.8,"a":165.8,"v":10362500,"s":0,"dist":"Phra Nakhon","cl":"Tani Road rows"}},{"type":"Feature","geometry":{"type":"Point","coordinates":[100.497797,13.76046]},"properties":{"q":"at-risk","d":15.5,"f":8.2,"a":127.4,"v":7962500,"s":1,"dist":"Phra Nakhon","cl":"Tani Road rows"}},{"type":"Feature","geometry":{"type":"Point","coordinates":[100.496903,13.7606]},"properties":{"q":"at-risk","d":60.7,"f":31.8,"a":749.3,"v":46831250,"s":0,"dist":"Phra Nakhon","cl":"Tani Road rows"}},{"type":"Feature","geometry":{"type":"Point","coordinates":[100.498629,13.760383]},"properties":{"q":"lawful-reuse","d":8.1,"f":4.3,"a":34.6,"v":2162500,"s":0,"dist":"Phra Nakhon","cl":"Tani Road rows"}},{"type":"Feature","geometry":{"type":"Point","coordinates":[100.498014,13.760653]},"properties":{"q":"at-risk","d":30.1,"f":14.1,"a":282.7,"v":17668750,"s":1,"dist":"Phra Nakhon","cl":"Tani Road rows"}},{"type":"Feature","geometry":{"type":"Point","coordinates":[100.497897,13.760668]},"properties":{"q":"lawful-reuse","d":9.0,"f":4.2,"a":38.0,"v":2375000,"s":0,"dist":"Phra Nakhon","cl":"Tani Road rows"}},{"type":"Feature","geometry":{"type":"Point","coordinates":[100.496458,13.760229]},"properties":{"q":"lawful-reuse","d":10.0,"f":4.0,"a":39.9,"v":2493750,"s":0,"dist":"Phra Nakhon","cl":"Tani Road rows"}},{"type":"Feature","geometry":{"type":"Point","coordinates":[100.498825,13.760307]},"properties":{"q":"tell-the-owner","d":11.7,"f":6.5,"a":75.9,"v":4743750,"s":0,"dist":"Phra Nakhon","cl":"Tani Road rows"}},{"type":"Feature","geometry":{"type":"Point","coordinates":[100.498907,13.760471]},"properties":{"q":"tell-the-owner","d":12.2,"f":7.2,"a":87.4,"v":5462500,"s":0,"dist":"Phra Nakhon","cl":"Tani Road rows"}},{"type":"Feature","geometry":{"type":"Point","coordinates":[100.498933,13.760529]},"properties":{"q":"tell-the-owner","d":12.9,"f":5.7,"a":73.3,"v":4581250,"s":1,"dist":"Phra Nakhon","cl":"Tani Road rows"}},{"type":"Feature","geometry":{"type":"Point","coordinates":[100.49743,13.76048]},"properties":{"q":"at-risk","d":25.7,"f":14.3,"a":308.1,"v":19256250,"s":0,"dist":"Phra Nakhon","cl":"Tani Road rows"}},{"type":"Feature","geometry":{"type":"Point","coordinates":[100.497823,13.760707]},"properties":{"q":"at-risk","d":14.5,"f":10.5,"a":152.4,"v":9525000,"s":0,"dist":"Phra Nakhon","cl":"Tani Road rows"}},{"type":"Feature","geometry":{"type":"Point","coordinates":[100.496486,13.760367]},"properties":{"q":"lawful-reuse","d":9.4,"f":5.1,"a":46.9,"v":2931250,"s":0,"dist":"Phra Nakhon","cl":"Tani Road rows"}},{"type":"Feature","geometry":{"type":"Point","coordinates":[100.498953,13.760338]},"properties":{"q":"lawful-reuse","d":9.0,"f":3.8,"a":34.0,"v":2125000,"s":1,"dist":"Phra Nakhon","cl":"Tani Road rows"}},{"type":"Feature","geometry":{"type":"Point","coordinates":[100.498973,13.760368]},"properties":{"q":"lawful-reuse","d":9.0,"f":3.8,"a":34.0,"v":2125000,"s":1,"dist":"Phra Nakhon","cl":"Tani Road rows"}},{"type":"Feature","geometry":{"type":"Point","coordinates":[100.497975,13.760838]},"properties":{"q":"at-risk","d":30.8,"f":9.7,"a":256.8,"v":16050000,"s":1,"dist":"Phra Nakhon","cl":"Tani Road rows"}},{"type":"Feature","geometry":{"type":"Point","coordinates":[100.49874,13.760464]},"properties":{"q":"at-risk","d":16.7,"f":6.7,"a":111.3,"v":6956250,"s":1,"dist":"Phra Nakhon","cl":"Tani Road rows"}},{"type":"Feature","geometry":{"type":"Point","coordinates":[100.497713,13.760393]},"properties":{"q":"tell-the-owner","d":13.2,"f":7.3,"a":96.4,"v":6025000,"s":0,"dist":"Phra Nakhon","cl":"Tani Road rows"}},{"type":"Feature","geometry":{"type":"Point","coordinates":[100.497178,13.760593]},"properties":{"q":"at-risk","d":32.8,"f":8.8,"a":287.9,"v":17993750,"s":1,"dist":"Phra Nakhon","cl":"Tani Road rows"}},{"type":"Feature","geometry":{"type":"Point","coordinates":[100.48873,13.752318]},"properties":{"q":"lawful-reuse","d":6.0,"f":3.8,"a":23.0,"v":1437500,"s":0,"dist":"Phra Nakhon","cl":"Tha Chang\u2013Maha Rat frontage"}},{"type":"Feature","geometry":{"type":"Point","coordinates":[100.488792,13.75232]},"properties":{"q":"lawful-reuse","d":7.6,"f":3.8,"a":28.9,"v":1806250,"s":0,"dist":"Phra Nakhon","cl":"Tha Chang\u2013Maha Rat frontage"}},{"type":"Feature","geometry":{"type":"Point","coordinates":[100.488807,13.752289]},"properties":{"q":"lawful-reuse","d":7.2,"f":2.5,"a":17.7,"v":1106250,"s":1,"dist":"Phra Nakhon","cl":"Tha Chang\u2013Maha Rat frontage"}},{"type":"Feature","geometry":{"type":"Point","coordinates":[100.489134,13.75281]},"properties":{"q":"at-risk","d":44.8,"f":25.4,"a":605.9,"v":37868750,"s":0,"dist":"Phra Nakhon","cl":"Tha Chang\u2013Maha Rat frontage"}},{"type":"Feature","geometry":{"type":"Point","coordinates":[100.489038,13.753336]},"properties":{"q":"tell-the-owner","d":13.3,"f":4.3,"a":57.5,"v":3593750,"s":0,"dist":"Phra Nakhon","cl":"Tha Chang\u2013Maha Rat frontage"}},{"type":"Feature","geometry":{"type":"Point","coordinates":[100.488739,13.75229]},"properties":{"q":"lawful-reuse","d":7.4,"f":3.7,"a":27.6,"v":1725000,"s":0,"dist":"Phra Nakhon","cl":"Tha Chang\u2013Maha Rat frontage"}},{"type":"Feature","geometry":{"type":"Point","coordinates":[100.488927,13.752014]},"properties":{"q":"at-risk","d":60.8,"f":28.6,"a":1518.0,"v":94875000,"s":0,"dist":"Phra Nakhon","cl":"Tha Chang\u2013Maha Rat frontage"}},{"type":"Feature","geometry":{"type":"Point","coordinates":[100.489219,13.751734]},"properties":{"q":"at-risk","d":29.5,"f":9.8,"a":284.2,"v":17762500,"s":0,"dist":"Phra Nakhon","cl":"Tha Chang\u2013Maha Rat frontage"}},{"type":"Feature","geometry":{"type":"Point","coordinates":[100.488879,13.752942]},"properties":{"q":"at-risk","d":63.6,"f":19.4,"a":674.5,"v":42156250,"s":0,"dist":"Phra Nakhon","cl":"Tha Chang\u2013Maha Rat frontage"}},{"type":"Feature","geometry":{"type":"Point","coordinates":[100.489493,13.755719]},"properties":{"q":"at-risk","d":17.4,"f":4.1,"a":71.5,"v":4468750,"s":1,"dist":"Phra Nakhon","cl":"Tha Phrachan riverfront rows"}},{"type":"Feature","geometry":{"type":"Point","coordinates":[100.489769,13.755995]},"properties":{"q":"lawful-reuse","d":10.0,"f":5.4,"a":54.0,"v":3375000,"s":0,"dist":"Phra Nakhon","cl":"Tha Phrachan riverfront rows"}},{"type":"Feature","geometry":{"type":"Point","coordinates":[100.489278,13.75513]},"properties":{"q":"lawful-reuse","d":9.4,"f":4.3,"a":40.7,"v":2543750,"s":1,"dist":"Phra Nakhon","cl":"Tha Phrachan riverfront rows"}},{"type":"Feature","geometry":{"type":"Point","coordinates":[100.489407,13.755277]},"properties":{"q":"tell-the-owner","d":10.7,"f":5.9,"a":61.8,"v":3862500,"s":1,"dist":"Phra Nakhon","cl":"Tha Phrachan riverfront rows"}},{"type":"Feature","geometry":{"type":"Point","coordinates":[100.489462,13.754505]},"properties":{"q":"low-pressure","d":15.3,"f":3.1,"a":47.5,"v":2968750,"s":1,"dist":"Phra Nakhon","cl":"Tha Phrachan riverfront rows"}},{"type":"Feature","geometry":{"type":"Point","coordinates":[100.488879,13.755147]},"properties":{"q":"lawful-reuse","d":9.4,"f":4.3,"a":40.3,"v":2518750,"s":0,"dist":"Phra Nakhon","cl":"Tha Phrachan riverfront rows"}},{"type":"Feature","geometry":{"type":"Point","coordinates":[100.488981,13.755046]},"properties":{"q":"lawful-reuse","d":11.1,"f":4.4,"a":49.2,"v":3075000,"s":0,"dist":"Phra Nakhon","cl":"Tha Phrachan riverfront rows"}},{"type":"Feature","geometry":{"type":"Point","coordinates":[100.489492,13.755681]},"properties":{"q":"at-risk","d":17.4,"f":4.1,"a":71.5,"v":4468750,"s":1,"dist":"Phra Nakhon","cl":"Tha Phrachan riverfront rows"}},{"type":"Feature","geometry":{"type":"Point","coordinates":[100.489331,13.754801]},"properties":{"q":"lawful-reuse","d":11.4,"f":3.9,"a":44.1,"v":2756250,"s":1,"dist":"Phra Nakhon","cl":"Tha Phrachan riverfront rows"}},{"type":"Feature","geometry":{"type":"Point","coordinates":[100.489022,13.755044]},"properties":{"q":"lawful-reuse","d":11.1,"f":4.4,"a":49.3,"v":3081250,"s":1,"dist":"Phra Nakhon","cl":"Tha Phrachan riverfront rows"}},{"type":"Feature","geometry":{"type":"Point","coordinates":[100.489297,13.754194]},"properties":{"q":"at-risk","d":47.3,"f":9.8,"a":462.9,"v":28931250,"s":0,"dist":"Phra Nakhon","cl":"Tha Phrachan riverfront rows"}},{"type":"Feature","geometry":{"type":"Point","coordinates":[100.489238,13.755132]},"properties":{"q":"lawful-reuse","d":9.4,"f":4.3,"a":40.7,"v":2543750,"s":1,"dist":"Phra Nakhon","cl":"Tha Phrachan riverfront rows"}},{"type":"Feature","geometry":{"type":"Point","coordinates":[100.490075,13.755993]},"properties":{"q":"tell-the-owner","d":11.8,"f":5.2,"a":60.9,"v":3806250,"s":0,"dist":"Phra Nakhon","cl":"Tha Phrachan riverfront rows"}},{"type":"Feature","geometry":{"type":"Point","coordinates":[100.489142,13.755637]},"properties":{"q":"at-risk","d":59.5,"f":19.8,"a":901.5,"v":56343750,"s":0,"dist":"Phra Nakhon","cl":"Tha Phrachan riverfront rows"}},{"type":"Feature","geometry":{"type":"Point","coordinates":[100.489477,13.754979]},"properties":{"q":"low-pressure","d":14.5,"f":3.4,"a":49.2,"v":3075000,"s":1,"dist":"Phra Nakhon","cl":"Tha Phrachan riverfront rows"}},{"type":"Feature","geometry":{"type":"Point","coordinates":[100.489198,13.755133]},"properties":{"q":"lawful-reuse","d":9.4,"f":4.3,"a":40.5,"v":2531250,"s":1,"dist":"Phra Nakhon","cl":"Tha Phrachan riverfront rows"}},{"type":"Feature","geometry":{"type":"Point","coordinates":[100.489471,13.754701]},"properties":{"q":"low-pressure","d":15.3,"f":3.1,"a":47.6,"v":2975000,"s":1,"dist":"Phra Nakhon","cl":"Tha Phrachan riverfront rows"}},{"type":"Feature","geometry":{"type":"Point","coordinates":[100.48926,13.754805]},"properties":{"q":"lawful-reuse","d":11.4,"f":3.9,"a":44.1,"v":2756250,"s":1,"dist":"Phra Nakhon","cl":"Tha Phrachan riverfront rows"}},{"type":"Feature","geometry":{"type":"Point","coordinates":[100.489467,13.754826]},"properties":{"q":"low-pressure","d":14.5,"f":3.4,"a":49.2,"v":3075000,"s":1,"dist":"Phra Nakhon","cl":"Tha Phrachan riverfront rows"}},{"type":"Feature","geometry":{"type":"Point","coordinates":[100.488911,13.754842]},"properties":{"q":"lawful-reuse","d":10.8,"f":3.9,"a":42.6,"v":2662500,"s":0,"dist":"Phra Nakhon","cl":"Tha Phrachan riverfront rows"}},{"type":"Feature","geometry":{"type":"Point","coordinates":[100.489325,13.755891]},"properties":{"q":"at-risk","d":17.1,"f":4.0,"a":68.3,"v":4268750,"s":1,"dist":"Phra Nakhon","cl":"Tha Phrachan riverfront rows"}},{"type":"Feature","geometry":{"type":"Point","coordinates":[100.489226,13.755035]},"properties":{"q":"lawful-reuse","d":11.1,"f":4.4,"a":49.3,"v":3081250,"s":1,"dist":"Phra Nakhon","cl":"Tha Phrachan riverfront rows"}},{"type":"Feature","geometry":{"type":"Point","coordinates":[100.489244,13.755307]},"properties":{"q":"low-pressure","d":15.7,"f":3.2,"a":50.6,"v":3162500,"s":1,"dist":"Phra Nakhon","cl":"Tha Phrachan riverfront rows"}},{"type":"Feature","geometry":{"type":"Point","coordinates":[100.489494,13.755756]},"properties":{"q":"at-risk","d":17.4,"f":4.1,"a":71.5,"v":4468750,"s":1,"dist":"Phra Nakhon","cl":"Tha Phrachan riverfront rows"}},{"type":"Feature","geometry":{"type":"Point","coordinates":[100.489144,13.755039]},"properties":{"q":"lawful-reuse","d":11.1,"f":4.4,"a":49.2,"v":3075000,"s":1,"dist":"Phra Nakhon","cl":"Tha Phrachan riverfront rows"}},{"type":"Feature","geometry":{"type":"Point","coordinates":[100.49012,13.755978]},"properties":{"q":"tell-the-owner","d":11.8,"f":5.2,"a":60.9,"v":3806250,"s":0,"dist":"Phra Nakhon","cl":"Tha Phrachan riverfront rows"}},{"type":"Feature","geometry":{"type":"Point","coordinates":[100.488889,13.75456]},"properties":{"q":"at-risk","d":35.3,"f":13.0,"a":425.4,"v":26587500,"s":1,"dist":"Phra Nakhon","cl":"Tha Phrachan riverfront rows"}},{"type":"Feature","geometry":{"type":"Point","coordinates":[100.489109,13.754919]},"properties":{"q":"lawful-reuse","d":10.6,"f":4.1,"a":43.5,"v":2718750,"s":1,"dist":"Phra Nakhon","cl":"Tha Phrachan riverfront rows"}},{"type":"Feature","geometry":{"type":"Point","coordinates":[100.489367,13.754798]},"properties":{"q":"lawful-reuse","d":11.4,"f":3.9,"a":44.1,"v":2756250,"s":1,"dist":"Phra Nakhon","cl":"Tha Phrachan riverfront rows"}},{"type":"Feature","geometry":{"type":"Point","coordinates":[100.489273,13.755306]},"properties":{"q":"low-pressure","d":15.7,"f":3.2,"a":50.6,"v":3162500,"s":1,"dist":"Phra Nakhon","cl":"Tha Phrachan riverfront rows"}},{"type":"Feature","geometry":{"type":"Point","coordinates":[100.48901,13.754822]},"properties":{"q":"lawful-reuse","d":11.4,"f":3.9,"a":44.2,"v":2762500,"s":1,"dist":"Phra Nakhon","cl":"Tha Phrachan riverfront rows"}},{"type":"Feature","geometry":{"type":"Point","coordinates":[100.489071,13.754922]},"properties":{"q":"lawful-reuse","d":10.6,"f":4.1,"a":43.5,"v":2718750,"s":1,"dist":"Phra Nakhon","cl":"Tha Phrachan riverfront rows"}},{"type":"Feature","geometry":{"type":"Point","coordinates":[100.489188,13.75481]},"properties":{"q":"lawful-reuse","d":11.4,"f":3.9,"a":44.0,"v":2750000,"s":1,"dist":"Phra Nakhon","cl":"Tha Phrachan riverfront rows"}},{"type":"Feature","geometry":{"type":"Point","coordinates":[100.489411,13.756217]},"properties":{"q":"low-pressure","d":15.5,"f":3.2,"a":49.3,"v":3081250,"s":0,"dist":"Phra Nakhon","cl":"Tha Phrachan riverfront rows"}},{"type":"Feature","geometry":{"type":"Point","coordinates":[100.489484,13.755989]},"properties":{"q":"low-pressure","d":14.4,"f":3.3,"a":47.8,"v":2987500,"s":1,"dist":"Phra Nakhon","cl":"Tha Phrachan riverfront rows"}},{"type":"Feature","geometry":{"type":"Point","coordinates":[100.488857,13.754282]},"properties":{"q":"at-risk","d":18.9,"f":6.2,"a":110.1,"v":6881250,"s":0,"dist":"Phra Nakhon","cl":"Tha Phrachan riverfront rows"}},{"type":"Feature","geometry":{"type":"Point","coordinates":[100.489398,13.755878]},"properties":{"q":"at-risk","d":17.1,"f":4.0,"a":68.3,"v":4268750,"s":1,"dist":"Phra Nakhon","cl":"Tha Phrachan riverfront rows"}},{"type":"Feature","geometry":{"type":"Point","coordinates":[100.4887,13.754939]},"properties":{"q":"at-risk","d":74.6,"f":20.4,"a":1437.0,"v":89812500,"s":0,"dist":"Phra Nakhon","cl":"Tha Phrachan riverfront rows"}},{"type":"Feature","geometry":{"type":"Point","coordinates":[100.489512,13.755826]},"properties":{"q":"at-risk","d":13.7,"f":6.7,"a":91.2,"v":5700000,"s":0,"dist":"Phra Nakhon","cl":"Tha Phrachan riverfront rows"}},{"type":"Feature","geometry":{"type":"Point","coordinates":[100.489298,13.754906]},"properties":{"q":"lawful-reuse","d":10.6,"f":4.1,"a":43.5,"v":2718750,"s":1,"dist":"Phra Nakhon","cl":"Tha Phrachan riverfront rows"}},{"type":"Feature","geometry":{"type":"Point","coordinates":[100.489482,13.755071]},"properties":{"q":"low-pressure","d":14.5,"f":3.4,"a":49.2,"v":3075000,"s":1,"dist":"Phra Nakhon","cl":"Tha Phrachan riverfront rows"}},{"type":"Feature","geometry":{"type":"Point","coordinates":[100.48976,13.7558]},"properties":{"q":"lawful-reuse","d":10.0,"f":5.4,"a":54.0,"v":3375000,"s":0,"dist":"Phra Nakhon","cl":"Tha Phrachan riverfront rows"}},{"type":"Feature","geometry":{"type":"Point","coordinates":[100.489383,13.756227]},"properties":{"q":"low-pressure","d":15.5,"f":3.2,"a":49.6,"v":3100000,"s":0,"dist":"Phra Nakhon","cl":"Tha Phrachan riverfront rows"}},{"type":"Feature","geometry":{"type":"Point","coordinates":[100.489939,13.75604]},"properties":{"q":"tell-the-owner","d":11.8,"f":5.2,"a":60.9,"v":3806250,"s":0,"dist":"Phra Nakhon","cl":"Tha Phrachan riverfront rows"}},{"type":"Feature","geometry":{"type":"Point","coordinates":[100.489333,13.755302]},"properties":{"q":"low-pressure","d":15.7,"f":3.2,"a":50.5,"v":3156250,"s":1,"dist":"Phra Nakhon","cl":"Tha Phrachan riverfront rows"}},{"type":"Feature","geometry":{"type":"Point","coordinates":[100.489466,13.754589]},"properties":{"q":"low-pressure","d":15.3,"f":3.1,"a":47.5,"v":2968750,"s":1,"dist":"Phra Nakhon","cl":"Tha Phrachan riverfront rows"}},{"type":"Feature","geometry":{"type":"Point","coordinates":[100.488913,13.754877]},"properties":{"q":"lawful-reuse","d":10.8,"f":3.7,"a":40.6,"v":2537500,"s":1,"dist":"Phra Nakhon","cl":"Tha Phrachan riverfront rows"}},{"type":"Feature","geometry":{"type":"Point","coordinates":[100.489481,13.755041]},"properties":{"q":"low-pressure","d":14.5,"f":3.4,"a":49.2,"v":3075000,"s":1,"dist":"Phra Nakhon","cl":"Tha Phrachan riverfront rows"}},{"type":"Feature","geometry":{"type":"Point","coordinates":[100.489464,13.754561]},"properties":{"q":"low-pressure","d":15.3,"f":3.1,"a":47.5,"v":2968750,"s":1,"dist":"Phra Nakhon","cl":"Tha Phrachan riverfront rows"}},{"type":"Feature","geometry":{"type":"Point","coordinates":[100.489035,13.755319]},"properties":{"q":"low-pressure","d":15.7,"f":3.2,"a":50.6,"v":3162500,"s":1,"dist":"Phra Nakhon","cl":"Tha Phrachan riverfront rows"}},{"type":"Feature","geometry":{"type":"Point","coordinates":[100.489216,13.755912]},"properties":{"q":"at-risk","d":17.1,"f":4.0,"a":68.5,"v":4281250,"s":0,"dist":"Phra Nakhon","cl":"Tha Phrachan riverfront rows"}},{"type":"Feature","geometry":{"type":"Point","coordinates":[100.489245,13.754909]},"properties":{"q":"tell-the-owner","d":10.6,"f":8.2,"a":86.9,"v":5431250,"s":0,"dist":"Phra Nakhon","cl":"Tha Phrachan riverfront rows"}},{"type":"Feature","geometry":{"type":"Point","coordinates":[100.489179,13.755919]},"properties":{"q":"at-risk","d":17.1,"f":4.0,"a":68.5,"v":4281250,"s":0,"dist":"Phra Nakhon","cl":"Tha Phrachan riverfront rows"}},{"type":"Feature","geometry":{"type":"Point","coordinates":[100.489465,13.754783]},"properties":{"q":"at-risk","d":14.5,"f":6.8,"a":98.3,"v":6143750,"s":0,"dist":"Phra Nakhon","cl":"Tha Phrachan riverfront rows"}},{"type":"Feature","geometry":{"type":"Point","coordinates":[100.489118,13.755137]},"properties":{"q":"lawful-reuse","d":9.4,"f":4.3,"a":40.5,"v":2531250,"s":0,"dist":"Phra Nakhon","cl":"Tha Phrachan riverfront rows"}},{"type":"Feature","geometry":{"type":"Point","coordinates":[100.489484,13.755373]},"properties":{"q":"at-risk","d":17.3,"f":3.4,"a":58.4,"v":3650000,"s":1,"dist":"Phra Nakhon","cl":"Tha Phrachan riverfront rows"}},{"type":"Feature","geometry":{"type":"Point","coordinates":[100.489764,13.755898]},"properties":{"q":"lawful-reuse","d":10.0,"f":5.4,"a":53.9,"v":3368750,"s":0,"dist":"Phra Nakhon","cl":"Tha Phrachan riverfront rows"}},{"type":"Feature","geometry":{"type":"Point","coordinates":[100.488981,13.754928]},"properties":{"q":"tell-the-owner","d":10.6,"f":8.2,"a":87.0,"v":5437500,"s":0,"dist":"Phra Nakhon","cl":"Tha Phrachan riverfront rows"}},{"type":"Feature","geometry":{"type":"Point","coordinates":[100.489943,13.755711]},"properties":{"q":"lawful-reuse","d":7.7,"f":4.5,"a":34.9,"v":2181250,"s":0,"dist":"Phra Nakhon","cl":"Tha Phrachan riverfront rows"}},{"type":"Feature","geometry":{"type":"Point","coordinates":[100.489473,13.754918]},"properties":{"q":"low-pressure","d":14.5,"f":3.4,"a":49.1,"v":3068750,"s":1,"dist":"Phra Nakhon","cl":"Tha Phrachan riverfront rows"}},{"type":"Feature","geometry":{"type":"Point","coordinates":[100.489439,13.756194]},"properties":{"q":"low-pressure","d":15.4,"f":3.9,"a":54.3,"v":3393750,"s":0,"dist":"Phra Nakhon","cl":"Tha Phrachan riverfront rows"}},{"type":"Feature","geometry":{"type":"Point","coordinates":[100.489336,13.754903]},"properties":{"q":"lawful-reuse","d":10.6,"f":4.1,"a":43.4,"v":2712500,"s":1,"dist":"Phra Nakhon","cl":"Tha Phrachan riverfront rows"}},{"type":"Feature","geometry":{"type":"Point","coordinates":[100.490029,13.756009]},"properties":{"q":"tell-the-owner","d":11.8,"f":5.2,"a":60.9,"v":3806250,"s":0,"dist":"Phra Nakhon","cl":"Tha Phrachan riverfront rows"}},{"type":"Feature","geometry":{"type":"Point","coordinates":[100.489484,13.755102]},"properties":{"q":"low-pressure","d":14.5,"f":3.4,"a":49.2,"v":3075000,"s":1,"dist":"Phra Nakhon","cl":"Tha Phrachan riverfront rows"}},{"type":"Feature","geometry":{"type":"Point","coordinates":[100.489295,13.754803]},"properties":{"q":"lawful-reuse","d":11.4,"f":3.9,"a":44.1,"v":2756250,"s":1,"dist":"Phra Nakhon","cl":"Tha Phrachan riverfront rows"}},{"type":"Feature","geometry":{"type":"Point","coordinates":[100.489159,13.755784]},"properties":{"q":"at-risk","d":61.7,"f":13.3,"a":743.9,"v":46493750,"s":0,"dist":"Phra Nakhon","cl":"Tha Phrachan riverfront rows"}},{"type":"Feature","geometry":{"type":"Point","coordinates":[100.489349,13.75503]},"properties":{"q":"lawful-reuse","d":11.1,"f":4.4,"a":49.3,"v":3081250,"s":1,"dist":"Phra Nakhon","cl":"Tha Phrachan riverfront rows"}},{"type":"Feature","geometry":{"type":"Point","coordinates":[100.489308,13.755032]},"properties":{"q":"lawful-reuse","d":11.1,"f":4.4,"a":49.3,"v":3081250,"s":1,"dist":"Phra Nakhon","cl":"Tha Phrachan riverfront rows"}},{"type":"Feature","geometry":{"type":"Point","coordinates":[100.489153,13.754813]},"properties":{"q":"lawful-reuse","d":11.4,"f":3.9,"a":44.1,"v":2756250,"s":1,"dist":"Phra Nakhon","cl":"Tha Phrachan riverfront rows"}},{"type":"Feature","geometry":{"type":"Point","coordinates":[100.489104,13.755041]},"properties":{"q":"lawful-reuse","d":11.1,"f":4.4,"a":49.1,"v":3068750,"s":1,"dist":"Phra Nakhon","cl":"Tha Phrachan riverfront rows"}},{"type":"Feature","geometry":{"type":"Point","coordinates":[100.489486,13.755471]},"properties":{"q":"at-risk","d":17.3,"f":3.5,"a":60.7,"v":3793750,"s":1,"dist":"Phra Nakhon","cl":"Tha Phrachan riverfront rows"}},{"type":"Feature","geometry":{"type":"Point","coordinates":[100.48946,13.754477]},"properties":{"q":"low-pressure","d":15.3,"f":3.1,"a":47.5,"v":2968750,"s":1,"dist":"Phra Nakhon","cl":"Tha Phrachan riverfront rows"}},{"type":"Feature","geometry":{"type":"Point","coordinates":[100.488959,13.755144]},"properties":{"q":"lawful-reuse","d":9.4,"f":4.3,"a":40.4,"v":2525000,"s":0,"dist":"Phra Nakhon","cl":"Tha Phrachan riverfront rows"}},{"type":"Feature","geometry":{"type":"Point","coordinates":[100.489515,13.756036]},"properties":{"q":"at-risk","d":14.0,"f":6.7,"a":92.2,"v":5762500,"s":0,"dist":"Phra Nakhon","cl":"Tha Phrachan riverfront rows"}},{"type":"Feature","geometry":{"type":"Point","coordinates":[100.489363,13.755301]},"properties":{"q":"low-pressure","d":15.7,"f":3.2,"a":50.6,"v":3162500,"s":1,"dist":"Phra Nakhon","cl":"Tha Phrachan riverfront rows"}},{"type":"Feature","geometry":{"type":"Point","coordinates":[100.489354,13.756236]},"properties":{"q":"low-pressure","d":15.6,"f":3.2,"a":49.8,"v":3112500,"s":0,"dist":"Phra Nakhon","cl":"Tha Phrachan riverfront rows"}},{"type":"Feature","geometry":{"type":"Point","coordinates":[100.489469,13.754857]},"properties":{"q":"low-pressure","d":14.5,"f":3.4,"a":49.1,"v":3068750,"s":1,"dist":"Phra Nakhon","cl":"Tha Phrachan riverfront rows"}},{"type":"Feature","geometry":{"type":"Point","coordinates":[100.489479,13.75501]},"properties":{"q":"low-pressure","d":14.5,"f":3.4,"a":49.2,"v":3075000,"s":1,"dist":"Phra Nakhon","cl":"Tha Phrachan riverfront rows"}},{"type":"Feature","geometry":{"type":"Point","coordinates":[100.489762,13.756098]},"properties":{"q":"lawful-reuse","d":10.0,"f":5.1,"a":39.3,"v":2456250,"s":0,"dist":"Phra Nakhon","cl":"Tha Phrachan riverfront rows"}},{"type":"Feature","geometry":{"type":"Point","coordinates":[100.489886,13.755718]},"properties":{"q":"lawful-reuse","d":6.0,"f":5.1,"a":30.4,"v":1900000,"s":0,"dist":"Phra Nakhon","cl":"Tha Phrachan riverfront rows"}},{"type":"Feature","geometry":{"type":"Point","coordinates":[100.489757,13.755752]},"properties":{"q":"lawful-reuse","d":10.0,"f":5.4,"a":54.0,"v":3375000,"s":0,"dist":"Phra Nakhon","cl":"Tha Phrachan riverfront rows"}},{"type":"Feature","geometry":{"type":"Point","coordinates":[100.489361,13.755884]},"properties":{"q":"at-risk","d":17.1,"f":4.0,"a":68.4,"v":4275000,"s":1,"dist":"Phra Nakhon","cl":"Tha Phrachan riverfront rows"}},{"type":"Feature","geometry":{"type":"Point","coordinates":[100.489252,13.755905]},"properties":{"q":"at-risk","d":17.1,"f":4.0,"a":68.4,"v":4275000,"s":0,"dist":"Phra Nakhon","cl":"Tha Phrachan riverfront rows"}},{"type":"Feature","geometry":{"type":"Point","coordinates":[100.489095,13.755316]},"properties":{"q":"low-pressure","d":15.7,"f":3.2,"a":50.6,"v":3162500,"s":1,"dist":"Phra Nakhon","cl":"Tha Phrachan riverfront rows"}},{"type":"Feature","geometry":{"type":"Point","coordinates":[100.489467,13.754617]},"properties":{"q":"low-pressure","d":15.3,"f":3.1,"a":47.5,"v":2968750,"s":1,"dist":"Phra Nakhon","cl":"Tha Phrachan riverfront rows"}},{"type":"Feature","geometry":{"type":"Point","coordinates":[100.48947,13.754673]},"properties":{"q":"low-pressure","d":15.3,"f":3.1,"a":47.4,"v":2962500,"s":1,"dist":"Phra Nakhon","cl":"Tha Phrachan riverfront rows"}},{"type":"Feature","geometry":{"type":"Point","coordinates":[100.488919,13.755145]},"properties":{"q":"lawful-reuse","d":9.4,"f":4.3,"a":40.3,"v":2518750,"s":0,"dist":"Phra Nakhon","cl":"Tha Phrachan riverfront rows"}},{"type":"Feature","geometry":{"type":"Point","coordinates":[100.489267,13.755034]},"properties":{"q":"lawful-reuse","d":11.1,"f":4.4,"a":49.3,"v":3081250,"s":1,"dist":"Phra Nakhon","cl":"Tha Phrachan riverfront rows"}},{"type":"Feature","geometry":{"type":"Point","coordinates":[100.489475,13.754949]},"properties":{"q":"low-pressure","d":14.5,"f":3.4,"a":49.2,"v":3075000,"s":1,"dist":"Phra Nakhon","cl":"Tha Phrachan riverfront rows"}},{"type":"Feature","geometry":{"type":"Point","coordinates":[100.488899,13.75505]},"properties":{"q":"lawful-reuse","d":11.1,"f":4.4,"a":49.3,"v":3081250,"s":0,"dist":"Phra Nakhon","cl":"Tha Phrachan riverfront rows"}},{"type":"Feature","geometry":{"type":"Point","coordinates":[100.48884,13.755149]},"properties":{"q":"lawful-reuse","d":9.4,"f":4.3,"a":40.3,"v":2518750,"s":0,"dist":"Phra Nakhon","cl":"Tha Phrachan riverfront rows"}},{"type":"Feature","geometry":{"type":"Point","coordinates":[100.489185,13.754914]},"properties":{"q":"lawful-reuse","d":10.6,"f":4.1,"a":43.4,"v":2712500,"s":1,"dist":"Phra Nakhon","cl":"Tha Phrachan riverfront rows"}},{"type":"Feature","geometry":{"type":"Point","coordinates":[100.489158,13.755135]},"properties":{"q":"lawful-reuse","d":9.4,"f":4.3,"a":40.6,"v":2537500,"s":0,"dist":"Phra Nakhon","cl":"Tha Phrachan riverfront rows"}},{"type":"Feature","geometry":{"type":"Point","coordinates":[100.489373,13.7549]},"properties":{"q":"lawful-reuse","d":10.6,"f":4.1,"a":43.5,"v":2718750,"s":1,"dist":"Phra Nakhon","cl":"Tha Phrachan riverfront rows"}},{"type":"Feature","geometry":{"type":"Point","coordinates":[100.489468,13.754645]},"properties":{"q":"low-pressure","d":15.3,"f":3.1,"a":47.6,"v":2975000,"s":1,"dist":"Phra Nakhon","cl":"Tha Phrachan riverfront rows"}},{"type":"Feature","geometry":{"type":"Point","coordinates":[100.489514,13.755928]},"properties":{"q":"low-pressure","d":13.7,"f":3.3,"a":45.6,"v":2850000,"s":1,"dist":"Phra Nakhon","cl":"Tha Phrachan riverfront rows"}},{"type":"Feature","geometry":{"type":"Point","coordinates":[100.489471,13.754887]},"properties":{"q":"low-pressure","d":14.5,"f":3.4,"a":49.2,"v":3075000,"s":1,"dist":"Phra Nakhon","cl":"Tha Phrachan riverfront rows"}},{"type":"Feature","geometry":{"type":"Point","coordinates":[100.489487,13.755503]},"properties":{"q":"at-risk","d":17.3,"f":3.6,"a":62.1,"v":3881250,"s":1,"dist":"Phra Nakhon","cl":"Tha Phrachan riverfront rows"}},{"type":"Feature","geometry":{"type":"Point","coordinates":[100.489147,13.754916]},"properties":{"q":"lawful-reuse","d":10.6,"f":4.1,"a":43.5,"v":2718750,"s":1,"dist":"Phra Nakhon","cl":"Tha Phrachan riverfront rows"}},{"type":"Feature","geometry":{"type":"Point","coordinates":[100.489474,13.755338]},"properties":{"q":"at-risk","d":17.3,"f":3.6,"a":62.3,"v":3893750,"s":1,"dist":"Phra Nakhon","cl":"Tha Phrachan riverfront rows"}},{"type":"Feature","geometry":{"type":"Point","coordinates":[100.489005,13.755321]},"properties":{"q":"low-pressure","d":15.7,"f":3.2,"a":50.6,"v":3162500,"s":0,"dist":"Phra Nakhon","cl":"Tha Phrachan riverfront rows"}},{"type":"Feature","geometry":{"type":"Point","coordinates":[100.489214,13.755309]},"properties":{"q":"low-pressure","d":15.7,"f":3.2,"a":50.6,"v":3162500,"s":1,"dist":"Phra Nakhon","cl":"Tha Phrachan riverfront rows"}},{"type":"Feature","geometry":{"type":"Point","coordinates":[100.489848,13.756071]},"properties":{"q":"tell-the-owner","d":11.8,"f":5.2,"a":61.0,"v":3812500,"s":0,"dist":"Phra Nakhon","cl":"Tha Phrachan riverfront rows"}},{"type":"Feature","geometry":{"type":"Point","coordinates":[100.489154,13.755312]},"properties":{"q":"low-pressure","d":15.7,"f":3.2,"a":50.6,"v":3162500,"s":1,"dist":"Phra Nakhon","cl":"Tha Phrachan riverfront rows"}},{"type":"Feature","geometry":{"type":"Point","coordinates":[100.489289,13.755898]},"properties":{"q":"at-risk","d":17.1,"f":4.0,"a":68.4,"v":4275000,"s":1,"dist":"Phra Nakhon","cl":"Tha Phrachan riverfront rows"}},{"type":"Feature","geometry":{"type":"Point","coordinates":[100.489488,13.755163]},"properties":{"q":"low-pressure","d":14.5,"f":3.4,"a":49.2,"v":3075000,"s":1,"dist":"Phra Nakhon","cl":"Tha Phrachan riverfront rows"}},{"type":"Feature","geometry":{"type":"Point","coordinates":[100.489486,13.755133]},"properties":{"q":"low-pressure","d":14.5,"f":3.4,"a":49.2,"v":3075000,"s":1,"dist":"Phra Nakhon","cl":"Tha Phrachan riverfront rows"}},{"type":"Feature","geometry":{"type":"Point","coordinates":[100.489224,13.754808]},"properties":{"q":"lawful-reuse","d":11.4,"f":3.9,"a":44.1,"v":2756250,"s":1,"dist":"Phra Nakhon","cl":"Tha Phrachan riverfront rows"}},{"type":"Feature","geometry":{"type":"Point","coordinates":[100.489317,13.755128]},"properties":{"q":"lawful-reuse","d":9.5,"f":4.3,"a":40.7,"v":2543750,"s":1,"dist":"Phra Nakhon","cl":"Tha Phrachan riverfront rows"}},{"type":"Feature","geometry":{"type":"Point","coordinates":[100.489766,13.755946]},"properties":{"q":"lawful-reuse","d":10.0,"f":5.4,"a":54.0,"v":3375000,"s":0,"dist":"Phra Nakhon","cl":"Tha Phrachan riverfront rows"}},{"type":"Feature","geometry":{"type":"Point","coordinates":[100.489124,13.755314]},"properties":{"q":"low-pressure","d":15.7,"f":3.2,"a":50.6,"v":3162500,"s":1,"dist":"Phra Nakhon","cl":"Tha Phrachan riverfront rows"}},{"type":"Feature","geometry":{"type":"Point","coordinates":[100.489777,13.756045]},"properties":{"q":"lawful-reuse","d":10.0,"f":5.4,"a":54.0,"v":3375000,"s":0,"dist":"Phra Nakhon","cl":"Tha Phrachan riverfront rows"}},{"type":"Feature","geometry":{"type":"Point","coordinates":[100.489491,13.755644]},"properties":{"q":"at-risk","d":17.4,"f":4.1,"a":71.5,"v":4468750,"s":1,"dist":"Phra Nakhon","cl":"Tha Phrachan riverfront rows"}},{"type":"Feature","geometry":{"type":"Point","coordinates":[100.488999,13.755142]},"properties":{"q":"lawful-reuse","d":9.4,"f":4.3,"a":40.4,"v":2525000,"s":0,"dist":"Phra Nakhon","cl":"Tha Phrachan riverfront rows"}},{"type":"Feature","geometry":{"type":"Point","coordinates":[100.489065,13.755317]},"properties":{"q":"low-pressure","d":15.7,"f":3.2,"a":50.6,"v":3162500,"s":1,"dist":"Phra Nakhon","cl":"Tha Phrachan riverfront rows"}},{"type":"Feature","geometry":{"type":"Point","coordinates":[100.489813,13.756084]},"properties":{"q":"lawful-reuse","d":12.0,"f":5.6,"a":39.8,"v":2487500,"s":0,"dist":"Phra Nakhon","cl":"Tha Phrachan riverfront rows"}},{"type":"Feature","geometry":{"type":"Point","coordinates":[100.489755,13.755703]},"properties":{"q":"lawful-reuse","d":10.0,"f":5.4,"a":54.0,"v":3375000,"s":0,"dist":"Phra Nakhon","cl":"Tha Phrachan riverfront rows"}},{"type":"Feature","geometry":{"type":"Point","coordinates":[100.489303,13.755304]},"properties":{"q":"low-pressure","d":15.7,"f":3.2,"a":50.6,"v":3162500,"s":1,"dist":"Phra Nakhon","cl":"Tha Phrachan riverfront rows"}},{"type":"Feature","geometry":{"type":"Point","coordinates":[100.489357,13.755127]},"properties":{"q":"lawful-reuse","d":9.5,"f":4.3,"a":40.8,"v":2550000,"s":1,"dist":"Phra Nakhon","cl":"Tha Phrachan riverfront rows"}},{"type":"Feature","geometry":{"type":"Point","coordinates":[100.489459,13.754449]},"properties":{"q":"low-pressure","d":15.3,"f":3.1,"a":47.5,"v":2968750,"s":1,"dist":"Phra Nakhon","cl":"Tha Phrachan riverfront rows"}},{"type":"Feature","geometry":{"type":"Point","coordinates":[100.489984,13.756024]},"properties":{"q":"tell-the-owner","d":11.8,"f":5.2,"a":60.9,"v":3806250,"s":0,"dist":"Phra Nakhon","cl":"Tha Phrachan riverfront rows"}},{"type":"Feature","geometry":{"type":"Point","coordinates":[100.489184,13.755311]},"properties":{"q":"low-pressure","d":15.7,"f":3.2,"a":50.7,"v":3168750,"s":1,"dist":"Phra Nakhon","cl":"Tha Phrachan riverfront rows"}},{"type":"Feature","geometry":{"type":"Point","coordinates":[100.489485,13.755425]},"properties":{"q":"at-risk","d":17.3,"f":7.4,"a":128.7,"v":8043750,"s":1,"dist":"Phra Nakhon","cl":"Tha Phrachan riverfront rows"}},{"type":"Feature","geometry":{"type":"Point","coordinates":[100.489483,13.755533]},"properties":{"q":"at-risk","d":17.4,"f":3.5,"a":60.3,"v":3768750,"s":1,"dist":"Phra Nakhon","cl":"Tha Phrachan riverfront rows"}},{"type":"Feature","geometry":{"type":"Point","coordinates":[100.489513,13.755898]},"properties":{"q":"low-pressure","d":13.7,"f":3.3,"a":45.4,"v":2837500,"s":1,"dist":"Phra Nakhon","cl":"Tha Phrachan riverfront rows"}},{"type":"Feature","geometry":{"type":"Point","coordinates":[100.489516,13.756096]},"properties":{"q":"at-risk","d":14.1,"f":6.8,"a":94.5,"v":5906250,"s":0,"dist":"Phra Nakhon","cl":"Tha Phrachan riverfront rows"}},{"type":"Feature","geometry":{"type":"Point","coordinates":[100.489063,13.755043]},"properties":{"q":"lawful-reuse","d":11.1,"f":4.4,"a":49.3,"v":3081250,"s":1,"dist":"Phra Nakhon","cl":"Tha Phrachan riverfront rows"}},{"type":"Feature","geometry":{"type":"Point","coordinates":[100.489855,13.755849]},"properties":{"q":"lawful-reuse","d":7.4,"f":6.4,"a":47.3,"v":2956250,"s":0,"dist":"Phra Nakhon","cl":"Tha Phrachan riverfront rows"}},{"type":"Feature","geometry":{"type":"Point","coordinates":[100.488974,13.754825]},"properties":{"q":"lawful-reuse","d":11.4,"f":3.9,"a":44.0,"v":2750000,"s":1,"dist":"Phra Nakhon","cl":"Tha Phrachan riverfront rows"}},{"type":"Feature","geometry":{"type":"Point","coordinates":[100.489456,13.754393]},"properties":{"q":"low-pressure","d":15.3,"f":3.1,"a":47.5,"v":2968750,"s":0,"dist":"Phra Nakhon","cl":"Tha Phrachan riverfront rows"}},{"type":"Feature","geometry":{"type":"Point","coordinates":[100.489185,13.755037]},"properties":{"q":"lawful-reuse","d":11.1,"f":4.4,"a":49.3,"v":3081250,"s":1,"dist":"Phra Nakhon","cl":"Tha Phrachan riverfront rows"}},{"type":"Feature","geometry":{"type":"Point","coordinates":[100.489117,13.754815]},"properties":{"q":"lawful-reuse","d":11.4,"f":3.9,"a":44.1,"v":2756250,"s":1,"dist":"Phra Nakhon","cl":"Tha Phrachan riverfront rows"}},{"type":"Feature","geometry":{"type":"Point","coordinates":[100.48926,13.756016]},"properties":{"q":"at-risk","d":48.2,"f":5.0,"a":210.3,"v":13143750,"s":0,"dist":"Phra Nakhon","cl":"Tha Phrachan riverfront rows"}},{"type":"Feature","geometry":{"type":"Point","coordinates":[100.48894,13.755048]},"properties":{"q":"lawful-reuse","d":11.1,"f":4.4,"a":49.3,"v":3081250,"s":0,"dist":"Phra Nakhon","cl":"Tha Phrachan riverfront rows"}},{"type":"Feature","geometry":{"type":"Point","coordinates":[100.489458,13.754421]},"properties":{"q":"low-pressure","d":15.3,"f":3.1,"a":47.4,"v":2962500,"s":1,"dist":"Phra Nakhon","cl":"Tha Phrachan riverfront rows"}},{"type":"Feature","geometry":{"type":"Point","coordinates":[100.488909,13.754808]},"properties":{"q":"lawful-reuse","d":10.9,"f":3.5,"a":38.1,"v":2381250,"s":1,"dist":"Phra Nakhon","cl":"Tha Phrachan riverfront rows"}},{"type":"Feature","geometry":{"type":"Point","coordinates":[100.489513,13.755868]},"properties":{"q":"low-pressure","d":13.7,"f":3.3,"a":45.6,"v":2850000,"s":1,"dist":"Phra Nakhon","cl":"Tha Phrachan riverfront rows"}},{"type":"Feature","geometry":{"type":"Point","coordinates":[100.489045,13.75482]},"properties":{"q":"lawful-reuse","d":11.4,"f":3.9,"a":44.1,"v":2756250,"s":1,"dist":"Phra Nakhon","cl":"Tha Phrachan riverfront rows"}},{"type":"Feature","geometry":{"type":"Point","coordinates":[100.489039,13.75514]},"properties":{"q":"lawful-reuse","d":9.4,"f":4.3,"a":40.4,"v":2525000,"s":0,"dist":"Phra Nakhon","cl":"Tha Phrachan riverfront rows"}},{"type":"Feature","geometry":{"type":"Point","coordinates":[100.489081,13.754817]},"properties":{"q":"lawful-reuse","d":11.4,"f":3.9,"a":44.1,"v":2756250,"s":1,"dist":"Phra Nakhon","cl":"Tha Phrachan riverfront rows"}},{"type":"Feature","geometry":{"type":"Point","coordinates":[100.489143,13.755926]},"properties":{"q":"at-risk","d":17.1,"f":4.0,"a":68.5,"v":4281250,"s":0,"dist":"Phra Nakhon","cl":"Tha Phrachan riverfront rows"}},{"type":"Feature","geometry":{"type":"Point","coordinates":[100.489078,13.755139]},"properties":{"q":"lawful-reuse","d":9.4,"f":4.3,"a":40.5,"v":2531250,"s":0,"dist":"Phra Nakhon","cl":"Tha Phrachan riverfront rows"}},{"type":"Feature","geometry":{"type":"Point","coordinates":[100.488858,13.755051]},"properties":{"q":"lawful-reuse","d":11.1,"f":4.4,"a":49.2,"v":3075000,"s":0,"dist":"Phra Nakhon","cl":"Tha Phrachan riverfront rows"}},{"type":"Feature","geometry":{"type":"Point","coordinates":[100.489502,13.755958]},"properties":{"q":"low-pressure","d":13.7,"f":3.3,"a":45.6,"v":2850000,"s":1,"dist":"Phra Nakhon","cl":"Tha Phrachan riverfront rows"}},{"type":"Feature","geometry":{"type":"Point","coordinates":[100.489762,13.755849]},"properties":{"q":"lawful-reuse","d":10.0,"f":5.4,"a":54.0,"v":3375000,"s":0,"dist":"Phra Nakhon","cl":"Tha Phrachan riverfront rows"}},{"type":"Feature","geometry":{"type":"Point","coordinates":[100.489034,13.754925]},"properties":{"q":"lawful-reuse","d":10.6,"f":4.1,"a":43.6,"v":2725000,"s":1,"dist":"Phra Nakhon","cl":"Tha Phrachan riverfront rows"}},{"type":"Feature","geometry":{"type":"Point","coordinates":[100.489894,13.756055]},"properties":{"q":"tell-the-owner","d":11.8,"f":5.2,"a":61.1,"v":3818750,"s":0,"dist":"Phra Nakhon","cl":"Tha Phrachan riverfront rows"}},{"type":"Feature","geometry":{"type":"Point","coordinates":[100.489117,13.755479]},"properties":{"q":"at-risk","d":61.9,"f":12.2,"a":757.0,"v":47312500,"s":0,"dist":"Phra Nakhon","cl":"Tha Phrachan riverfront rows"}},{"type":"Feature","geometry":{"type":"Point","coordinates":[100.489463,13.754533]},"properties":{"q":"low-pressure","d":15.3,"f":3.1,"a":47.6,"v":2975000,"s":1,"dist":"Phra Nakhon","cl":"Tha Phrachan riverfront rows"}},{"type":"Feature","geometry":{"type":"Point","coordinates":[100.489489,13.755592]},"properties":{"q":"at-risk","d":17.4,"f":8.2,"a":142.9,"v":8931250,"s":1,"dist":"Phra Nakhon","cl":"Tha Phrachan riverfront rows"}},{"type":"Feature","geometry":{"type":"Point","coordinates":[100.490991,13.747486]},"properties":{"q":"at-risk","d":35.0,"f":17.6,"a":614.3,"v":38393750,"s":0,"dist":"Phra Nakhon","cl":"Tha Tien market blocks"}},{"type":"Feature","geometry":{"type":"Point","coordinates":[100.490873,13.747297]},"properties":{"q":"at-risk","d":15.3,"f":6.6,"a":57.3,"v":3581250,"s":0,"dist":"Phra Nakhon","cl":"Tha Tien market blocks"}},{"type":"Feature","geometry":{"type":"Point","coordinates":[100.490506,13.74556]},"properties":{"q":"at-risk","d":24.6,"f":11.9,"a":292.3,"v":18268750,"s":0,"dist":"Phra Nakhon","cl":"Tha Tien market blocks"}},{"type":"Feature","geometry":{"type":"Point","coordinates":[100.490818,13.74743]},"properties":{"q":"at-risk","d":19.3,"f":11.1,"a":177.5,"v":11093750,"s":0,"dist":"Phra Nakhon","cl":"Tha Tien market blocks"}},{"type":"Feature","geometry":{"type":"Point","coordinates":[100.490208,13.746015]},"properties":{"q":"at-risk","d":26.4,"f":10.8,"a":280.5,"v":17531250,"s":0,"dist":"Phra Nakhon","cl":"Tha Tien market blocks"}},{"type":"Feature","geometry":{"type":"Point","coordinates":[100.506777,13.740801]},"properties":{"q":"lawful-reuse","d":8.3,"f":4.1,"a":34.4,"v":2150000,"s":1,"dist":"Samphanthawong","cl":"Wanit 1\u2013Sampheng fabric"}},{"type":"Feature","geometry":{"type":"Point","coordinates":[100.50499,13.742009]},"properties":{"q":"tell-the-owner","d":11.6,"f":7.7,"a":90.0,"v":5625000,"s":0,"dist":"Samphanthawong","cl":"Wanit 1\u2013Sampheng fabric"}},{"type":"Feature","geometry":{"type":"Point","coordinates":[100.504549,13.742593]},"properties":{"q":"tell-the-owner","d":11.4,"f":9.5,"a":108.2,"v":6762500,"s":0,"dist":"Samphanthawong","cl":"Wanit 1\u2013Sampheng fabric"}},{"type":"Feature","geometry":{"type":"Point","coordinates":[100.505581,13.741363]},"properties":{"q":"tell-the-owner","d":12.6,"f":9.0,"a":112.9,"v":7056250,"s":0,"dist":"Samphanthawong","cl":"Wanit 1\u2013Sampheng fabric"}},{"type":"Feature","geometry":{"type":"Point","coordinates":[100.509244,13.739906]},"properties":{"q":"tell-the-owner","d":12.2,"f":6.2,"a":76.0,"v":4750000,"s":0,"dist":"Samphanthawong","cl":"Wanit 1\u2013Sampheng fabric"}},{"type":"Feature","geometry":{"type":"Point","coordinates":[100.508725,13.739593]},"properties":{"q":"lawful-reuse","d":6.6,"f":4.1,"a":27.0,"v":1687500,"s":0,"dist":"Samphanthawong","cl":"Wanit 1\u2013Sampheng fabric"}},{"type":"Feature","geometry":{"type":"Point","coordinates":[100.505322,13.741901]},"properties":{"q":"at-risk","d":32.3,"f":17.1,"a":338.2,"v":21137500,"s":0,"dist":"Samphanthawong","cl":"Wanit 1\u2013Sampheng fabric"}},{"type":"Feature","geometry":{"type":"Point","coordinates":[100.509142,13.739545]},"properties":{"q":"at-risk","d":22.7,"f":7.2,"a":151.5,"v":9468750,"s":1,"dist":"Samphanthawong","cl":"Wanit 1\u2013Sampheng fabric"}},{"type":"Feature","geometry":{"type":"Point","coordinates":[100.503711,13.742994]},"properties":{"q":"tell-the-owner","d":12.0,"f":6.2,"a":73.4,"v":4587500,"s":0,"dist":"Samphanthawong","cl":"Wanit 1\u2013Sampheng fabric"}},{"type":"Feature","geometry":{"type":"Point","coordinates":[100.509214,13.739474]},"properties":{"q":"at-risk","d":23.4,"f":15.2,"a":343.2,"v":21450000,"s":0,"dist":"Samphanthawong","cl":"Wanit 1\u2013Sampheng fabric"}},{"type":"Feature","geometry":{"type":"Point","coordinates":[100.504901,13.741616]},"properties":{"q":"lawful-reuse","d":9.2,"f":4.1,"a":37.8,"v":2362500,"s":0,"dist":"Samphanthawong","cl":"Wanit 1\u2013Sampheng fabric"}},{"type":"Feature","geometry":{"type":"Point","coordinates":[100.508536,13.73994]},"properties":{"q":"lawful-reuse","d":9.3,"f":4.5,"a":41.4,"v":2587500,"s":1,"dist":"Samphanthawong","cl":"Wanit 1\u2013Sampheng fabric"}},{"type":"Feature","geometry":{"type":"Point","coordinates":[100.50342,13.743416]},"properties":{"q":"at-risk","d":16.7,"f":6.9,"a":102.3,"v":6393750,"s":1,"dist":"Samphanthawong","cl":"Wanit 1\u2013Sampheng fabric"}},{"type":"Feature","geometry":{"type":"Point","coordinates":[100.505313,13.741413]},"properties":{"q":"at-risk","d":18.2,"f":7.0,"a":127.2,"v":7950000,"s":0,"dist":"Samphanthawong","cl":"Wanit 1\u2013Sampheng fabric"}},{"type":"Feature","geometry":{"type":"Point","coordinates":[100.508483,13.739856]},"properties":{"q":"lawful-reuse","d":5.8,"f":4.5,"a":26.4,"v":1650000,"s":0,"dist":"Samphanthawong","cl":"Wanit 1\u2013Sampheng fabric"}},{"type":"Feature","geometry":{"type":"Point","coordinates":[100.509024,13.739664]},"properties":{"q":"at-risk","d":21.5,"f":17.2,"a":346.4,"v":21650000,"s":0,"dist":"Samphanthawong","cl":"Wanit 1\u2013Sampheng fabric"}},{"type":"Feature","geometry":{"type":"Point","coordinates":[100.508289,13.740085]},"properties":{"q":"at-risk","d":23.0,"f":15.3,"a":351.3,"v":21956250,"s":0,"dist":"Samphanthawong","cl":"Wanit 1\u2013Sampheng fabric"}},{"type":"Feature","geometry":{"type":"Point","coordinates":[100.508063,13.739981]},"properties":{"q":"at-risk","d":27.9,"f":11.1,"a":308.3,"v":19268750,"s":1,"dist":"Samphanthawong","cl":"Wanit 1\u2013Sampheng fabric"}},{"type":"Feature","geometry":{"type":"Point","coordinates":[100.506265,13.741564]},"properties":{"q":"lawful-reuse","d":8.4,"f":5.4,"a":45.1,"v":2818750,"s":0,"dist":"Samphanthawong","cl":"Wanit 1\u2013Sampheng fabric"}},{"type":"Feature","geometry":{"type":"Point","coordinates":[100.504367,13.742758]},"properties":{"q":"lawful-reuse","d":11.4,"f":4.8,"a":54.3,"v":3393750,"s":1,"dist":"Samphanthawong","cl":"Wanit 1\u2013Sampheng fabric"}},{"type":"Feature","geometry":{"type":"Point","coordinates":[100.505045,13.742392]},"properties":{"q":"lawful-reuse","d":13.1,"f":2.8,"a":36.8,"v":2300000,"s":1,"dist":"Samphanthawong","cl":"Wanit 1\u2013Sampheng fabric"}},{"type":"Feature","geometry":{"type":"Point","coordinates":[100.504403,13.742947]},"properties":{"q":"at-risk","d":15.8,"f":5.9,"a":92.7,"v":5793750,"s":1,"dist":"Samphanthawong","cl":"Wanit 1\u2013Sampheng fabric"}},{"type":"Feature","geometry":{"type":"Point","coordinates":[100.506907,13.740482]},"properties":{"q":"tell-the-owner","d":11.1,"f":5.6,"a":62.6,"v":3912500,"s":0,"dist":"Samphanthawong","cl":"Wanit 1\u2013Sampheng fabric"}},{"type":"Feature","geometry":{"type":"Point","coordinates":[100.504098,13.742813]},"properties":{"q":"lawful-reuse","d":7.5,"f":6.1,"a":45.8,"v":2862500,"s":0,"dist":"Samphanthawong","cl":"Wanit 1\u2013Sampheng fabric"}},{"type":"Feature","geometry":{"type":"Point","coordinates":[100.507312,13.740257]},"properties":{"q":"at-risk","d":22.4,"f":8.3,"a":184.8,"v":11550000,"s":1,"dist":"Samphanthawong","cl":"Wanit 1\u2013Sampheng fabric"}},{"type":"Feature","geometry":{"type":"Point","coordinates":[100.504135,13.743168]},"properties":{"q":"at-risk","d":18.1,"f":12.1,"a":218.1,"v":13631250,"s":0,"dist":"Samphanthawong","cl":"Wanit 1\u2013Sampheng fabric"}},{"type":"Feature","geometry":{"type":"Point","coordinates":[100.508593,13.739316]},"properties":{"q":"at-risk","d":18.4,"f":5.0,"a":92.7,"v":5793750,"s":0,"dist":"Samphanthawong","cl":"Wanit 1\u2013Sampheng fabric"}},{"type":"Feature","geometry":{"type":"Point","coordinates":[100.505176,13.741746]},"properties":{"q":"tell-the-owner","d":12.2,"f":7.0,"a":81.4,"v":5087500,"s":0,"dist":"Samphanthawong","cl":"Wanit 1\u2013Sampheng fabric"}},{"type":"Feature","geometry":{"type":"Point","coordinates":[100.509065,13.740249]},"properties":{"q":"at-risk","d":32.0,"f":11.6,"a":370.0,"v":23125000,"s":0,"dist":"Samphanthawong","cl":"Wanit 1\u2013Sampheng fabric"}},{"type":"Feature","geometry":{"type":"Point","coordinates":[100.505824,13.741274]},"properties":{"q":"tell-the-owner","d":12.9,"f":10.0,"a":128.2,"v":8012500,"s":0,"dist":"Samphanthawong","cl":"Wanit 1\u2013Sampheng fabric"}},{"type":"Feature","geometry":{"type":"Point","coordinates":[100.503957,13.74307]},"properties":{"q":"at-risk","d":14.6,"f":10.1,"a":147.0,"v":9187500,"s":0,"dist":"Samphanthawong","cl":"Wanit 1\u2013Sampheng fabric"}},{"type":"Feature","geometry":{"type":"Point","coordinates":[100.508318,13.740651]},"properties":{"q":"at-risk","d":43.2,"f":6.9,"a":297.1,"v":18568750,"s":0,"dist":"Samphanthawong","cl":"Wanit 1\u2013Sampheng fabric"}},{"type":"Feature","geometry":{"type":"Point","coordinates":[100.507778,13.740323]},"properties":{"q":"lawful-reuse","d":5.7,"f":3.9,"a":22.5,"v":1406250,"s":0,"dist":"Samphanthawong","cl":"Wanit 1\u2013Sampheng fabric"}},{"type":"Feature","geometry":{"type":"Point","coordinates":[100.505801,13.741853]},"properties":{"q":"low-pressure","d":13.9,"f":3.8,"a":52.2,"v":3262500,"s":1,"dist":"Samphanthawong","cl":"Wanit 1\u2013Sampheng fabric"}},{"type":"Feature","geometry":{"type":"Point","coordinates":[100.508402,13.740352]},"properties":{"q":"at-risk","d":13.8,"f":10.1,"a":138.4,"v":8650000,"s":0,"dist":"Samphanthawong","cl":"Wanit 1\u2013Sampheng fabric"}},{"type":"Feature","geometry":{"type":"Point","coordinates":[100.506546,13.740718]},"properties":{"q":"at-risk","d":21.2,"f":10.1,"a":204.9,"v":12806250,"s":0,"dist":"Samphanthawong","cl":"Wanit 1\u2013Sampheng fabric"}},{"type":"Feature","geometry":{"type":"Point","coordinates":[100.507587,13.740087]},"properties":{"q":"lawful-reuse","d":10.7,"f":3.6,"a":38.9,"v":2431250,"s":1,"dist":"Samphanthawong","cl":"Wanit 1\u2013Sampheng fabric"}},{"type":"Feature","geometry":{"type":"Point","coordinates":[100.504749,13.742466]},"properties":{"q":"lawful-reuse","d":11.3,"f":4.8,"a":53.9,"v":3368750,"s":1,"dist":"Samphanthawong","cl":"Wanit 1\u2013Sampheng fabric"}},{"type":"Feature","geometry":{"type":"Point","coordinates":[100.506799,13.740363]},"properties":{"q":"lawful-reuse","d":10.3,"f":4.3,"a":44.1,"v":2756250,"s":0,"dist":"Samphanthawong","cl":"Wanit 1\u2013Sampheng fabric"}},{"type":"Feature","geometry":{"type":"Point","coordinates":[100.507459,13.740526]},"properties":{"q":"at-risk","d":18.5,"f":7.6,"a":139.6,"v":8725000,"s":1,"dist":"Samphanthawong","cl":"Wanit 1\u2013Sampheng fabric"}},{"type":"Feature","geometry":{"type":"Point","coordinates":[100.506404,13.741049]},"properties":{"q":"lawful-reuse","d":8.7,"f":4.4,"a":38.5,"v":2406250,"s":1,"dist":"Samphanthawong","cl":"Wanit 1\u2013Sampheng fabric"}},{"type":"Feature","geometry":{"type":"Point","coordinates":[100.506724,13.740738]},"properties":{"q":"lawful-reuse","d":9.6,"f":4.1,"a":39.5,"v":2468750,"s":1,"dist":"Samphanthawong","cl":"Wanit 1\u2013Sampheng fabric"}},{"type":"Feature","geometry":{"type":"Point","coordinates":[100.508794,13.739665]},"properties":{"q":"lawful-reuse","d":7.2,"f":5.6,"a":40.6,"v":2537500,"s":0,"dist":"Samphanthawong","cl":"Wanit 1\u2013Sampheng fabric"}},{"type":"Feature","geometry":{"type":"Point","coordinates":[100.504905,13.742885]},"properties":{"q":"at-risk","d":31.9,"f":11.1,"a":353.5,"v":22093750,"s":0,"dist":"Samphanthawong","cl":"Wanit 1\u2013Sampheng fabric"}},{"type":"Feature","geometry":{"type":"Point","coordinates":[100.50468,13.742519]},"properties":{"q":"lawful-reuse","d":11.4,"f":4.8,"a":53.9,"v":3368750,"s":1,"dist":"Samphanthawong","cl":"Wanit 1\u2013Sampheng fabric"}},{"type":"Feature","geometry":{"type":"Point","coordinates":[100.507086,13.741037]},"properties":{"q":"lawful-reuse","d":7.7,"f":6.5,"a":49.8,"v":3112500,"s":0,"dist":"Samphanthawong","cl":"Wanit 1\u2013Sampheng fabric"}},{"type":"Feature","geometry":{"type":"Point","coordinates":[100.508054,13.740337]},"properties":{"q":"at-risk","d":23.1,"f":14.4,"a":331.3,"v":20706250,"s":0,"dist":"Samphanthawong","cl":"Wanit 1\u2013Sampheng fabric"}},{"type":"Feature","geometry":{"type":"Point","coordinates":[100.507713,13.740848]},"properties":{"q":"at-risk","d":20.1,"f":3.2,"a":63.3,"v":3956250,"s":1,"dist":"Samphanthawong","cl":"Wanit 1\u2013Sampheng fabric"}},{"type":"Feature","geometry":{"type":"Point","coordinates":[100.50789,13.740181]},"properties":{"q":"at-risk","d":27.0,"f":10.3,"a":277.0,"v":17312500,"s":1,"dist":"Samphanthawong","cl":"Wanit 1\u2013Sampheng fabric"}},{"type":"Feature","geometry":{"type":"Point","coordinates":[100.506162,13.741855]},"properties":{"q":"lawful-reuse","d":7.0,"f":2.8,"a":19.8,"v":1237500,"s":0,"dist":"Samphanthawong","cl":"Wanit 1\u2013Sampheng fabric"}},{"type":"Feature","geometry":{"type":"Point","coordinates":[100.503556,13.743629]},"properties":{"q":"at-risk","d":18.8,"f":12.0,"a":200.6,"v":12537500,"s":0,"dist":"Samphanthawong","cl":"Wanit 1\u2013Sampheng fabric"}},{"type":"Feature","geometry":{"type":"Point","coordinates":[100.504242,13.742272]},"properties":{"q":"at-risk","d":16.1,"f":6.4,"a":102.7,"v":6418750,"s":0,"dist":"Samphanthawong","cl":"Wanit 1\u2013Sampheng fabric"}},{"type":"Feature","geometry":{"type":"Point","coordinates":[100.508621,13.740279]},"properties":{"q":"lawful-reuse","d":11.6,"f":6.3,"a":38.7,"v":2418750,"s":0,"dist":"Samphanthawong","cl":"Wanit 1\u2013Sampheng fabric"}},{"type":"Feature","geometry":{"type":"Point","coordinates":[100.503784,13.743553]},"properties":{"q":"at-risk","d":35.9,"f":10.8,"a":339.7,"v":21231250,"s":1,"dist":"Samphanthawong","cl":"Wanit 1\u2013Sampheng fabric"}},{"type":"Feature","geometry":{"type":"Point","coordinates":[100.507816,13.740789]},"properties":{"q":"lawful-reuse","d":10.2,"f":3.7,"a":37.4,"v":2337500,"s":0,"dist":"Samphanthawong","cl":"Wanit 1\u2013Sampheng fabric"}},{"type":"Feature","geometry":{"type":"Point","coordinates":[100.504401,13.742561]},"properties":{"q":"at-risk","d":14.5,"f":8.1,"a":116.4,"v":7275000,"s":0,"dist":"Samphanthawong","cl":"Wanit 1\u2013Sampheng fabric"}},{"type":"Feature","geometry":{"type":"Point","coordinates":[100.505693,13.74124]},"properties":{"q":"lawful-reuse","d":9.5,"f":2.8,"a":26.8,"v":1675000,"s":1,"dist":"Samphanthawong","cl":"Wanit 1\u2013Sampheng fabric"}},{"type":"Feature","geometry":{"type":"Point","coordinates":[100.504159,13.742917]},"properties":{"q":"lawful-reuse","d":11.5,"f":4.8,"a":54.6,"v":3412500,"s":1,"dist":"Samphanthawong","cl":"Wanit 1\u2013Sampheng fabric"}},{"type":"Feature","geometry":{"type":"Point","coordinates":[100.508707,13.739858]},"properties":{"q":"at-risk","d":14.9,"f":8.5,"a":125.6,"v":7850000,"s":1,"dist":"Samphanthawong","cl":"Wanit 1\u2013Sampheng fabric"}},{"type":"Feature","geometry":{"type":"Point","coordinates":[100.503522,13.743177]},"properties":{"q":"at-risk","d":14.1,"f":9.6,"a":135.0,"v":8437500,"s":0,"dist":"Samphanthawong","cl":"Wanit 1\u2013Sampheng fabric"}},{"type":"Feature","geometry":{"type":"Point","coordinates":[100.504373,13.743054]},"properties":{"q":"at-risk","d":28.3,"f":15.2,"a":429.0,"v":26812500,"s":0,"dist":"Samphanthawong","cl":"Wanit 1\u2013Sampheng fabric"}},{"type":"Feature","geometry":{"type":"Point","coordinates":[100.505172,13.742522]},"properties":{"q":"lawful-reuse","d":9.9,"f":2.5,"a":24.5,"v":1531250,"s":0,"dist":"Samphanthawong","cl":"Wanit 1\u2013Sampheng fabric"}},{"type":"Feature","geometry":{"type":"Point","coordinates":[100.505828,13.741839]},"properties":{"q":"lawful-reuse","d":6.2,"f":4.1,"a":25.3,"v":1581250,"s":0,"dist":"Samphanthawong","cl":"Wanit 1\u2013Sampheng fabric"}},{"type":"Feature","geometry":{"type":"Point","coordinates":[100.506505,13.74133]},"properties":{"q":"lawful-reuse","d":7.9,"f":4.6,"a":33.6,"v":2100000,"s":0,"dist":"Samphanthawong","cl":"Wanit 1\u2013Sampheng fabric"}},{"type":"Feature","geometry":{"type":"Point","coordinates":[100.505927,13.74202]},"properties":{"q":"lawful-reuse","d":10.0,"f":2.6,"a":25.9,"v":1618750,"s":0,"dist":"Samphanthawong","cl":"Wanit 1\u2013Sampheng fabric"}},{"type":"Feature","geometry":{"type":"Point","coordinates":[100.505667,13.74153]},"properties":{"q":"tell-the-owner","d":12.5,"f":7.7,"a":91.8,"v":5737500,"s":0,"dist":"Samphanthawong","cl":"Wanit 1\u2013Sampheng fabric"}},{"type":"Feature","geometry":{"type":"Point","coordinates":[100.505893,13.741917]},"properties":{"q":"lawful-reuse","d":8.2,"f":3.6,"a":29.5,"v":1843750,"s":0,"dist":"Samphanthawong","cl":"Wanit 1\u2013Sampheng fabric"}},{"type":"Feature","geometry":{"type":"Point","coordinates":[100.507835,13.740742]},"properties":{"q":"low-pressure","d":15.3,"f":3.0,"a":45.6,"v":2850000,"s":1,"dist":"Samphanthawong","cl":"Wanit 1\u2013Sampheng fabric"}},{"type":"Feature","geometry":{"type":"Point","coordinates":[100.508775,13.739551]},"properties":{"q":"lawful-reuse","d":7.7,"f":4.1,"a":31.2,"v":1950000,"s":0,"dist":"Samphanthawong","cl":"Wanit 1\u2013Sampheng fabric"}},{"type":"Feature","geometry":{"type":"Point","coordinates":[100.503912,13.742707]},"properties":{"q":"low-pressure","d":13.7,"f":3.3,"a":45.6,"v":2850000,"s":1,"dist":"Samphanthawong","cl":"Wanit 1\u2013Sampheng fabric"}},{"type":"Feature","geometry":{"type":"Point","coordinates":[100.508635,13.739752]},"properties":{"q":"at-risk","d":26.4,"f":11.3,"a":297.7,"v":18606250,"s":1,"dist":"Samphanthawong","cl":"Wanit 1\u2013Sampheng fabric"}},{"type":"Feature","geometry":{"type":"Point","coordinates":[100.504895,13.741525]},"properties":{"q":"lawful-reuse","d":7.2,"f":3.3,"a":23.7,"v":1481250,"s":0,"dist":"Samphanthawong","cl":"Wanit 1\u2013Sampheng fabric"}},{"type":"Feature","geometry":{"type":"Point","coordinates":[100.503982,13.743279]},"properties":{"q":"at-risk","d":26.6,"f":18.2,"a":478.3,"v":29893750,"s":0,"dist":"Samphanthawong","cl":"Wanit 1\u2013Sampheng fabric"}},{"type":"Feature","geometry":{"type":"Point","coordinates":[100.506156,13.740817]},"properties":{"q":"at-risk","d":27.1,"f":12.4,"a":318.6,"v":19912500,"s":0,"dist":"Samphanthawong","cl":"Wanit 1\u2013Sampheng fabric"}},{"type":"Feature","geometry":{"type":"Point","coordinates":[100.508236,13.739797]},"properties":{"q":"lawful-reuse","d":7.5,"f":2.6,"a":19.5,"v":1218750,"s":1,"dist":"Samphanthawong","cl":"Wanit 1\u2013Sampheng fabric"}},{"type":"Feature","geometry":{"type":"Point","coordinates":[100.506609,13.741352]},"properties":{"q":"lawful-reuse","d":9.0,"f":5.8,"a":51.6,"v":3225000,"s":0,"dist":"Samphanthawong","cl":"Wanit 1\u2013Sampheng fabric"}},{"type":"Feature","geometry":{"type":"Point","coordinates":[100.505735,13.741607]},"properties":{"q":"lawful-reuse","d":7.7,"f":3.4,"a":26.6,"v":1662500,"s":1,"dist":"Samphanthawong","cl":"Wanit 1\u2013Sampheng fabric"}},{"type":"Feature","geometry":{"type":"Point","coordinates":[100.508988,13.739396]},"properties":{"q":"tell-the-owner","d":12.4,"f":7.5,"a":83.0,"v":5187500,"s":0,"dist":"Samphanthawong","cl":"Wanit 1\u2013Sampheng fabric"}},{"type":"Feature","geometry":{"type":"Point","coordinates":[100.505897,13.741989]},"properties":{"q":"lawful-reuse","d":10.3,"f":2.3,"a":23.9,"v":1493750,"s":0,"dist":"Samphanthawong","cl":"Wanit 1\u2013Sampheng fabric"}},{"type":"Feature","geometry":{"type":"Point","coordinates":[100.503262,13.743847]},"properties":{"q":"at-risk","d":16.2,"f":5.0,"a":80.7,"v":5043750,"s":1,"dist":"Samphanthawong","cl":"Wanit 1\u2013Sampheng fabric"}},{"type":"Feature","geometry":{"type":"Point","coordinates":[100.504275,13.743164]},"properties":{"q":"at-risk","d":32.2,"f":13.1,"a":419.7,"v":26231250,"s":0,"dist":"Samphanthawong","cl":"Wanit 1\u2013Sampheng fabric"}},{"type":"Feature","geometry":{"type":"Point","coordinates":[100.505824,13.741596]},"properties":{"q":"tell-the-owner","d":13.1,"f":6.3,"a":81.7,"v":5106250,"s":1,"dist":"Samphanthawong","cl":"Wanit 1\u2013Sampheng fabric"}},{"type":"Feature","geometry":{"type":"Point","coordinates":[100.504877,13.741937]},"properties":{"q":"lawful-reuse","d":7.7,"f":4.4,"a":34.3,"v":2143750,"s":0,"dist":"Samphanthawong","cl":"Wanit 1\u2013Sampheng fabric"}},{"type":"Feature","geometry":{"type":"Point","coordinates":[100.506964,13.740891]},"properties":{"q":"at-risk","d":14.7,"f":6.5,"a":95.4,"v":5962500,"s":1,"dist":"Samphanthawong","cl":"Wanit 1\u2013Sampheng fabric"}},{"type":"Feature","geometry":{"type":"Point","coordinates":[100.505587,13.741535]},"properties":{"q":"tell-the-owner","d":11.3,"f":8.0,"a":88.2,"v":5512500,"s":0,"dist":"Samphanthawong","cl":"Wanit 1\u2013Sampheng fabric"}},{"type":"Feature","geometry":{"type":"Point","coordinates":[100.503346,13.743438]},"properties":{"q":"at-risk","d":24.8,"f":7.0,"a":172.1,"v":10756250,"s":1,"dist":"Samphanthawong","cl":"Wanit 1\u2013Sampheng fabric"}},{"type":"Feature","geometry":{"type":"Point","coordinates":[100.504889,13.741886]},"properties":{"q":"lawful-reuse","d":11.6,"f":4.6,"a":53.9,"v":3368750,"s":1,"dist":"Samphanthawong","cl":"Wanit 1\u2013Sampheng fabric"}},{"type":"Feature","geometry":{"type":"Point","coordinates":[100.504671,13.741712]},"properties":{"q":"lawful-reuse","d":11.3,"f":3.7,"a":41.9,"v":2618750,"s":0,"dist":"Samphanthawong","cl":"Wanit 1\u2013Sampheng fabric"}},{"type":"Feature","geometry":{"type":"Point","coordinates":[100.508194,13.739982]},"properties":{"q":"lawful-reuse","d":8.1,"f":3.3,"a":26.6,"v":1662500,"s":1,"dist":"Samphanthawong","cl":"Wanit 1\u2013Sampheng fabric"}},{"type":"Feature","geometry":{"type":"Point","coordinates":[100.507478,13.740184]},"properties":{"q":"at-risk","d":15.0,"f":5.2,"a":78.1,"v":4881250,"s":1,"dist":"Samphanthawong","cl":"Wanit 1\u2013Sampheng fabric"}},{"type":"Feature","geometry":{"type":"Point","coordinates":[100.504333,13.742784]},"properties":{"q":"lawful-reuse","d":11.4,"f":4.8,"a":54.4,"v":3400000,"s":1,"dist":"Samphanthawong","cl":"Wanit 1\u2013Sampheng fabric"}},{"type":"Feature","geometry":{"type":"Point","coordinates":[100.509539,13.739867]},"properties":{"q":"lawful-reuse","d":8.9,"f":3.1,"a":27.5,"v":1718750,"s":0,"dist":"Samphanthawong","cl":"Wanit 1\u2013Sampheng fabric"}},{"type":"Feature","geometry":{"type":"Point","coordinates":[100.508153,13.740184]},"properties":{"q":"at-risk","d":57.3,"f":22.1,"a":772.7,"v":48293750,"s":1,"dist":"Samphanthawong","cl":"Wanit 1\u2013Sampheng fabric"}},{"type":"Feature","geometry":{"type":"Point","coordinates":[100.505775,13.741669]},"properties":{"q":"tell-the-owner","d":9.4,"f":6.6,"a":61.9,"v":3868750,"s":0,"dist":"Samphanthawong","cl":"Wanit 1\u2013Sampheng fabric"}},{"type":"Feature","geometry":{"type":"Point","coordinates":[100.507733,13.740905]},"properties":{"q":"at-risk","d":16.1,"f":6.6,"a":73.2,"v":4575000,"s":0,"dist":"Samphanthawong","cl":"Wanit 1\u2013Sampheng fabric"}},{"type":"Feature","geometry":{"type":"Point","coordinates":[100.504755,13.741921]},"properties":{"q":"lawful-reuse","d":11.5,"f":3.3,"a":37.9,"v":2368750,"s":1,"dist":"Samphanthawong","cl":"Wanit 1\u2013Sampheng fabric"}},{"type":"Feature","geometry":{"type":"Point","coordinates":[100.508675,13.740351]},"properties":{"q":"lawful-reuse","d":9.5,"f":4.8,"a":45.6,"v":2850000,"s":0,"dist":"Samphanthawong","cl":"Wanit 1\u2013Sampheng fabric"}},{"type":"Feature","geometry":{"type":"Point","coordinates":[100.507145,13.741018]},"properties":{"q":"lawful-reuse","d":9.0,"f":6.1,"a":54.7,"v":3418750,"s":0,"dist":"Samphanthawong","cl":"Wanit 1\u2013Sampheng fabric"}},{"type":"Feature","geometry":{"type":"Point","coordinates":[100.506317,13.741114]},"properties":{"q":"at-risk","d":18.0,"f":5.5,"a":97.1,"v":6068750,"s":1,"dist":"Samphanthawong","cl":"Wanit 1\u2013Sampheng fabric"}},{"type":"Feature","geometry":{"type":"Point","coordinates":[100.504716,13.742139]},"properties":{"q":"at-risk","d":37.6,"f":7.3,"a":256.4,"v":16025000,"s":1,"dist":"Samphanthawong","cl":"Wanit 1\u2013Sampheng fabric"}},{"type":"Feature","geometry":{"type":"Point","coordinates":[100.503588,13.74283]},"properties":{"q":"at-risk","d":14.1,"f":6.0,"a":84.5,"v":5281250,"s":0,"dist":"Samphanthawong","cl":"Wanit 1\u2013Sampheng fabric"}},{"type":"Feature","geometry":{"type":"Point","coordinates":[100.507472,13.740615]},"properties":{"q":"at-risk","d":30.7,"f":14.8,"a":374.9,"v":23431250,"s":1,"dist":"Samphanthawong","cl":"Wanit 1\u2013Sampheng fabric"}},{"type":"Feature","geometry":{"type":"Point","coordinates":[100.506131,13.741755]},"properties":{"q":"lawful-reuse","d":9.6,"f":3.8,"a":36.4,"v":2275000,"s":0,"dist":"Samphanthawong","cl":"Wanit 1\u2013Sampheng fabric"}},{"type":"Feature","geometry":{"type":"Point","coordinates":[100.508331,13.740408]},"properties":{"q":"lawful-reuse","d":9.7,"f":5.1,"a":48.8,"v":3050000,"s":0,"dist":"Samphanthawong","cl":"Wanit 1\u2013Sampheng fabric"}},{"type":"Feature","geometry":{"type":"Point","coordinates":[100.504819,13.742412]},"properties":{"q":"lawful-reuse","d":11.3,"f":4.8,"a":53.9,"v":3368750,"s":1,"dist":"Samphanthawong","cl":"Wanit 1\u2013Sampheng fabric"}},{"type":"Feature","geometry":{"type":"Point","coordinates":[100.505341,13.742208]},"properties":{"q":"at-risk","d":18.4,"f":4.2,"a":77.5,"v":4843750,"s":1,"dist":"Samphanthawong","cl":"Wanit 1\u2013Sampheng fabric"}},{"type":"Feature","geometry":{"type":"Point","coordinates":[100.503624,13.742882]},"properties":{"q":"tell-the-owner","d":13.1,"f":5.4,"a":71.0,"v":4437500,"s":0,"dist":"Samphanthawong","cl":"Wanit 1\u2013Sampheng fabric"}},{"type":"Feature","geometry":{"type":"Point","coordinates":[100.507416,13.740238]},"properties":{"q":"at-risk","d":18.0,"f":7.6,"a":136.6,"v":8537500,"s":0,"dist":"Samphanthawong","cl":"Wanit 1\u2013Sampheng fabric"}},{"type":"Feature","geometry":{"type":"Point","coordinates":[100.504437,13.742705]},"properties":{"q":"lawful-reuse","d":11.4,"f":4.8,"a":54.3,"v":3393750,"s":1,"dist":"Samphanthawong","cl":"Wanit 1\u2013Sampheng fabric"}},{"type":"Feature","geometry":{"type":"Point","coordinates":[100.505218,13.7423]},"properties":{"q":"at-risk","d":15.2,"f":6.2,"a":93.4,"v":5837500,"s":0,"dist":"Samphanthawong","cl":"Wanit 1\u2013Sampheng fabric"}},{"type":"Feature","geometry":{"type":"Point","coordinates":[100.509277,13.740072]},"properties":{"q":"lawful-reuse","d":10.0,"f":3.5,"a":35.5,"v":2218750,"s":0,"dist":"Samphanthawong","cl":"Wanit 1\u2013Sampheng fabric"}},{"type":"Feature","geometry":{"type":"Point","coordinates":[100.505488,13.741131]},"properties":{"q":"lawful-reuse","d":10.5,"f":5.0,"a":52.7,"v":3293750,"s":0,"dist":"Samphanthawong","cl":"Wanit 1\u2013Sampheng fabric"}},{"type":"Feature","geometry":{"type":"Point","coordinates":[100.505052,13.741792]},"properties":{"q":"at-risk","d":13.7,"f":7.2,"a":98.9,"v":6181250,"s":0,"dist":"Samphanthawong","cl":"Wanit 1\u2013Sampheng fabric"}},{"type":"Feature","geometry":{"type":"Point","coordinates":[100.506428,13.74097]},"properties":{"q":"at-risk","d":20.0,"f":9.6,"a":178.0,"v":11125000,"s":0,"dist":"Samphanthawong","cl":"Wanit 1\u2013Sampheng fabric"}},{"type":"Feature","geometry":{"type":"Point","coordinates":[100.506747,13.741268]},"properties":{"q":"tell-the-owner","d":10.7,"f":8.0,"a":85.3,"v":5331250,"s":0,"dist":"Samphanthawong","cl":"Wanit 1\u2013Sampheng fabric"}},{"type":"Feature","geometry":{"type":"Point","coordinates":[100.505895,13.741529]},"properties":{"q":"low-pressure","d":14.3,"f":3.1,"a":44.1,"v":2756250,"s":1,"dist":"Samphanthawong","cl":"Wanit 1\u2013Sampheng fabric"}},{"type":"Feature","geometry":{"type":"Point","coordinates":[100.504489,13.742074]},"properties":{"q":"at-risk","d":14.2,"f":6.8,"a":96.1,"v":6006250,"s":0,"dist":"Samphanthawong","cl":"Wanit 1\u2013Sampheng fabric"}},{"type":"Feature","geometry":{"type":"Point","coordinates":[100.506652,13.741184]},"properties":{"q":"lawful-reuse","d":10.7,"f":3.1,"a":33.4,"v":2087500,"s":1,"dist":"Samphanthawong","cl":"Wanit 1\u2013Sampheng fabric"}},{"type":"Feature","geometry":{"type":"Point","coordinates":[100.504784,13.742439]},"properties":{"q":"lawful-reuse","d":11.3,"f":4.8,"a":53.8,"v":3362500,"s":1,"dist":"Samphanthawong","cl":"Wanit 1\u2013Sampheng fabric"}},{"type":"Feature","geometry":{"type":"Point","coordinates":[100.50513,13.741714]},"properties":{"q":"lawful-reuse","d":11.6,"f":3.3,"a":38.2,"v":2387500,"s":1,"dist":"Samphanthawong","cl":"Wanit 1\u2013Sampheng fabric"}},{"type":"Feature","geometry":{"type":"Point","coordinates":[100.504506,13.742651]},"properties":{"q":"lawful-reuse","d":11.4,"f":4.8,"a":54.2,"v":3387500,"s":1,"dist":"Samphanthawong","cl":"Wanit 1\u2013Sampheng fabric"}},{"type":"Feature","geometry":{"type":"Point","coordinates":[100.505755,13.741965]},"properties":{"q":"at-risk","d":24.8,"f":7.6,"a":165.0,"v":10312500,"s":1,"dist":"Samphanthawong","cl":"Wanit 1\u2013Sampheng fabric"}},{"type":"Feature","geometry":{"type":"Point","coordinates":[100.506696,13.741312]},"properties":{"q":"tell-the-owner","d":10.6,"f":5.9,"a":61.8,"v":3862500,"s":0,"dist":"Samphanthawong","cl":"Wanit 1\u2013Sampheng fabric"}},{"type":"Feature","geometry":{"type":"Point","coordinates":[100.503118,13.7432]},"properties":{"q":"at-risk","d":42.3,"f":14.5,"a":593.4,"v":37087500,"s":0,"dist":"Samphanthawong","cl":"Wanit 1\u2013Sampheng fabric"}},{"type":"Feature","geometry":{"type":"Point","coordinates":[100.505786,13.741366]},"properties":{"q":"lawful-reuse","d":6.1,"f":4.3,"a":26.4,"v":1650000,"s":0,"dist":"Samphanthawong","cl":"Wanit 1\u2013Sampheng fabric"}},{"type":"Feature","geometry":{"type":"Point","coordinates":[100.50461,13.742572]},"properties":{"q":"lawful-reuse","d":11.4,"f":4.8,"a":54.1,"v":3381250,"s":1,"dist":"Samphanthawong","cl":"Wanit 1\u2013Sampheng fabric"}},{"type":"Feature","geometry":{"type":"Point","coordinates":[100.505646,13.741304]},"properties":{"q":"tell-the-owner","d":8.6,"f":6.9,"a":59.8,"v":3737500,"s":0,"dist":"Samphanthawong","cl":"Wanit 1\u2013Sampheng fabric"}},{"type":"Feature","geometry":{"type":"Point","coordinates":[100.504737,13.741758]},"properties":{"q":"lawful-reuse","d":9.5,"f":5.2,"a":49.4,"v":3087500,"s":0,"dist":"Samphanthawong","cl":"Wanit 1\u2013Sampheng fabric"}},{"type":"Feature","geometry":{"type":"Point","coordinates":[100.503666,13.742936]},"properties":{"q":"tell-the-owner","d":12.3,"f":7.3,"a":89.0,"v":5562500,"s":0,"dist":"Samphanthawong","cl":"Wanit 1\u2013Sampheng fabric"}},{"type":"Feature","geometry":{"type":"Point","coordinates":[100.506095,13.741401]},"properties":{"q":"tell-the-owner","d":10.9,"f":7.7,"a":84.2,"v":5262500,"s":0,"dist":"Samphanthawong","cl":"Wanit 1\u2013Sampheng fabric"}},{"type":"Feature","geometry":{"type":"Point","coordinates":[100.504495,13.742878]},"properties":{"q":"at-risk","d":15.9,"f":5.7,"a":89.7,"v":5606250,"s":1,"dist":"Samphanthawong","cl":"Wanit 1\u2013Sampheng fabric"}},{"type":"Feature","geometry":{"type":"Point","coordinates":[100.503003,13.743296]},"properties":{"q":"at-risk","d":44.8,"f":12.4,"a":549.9,"v":34368750,"s":0,"dist":"Samphanthawong","cl":"Wanit 1\u2013Sampheng fabric"}},{"type":"Feature","geometry":{"type":"Point","coordinates":[100.506665,13.740867]},"properties":{"q":"at-risk","d":19.1,"f":8.4,"a":138.3,"v":8643750,"s":1,"dist":"Samphanthawong","cl":"Wanit 1\u2013Sampheng fabric"}},{"type":"Feature","geometry":{"type":"Point","coordinates":[100.508811,13.739578]},"properties":{"q":"lawful-reuse","d":7.8,"f":4.7,"a":36.1,"v":2256250,"s":0,"dist":"Samphanthawong","cl":"Wanit 1\u2013Sampheng fabric"}},{"type":"Feature","geometry":{"type":"Point","coordinates":[100.508544,13.739799]},"properties":{"q":"at-risk","d":18.7,"f":12.1,"a":224.9,"v":14056250,"s":0,"dist":"Samphanthawong","cl":"Wanit 1\u2013Sampheng fabric"}},{"type":"Feature","geometry":{"type":"Point","coordinates":[100.504692,13.743059]},"properties":{"q":"at-risk","d":30.3,"f":11.6,"a":348.9,"v":21806250,"s":0,"dist":"Samphanthawong","cl":"Wanit 1\u2013Sampheng fabric"}},{"type":"Feature","geometry":{"type":"Point","coordinates":[100.509095,13.740017]},"properties":{"q":"tell-the-owner","d":12.9,"f":7.3,"a":93.3,"v":5831250,"s":0,"dist":"Samphanthawong","cl":"Wanit 1\u2013Sampheng fabric"}},{"type":"Feature","geometry":{"type":"Point","coordinates":[100.509285,13.739856]},"properties":{"q":"tell-the-owner","d":13.4,"f":5.7,"a":75.6,"v":4725000,"s":0,"dist":"Samphanthawong","cl":"Wanit 1\u2013Sampheng fabric"}},{"type":"Feature","geometry":{"type":"Point","coordinates":[100.505226,13.741279]},"properties":{"q":"tell-the-owner","d":13.3,"f":5.4,"a":72.3,"v":4518750,"s":0,"dist":"Samphanthawong","cl":"Wanit 1\u2013Sampheng fabric"}},{"type":"Feature","geometry":{"type":"Point","coordinates":[100.50841,13.739928]},"properties":{"q":"lawful-reuse","d":6.5,"f":3.4,"a":21.9,"v":1368750,"s":0,"dist":"Samphanthawong","cl":"Wanit 1\u2013Sampheng fabric"}},{"type":"Feature","geometry":{"type":"Point","coordinates":[100.503269,13.743975]},"properties":{"q":"at-risk","d":37.5,"f":11.8,"a":428.5,"v":26781250,"s":0,"dist":"Samphanthawong","cl":"Wanit 1\u2013Sampheng fabric"}},{"type":"Feature","geometry":{"type":"Point","coordinates":[100.508846,13.73962]},"properties":{"q":"lawful-reuse","d":7.7,"f":4.2,"a":32.5,"v":2031250,"s":0,"dist":"Samphanthawong","cl":"Wanit 1\u2013Sampheng fabric"}},{"type":"Feature","geometry":{"type":"Point","coordinates":[100.50463,13.742774]},"properties":{"q":"at-risk","d":15.9,"f":5.9,"a":93.2,"v":5825000,"s":1,"dist":"Samphanthawong","cl":"Wanit 1\u2013Sampheng fabric"}},{"type":"Feature","geometry":{"type":"Point","coordinates":[100.50689,13.741159]},"properties":{"q":"lawful-reuse","d":10.4,"f":5.7,"a":52.9,"v":3306250,"s":0,"dist":"Samphanthawong","cl":"Wanit 1\u2013Sampheng fabric"}},{"type":"Feature","geometry":{"type":"Point","coordinates":[100.505162,13.742007]},"properties":{"q":"at-risk","d":46.5,"f":16.9,"a":546.9,"v":34181250,"s":1,"dist":"Samphanthawong","cl":"Wanit 1\u2013Sampheng fabric"}},{"type":"Feature","geometry":{"type":"Point","coordinates":[100.504796,13.741722]},"properties":{"q":"tell-the-owner","d":12.9,"f":6.1,"a":78.7,"v":4918750,"s":0,"dist":"Samphanthawong","cl":"Wanit 1\u2013Sampheng fabric"}},{"type":"Feature","geometry":{"type":"Point","coordinates":[100.503387,13.743118]},"properties":{"q":"at-risk","d":22.6,"f":9.0,"a":198.5,"v":12406250,"s":0,"dist":"Samphanthawong","cl":"Wanit 1\u2013Sampheng fabric"}},{"type":"Feature","geometry":{"type":"Point","coordinates":[100.504715,13.742492]},"properties":{"q":"lawful-reuse","d":11.3,"f":4.8,"a":54.0,"v":3375000,"s":1,"dist":"Samphanthawong","cl":"Wanit 1\u2013Sampheng fabric"}},{"type":"Feature","geometry":{"type":"Point","coordinates":[100.507082,13.740942]},"properties":{"q":"lawful-reuse","d":9.0,"f":6.1,"a":54.4,"v":3400000,"s":0,"dist":"Samphanthawong","cl":"Wanit 1\u2013Sampheng fabric"}},{"type":"Feature","geometry":{"type":"Point","coordinates":[100.506175,13.741549]},"properties":{"q":"lawful-reuse","d":6.7,"f":3.5,"a":23.6,"v":1475000,"s":0,"dist":"Samphanthawong","cl":"Wanit 1\u2013Sampheng fabric"}},{"type":"Feature","geometry":{"type":"Point","coordinates":[100.509444,13.740006]},"properties":{"q":"at-risk","d":17.1,"f":4.3,"a":73.4,"v":4587500,"s":0,"dist":"Samphanthawong","cl":"Wanit 1\u2013Sampheng fabric"}},{"type":"Feature","geometry":{"type":"Point","coordinates":[100.509071,13.739346]},"properties":{"q":"at-risk","d":16.8,"f":6.0,"a":100.9,"v":6306250,"s":1,"dist":"Samphanthawong","cl":"Wanit 1\u2013Sampheng fabric"}},{"type":"Feature","geometry":{"type":"Point","coordinates":[100.505863,13.741937]},"properties":{"q":"lawful-reuse","d":6.8,"f":3.6,"a":24.7,"v":1543750,"s":0,"dist":"Samphanthawong","cl":"Wanit 1\u2013Sampheng fabric"}},{"type":"Feature","geometry":{"type":"Point","coordinates":[100.508507,13.740058]},"properties":{"q":"tell-the-owner","d":11.0,"f":8.4,"a":92.2,"v":5762500,"s":0,"dist":"Samphanthawong","cl":"Wanit 1\u2013Sampheng fabric"}},{"type":"Feature","geometry":{"type":"Point","coordinates":[100.505126,13.741561]},"properties":{"q":"at-risk","d":58.3,"f":8.5,"a":483.9,"v":30243750,"s":1,"dist":"Samphanthawong","cl":"Wanit 1\u2013Sampheng fabric"}},{"type":"Feature","geometry":{"type":"Point","coordinates":[100.508409,13.739844]},"properties":{"q":"lawful-reuse","d":6.5,"f":3.4,"a":22.3,"v":1393750,"s":0,"dist":"Samphanthawong","cl":"Wanit 1\u2013Sampheng fabric"}},{"type":"Feature","geometry":{"type":"Point","coordinates":[100.505525,13.741779]},"properties":{"q":"at-risk","d":37.3,"f":19.8,"a":733.2,"v":45825000,"s":1,"dist":"Samphanthawong","cl":"Wanit 1\u2013Sampheng fabric"}},{"type":"Feature","geometry":{"type":"Point","coordinates":[100.506975,13.74056]},"properties":{"q":"at-risk","d":14.5,"f":11.8,"a":171.6,"v":10725000,"s":0,"dist":"Samphanthawong","cl":"Wanit 1\u2013Sampheng fabric"}},{"type":"Feature","geometry":{"type":"Point","coordinates":[100.508776,13.74003]},"properties":{"q":"at-risk","d":36.2,"f":12.8,"a":463.3,"v":28956250,"s":1,"dist":"Samphanthawong","cl":"Wanit 1\u2013Sampheng fabric"}},{"type":"Feature","geometry":{"type":"Point","coordinates":[100.506592,13.741185]},"properties":{"q":"tell-the-owner","d":9.4,"f":6.5,"a":61.3,"v":3831250,"s":0,"dist":"Samphanthawong","cl":"Wanit 1\u2013Sampheng fabric"}},{"type":"Feature","geometry":{"type":"Point","coordinates":[100.504228,13.742864]},"properties":{"q":"lawful-reuse","d":11.5,"f":4.8,"a":54.5,"v":3406250,"s":1,"dist":"Samphanthawong","cl":"Wanit 1\u2013Sampheng fabric"}},{"type":"Feature","geometry":{"type":"Point","coordinates":[100.503809,13.743132]},"properties":{"q":"at-risk","d":21.0,"f":11.4,"a":239.5,"v":14968750,"s":0,"dist":"Samphanthawong","cl":"Wanit 1\u2013Sampheng fabric"}},{"type":"Feature","geometry":{"type":"Point","coordinates":[100.504124,13.742944]},"properties":{"q":"lawful-reuse","d":11.5,"f":4.8,"a":54.6,"v":3412500,"s":1,"dist":"Samphanthawong","cl":"Wanit 1\u2013Sampheng fabric"}},{"type":"Feature","geometry":{"type":"Point","coordinates":[100.506235,13.741619]},"properties":{"q":"at-risk","d":13.6,"f":7.0,"a":81.1,"v":5068750,"s":0,"dist":"Samphanthawong","cl":"Wanit 1\u2013Sampheng fabric"}},{"type":"Feature","geometry":{"type":"Point","coordinates":[100.508042,13.740706]},"properties":{"q":"at-risk","d":17.3,"f":3.5,"a":61.3,"v":3831250,"s":0,"dist":"Samphanthawong","cl":"Wanit 1\u2013Sampheng fabric"}},{"type":"Feature","geometry":{"type":"Point","coordinates":[100.506813,13.740603]},"properties":{"q":"low-pressure","d":14.8,"f":3.1,"a":45.8,"v":2862500,"s":1,"dist":"Samphanthawong","cl":"Wanit 1\u2013Sampheng fabric"}},{"type":"Feature","geometry":{"type":"Point","coordinates":[100.505902,13.741475]},"properties":{"q":"lawful-reuse","d":7.7,"f":4.7,"a":36.2,"v":2262500,"s":1,"dist":"Samphanthawong","cl":"Wanit 1\u2013Sampheng fabric"}},{"type":"Feature","geometry":{"type":"Point","coordinates":[100.508754,13.739626]},"properties":{"q":"lawful-reuse","d":7.2,"f":4.5,"a":32.5,"v":2031250,"s":0,"dist":"Samphanthawong","cl":"Wanit 1\u2013Sampheng fabric"}},{"type":"Feature","geometry":{"type":"Point","coordinates":[100.50826,13.739734]},"properties":{"q":"lawful-reuse","d":6.9,"f":4.5,"a":28.0,"v":1750000,"s":0,"dist":"Samphanthawong","cl":"Wanit 1\u2013Sampheng fabric"}},{"type":"Feature","geometry":{"type":"Point","coordinates":[100.509543,13.739665]},"properties":{"q":"at-risk","d":14.5,"f":6.5,"a":93.5,"v":5843750,"s":0,"dist":"Samphanthawong","cl":"Wanit 1\u2013Sampheng fabric"}},{"type":"Feature","geometry":{"type":"Point","coordinates":[100.505694,13.742005]},"properties":{"q":"at-risk","d":20.7,"f":7.3,"a":151.4,"v":9462500,"s":0,"dist":"Samphanthawong","cl":"Wanit 1\u2013Sampheng fabric"}},{"type":"Feature","geometry":{"type":"Point","coordinates":[100.505932,13.74175]},"properties":{"q":"tell-the-owner","d":12.3,"f":5.4,"a":65.6,"v":4100000,"s":0,"dist":"Samphanthawong","cl":"Wanit 1\u2013Sampheng fabric"}},{"type":"Feature","geometry":{"type":"Point","coordinates":[100.504844,13.741843]},"properties":{"q":"at-risk","d":13.9,"f":6.7,"a":92.4,"v":5775000,"s":0,"dist":"Samphanthawong","cl":"Wanit 1\u2013Sampheng fabric"}},{"type":"Feature","geometry":{"type":"Point","coordinates":[100.506697,13.740481]},"properties":{"q":"at-risk","d":25.1,"f":10.8,"a":179.8,"v":11237500,"s":0,"dist":"Samphanthawong","cl":"Wanit 1\u2013Sampheng fabric"}},{"type":"Feature","geometry":{"type":"Point","coordinates":[100.504263,13.742838]},"properties":{"q":"lawful-reuse","d":11.4,"f":4.8,"a":54.5,"v":3406250,"s":1,"dist":"Samphanthawong","cl":"Wanit 1\u2013Sampheng fabric"}},{"type":"Feature","geometry":{"type":"Point","coordinates":[100.504874,13.742556]},"properties":{"q":"tell-the-owner","d":11.3,"f":5.4,"a":60.6,"v":3787500,"s":0,"dist":"Samphanthawong","cl":"Wanit 1\u2013Sampheng fabric"}},{"type":"Feature","geometry":{"type":"Point","coordinates":[100.506909,13.741368]},"properties":{"q":"at-risk","d":20.8,"f":8.0,"a":166.2,"v":10387500,"s":0,"dist":"Samphanthawong","cl":"Wanit 1\u2013Sampheng fabric"}},{"type":"Feature","geometry":{"type":"Point","coordinates":[100.508153,13.739743]},"properties":{"q":"tell-the-owner","d":12.5,"f":5.9,"a":73.6,"v":4600000,"s":0,"dist":"Samphanthawong","cl":"Wanit 1\u2013Sampheng fabric"}},{"type":"Feature","geometry":{"type":"Point","coordinates":[100.504584,13.742809]},"properties":{"q":"at-risk","d":15.9,"f":6.6,"a":104.8,"v":6550000,"s":1,"dist":"Samphanthawong","cl":"Wanit 1\u2013Sampheng fabric"}},{"type":"Feature","geometry":{"type":"Point","coordinates":[100.505235,13.742435]},"properties":{"q":"lawful-reuse","d":12.4,"f":4.1,"a":50.8,"v":3175000,"s":0,"dist":"Samphanthawong","cl":"Wanit 1\u2013Sampheng fabric"}},{"type":"Feature","geometry":{"type":"Point","coordinates":[100.508114,13.739835]},"properties":{"q":"at-risk","d":19.4,"f":11.4,"a":221.2,"v":13825000,"s":0,"dist":"Samphanthawong","cl":"Wanit 1\u2013Sampheng fabric"}},{"type":"Feature","geometry":{"type":"Point","coordinates":[100.505711,13.741626]},"properties":{"q":"lawful-reuse","d":7.7,"f":5.0,"a":38.7,"v":2418750,"s":0,"dist":"Samphanthawong","cl":"Wanit 1\u2013Sampheng fabric"}},{"type":"Feature","geometry":{"type":"Point","coordinates":[100.508345,13.739786]},"properties":{"q":"tell-the-owner","d":9.2,"f":6.7,"a":61.7,"v":3856250,"s":0,"dist":"Samphanthawong","cl":"Wanit 1\u2013Sampheng fabric"}},{"type":"Feature","geometry":{"type":"Point","coordinates":[100.506521,13.741089]},"properties":{"q":"at-risk","d":21.0,"f":4.2,"a":88.3,"v":5518750,"s":1,"dist":"Samphanthawong","cl":"Wanit 1\u2013Sampheng fabric"}},{"type":"Feature","geometry":{"type":"Point","coordinates":[100.509377,13.740004]},"properties":{"q":"tell-the-owner","d":11.6,"f":5.0,"a":57.9,"v":3618750,"s":0,"dist":"Samphanthawong","cl":"Wanit 1\u2013Sampheng fabric"}},{"type":"Feature","geometry":{"type":"Point","coordinates":[100.505537,13.742079]},"properties":{"q":"lawful-reuse","d":9.3,"f":4.0,"a":37.6,"v":2350000,"s":0,"dist":"Samphanthawong","cl":"Wanit 1\u2013Sampheng fabric"}},{"type":"Feature","geometry":{"type":"Point","coordinates":[100.505481,13.742161]},"properties":{"q":"at-risk","d":15.2,"f":7.5,"a":114.4,"v":7150000,"s":0,"dist":"Samphanthawong","cl":"Wanit 1\u2013Sampheng fabric"}},{"type":"Feature","geometry":{"type":"Point","coordinates":[100.504194,13.742891]},"properties":{"q":"lawful-reuse","d":11.5,"f":4.8,"a":54.5,"v":3406250,"s":1,"dist":"Samphanthawong","cl":"Wanit 1\u2013Sampheng fabric"}},{"type":"Feature","geometry":{"type":"Point","coordinates":[100.505736,13.741295]},"properties":{"q":"tell-the-owner","d":11.8,"f":9.0,"a":106.3,"v":6643750,"s":0,"dist":"Samphanthawong","cl":"Wanit 1\u2013Sampheng fabric"}},{"type":"Feature","geometry":{"type":"Point","coordinates":[100.503589,13.743253]},"properties":{"q":"lawful-reuse","d":9.2,"f":5.8,"a":53.2,"v":3325000,"s":0,"dist":"Samphanthawong","cl":"Wanit 1\u2013Sampheng fabric"}},{"type":"Feature","geometry":{"type":"Point","coordinates":[100.505959,13.741706]},"properties":{"q":"lawful-reuse","d":6.5,"f":4.3,"a":28.2,"v":1762500,"s":0,"dist":"Samphanthawong","cl":"Wanit 1\u2013Sampheng fabric"}},{"type":"Feature","geometry":{"type":"Point","coordinates":[100.508881,13.739734]},"properties":{"q":"tell-the-owner","d":10.2,"f":7.4,"a":75.4,"v":4712500,"s":0,"dist":"Samphanthawong","cl":"Wanit 1\u2013Sampheng fabric"}},{"type":"Feature","geometry":{"type":"Point","coordinates":[100.505606,13.741177]},"properties":{"q":"tell-the-owner","d":13.0,"f":4.7,"a":60.3,"v":3768750,"s":0,"dist":"Samphanthawong","cl":"Wanit 1\u2013Sampheng fabric"}},{"type":"Feature","geometry":{"type":"Point","coordinates":[100.507529,13.740842]},"properties":{"q":"at-risk","d":21.6,"f":6.1,"a":132.4,"v":8275000,"s":1,"dist":"Samphanthawong","cl":"Wanit 1\u2013Sampheng fabric"}},{"type":"Feature","geometry":{"type":"Point","coordinates":[100.504696,13.742724]},"properties":{"q":"at-risk","d":15.9,"f":13.7,"a":217.1,"v":13568750,"s":0,"dist":"Samphanthawong","cl":"Wanit 1\u2013Sampheng fabric"}},{"type":"Feature","geometry":{"type":"Point","coordinates":[100.505132,13.742355]},"properties":{"q":"at-risk","d":18.6,"f":6.9,"a":128.2,"v":8012500,"s":1,"dist":"Samphanthawong","cl":"Wanit 1\u2013Sampheng fabric"}},{"type":"Feature","geometry":{"type":"Point","coordinates":[100.50654,13.740954]},"properties":{"q":"at-risk","d":15.5,"f":5.8,"a":88.3,"v":5518750,"s":1,"dist":"Samphanthawong","cl":"Wanit 1\u2013Sampheng fabric"}},{"type":"Feature","geometry":{"type":"Point","coordinates":[100.505103,13.741706]},"properties":{"q":"lawful-reuse","d":9.9,"f":2.7,"a":26.5,"v":1656250,"s":1,"dist":"Samphanthawong","cl":"Wanit 1\u2013Sampheng fabric"}},{"type":"Feature","geometry":{"type":"Point","coordinates":[100.509363,13.739793]},"properties":{"q":"at-risk","d":13.7,"f":4.3,"a":59.3,"v":3706250,"s":1,"dist":"Samphanthawong","cl":"Wanit 1\u2013Sampheng fabric"}},{"type":"Feature","geometry":{"type":"Point","coordinates":[100.506013,13.740834]},"properties":{"q":"at-risk","d":21.0,"f":9.9,"a":204.2,"v":12762500,"s":0,"dist":"Samphanthawong","cl":"Wanit 1\u2013Sampheng fabric"}},{"type":"Feature","geometry":{"type":"Point","coordinates":[100.505551,13.741214]},"properties":{"q":"lawful-reuse","d":9.7,"f":4.0,"a":39.0,"v":2437500,"s":0,"dist":"Samphanthawong","cl":"Wanit 1\u2013Sampheng fabric"}},{"type":"Feature","geometry":{"type":"Point","coordinates":[100.506502,13.74139]},"properties":{"q":"lawful-reuse","d":6.7,"f":3.5,"a":22.0,"v":1375000,"s":0,"dist":"Samphanthawong","cl":"Wanit 1\u2013Sampheng fabric"}},{"type":"Feature","geometry":{"type":"Point","coordinates":[100.508605,13.739988]},"properties":{"q":"tell-the-owner","d":12.4,"f":8.5,"a":104.9,"v":6556250,"s":0,"dist":"Samphanthawong","cl":"Wanit 1\u2013Sampheng fabric"}},{"type":"Feature","geometry":{"type":"Point","coordinates":[100.503279,13.743506]},"properties":{"q":"at-risk","d":27.1,"f":10.7,"a":287.6,"v":17975000,"s":1,"dist":"Samphanthawong","cl":"Wanit 1\u2013Sampheng fabric"}},{"type":"Feature","geometry":{"type":"Point","coordinates":[100.507052,13.740996]},"properties":{"q":"lawful-reuse","d":6.5,"f":4.7,"a":30.8,"v":1925000,"s":0,"dist":"Samphanthawong","cl":"Wanit 1\u2013Sampheng fabric"}},{"type":"Feature","geometry":{"type":"Point","coordinates":[100.505612,13.741452]},"properties":{"q":"lawful-reuse","d":9.9,"f":4.4,"a":43.2,"v":2700000,"s":1,"dist":"Samphanthawong","cl":"Wanit 1\u2013Sampheng fabric"}},{"type":"Feature","geometry":{"type":"Point","coordinates":[100.504813,13.742769]},"properties":{"q":"at-risk","d":26.0,"f":12.4,"a":322.8,"v":20175000,"s":0,"dist":"Samphanthawong","cl":"Wanit 1\u2013Sampheng fabric"}},{"type":"Feature","geometry":{"type":"Point","coordinates":[100.507864,13.739765]},"properties":{"q":"at-risk","d":20.0,"f":7.1,"a":140.4,"v":8775000,"s":0,"dist":"Samphanthawong","cl":"Wanit 1\u2013Sampheng fabric"}},{"type":"Feature","geometry":{"type":"Point","coordinates":[100.506049,13.741871]},"properties":{"q":"lawful-reuse","d":9.5,"f":4.3,"a":41.3,"v":2581250,"s":0,"dist":"Samphanthawong","cl":"Wanit 1\u2013Sampheng fabric"}},{"type":"Feature","geometry":{"type":"Point","coordinates":[100.50759,13.740789]},"properties":{"q":"at-risk","d":21.6,"f":12.6,"a":271.9,"v":16993750,"s":0,"dist":"Samphanthawong","cl":"Wanit 1\u2013Sampheng fabric"}},{"type":"Feature","geometry":{"type":"Point","coordinates":[100.503165,13.74359]},"properties":{"q":"at-risk","d":28.0,"f":14.3,"a":385.8,"v":24112500,"s":0,"dist":"Samphanthawong","cl":"Wanit 1\u2013Sampheng fabric"}},{"type":"Feature","geometry":{"type":"Point","coordinates":[100.504828,13.742626]},"properties":{"q":"at-risk","d":15.9,"f":5.1,"a":81.0,"v":5062500,"s":1,"dist":"Samphanthawong","cl":"Wanit 1\u2013Sampheng fabric"}},{"type":"Feature","geometry":{"type":"Point","coordinates":[100.505316,13.742262]},"properties":{"q":"at-risk","d":16.5,"f":8.7,"a":144.4,"v":9025000,"s":0,"dist":"Samphanthawong","cl":"Wanit 1\u2013Sampheng fabric"}},{"type":"Feature","geometry":{"type":"Point","coordinates":[100.503478,13.743377]},"properties":{"q":"at-risk","d":15.7,"f":7.1,"a":104.4,"v":6525000,"s":1,"dist":"Samphanthawong","cl":"Wanit 1\u2013Sampheng fabric"}},{"type":"Feature","geometry":{"type":"Point","coordinates":[100.505057,13.742065]},"properties":{"q":"lawful-reuse","d":7.4,"f":3.8,"a":28.0,"v":1750000,"s":1,"dist":"Samphanthawong","cl":"Wanit 1\u2013Sampheng fabric"}},{"type":"Feature","geometry":{"type":"Point","coordinates":[100.506454,13.741442]},"properties":{"q":"lawful-reuse","d":6.0,"f":4.3,"a":25.9,"v":1618750,"s":0,"dist":"Samphanthawong","cl":"Wanit 1\u2013Sampheng fabric"}},{"type":"Feature","geometry":{"type":"Point","coordinates":[100.504462,13.74276]},"properties":{"q":"at-risk","d":152.3,"f":4.9,"a":741.8,"v":46362500,"s":1,"dist":"Samphanthawong","cl":"Wanit 1\u2013Sampheng fabric"}},{"type":"Feature","geometry":{"type":"Point","coordinates":[100.504298,13.742811]},"properties":{"q":"lawful-reuse","d":11.4,"f":4.8,"a":54.4,"v":3400000,"s":1,"dist":"Samphanthawong","cl":"Wanit 1\u2013Sampheng fabric"}},{"type":"Feature","geometry":{"type":"Point","coordinates":[100.504645,13.742545]},"properties":{"q":"lawful-reuse","d":11.4,"f":4.8,"a":54.0,"v":3375000,"s":1,"dist":"Samphanthawong","cl":"Wanit 1\u2013Sampheng fabric"}},{"type":"Feature","geometry":{"type":"Point","coordinates":[100.503574,13.743345]},"properties":{"q":"tell-the-owner","d":11.4,"f":6.3,"a":72.0,"v":4500000,"s":0,"dist":"Samphanthawong","cl":"Wanit 1\u2013Sampheng fabric"}},{"type":"Feature","geometry":{"type":"Point","coordinates":[100.508434,13.739882]},"properties":{"q":"lawful-reuse","d":6.9,"f":6.0,"a":41.1,"v":2568750,"s":0,"dist":"Samphanthawong","cl":"Wanit 1\u2013Sampheng fabric"}},{"type":"Feature","geometry":{"type":"Point","coordinates":[100.509326,13.73982]},"properties":{"q":"lawful-reuse","d":13.4,"f":3.8,"a":50.4,"v":3150000,"s":1,"dist":"Samphanthawong","cl":"Wanit 1\u2013Sampheng fabric"}},{"type":"Feature","geometry":{"type":"Point","coordinates":[100.508397,13.740156]},"properties":{"q":"at-risk","d":14.9,"f":6.9,"a":102.5,"v":6406250,"s":1,"dist":"Samphanthawong","cl":"Wanit 1\u2013Sampheng fabric"}},{"type":"Feature","geometry":{"type":"Point","coordinates":[100.505074,13.742167]},"properties":{"q":"at-risk","d":16.7,"f":7.5,"a":124.8,"v":7800000,"s":1,"dist":"Samphanthawong","cl":"Wanit 1\u2013Sampheng fabric"}},{"type":"Feature","geometry":{"type":"Point","coordinates":[100.504922,13.741963]},"properties":{"q":"tell-the-owner","d":10.9,"f":6.3,"a":69.1,"v":4318750,"s":0,"dist":"Samphanthawong","cl":"Wanit 1\u2013Sampheng fabric"}},{"type":"Feature","geometry":{"type":"Point","coordinates":[100.507367,13.740703]},"properties":{"q":"at-risk","d":30.7,"f":10.8,"a":328.9,"v":20556250,"s":1,"dist":"Samphanthawong","cl":"Wanit 1\u2013Sampheng fabric"}},{"type":"Feature","geometry":{"type":"Point","coordinates":[100.503695,13.743623]},"properties":{"q":"at-risk","d":34.5,"f":12.0,"a":353.2,"v":22075000,"s":1,"dist":"Samphanthawong","cl":"Wanit 1\u2013Sampheng fabric"}},{"type":"Feature","geometry":{"type":"Point","coordinates":[100.504449,13.742913]},"properties":{"q":"at-risk","d":15.9,"f":6.8,"a":106.7,"v":6668750,"s":1,"dist":"Samphanthawong","cl":"Wanit 1\u2013Sampheng fabric"}},{"type":"Feature","geometry":{"type":"Point","coordinates":[100.504776,13.742662]},"properties":{"q":"at-risk","d":15.9,"f":7.2,"a":113.9,"v":7118750,"s":0,"dist":"Samphanthawong","cl":"Wanit 1\u2013Sampheng fabric"}},{"type":"Feature","geometry":{"type":"Point","coordinates":[100.507054,13.740834]},"properties":{"q":"at-risk","d":14.9,"f":7.4,"a":109.8,"v":6862500,"s":1,"dist":"Samphanthawong","cl":"Wanit 1\u2013Sampheng fabric"}},{"type":"Feature","geometry":{"type":"Point","coordinates":[100.506024,13.741651]},"properties":{"q":"lawful-reuse","d":10.8,"f":5.0,"a":53.7,"v":3356250,"s":0,"dist":"Samphanthawong","cl":"Wanit 1\u2013Sampheng fabric"}},{"type":"Feature","geometry":{"type":"Point","coordinates":[100.508076,13.74073]},"properties":{"q":"lawful-reuse","d":9.1,"f":3.4,"a":30.5,"v":1906250,"s":0,"dist":"Samphanthawong","cl":"Wanit 1\u2013Sampheng fabric"}},{"type":"Feature","geometry":{"type":"Point","coordinates":[100.505786,13.741909]},"properties":{"q":"lawful-reuse","d":10.9,"f":4.8,"a":52.0,"v":3250000,"s":0,"dist":"Samphanthawong","cl":"Wanit 1\u2013Sampheng fabric"}},{"type":"Feature","geometry":{"type":"Point","coordinates":[100.504472,13.742678]},"properties":{"q":"lawful-reuse","d":11.4,"f":4.8,"a":54.2,"v":3387500,"s":1,"dist":"Samphanthawong","cl":"Wanit 1\u2013Sampheng fabric"}},{"type":"Feature","geometry":{"type":"Point","coordinates":[100.504537,13.742845]},"properties":{"q":"at-risk","d":15.9,"f":6.2,"a":98.4,"v":6150000,"s":1,"dist":"Samphanthawong","cl":"Wanit 1\u2013Sampheng fabric"}},{"type":"Feature","geometry":{"type":"Point","coordinates":[100.50605,13.741762]},"properties":{"q":"lawful-reuse","d":11.3,"f":3.4,"a":37.9,"v":2368750,"s":1,"dist":"Samphanthawong","cl":"Wanit 1\u2013Sampheng fabric"}},{"type":"Feature","geometry":{"type":"Point","coordinates":[100.503069,13.743678]},"properties":{"q":"at-risk","d":27.1,"f":10.4,"a":273.1,"v":17068750,"s":1,"dist":"Samphanthawong","cl":"Wanit 1\u2013Sampheng fabric"}},{"type":"Feature","geometry":{"type":"Point","coordinates":[100.505263,13.741316]},"properties":{"q":"at-risk","d":14.7,"f":7.6,"a":111.4,"v":6962500,"s":0,"dist":"Samphanthawong","cl":"Wanit 1\u2013Sampheng fabric"}},{"type":"Feature","geometry":{"type":"Point","coordinates":[100.508642,13.740315]},"properties":{"q":"lawful-reuse","d":9.5,"f":4.2,"a":39.5,"v":2468750,"s":0,"dist":"Samphanthawong","cl":"Wanit 1\u2013Sampheng fabric"}},{"type":"Feature","geometry":{"type":"Point","coordinates":[100.506007,13.741423]},"properties":{"q":"tell-the-owner","d":11.6,"f":9.7,"a":99.5,"v":6218750,"s":0,"dist":"Samphanthawong","cl":"Wanit 1\u2013Sampheng fabric"}},{"type":"Feature","geometry":{"type":"Point","coordinates":[100.50484,13.742581]},"properties":{"q":"lawful-reuse","d":11.3,"f":4.0,"a":45.1,"v":2818750,"s":1,"dist":"Samphanthawong","cl":"Wanit 1\u2013Sampheng fabric"}},{"type":"Feature","geometry":{"type":"Point","coordinates":[100.504827,13.741714]},"properties":{"q":"lawful-reuse","d":8.7,"f":4.0,"a":35.0,"v":2187500,"s":0,"dist":"Samphanthawong","cl":"Wanit 1\u2013Sampheng fabric"}},{"type":"Feature","geometry":{"type":"Point","coordinates":[100.506782,13.74068]},"properties":{"q":"lawful-reuse","d":6.8,"f":3.6,"a":24.1,"v":1506250,"s":0,"dist":"Samphanthawong","cl":"Wanit 1\u2013Sampheng fabric"}},{"type":"Feature","geometry":{"type":"Point","coordinates":[100.506796,13.741023]},"properties":{"q":"tell-the-owner","d":10.7,"f":5.6,"a":59.9,"v":3743750,"s":1,"dist":"Samphanthawong","cl":"Wanit 1\u2013Sampheng fabric"}},{"type":"Feature","geometry":{"type":"Point","coordinates":[100.504402,13.742731]},"properties":{"q":"lawful-reuse","d":11.4,"f":4.8,"a":54.2,"v":3387500,"s":1,"dist":"Samphanthawong","cl":"Wanit 1\u2013Sampheng fabric"}},{"type":"Feature","geometry":{"type":"Point","coordinates":[100.50343,13.743241]},"properties":{"q":"at-risk","d":22.3,"f":11.1,"a":167.9,"v":10493750,"s":0,"dist":"Samphanthawong","cl":"Wanit 1\u2013Sampheng fabric"}},{"type":"Feature","geometry":{"type":"Point","coordinates":[100.50449,13.742311]},"properties":{"q":"at-risk","d":28.8,"f":18.6,"a":532.2,"v":33262500,"s":0,"dist":"Samphanthawong","cl":"Wanit 1\u2013Sampheng fabric"}},{"type":"Feature","geometry":{"type":"Point","coordinates":[100.504069,13.742999]},"properties":{"q":"tell-the-owner","d":11.9,"f":8.8,"a":103.8,"v":6487500,"s":0,"dist":"Samphanthawong","cl":"Wanit 1\u2013Sampheng fabric"}},{"type":"Feature","geometry":{"type":"Point","coordinates":[100.508926,13.739453]},"properties":{"q":"lawful-reuse","d":9.5,"f":4.1,"a":39.2,"v":2450000,"s":0,"dist":"Samphanthawong","cl":"Wanit 1\u2013Sampheng fabric"}},{"type":"Feature","geometry":{"type":"Point","coordinates":[100.508783,13.739462]},"properties":{"q":"lawful-reuse","d":8.3,"f":4.1,"a":33.5,"v":2093750,"s":0,"dist":"Samphanthawong","cl":"Wanit 1\u2013Sampheng fabric"}},{"type":"Feature","geometry":{"type":"Point","coordinates":[100.505937,13.741149]},"properties":{"q":"tell-the-owner","d":12.7,"f":10.8,"a":122.0,"v":7625000,"s":0,"dist":"Samphanthawong","cl":"Wanit 1\u2013Sampheng fabric"}},{"type":"Feature","geometry":{"type":"Point","coordinates":[100.505986,13.741249]},"properties":{"q":"tell-the-owner","d":11.2,"f":9.5,"a":87.8,"v":5487500,"s":0,"dist":"Samphanthawong","cl":"Wanit 1\u2013Sampheng fabric"}},{"type":"Feature","geometry":{"type":"Point","coordinates":[100.508485,13.740285]},"properties":{"q":"tell-the-owner","d":11.9,"f":5.1,"a":60.4,"v":3775000,"s":0,"dist":"Samphanthawong","cl":"Wanit 1\u2013Sampheng fabric"}},{"type":"Feature","geometry":{"type":"Point","coordinates":[100.505199,13.741394]},"properties":{"q":"lawful-reuse","d":9.1,"f":4.5,"a":40.6,"v":2537500,"s":0,"dist":"Samphanthawong","cl":"Wanit 1\u2013Sampheng fabric"}},{"type":"Feature","geometry":{"type":"Point","coordinates":[100.504373,13.742169]},"properties":{"q":"at-risk","d":30.4,"f":17.5,"a":529.0,"v":33062500,"s":0,"dist":"Samphanthawong","cl":"Wanit 1\u2013Sampheng fabric"}},{"type":"Feature","geometry":{"type":"Point","coordinates":[100.507294,13.74085]},"properties":{"q":"at-risk","d":18.4,"f":5.4,"a":98.5,"v":6156250,"s":1,"dist":"Samphanthawong","cl":"Wanit 1\u2013Sampheng fabric"}},{"type":"Feature","geometry":{"type":"Point","coordinates":[100.508929,13.739548]},"properties":{"q":"lawful-reuse","d":8.2,"f":5.4,"a":44.0,"v":2750000,"s":0,"dist":"Samphanthawong","cl":"Wanit 1\u2013Sampheng fabric"}},{"type":"Feature","geometry":{"type":"Point","coordinates":[100.5079,13.740578]},"properties":{"q":"tell-the-owner","d":13.4,"f":9.6,"a":127.9,"v":7993750,"s":0,"dist":"Samphanthawong","cl":"Wanit 1\u2013Sampheng fabric"}},{"type":"Feature","geometry":{"type":"Point","coordinates":[100.506628,13.740565]},"properties":{"q":"tell-the-owner","d":12.2,"f":6.9,"a":83.7,"v":5231250,"s":0,"dist":"Samphanthawong","cl":"Wanit 1\u2013Sampheng fabric"}},{"type":"Feature","geometry":{"type":"Point","coordinates":[100.506895,13.740954]},"properties":{"q":"lawful-reuse","d":4.7,"f":3.7,"a":17.4,"v":1087500,"s":0,"dist":"Samphanthawong","cl":"Wanit 1\u2013Sampheng fabric"}},{"type":"Feature","geometry":{"type":"Point","coordinates":[100.50565,13.74461]},"properties":{"q":"at-risk","d":16.8,"f":8.2,"a":128.5,"v":8031250,"s":0,"dist":"Samphanthawong","cl":"Woeng Nakhon Khasem"}},{"type":"Feature","geometry":{"type":"Point","coordinates":[100.505061,13.744062]},"properties":{"q":"at-risk","d":14.3,"f":8.1,"a":104.4,"v":6525000,"s":0,"dist":"Samphanthawong","cl":"Woeng Nakhon Khasem"}},{"type":"Feature","geometry":{"type":"Point","coordinates":[100.505595,13.745305]},"properties":{"q":"at-risk","d":15.1,"f":9.7,"a":139.3,"v":8706250,"s":0,"dist":"Samphanthawong","cl":"Woeng Nakhon Khasem"}},{"type":"Feature","geometry":{"type":"Point","coordinates":[100.503337,13.744462]},"properties":{"q":"at-risk","d":28.0,"f":22.0,"a":411.5,"v":25718750,"s":0,"dist":"Samphanthawong","cl":"Woeng Nakhon Khasem"}},{"type":"Feature","geometry":{"type":"Point","coordinates":[100.50428,13.745952]},"properties":{"q":"at-risk","d":65.0,"f":12.2,"a":605.4,"v":37837500,"s":1,"dist":"Samphanthawong","cl":"Woeng Nakhon Khasem"}},{"type":"Feature","geometry":{"type":"Point","coordinates":[100.505373,13.746323]},"properties":{"q":"at-risk","d":97.0,"f":15.1,"a":1232.5,"v":77031250,"s":0,"dist":"Pom Prap Sattru Phai","cl":"Woeng Nakhon Khasem"}},{"type":"Feature","geometry":{"type":"Point","coordinates":[100.504739,13.744186]},"properties":{"q":"at-risk","d":20.5,"f":15.8,"a":266.3,"v":16643750,"s":0,"dist":"Samphanthawong","cl":"Woeng Nakhon Khasem"}},{"type":"Feature","geometry":{"type":"Point","coordinates":[100.504426,13.74623]},"properties":{"q":"at-risk","d":39.8,"f":16.4,"a":594.6,"v":37162500,"s":1,"dist":"Samphanthawong","cl":"Woeng Nakhon Khasem"}},{"type":"Feature","geometry":{"type":"Point","coordinates":[100.504668,13.746155]},"properties":{"q":"at-risk","d":32.5,"f":12.8,"a":347.9,"v":21743750,"s":1,"dist":"Samphanthawong","cl":"Woeng Nakhon Khasem"}},{"type":"Feature","geometry":{"type":"Point","coordinates":[100.505699,13.744758]},"properties":{"q":"at-risk","d":19.2,"f":10.0,"a":186.4,"v":11650000,"s":0,"dist":"Samphanthawong","cl":"Woeng Nakhon Khasem"}},{"type":"Feature","geometry":{"type":"Point","coordinates":[100.505093,13.744548]},"properties":{"q":"at-risk","d":21.1,"f":5.8,"a":121.2,"v":7575000,"s":0,"dist":"Samphanthawong","cl":"Woeng Nakhon Khasem"}},{"type":"Feature","geometry":{"type":"Point","coordinates":[100.503753,13.743818]},"properties":{"q":"at-risk","d":26.9,"f":10.9,"a":277.4,"v":17337500,"s":0,"dist":"Samphanthawong","cl":"Woeng Nakhon Khasem"}},{"type":"Feature","geometry":{"type":"Point","coordinates":[100.505363,13.744127]},"properties":{"q":"at-risk","d":85.6,"f":12.3,"a":805.2,"v":50325000,"s":0,"dist":"Samphanthawong","cl":"Woeng Nakhon Khasem"}},{"type":"Feature","geometry":{"type":"Point","coordinates":[100.50403,13.74396]},"properties":{"q":"at-risk","d":22.0,"f":9.5,"a":202.5,"v":12656250,"s":0,"dist":"Samphanthawong","cl":"Woeng Nakhon Khasem"}},{"type":"Feature","geometry":{"type":"Point","coordinates":[100.50596,13.744227]},"properties":{"q":"lawful-reuse","d":9.3,"f":4.0,"a":37.1,"v":2318750,"s":0,"dist":"Samphanthawong","cl":"Woeng Nakhon Khasem"}},{"type":"Feature","geometry":{"type":"Point","coordinates":[100.503604,13.744075]},"properties":{"q":"at-risk","d":24.6,"f":18.7,"a":265.9,"v":16618750,"s":0,"dist":"Samphanthawong","cl":"Woeng Nakhon Khasem"}},{"type":"Feature","geometry":{"type":"Point","coordinates":[100.505637,13.743791]},"properties":{"q":"at-risk","d":14.4,"f":6.7,"a":95.9,"v":5993750,"s":0,"dist":"Samphanthawong","cl":"Woeng Nakhon Khasem"}},{"type":"Feature","geometry":{"type":"Point","coordinates":[100.504327,13.74369]},"properties":{"q":"at-risk","d":19.6,"f":6.0,"a":116.2,"v":7262500,"s":0,"dist":"Samphanthawong","cl":"Woeng Nakhon Khasem"}},{"type":"Feature","geometry":{"type":"Point","coordinates":[100.505705,13.745435]},"properties":{"q":"lawful-reuse","d":12.3,"f":4.2,"a":51.2,"v":3200000,"s":1,"dist":"Samphanthawong","cl":"Woeng Nakhon Khasem"}},{"type":"Feature","geometry":{"type":"Point","coordinates":[100.50394,13.744152]},"properties":{"q":"at-risk","d":30.2,"f":24.4,"a":647.8,"v":40487500,"s":0,"dist":"Samphanthawong","cl":"Woeng Nakhon Khasem"}},{"type":"Feature","geometry":{"type":"Point","coordinates":[100.503221,13.744196]},"properties":{"q":"at-risk","d":39.3,"f":10.2,"a":400.1,"v":25006250,"s":1,"dist":"Samphanthawong","cl":"Woeng Nakhon Khasem"}},{"type":"Feature","geometry":{"type":"Point","coordinates":[100.504795,13.746035]},"properties":{"q":"lawful-reuse","d":6.8,"f":3.3,"a":22.5,"v":1406250,"s":0,"dist":"Samphanthawong","cl":"Woeng Nakhon Khasem"}},{"type":"Feature","geometry":{"type":"Point","coordinates":[100.505618,13.746464]},"properties":{"q":"at-risk","d":48.5,"f":16.1,"a":779.5,"v":48718750,"s":0,"dist":"Pom Prap Sattru Phai","cl":"Woeng Nakhon Khasem"}},{"type":"Feature","geometry":{"type":"Point","coordinates":[100.50468,13.743774]},"properties":{"q":"at-risk","d":37.1,"f":13.8,"a":325.7,"v":20356250,"s":0,"dist":"Samphanthawong","cl":"Woeng Nakhon Khasem"}},{"type":"Feature","geometry":{"type":"Point","coordinates":[100.503698,13.744185]},"properties":{"q":"tell-the-owner","d":9.1,"f":6.6,"a":59.5,"v":3718750,"s":0,"dist":"Samphanthawong","cl":"Woeng Nakhon Khasem"}},{"type":"Feature","geometry":{"type":"Point","coordinates":[100.50359,13.743927]},"properties":{"q":"at-risk","d":16.3,"f":10.1,"a":154.8,"v":9675000,"s":0,"dist":"Samphanthawong","cl":"Woeng Nakhon Khasem"}},{"type":"Feature","geometry":{"type":"Point","coordinates":[100.505696,13.743759]},"properties":{"q":"at-risk","d":15.0,"f":6.1,"a":87.7,"v":5481250,"s":0,"dist":"Samphanthawong","cl":"Woeng Nakhon Khasem"}},{"type":"Feature","geometry":{"type":"Point","coordinates":[100.504754,13.746098]},"properties":{"q":"at-risk","d":28.6,"f":7.2,"a":184.9,"v":11556250,"s":1,"dist":"Samphanthawong","cl":"Woeng Nakhon Khasem"}},{"type":"Feature","geometry":{"type":"Point","coordinates":[100.505435,13.746124]},"properties":{"q":"at-risk","d":27.5,"f":17.7,"a":482.1,"v":30131250,"s":0,"dist":"Pom Prap Sattru Phai","cl":"Woeng Nakhon Khasem"}},{"type":"Feature","geometry":{"type":"Point","coordinates":[100.505966,13.743892]},"properties":{"q":"at-risk","d":34.9,"f":9.1,"a":308.0,"v":19250000,"s":0,"dist":"Samphanthawong","cl":"Woeng Nakhon Khasem"}},{"type":"Feature","geometry":{"type":"Point","coordinates":[100.504963,13.744555]},"properties":{"q":"at-risk","d":14.3,"f":7.9,"a":108.6,"v":6787500,"s":0,"dist":"Samphanthawong","cl":"Woeng Nakhon Khasem"}},{"type":"Feature","geometry":{"type":"Point","coordinates":[100.5048,13.744296]},"properties":{"q":"at-risk","d":17.6,"f":9.6,"a":164.3,"v":10268750,"s":0,"dist":"Samphanthawong","cl":"Woeng Nakhon Khasem"}},{"type":"Feature","geometry":{"type":"Point","coordinates":[100.504546,13.74616]},"properties":{"q":"at-risk","d":34.3,"f":8.7,"a":280.4,"v":17525000,"s":1,"dist":"Samphanthawong","cl":"Woeng Nakhon Khasem"}},{"type":"Feature","geometry":{"type":"Point","coordinates":[100.503156,13.745567]},"properties":{"q":"at-risk","d":47.8,"f":11.6,"a":529.5,"v":33093750,"s":0,"dist":"Phra Nakhon","cl":"Woeng Nakhon Khasem"}},{"type":"Feature","geometry":{"type":"Point","coordinates":[100.504466,13.743776]},"properties":{"q":"at-risk","d":32.6,"f":12.1,"a":345.0,"v":21562500,"s":0,"dist":"Samphanthawong","cl":"Woeng Nakhon Khasem"}},{"type":"Feature","geometry":{"type":"Point","coordinates":[100.504853,13.744347]},"properties":{"q":"at-risk","d":16.7,"f":6.0,"a":90.5,"v":5656250,"s":1,"dist":"Samphanthawong","cl":"Woeng Nakhon Khasem"}},{"type":"Feature","geometry":{"type":"Point","coordinates":[100.505817,13.746308]},"properties":{"q":"at-risk","d":28.5,"f":16.2,"a":437.4,"v":27337500,"s":0,"dist":"Pom Prap Sattru Phai","cl":"Woeng Nakhon Khasem"}},{"type":"Feature","geometry":{"type":"Point","coordinates":[100.505192,13.744001]},"properties":{"q":"at-risk","d":14.3,"f":8.1,"a":104.4,"v":6525000,"s":0,"dist":"Samphanthawong","cl":"Woeng Nakhon Khasem"}},{"type":"Feature","geometry":{"type":"Point","coordinates":[100.503776,13.745099]},"properties":{"q":"at-risk","d":45.6,"f":9.3,"a":425.1,"v":26568750,"s":0,"dist":"Samphanthawong","cl":"Woeng Nakhon Khasem"}},{"type":"Feature","geometry":{"type":"Point","coordinates":[100.505614,13.745942]},"properties":{"q":"at-risk","d":34.1,"f":28.4,"a":892.2,"v":55762500,"s":0,"dist":"Pom Prap Sattru Phai","cl":"Woeng Nakhon Khasem"}},{"type":"Feature","geometry":{"type":"Point","coordinates":[100.503214,13.745362]},"properties":{"q":"at-risk","d":47.9,"f":21.0,"a":978.9,"v":61181250,"s":0,"dist":"Phra Nakhon","cl":"Woeng Nakhon Khasem"}},{"type":"Feature","geometry":{"type":"Point","coordinates":[100.505805,13.74399]},"properties":{"q":"at-risk","d":31.9,"f":11.6,"a":370.1,"v":23131250,"s":1,"dist":"Samphanthawong","cl":"Woeng Nakhon Khasem"}},{"type":"Feature","geometry":{"type":"Point","coordinates":[100.504178,13.745889]},"properties":{"q":"at-risk","d":57.5,"f":13.6,"a":703.4,"v":43962500,"s":0,"dist":"Samphanthawong","cl":"Woeng Nakhon Khasem"}},{"type":"Feature","geometry":{"type":"Point","coordinates":[100.503493,13.74609]},"properties":{"q":"at-risk","d":18.8,"f":12.2,"a":209.1,"v":13068750,"s":0,"dist":"Phra Nakhon","cl":"Woeng Nakhon Khasem"}},{"type":"Feature","geometry":{"type":"Point","coordinates":[100.505733,13.746181]},"properties":{"q":"at-risk","d":28.1,"f":14.3,"a":394.2,"v":24637500,"s":0,"dist":"Pom Prap Sattru Phai","cl":"Woeng Nakhon Khasem"}},{"type":"Feature","geometry":{"type":"Point","coordinates":[100.505262,13.743977]},"properties":{"q":"at-risk","d":14.6,"f":7.1,"a":98.1,"v":6131250,"s":0,"dist":"Samphanthawong","cl":"Woeng Nakhon Khasem"}},{"type":"Feature","geometry":{"type":"Point","coordinates":[100.503165,13.744333]},"properties":{"q":"at-risk","d":29.8,"f":13.9,"a":414.3,"v":25893750,"s":0,"dist":"Samphanthawong","cl":"Woeng Nakhon Khasem"}},{"type":"Feature","geometry":{"type":"Point","coordinates":[100.50364,13.744371]},"properties":{"q":"at-risk","d":42.0,"f":15.6,"a":552.7,"v":34543750,"s":0,"dist":"Samphanthawong","cl":"Woeng Nakhon Khasem"}},{"type":"Feature","geometry":{"type":"Point","coordinates":[100.503436,13.746328]},"properties":{"q":"at-risk","d":52.9,"f":27.4,"a":1448.1,"v":90506250,"s":0,"dist":"Phra Nakhon","cl":"Woeng Nakhon Khasem"}},{"type":"Feature","geometry":{"type":"Point","coordinates":[100.505334,13.743948]},"properties":{"q":"at-risk","d":13.9,"f":8.2,"a":107.4,"v":6712500,"s":0,"dist":"Samphanthawong","cl":"Woeng Nakhon Khasem"}},{"type":"Feature","geometry":{"type":"Point","coordinates":[100.504373,13.743741]},"properties":{"q":"at-risk","d":19.6,"f":6.0,"a":116.0,"v":7250000,"s":0,"dist":"Samphanthawong","cl":"Woeng Nakhon Khasem"}},{"type":"Feature","geometry":{"type":"Point","coordinates":[100.503275,13.746147]},"properties":{"q":"at-risk","d":30.2,"f":12.3,"a":348.8,"v":21800000,"s":1,"dist":"Phra Nakhon","cl":"Woeng Nakhon Khasem"}},{"type":"Feature","geometry":{"type":"Point","coordinates":[100.503454,13.745933]},"properties":{"q":"at-risk","d":19.6,"f":12.5,"a":223.3,"v":13956250,"s":0,"dist":"Phra Nakhon","cl":"Woeng Nakhon Khasem"}},{"type":"Feature","geometry":{"type":"Point","coordinates":[100.503243,13.745987]},"properties":{"q":"at-risk","d":27.5,"f":11.3,"a":300.7,"v":18793750,"s":1,"dist":"Phra Nakhon","cl":"Woeng Nakhon Khasem"}},{"type":"Feature","geometry":{"type":"Point","coordinates":[100.504996,13.744224]},"properties":{"q":"at-risk","d":17.7,"f":12.9,"a":189.6,"v":11850000,"s":0,"dist":"Samphanthawong","cl":"Woeng Nakhon Khasem"}},{"type":"Feature","geometry":{"type":"Point","coordinates":[100.504904,13.744407]},"properties":{"q":"at-risk","d":16.5,"f":9.2,"a":140.9,"v":8806250,"s":0,"dist":"Samphanthawong","cl":"Woeng Nakhon Khasem"}},{"type":"Feature","geometry":{"type":"Point","coordinates":[100.504876,13.746001]},"properties":{"q":"at-risk","d":28.2,"f":18.1,"a":485.9,"v":30368750,"s":0,"dist":"Samphanthawong","cl":"Woeng Nakhon Khasem"}},{"type":"Feature","geometry":{"type":"Point","coordinates":[100.504331,13.746044]},"properties":{"q":"at-risk","d":68.8,"f":10.8,"a":603.9,"v":37743750,"s":1,"dist":"Samphanthawong","cl":"Woeng Nakhon Khasem"}},{"type":"Feature","geometry":{"type":"Point","coordinates":[100.503972,13.746441]},"properties":{"q":"at-risk","d":71.6,"f":13.4,"a":960.8,"v":60050000,"s":0,"dist":"Samphanthawong","cl":"Woeng Nakhon Khasem"}},{"type":"Feature","geometry":{"type":"Point","coordinates":[100.504988,13.744087]},"properties":{"q":"at-risk","d":14.3,"f":8.1,"a":96.7,"v":6043750,"s":0,"dist":"Samphanthawong","cl":"Woeng Nakhon Khasem"}},{"type":"Feature","geometry":{"type":"Point","coordinates":[100.504947,13.744461]},"properties":{"q":"at-risk","d":15.5,"f":5.3,"a":73.6,"v":4600000,"s":1,"dist":"Samphanthawong","cl":"Woeng Nakhon Khasem"}},{"type":"Feature","geometry":{"type":"Point","coordinates":[100.504687,13.744325]},"properties":{"q":"lawful-reuse","d":4.9,"f":4.1,"a":20.5,"v":1281250,"s":0,"dist":"Samphanthawong","cl":"Woeng Nakhon Khasem"}},{"type":"Feature","geometry":{"type":"Point","coordinates":[100.504822,13.743845]},"properties":{"q":"at-risk","d":53.6,"f":15.1,"a":647.9,"v":40493750,"s":0,"dist":"Samphanthawong","cl":"Woeng Nakhon Khasem"}}]}